artifact_root,seed,direction,metrics_path,variant,epoch,phase,train_loss,val_loss,val_auc,val_balanced_accuracy,selection_eligible,selection_reasons,clean_ce,shift_ce,js,feature_consistency,intervention_penalty,apis_coefficient_l2,valid_intervention_frac,apis_feature_strength,style_confidence,style_entropy,style_delta,condition_gate,style_memory_valid_slots,style_memory_total_assignments
D:\cyh\dictionary_learn\outputs\journal\apic_v3_screening_cn_ad\s1,42,adni_to_nacc,D:\cyh\dictionary_learn\outputs\journal\apic_v3_screening_cn_ad\s1\seed42\adni_to_nacc\apic_v3_x\journal_metrics.json,apic_v3_x,1,clean_warmup,0.505537659378655,2.3994159496450833,0.7811530201889902,,,,,,,,,0.0,0.0,0.0,0.0,0.0,0.0,0.0,0,0.0
D:\cyh\dictionary_learn\outputs\journal\apic_v3_screening_cn_ad\s1,42,adni_to_nacc,D:\cyh\dictionary_learn\outputs\journal\apic_v3_screening_cn_ad\s1\seed42\adni_to_nacc\apic_v3_x\journal_metrics.json,apic_v3_x,2,clean_warmup,0.28149809373026513,0.8597795726415122,0.9287424769313858,,,,,,,,,0.0,0.0,0.0,0.0,0.0,0.0,0.0,0,0.0
D:\cyh\dictionary_learn\outputs\journal\apic_v3_screening_cn_ad\s1,42,adni_to_nacc,D:\cyh\dictionary_learn\outputs\journal\apic_v3_screening_cn_ad\s1\seed42\adni_to_nacc\apic_v3_x\journal_metrics.json,apic_v3_x,3,clean_warmup,0.2022533547974764,1.339765072307376,0.9993760844480529,,,,,,,,,0.0,0.0,0.0,0.0,0.0,0.0,0.0,0,0.0
D:\cyh\dictionary_learn\outputs\journal\apic_v3_screening_cn_ad\s1,42,adni_to_nacc,D:\cyh\dictionary_learn\outputs\journal\apic_v3_screening_cn_ad\s1\seed42\adni_to_nacc\apic_v3_x\journal_metrics.json,apic_v3_x,4,clean_warmup,0.19342218468481875,0.502437621530778,1.0412489154060451,,,,,,,,,0.0,0.0,0.0,0.0,0.0,0.0,0.0,0,0.0
D:\cyh\dictionary_learn\outputs\journal\apic_v3_screening_cn_ad\s1,42,adni_to_nacc,D:\cyh\dictionary_learn\outputs\journal\apic_v3_screening_cn_ad\s1\seed42\adni_to_nacc\apic_v3_x\journal_metrics.json,apic_v3_x,5,clean_warmup,0.10605989408353905,0.39750434075183466,1.1139541890387543,,,,,,,,,0.0,0.0,0.0,0.0,0.0,0.0,0.0,0,0.0
D:\cyh\dictionary_learn\outputs\journal\apic_v3_screening_cn_ad\s1,42,adni_to_nacc,D:\cyh\dictionary_learn\outputs\journal\apic_v3_screening_cn_ad\s1\seed42\adni_to_nacc\apic_v3_x\journal_metrics.json,apic_v3_x,6,apis_warmup,0.5105708072534257,0.6463476160787186,0.968274845674908,,,,,,,,,1.4267781719913235e-05,0.9969879518072289,1.578084519285216e-08,0.24824862810502568,0.9708659835608608,0.1206867255001183,0.0422980449420501,8,332.0
D:\cyh\dictionary_learn\outputs\journal\apic_v3_screening_cn_ad\s1,42,adni_to_nacc,D:\cyh\dictionary_learn\outputs\journal\apic_v3_screening_cn_ad\s1\seed42\adni_to_nacc\apic_v3_x\journal_metrics.json,apic_v3_x,7,apis_warmup,0.5124752231795027,0.5934261925153891,1.034703034891828,,,,,,,,,2.1399086976834295e-06,1.0,1.9452299112853085e-08,0.2779715763158109,0.9573642755129251,0.13989651472453613,0.04903381851961814,8,664.0
D:\cyh\dictionary_learn\outputs\journal\apic_v3_screening_cn_ad\s1,42,adni_to_nacc,D:\cyh\dictionary_learn\outputs\journal\apic_v3_screening_cn_ad\s1\seed42\adni_to_nacc\apic_v3_x\journal_metrics.json,apic_v3_x,8,apis_warmup,0.43299338524510345,0.6174008710067937,1.0479238226766985,,,,,,,,,3.7014275024496354e-06,1.0,4.4980152571804274e-08,0.24907169248684344,0.9706542578088232,0.12315699206777365,0.0423678463571761,8,996.0
D:\cyh\dictionary_learn\outputs\journal\apic_v3_screening_cn_ad\s1,42,adni_to_nacc,D:\cyh\dictionary_learn\outputs\journal\apic_v3_screening_cn_ad\s1\seed42\adni_to_nacc\apic_v3_x\journal_metrics.json,apic_v3_x,9,apis_warmup,0.21734986581603985,1.296937918629753,1.0281755616513917,,,,,,,,,1.1547078777339376e-05,1.0,1.0851678534076123e-07,0.2501896402562957,0.9689995524394943,0.12558530782719693,0.0428422726017524,8,1328.0
D:\cyh\dictionary_learn\outputs\journal\apic_v3_screening_cn_ad\s1,42,adni_to_nacc,D:\cyh\dictionary_learn\outputs\journal\apic_v3_screening_cn_ad\s1\seed42\adni_to_nacc\apic_v3_x\journal_metrics.json,apic_v3_x,10,apis_warmup,0.2657825843184199,0.49340103153372183,1.0598999098859656,,,,,,,,,1.1213712159259152e-05,1.0,1.7934554313936692e-07,0.20755559439400592,0.9848396131791264,0.09152292379413743,0.033887265968215036,8,1660.0
D:\cyh\dictionary_learn\outputs\journal\apic_v3_screening_cn_ad\s1,42,adni_to_nacc,D:\cyh\dictionary_learn\outputs\journal\apic_v3_screening_cn_ad\s1\seed42\adni_to_nacc\apic_v3_x\journal_metrics.json,apic_v3_x,11,joint,0.13737822530218904,0.4789906902030607,1.0992443580897866,,,,,,,,,3.880314722324789e-06,1.0,1.1208560522562268e-07,0.19045601192727146,0.9898519436997103,0.07501141278140516,0.030616527109081488,8,1992.0
D:\cyh\dictionary_learn\outputs\journal\apic_v3_screening_cn_ad\s1,42,adni_to_nacc,D:\cyh\dictionary_learn\outputs\journal\apic_v3_screening_cn_ad\s1\seed42\adni_to_nacc\apic_v3_x\journal_metrics.json,apic_v3_x,12,joint,0.10663505118194384,0.3441131494561527,1.1449921105813836,,,,,,,,,4.0981045850206005e-06,1.0,1.1309792004126448e-07,0.17946376247578358,0.9914996559361378,0.07125132436673325,0.028708206512123705,8,2324.0
D:\cyh\dictionary_learn\outputs\journal\apic_v3_screening_cn_ad\s1,42,adni_to_nacc,D:\cyh\dictionary_learn\outputs\journal\apic_v3_screening_cn_ad\s1\seed42\adni_to_nacc\apic_v3_x\journal_metrics.json,apic_v3_x,13,joint,0.207696252696059,0.5577504852623844,1.0941592887448766,,,,,,,,,5.806585886192072e-06,1.0,1.4206299836639327e-07,0.18244032579732228,0.9883455626935844,0.06995904831642127,0.02947078290653516,8,2656.0
D:\cyh\dictionary_learn\outputs\journal\apic_v3_screening_cn_ad\s1,42,adni_to_nacc,D:\cyh\dictionary_learn\outputs\journal\apic_v3_screening_cn_ad\s1\seed42\adni_to_nacc\apic_v3_x\journal_metrics.json,apic_v3_x,14,joint,0.05078538001728165,0.4913973071015789,1.0848854126111611,,,,,,,,,2.4134284529621705e-06,1.0,9.562117446443242e-08,0.20239677791853986,0.9850346762013723,0.07865112750645144,0.03296387119286032,8,2988.0
D:\cyh\dictionary_learn\outputs\journal\apic_v3_screening_cn_ad\s1,42,adni_to_nacc,D:\cyh\dictionary_learn\outputs\journal\apic_v3_screening_cn_ad\s1\seed42\adni_to_nacc\apic_v3_x\journal_metrics.json,apic_v3_x,15,joint,0.03589225165736693,0.5450121291343646,1.0624567759811594,,,,,,,,,2.1195828323980314e-06,1.0,7.826627459649099e-08,0.20885323795927577,0.9830906520406884,0.08523712845810924,0.03421511947659843,8,3320.0
D:\cyh\dictionary_learn\outputs\journal\apic_v3_screening_cn_ad\s1,42,adni_to_nacc,D:\cyh\dictionary_learn\outputs\journal\apic_v3_screening_cn_ad\s1\seed42\adni_to_nacc\apic_v3_x\journal_metrics.json,apic_v3_x,16,joint,0.03800234138819737,0.597387033066186,1.0582015293426221,,,,,,,,,1.4048747049009104e-06,1.0,7.082642559188878e-08,0.19172306430627065,0.9871345715350416,0.06959658057754298,0.031055609841483187,8,3652.0
D:\cyh\dictionary_learn\outputs\journal\apic_v3_screening_cn_ad\s1,42,adni_to_nacc,D:\cyh\dictionary_learn\outputs\journal\apic_v3_screening_cn_ad\s1\seed42\adni_to_nacc\apic_v3_x\journal_metrics.json,apic_v3_x,17,joint,0.023177284922686416,0.5228868239400123,1.062549335271006,,,,,,,,,8.200544634890441e-07,1.0,5.0476746916141486e-08,0.1750187342425427,0.9921051730592567,0.053554399903998316,0.027909413428909808,8,3984.0
D:\cyh\dictionary_learn\outputs\journal\apic_v3_screening_cn_ad\s1,42,adni_to_nacc,D:\cyh\dictionary_learn\outputs\journal\apic_v3_screening_cn_ad\s1\seed42\adni_to_nacc\apic_v3_x\journal_metrics.json,apic_v3_x,18,joint,0.010962054963751012,0.5380722584283298,1.0680348233217647,,,,,,,,,3.6242715525367456e-07,1.0,3.599724859826158e-08,0.18376753506172133,0.9898060423782072,0.06042860888213997,0.029501934973410814,8,4316.0
D:\cyh\dictionary_learn\outputs\journal\apic_v3_screening_cn_ad\s1,42,adni_to_nacc,D:\cyh\dictionary_learn\outputs\journal\apic_v3_screening_cn_ad\s1\seed42\adni_to_nacc\apic_v3_x\journal_metrics.json,apic_v3_x,19,joint,0.006572505688513573,0.5373246576249636,1.0847473909479013,,,,,,,,,1.6322126883271967e-07,1.0,2.4353001778485373e-08,0.18260900191513887,0.9898696520242346,0.06031264364719391,0.02931052347622722,8,4648.0
D:\cyh\dictionary_learn\outputs\journal\apic_v3_screening_cn_ad\s1,42,adni_to_nacc,D:\cyh\dictionary_learn\outputs\journal\apic_v3_screening_cn_ad\s1\seed42\adni_to_nacc\apic_v3_x\journal_metrics.json,apic_v3_x,20,joint,0.009448791273409524,0.5402252462707042,1.0847245109679613,,,,,,,,,1.573058521996179e-07,1.0,2.3852466219032834e-08,0.18397749008902584,0.9889470554259886,0.060225036354309106,0.029610031003873032,8,4980.0
D:\cyh\dictionary_learn\outputs\journal\apic_v3_screening_cn_ad\s1,42,adni_to_nacc,D:\cyh\dictionary_learn\outputs\journal\apic_v3_screening_cn_ad\s1\seed42\adni_to_nacc\apic_v3_x\journal_metrics.json,apic_v3_x,21,joint,0.007024598040713379,0.6478046427983947,1.0739490404156606,,,,,,,,,1.279044503402918e-07,1.0,2.180582833978088e-08,0.18521660620189576,0.9875041038156992,0.05920422768377396,0.029931936211076128,8,5312.0
D:\cyh\dictionary_learn\outputs\journal\apic_v3_screening_cn_ad\s1,42,adni_to_nacc,D:\cyh\dictionary_learn\outputs\journal\apic_v3_screening_cn_ad\s1\seed42\adni_to_nacc\apic_v3_x\journal_metrics.json,apic_v3_x,22,joint,0.003489538072398022,0.5575505703410564,1.0775405436172343,,,,,,,,,1.252618446558135e-07,1.0,2.1406003523955143e-08,0.18468166618462067,0.9859868503478636,0.058089322085122026,0.02997514428234244,8,5644.0
D:\cyh\dictionary_learn\outputs\journal\apic_v3_screening_cn_ad\s1,42,adni_to_nacc,D:\cyh\dictionary_learn\outputs\journal\apic_v3_screening_cn_ad\s1\seed42\adni_to_nacc\apic_v3_x\journal_metrics.json,apic_v3_x,23,joint,0.0031940944220012345,0.6705257864169601,1.0740806879341753,,,,,,,,,1.1921759172900325e-07,1.0,2.0832445583857038e-08,0.18362144748848605,0.9858051926256662,0.05751789127846798,0.02981768714555775,8,5976.0
D:\cyh\dictionary_learn\outputs\journal\apic_v3_screening_cn_ad\s1,42,adni_to_nacc,D:\cyh\dictionary_learn\outputs\journal\apic_v3_screening_cn_ad\s1\seed42\adni_to_nacc\apic_v3_x\journal_metrics.json,apic_v3_x,24,joint,0.004310397533643766,0.657565895693414,1.0806431854670178,,,,,,,,,1.1337791158928349e-07,1.0,1.979837128511101e-08,0.1827387003654457,0.9858798801180828,0.05654128133712045,0.029667368248464113,8,6308.0
D:\cyh\dictionary_learn\outputs\journal\apic_v3_screening_cn_ad\s1,42,adni_to_nacc,D:\cyh\dictionary_learn\outputs\journal\apic_v3_screening_cn_ad\s1\seed42\adni_to_nacc\apic_v3_x\journal_metrics.json,apic_v3_x,25,joint,0.0028404638974882483,0.6619587791675893,1.074367997618678,,,,,,,,,9.530633593167788e-08,1.0,1.8249417923285302e-08,0.18214298246136632,0.9857278818107513,0.056170048887830185,0.02958251241908734,8,6640.0
D:\cyh\dictionary_learn\outputs\journal\apic_v3_screening_cn_ad\s1,42,adni_to_nacc,D:\cyh\dictionary_learn\outputs\journal\apic_v3_screening_cn_ad\s1\seed42\adni_to_nacc\apic_v3_x\journal_metrics.json,apic_v3_x,26,joint,0.004278851148612091,0.5949673129175608,1.0844712870620983,,,,,,,,,8.674332517605499e-08,1.0,1.7194215764702785e-08,0.18186209126409278,0.9859571938055107,0.05549923213849585,0.02951731324106096,8,6972.0
D:\cyh\dictionary_learn\outputs\journal\apic_v3_screening_cn_ad\s1,42,adni_to_nacc,D:\cyh\dictionary_learn\outputs\journal\apic_v3_screening_cn_ad\s1\seed42\adni_to_nacc\apic_v3_x\journal_metrics.json,apic_v3_x,27,joint,0.0038731850426663725,0.791816235054353,1.082954436340151,,,,,,,,,8.061269846026685e-08,1.0,1.6591453041434557e-08,0.18119455963732248,0.9864118910697569,0.05547487713306783,0.029369723635265625,8,7304.0
D:\cyh\dictionary_learn\outputs\journal\apic_v3_screening_cn_ad\s1,42,adni_to_nacc,D:\cyh\dictionary_learn\outputs\journal\apic_v3_screening_cn_ad\s1\seed42\adni_to_nacc\apic_v3_x\journal_metrics.json,apic_v3_x,28,joint,0.0025021881196459934,0.5940469321947406,1.0840091708410655,,,,,,,,,7.990385593342285e-08,1.0,1.6647178350674413e-08,0.18168490083820849,0.9868754514728684,0.05583004105881036,0.02940964864858662,8,7636.0
D:\cyh\dictionary_learn\outputs\journal\apic_v3_screening_cn_ad\s1,42,adni_to_nacc,D:\cyh\dictionary_learn\outputs\journal\apic_v3_screening_cn_ad\s1\seed42\adni_to_nacc\apic_v3_x\journal_metrics.json,apic_v3_x,29,joint,0.00243016188920066,0.8365456401265788,1.0867139479097498,,,,,,,,,7.10997261601429e-08,1.0,1.5687907925866858e-08,0.18186534869383617,0.986640438976058,0.05580784577921213,0.02945930474852941,8,7968.0
D:\cyh\dictionary_learn\outputs\journal\apic_v3_screening_cn_ad\s1,42,adni_to_nacc,D:\cyh\dictionary_learn\outputs\journal\apic_v3_screening_cn_ad\s1\seed42\adni_to_nacc\apic_v3_x\journal_metrics.json,apic_v3_x,30,joint,0.002759257473853832,0.6642553385531456,1.074479335678241,,,,,,,,,7.465289807480229e-08,1.0,1.6122307237569328e-08,0.18121916701994747,0.9876075085387173,0.05614363541265568,0.029271442622664463,8,8300.0
D:\cyh\dictionary_learn\outputs\journal\apic_v3_screening_cn_ad\s1,42,adni_to_nacc,D:\cyh\dictionary_learn\outputs\journal\apic_v3_screening_cn_ad\s1\seed42\adni_to_nacc\apic_v3_x\journal_metrics.json,apic_v3_x,31,joint,0.003097370506319672,0.6752934610308072,1.0787712002556025,,,,,,,,,6.864119767894397e-08,1.0,1.5632249615242494e-08,0.18104326617286867,0.9877041391579502,0.05600430888224797,0.02923535905688642,8,8632.0
D:\cyh\dictionary_learn\outputs\journal\apic_v3_screening_cn_ad\s1,42,adni_to_nacc,D:\cyh\dictionary_learn\outputs\journal\apic_v3_screening_cn_ad\s1\seed42\adni_to_nacc\apic_v3_x\journal_metrics.json,apic_v3_x,32,joint,0.002534515470289485,0.6284755400180624,1.0811803232258559,,,,,,,,,6.399268358052953e-08,1.0,1.4805707835109732e-08,0.18077554544770574,0.9873238378260509,0.055074862013739276,0.029223920822323085,8,8964.0
D:\cyh\dictionary_learn\outputs\journal\apic_v3_screening_cn_ad\s1,42,adni_to_nacc,D:\cyh\dictionary_learn\outputs\journal\apic_v3_screening_cn_ad\s1\seed42\adni_to_nacc\apic_v3_x\journal_metrics.json,apic_v3_x,33,joint,0.001496646222265729,0.619543369865357,1.085213268948019,,,,,,,,,6.443085953388202e-08,1.0,1.5011131475724398e-08,0.18083961900458279,0.9871712082839874,0.05470215461878891,0.029247590688517296,8,9296.0
D:\cyh\dictionary_learn\outputs\journal\apic_v3_screening_cn_ad\s1,42,adni_to_nacc,D:\cyh\dictionary_learn\outputs\journal\apic_v3_screening_cn_ad\s1\seed42\adni_to_nacc\apic_v3_x\journal_metrics.json,apic_v3_x,34,joint,0.0008990868525607623,0.6351996572519469,1.0870238859227674,,,,,,,,,6.920368687205216e-08,1.0,1.5468516481096588e-08,0.1805954121322517,0.9875744286789951,0.05535193510263799,0.02917495614523629,8,9628.0
D:\cyh\dictionary_learn\outputs\journal\apic_v3_screening_cn_ad\s1,42,adni_to_nacc,D:\cyh\dictionary_learn\outputs\journal\apic_v3_screening_cn_ad\s1\seed42\adni_to_nacc\apic_v3_x\journal_metrics.json,apic_v3_x,35,joint,0.0011414431556407082,0.6137926704319432,1.0870973317862611,,,,,,,,,6.172660519267533e-08,1.0,1.454473782645442e-08,0.1817740499973297,0.9875003817569779,0.05612230179719178,0.02937157306236675,8,9960.0
D:\cyh\dictionary_learn\outputs\journal\apic_v3_screening_cn_ad\s1,42,adni_to_nacc,D:\cyh\dictionary_learn\outputs\journal\apic_v3_screening_cn_ad\s1\seed42\adni_to_nacc\apic_v3_x\journal_metrics.json,apic_v3_x,36,joint,0.0012750715876057048,0.8050212661453016,1.0652421369642848,,,,,,,,,6.172582303921686e-08,1.0,1.4599095533544943e-08,0.18146782574883427,0.9871922336428999,0.05594584969691483,0.029348888355924422,8,10292.0
D:\cyh\dictionary_learn\outputs\journal\apic_v3_screening_cn_ad\s1,42,adni_to_nacc,D:\cyh\dictionary_learn\outputs\journal\apic_v3_screening_cn_ad\s1\seed42\adni_to_nacc\apic_v3_x\journal_metrics.json,apic_v3_x,37,joint,0.0018136108622687072,0.8216209064018483,1.0650695928045941,,,,,,,,,6.380549400745051e-08,1.0,1.4670933041374846e-08,0.1810626599443964,0.9871540127030338,0.0555011063185801,0.029286270961165428,8,10624.0
D:\cyh\dictionary_learn\outputs\journal\apic_v3_screening_cn_ad\s1,42,adni_to_nacc,D:\cyh\dictionary_learn\outputs\journal\apic_v3_screening_cn_ad\s1\seed42\adni_to_nacc\apic_v3_x\journal_metrics.json,apic_v3_x,38,joint,0.0013330904595976055,0.6448614176331847,1.0840988103056919,,,,,,,,,5.7292474464754584e-08,1.0,1.4009196373235846e-08,0.18074745155242553,0.9871372006025659,0.055414218320904006,0.029235854655145162,8,10956.0
D:\cyh\dictionary_learn\outputs\journal\apic_v3_screening_cn_ad\s1,42,adni_to_nacc,D:\cyh\dictionary_learn\outputs\journal\apic_v3_screening_cn_ad\s1\seed42\adni_to_nacc\apic_v3_x\journal_metrics.json,apic_v3_x,39,joint,0.001649652083563206,0.8073597797510441,1.0876739271209166,,,,,,,,,5.6587276679714795e-08,1.0,1.3816436669454774e-08,0.18141084999205118,0.9871594245175281,0.055684134678309224,0.029341685529573853,8,11288.0
D:\cyh\dictionary_learn\outputs\journal\apic_v3_screening_cn_ad\s1,42,adni_to_nacc,D:\cyh\dictionary_learn\outputs\journal\apic_v3_screening_cn_ad\s1\seed42\adni_to_nacc\apic_v3_x\journal_metrics.json,apic_v3_x,40,joint,0.0016015227277870487,0.8389296075312539,1.064969061986601,,,,,,,,,5.528767244290482e-08,1.0,1.3869899729404455e-08,0.18185861947306667,0.9868126016065298,0.05610815933849438,0.02944394456873457,8,11620.0
D:\cyh\dictionary_learn\outputs\journal\apic_v3_screening_cn_ad\s1,42,adni_to_nacc,D:\cyh\dictionary_learn\outputs\journal\apic_v3_screening_cn_ad\s1\seed42\adni_to_nacc\apic_v3_x\journal_metrics.json,apic_v3_x,41,joint,0.0015747463391989987,0.674127310145206,1.106436961432956,,,,,,,,,5.415232676733215e-08,1.0,1.3574541073531494e-08,0.18185475055711814,0.9864539963653288,0.0554416709276567,0.029473878218826043,8,11952.0
D:\cyh\dictionary_learn\outputs\journal\apic_v3_screening_cn_ad\s1,42,adni_to_nacc,D:\cyh\dictionary_learn\outputs\journal\apic_v3_screening_cn_ad\s1\seed42\adni_to_nacc\apic_v3_x\journal_metrics.json,apic_v3_x,42,joint,0.0009943596570414536,0.6661210771045832,1.1046281346414513,,,,,,,,,5.104965865828501e-08,1.0,1.335100380451507e-08,0.18249128561422048,0.9866629645048853,0.05630764432520752,0.029559378680515003,8,12284.0
D:\cyh\dictionary_learn\outputs\journal\apic_v3_screening_cn_ad\s1,42,adni_to_nacc,D:\cyh\dictionary_learn\outputs\journal\apic_v3_screening_cn_ad\s1\seed42\adni_to_nacc\apic_v3_x\journal_metrics.json,apic_v3_x,43,joint,0.0013487713701349083,0.690658776369054,1.1065991832810698,,,,,,,,,5.412311888088803e-08,1.0,1.3648708519478e-08,0.18271642277039676,0.9867084047880518,0.056545468069702745,0.029592676020889396,8,12616.0
D:\cyh\dictionary_learn\outputs\journal\apic_v3_screening_cn_ad\s1,42,adni_to_nacc,D:\cyh\dictionary_learn\outputs\journal\apic_v3_screening_cn_ad\s1\seed42\adni_to_nacc\apic_v3_x\journal_metrics.json,apic_v3_x,44,joint,0.0012857704277848825,0.7186164625980314,1.0810930759440507,,,,,,,,,5.1299790974750853e-08,1.0,1.3330304999060965e-08,0.18346599588193088,0.9871145228305495,0.057432174817266236,0.029679531007107483,8,12948.0
D:\cyh\dictionary_learn\outputs\journal\apic_v3_screening_cn_ad\s1,42,adni_to_nacc,D:\cyh\dictionary_learn\outputs\journal\apic_v3_screening_cn_ad\s1\seed42\adni_to_nacc\apic_v3_x\journal_metrics.json,apic_v3_x,45,joint,0.0011046291374989241,0.7214195783504384,1.0811183244172795,,,,,,,,,5.867065205822096e-08,1.0,1.412200203095567e-08,0.18386810874364462,0.9878364693687622,0.059143420892307556,0.029682694923087775,8,13280.0
D:\cyh\dictionary_learn\outputs\journal\apic_v3_screening_cn_ad\s1,42,adni_to_nacc,D:\cyh\dictionary_learn\outputs\journal\apic_v3_screening_cn_ad\s1\seed42\adni_to_nacc\apic_v3_x\journal_metrics.json,apic_v3_x,46,joint,0.0010070101299175169,0.7052765979144195,1.0841297876149427,,,,,,,,,5.083077569030954e-08,1.0,1.3412911188687215e-08,0.1855097486671195,0.9872893080653915,0.059302289936556875,0.029994581702602916,8,13612.0
D:\cyh\dictionary_learn\outputs\journal\apic_v3_screening_cn_ad\s1,42,adni_to_nacc,D:\cyh\dictionary_learn\outputs\journal\apic_v3_screening_cn_ad\s1\seed42\adni_to_nacc\apic_v3_x\journal_metrics.json,apic_v3_x,47,joint,0.0007533561905122962,0.7614867124233642,1.080946672548998,,,,,,,,,5.611435694153859e-08,1.0,1.382602733774109e-08,0.18402975007712122,0.9868290079645363,0.05822856378663017,0.02979629971535809,8,13944.0
D:\cyh\dictionary_learn\outputs\journal\apic_v3_screening_cn_ad\s1,42,adni_to_nacc,D:\cyh\dictionary_learn\outputs\journal\apic_v3_screening_cn_ad\s1\seed42\adni_to_nacc\apic_v3_x\journal_metrics.json,apic_v3_x,48,joint,0.0010550172588979427,0.8208041272664216,1.103312942609427,,,,,,,,,5.039356952078192e-08,1.0,1.325736176260326e-08,0.18485415520438228,0.9867164004279907,0.05871397104248943,0.029938496716589814,8,14276.0
D:\cyh\dictionary_learn\outputs\journal\apic_v3_screening_cn_ad\s1,42,adni_to_nacc,D:\cyh\dictionary_learn\outputs\journal\apic_v3_screening_cn_ad\s1\seed42\adni_to_nacc\apic_v3_x\journal_metrics.json,apic_v3_x,49,joint,0.0008536572741032144,0.7514045010600426,1.0811133432750277,,,,,,,,,5.1247978348272455e-08,1.0,1.3214962907092428e-08,0.1850574214056314,0.9865498076002281,0.05927242702209806,0.029986838686717563,8,14608.0
D:\cyh\dictionary_learn\outputs\journal\apic_v3_screening_cn_ad\s1,42,adni_to_nacc,D:\cyh\dictionary_learn\outputs\journal\apic_v3_screening_cn_ad\s1\seed42\adni_to_nacc\apic_v3_x\journal_metrics.json,apic_v3_x,50,joint,0.000548502801459371,0.7437479325972292,1.1061731946667914,,,,,,,,,5.058651791432293e-08,1.0,1.3193071085403659e-08,0.18616757981748466,0.9860315854290882,0.05959379502448691,0.030213172244558852,8,14940.0
D:\cyh\dictionary_learn\outputs\journal\apic_v3_screening_cn_ad\s1,42,adni_to_nacc,D:\cyh\dictionary_learn\outputs\journal\apic_v3_screening_cn_ad\s1\seed42\adni_to_nacc\ce_x\journal_metrics.json,ce_x,1,clean,0.5222055524228567,4.042766591881206,0.6526348559120031,,,,,,,,,0.0,0.0,0.0,0.0,0.0,0.0,0.0,,
D:\cyh\dictionary_learn\outputs\journal\apic_v3_screening_cn_ad\s1,42,adni_to_nacc,D:\cyh\dictionary_learn\outputs\journal\apic_v3_screening_cn_ad\s1\seed42\adni_to_nacc\ce_x\journal_metrics.json,ce_x,2,clean,0.3174429670066001,1.4732119682121951,0.7564817311402132,,,,,,,,,0.0,0.0,0.0,0.0,0.0,0.0,0.0,,
D:\cyh\dictionary_learn\outputs\journal\apic_v3_screening_cn_ad\s1,42,adni_to_nacc,D:\cyh\dictionary_learn\outputs\journal\apic_v3_screening_cn_ad\s1\seed42\adni_to_nacc\ce_x\journal_metrics.json,ce_x,3,clean,0.22829313057261597,1.4225039517573415,0.9564972202787974,,,,,,,,,0.0,0.0,0.0,0.0,0.0,0.0,0.0,,
D:\cyh\dictionary_learn\outputs\journal\apic_v3_screening_cn_ad\s1,42,adni_to_nacc,D:\cyh\dictionary_learn\outputs\journal\apic_v3_screening_cn_ad\s1\seed42\adni_to_nacc\ce_x\journal_metrics.json,ce_x,4,clean,0.20038381881495737,1.056891941695797,0.9729180099566447,,,,,,,,,0.0,0.0,0.0,0.0,0.0,0.0,0.0,,
D:\cyh\dictionary_learn\outputs\journal\apic_v3_screening_cn_ad\s1,42,adni_to_nacc,D:\cyh\dictionary_learn\outputs\journal\apic_v3_screening_cn_ad\s1\seed42\adni_to_nacc\ce_x\journal_metrics.json,ce_x,5,clean,0.08778190339287092,0.4402845562128174,1.1069998310118498,,,,,,,,,0.0,0.0,0.0,0.0,0.0,0.0,0.0,,
D:\cyh\dictionary_learn\outputs\journal\apic_v3_screening_cn_ad\s1,42,adni_to_nacc,D:\cyh\dictionary_learn\outputs\journal\apic_v3_screening_cn_ad\s1\seed42\adni_to_nacc\ce_x\journal_metrics.json,ce_x,6,clean,0.20831982715964228,0.44905796690782496,1.1109551737158752,,,,,,,,,0.0,0.0,0.0,0.0,0.0,0.0,0.0,,
D:\cyh\dictionary_learn\outputs\journal\apic_v3_screening_cn_ad\s1,42,adni_to_nacc,D:\cyh\dictionary_learn\outputs\journal\apic_v3_screening_cn_ad\s1\seed42\adni_to_nacc\ce_x\journal_metrics.json,ce_x,7,clean,0.18879293548279857,0.4759423927366783,1.0920529100068155,,,,,,,,,0.0,0.0,0.0,0.0,0.0,0.0,0.0,,
D:\cyh\dictionary_learn\outputs\journal\apic_v3_screening_cn_ad\s1,42,adni_to_nacc,D:\cyh\dictionary_learn\outputs\journal\apic_v3_screening_cn_ad\s1\seed42\adni_to_nacc\ce_x\journal_metrics.json,ce_x,8,clean,0.14604694281244673,0.49618465662824063,1.0537702948262466,,,,,,,,,0.0,0.0,0.0,0.0,0.0,0.0,0.0,,
D:\cyh\dictionary_learn\outputs\journal\apic_v3_screening_cn_ad\s1,42,adni_to_nacc,D:\cyh\dictionary_learn\outputs\journal\apic_v3_screening_cn_ad\s1\seed42\adni_to_nacc\ce_x\journal_metrics.json,ce_x,9,clean,0.06689243595934956,0.38540324903010087,1.1346048764746488,,,,,,,,,0.0,0.0,0.0,0.0,0.0,0.0,0.0,,
D:\cyh\dictionary_learn\outputs\journal\apic_v3_screening_cn_ad\s1,42,adni_to_nacc,D:\cyh\dictionary_learn\outputs\journal\apic_v3_screening_cn_ad\s1\seed42\adni_to_nacc\ce_x\journal_metrics.json,ce_x,10,clean,0.10158844012907337,0.4577675971536423,1.0737068718044438,,,,,,,,,0.0,0.0,0.0,0.0,0.0,0.0,0.0,,
D:\cyh\dictionary_learn\outputs\journal\apic_v3_screening_cn_ad\s1,42,adni_to_nacc,D:\cyh\dictionary_learn\outputs\journal\apic_v3_screening_cn_ad\s1\seed42\adni_to_nacc\ce_x\journal_metrics.json,ce_x,11,clean,0.03412667898382677,0.6031534463883255,1.0819627775203453,,,,,,,,,0.0,0.0,0.0,0.0,0.0,0.0,0.0,,
D:\cyh\dictionary_learn\outputs\journal\apic_v3_screening_cn_ad\s1,42,adni_to_nacc,D:\cyh\dictionary_learn\outputs\journal\apic_v3_screening_cn_ad\s1\seed42\adni_to_nacc\ce_x\journal_metrics.json,ce_x,12,clean,0.05310236673566501,0.3623431097152687,1.151364933387433,,,,,,,,,0.0,0.0,0.0,0.0,0.0,0.0,0.0,,
D:\cyh\dictionary_learn\outputs\journal\apic_v3_screening_cn_ad\s1,42,adni_to_nacc,D:\cyh\dictionary_learn\outputs\journal\apic_v3_screening_cn_ad\s1\seed42\adni_to_nacc\ce_x\journal_metrics.json,ce_x,13,clean,0.0414645596483094,0.4180633261341839,1.127937460046295,,,,,,,,,0.0,0.0,0.0,0.0,0.0,0.0,0.0,,
D:\cyh\dictionary_learn\outputs\journal\apic_v3_screening_cn_ad\s1,42,adni_to_nacc,D:\cyh\dictionary_learn\outputs\journal\apic_v3_screening_cn_ad\s1\seed42\adni_to_nacc\ce_x\journal_metrics.json,ce_x,14,clean,0.013154727256020913,0.4642006895875005,1.1455617675870922,,,,,,,,,0.0,0.0,0.0,0.0,0.0,0.0,0.0,,
D:\cyh\dictionary_learn\outputs\journal\apic_v3_screening_cn_ad\s1,42,adni_to_nacc,D:\cyh\dictionary_learn\outputs\journal\apic_v3_screening_cn_ad\s1\seed42\adni_to_nacc\ce_x\journal_metrics.json,ce_x,15,clean,0.007115241396801928,0.371877194613159,1.1605163423339826,,,,,,,,,0.0,0.0,0.0,0.0,0.0,0.0,0.0,,
D:\cyh\dictionary_learn\outputs\journal\apic_v3_screening_cn_ad\s1,42,adni_to_nacc,D:\cyh\dictionary_learn\outputs\journal\apic_v3_screening_cn_ad\s1\seed42\adni_to_nacc\ce_x\journal_metrics.json,ce_x,16,clean,0.01319352834182511,0.33612995591500056,1.153090386821935,,,,,,,,,0.0,0.0,0.0,0.0,0.0,0.0,0.0,,
D:\cyh\dictionary_learn\outputs\journal\apic_v3_screening_cn_ad\s1,42,adni_to_nacc,D:\cyh\dictionary_learn\outputs\journal\apic_v3_screening_cn_ad\s1\seed42\adni_to_nacc\ce_x\journal_metrics.json,ce_x,17,clean,0.006142998200487794,0.3475856827904211,1.160409933045941,,,,,,,,,0.0,0.0,0.0,0.0,0.0,0.0,0.0,,
D:\cyh\dictionary_learn\outputs\journal\apic_v3_screening_cn_ad\s1,42,adni_to_nacc,D:\cyh\dictionary_learn\outputs\journal\apic_v3_screening_cn_ad\s1\seed42\adni_to_nacc\ce_x\journal_metrics.json,ce_x,18,clean,0.003685754529236962,0.36402162221119794,1.1573553702101829,,,,,,,,,0.0,0.0,0.0,0.0,0.0,0.0,0.0,,
D:\cyh\dictionary_learn\outputs\journal\apic_v3_screening_cn_ad\s1,42,adni_to_nacc,D:\cyh\dictionary_learn\outputs\journal\apic_v3_screening_cn_ad\s1\seed42\adni_to_nacc\ce_x\journal_metrics.json,ce_x,19,clean,0.003101829335609653,0.42425056108804027,1.1466956492151104,,,,,,,,,0.0,0.0,0.0,0.0,0.0,0.0,0.0,,
D:\cyh\dictionary_learn\outputs\journal\apic_v3_screening_cn_ad\s1,42,adni_to_nacc,D:\cyh\dictionary_learn\outputs\journal\apic_v3_screening_cn_ad\s1\seed42\adni_to_nacc\ce_x\journal_metrics.json,ce_x,20,clean,0.003790148574205295,0.4186052255458632,1.1488824890373408,,,,,,,,,0.0,0.0,0.0,0.0,0.0,0.0,0.0,,
D:\cyh\dictionary_learn\outputs\journal\apic_v3_screening_cn_ad\s1,42,adni_to_nacc,D:\cyh\dictionary_learn\outputs\journal\apic_v3_screening_cn_ad\s1\seed42\adni_to_nacc\ce_x\journal_metrics.json,ce_x,21,clean,0.0029895424403471827,0.46629179267771215,1.1451885107558215,,,,,,,,,0.0,0.0,0.0,0.0,0.0,0.0,0.0,,
D:\cyh\dictionary_learn\outputs\journal\apic_v3_screening_cn_ad\s1,42,adni_to_nacc,D:\cyh\dictionary_learn\outputs\journal\apic_v3_screening_cn_ad\s1\seed42\adni_to_nacc\ce_x\journal_metrics.json,ce_x,22,clean,0.0015858720789217468,0.4364204906906827,1.1458881820600109,,,,,,,,,0.0,0.0,0.0,0.0,0.0,0.0,0.0,,
D:\cyh\dictionary_learn\outputs\journal\apic_v3_screening_cn_ad\s1,42,adni_to_nacc,D:\cyh\dictionary_learn\outputs\journal\apic_v3_screening_cn_ad\s1\seed42\adni_to_nacc\ce_x\journal_metrics.json,ce_x,23,clean,0.001541281481822588,0.4603932084440735,1.1253858428519417,,,,,,,,,0.0,0.0,0.0,0.0,0.0,0.0,0.0,,
D:\cyh\dictionary_learn\outputs\journal\apic_v3_screening_cn_ad\s1,42,adni_to_nacc,D:\cyh\dictionary_learn\outputs\journal\apic_v3_screening_cn_ad\s1\seed42\adni_to_nacc\ce_x\journal_metrics.json,ce_x,24,clean,0.001935918549817695,0.4535277325857402,1.1033533006102039,,,,,,,,,0.0,0.0,0.0,0.0,0.0,0.0,0.0,,
D:\cyh\dictionary_learn\outputs\journal\apic_v3_screening_cn_ad\s1,42,adni_to_nacc,D:\cyh\dictionary_learn\outputs\journal\apic_v3_screening_cn_ad\s1\seed42\adni_to_nacc\ce_x\journal_metrics.json,ce_x,25,clean,0.0012581445504132804,0.46400306497388605,1.1257129399412191,,,,,,,,,0.0,0.0,0.0,0.0,0.0,0.0,0.0,,
D:\cyh\dictionary_learn\outputs\journal\apic_v3_screening_cn_ad\s1,42,adni_to_nacc,D:\cyh\dictionary_learn\outputs\journal\apic_v3_screening_cn_ad\s1\seed42\adni_to_nacc\ce_x\journal_metrics.json,ce_x,26,clean,0.0020137281133933553,0.45005635176851183,1.1509446518720128,,,,,,,,,0.0,0.0,0.0,0.0,0.0,0.0,0.0,,
D:\cyh\dictionary_learn\outputs\journal\apic_v3_screening_cn_ad\s1,42,adni_to_nacc,D:\cyh\dictionary_learn\outputs\journal\apic_v3_screening_cn_ad\s1\seed42\adni_to_nacc\ce_x\journal_metrics.json,ce_x,27,clean,0.0017957935307500322,0.5489662498130544,1.156100425837466,,,,,,,,,0.0,0.0,0.0,0.0,0.0,0.0,0.0,,
D:\cyh\dictionary_learn\outputs\journal\apic_v3_screening_cn_ad\s1,42,adni_to_nacc,D:\cyh\dictionary_learn\outputs\journal\apic_v3_screening_cn_ad\s1\seed42\adni_to_nacc\ce_x\journal_metrics.json,ce_x,28,clean,0.001243427516969695,0.4609964044521923,1.1508471368890039,,,,,,,,,0.0,0.0,0.0,0.0,0.0,0.0,0.0,,
D:\cyh\dictionary_learn\outputs\journal\apic_v3_screening_cn_ad\s1,42,adni_to_nacc,D:\cyh\dictionary_learn\outputs\journal\apic_v3_screening_cn_ad\s1\seed42\adni_to_nacc\ce_x\journal_metrics.json,ce_x,29,clean,0.0011748234032729012,0.5410059860092451,1.156397961306283,,,,,,,,,0.0,0.0,0.0,0.0,0.0,0.0,0.0,,
D:\cyh\dictionary_learn\outputs\journal\apic_v3_screening_cn_ad\s1,42,adni_to_nacc,D:\cyh\dictionary_learn\outputs\journal\apic_v3_screening_cn_ad\s1\seed42\adni_to_nacc\ce_x\journal_metrics.json,ce_x,30,clean,0.0011772761351154719,0.4693726260510681,1.1510048542438538,,,,,,,,,0.0,0.0,0.0,0.0,0.0,0.0,0.0,,
D:\cyh\dictionary_learn\outputs\journal\apic_v3_screening_cn_ad\s1,42,adni_to_nacc,D:\cyh\dictionary_learn\outputs\journal\apic_v3_screening_cn_ad\s1\seed42\adni_to_nacc\ce_x\journal_metrics.json,ce_x,31,clean,0.0015070062488000504,0.4841132657932593,1.1506032761668459,,,,,,,,,0.0,0.0,0.0,0.0,0.0,0.0,0.0,,
D:\cyh\dictionary_learn\outputs\journal\apic_v3_screening_cn_ad\s1,42,adni_to_nacc,D:\cyh\dictionary_learn\outputs\journal\apic_v3_screening_cn_ad\s1\seed42\adni_to_nacc\ce_x\journal_metrics.json,ce_x,32,clean,0.0011239876613513208,0.46965253534503026,1.1557172125436652,,,,,,,,,0.0,0.0,0.0,0.0,0.0,0.0,0.0,,
D:\cyh\dictionary_learn\outputs\journal\apic_v3_screening_cn_ad\s1,42,adni_to_nacc,D:\cyh\dictionary_learn\outputs\journal\apic_v3_screening_cn_ad\s1\seed42\adni_to_nacc\ce_x\journal_metrics.json,ce_x,33,clean,0.0006393649041072707,0.5046523938110954,1.1539716512263292,,,,,,,,,0.0,0.0,0.0,0.0,0.0,0.0,0.0,,
D:\cyh\dictionary_learn\outputs\journal\apic_v3_screening_cn_ad\s1,42,adni_to_nacc,D:\cyh\dictionary_learn\outputs\journal\apic_v3_screening_cn_ad\s1\seed42\adni_to_nacc\ce_x\journal_metrics.json,ce_x,34,clean,0.0004784379863016818,0.4809527238263262,1.153610750927312,,,,,,,,,0.0,0.0,0.0,0.0,0.0,0.0,0.0,,
D:\cyh\dictionary_learn\outputs\journal\apic_v3_screening_cn_ad\s1,42,adni_to_nacc,D:\cyh\dictionary_learn\outputs\journal\apic_v3_screening_cn_ad\s1\seed42\adni_to_nacc\ce_x\journal_metrics.json,ce_x,35,clean,0.0005425286566255143,0.4728351899280515,1.1564223964007667,,,,,,,,,0.0,0.0,0.0,0.0,0.0,0.0,0.0,,
D:\cyh\dictionary_learn\outputs\journal\apic_v3_screening_cn_ad\s1,42,adni_to_nacc,D:\cyh\dictionary_learn\outputs\journal\apic_v3_screening_cn_ad\s1\seed42\adni_to_nacc\ce_x\journal_metrics.json,ce_x,36,clean,0.0005974716988864848,0.5711152914054937,1.1590356757782427,,,,,,,,,0.0,0.0,0.0,0.0,0.0,0.0,0.0,,
D:\cyh\dictionary_learn\outputs\journal\apic_v3_screening_cn_ad\s1,42,adni_to_nacc,D:\cyh\dictionary_learn\outputs\journal\apic_v3_screening_cn_ad\s1\seed42\adni_to_nacc\ce_x\journal_metrics.json,ce_x,37,clean,0.0009170646058831712,0.5519939512604016,1.1568183684907503,,,,,,,,,0.0,0.0,0.0,0.0,0.0,0.0,0.0,,
D:\cyh\dictionary_learn\outputs\journal\apic_v3_screening_cn_ad\s1,42,adni_to_nacc,D:\cyh\dictionary_learn\outputs\journal\apic_v3_screening_cn_ad\s1\seed42\adni_to_nacc\ce_x\journal_metrics.json,ce_x,38,clean,0.000630041206614444,0.4782539062983593,1.1584843776758307,,,,,,,,,0.0,0.0,0.0,0.0,0.0,0.0,0.0,,
D:\cyh\dictionary_learn\outputs\journal\apic_v3_screening_cn_ad\s1,42,adni_to_nacc,D:\cyh\dictionary_learn\outputs\journal\apic_v3_screening_cn_ad\s1\seed42\adni_to_nacc\ce_x\journal_metrics.json,ce_x,39,clean,0.0008296841953275164,0.5590265598945031,1.1566299887498064,,,,,,,,,0.0,0.0,0.0,0.0,0.0,0.0,0.0,,
D:\cyh\dictionary_learn\outputs\journal\apic_v3_screening_cn_ad\s1,42,adni_to_nacc,D:\cyh\dictionary_learn\outputs\journal\apic_v3_screening_cn_ad\s1\seed42\adni_to_nacc\ce_x\journal_metrics.json,ce_x,40,clean,0.0007927522714322023,0.5824878708051572,1.158809172940199,,,,,,,,,0.0,0.0,0.0,0.0,0.0,0.0,0.0,,
D:\cyh\dictionary_learn\outputs\journal\apic_v3_screening_cn_ad\s1,42,adni_to_nacc,D:\cyh\dictionary_learn\outputs\journal\apic_v3_screening_cn_ad\s1\seed42\adni_to_nacc\ce_x\journal_metrics.json,ce_x,41,clean,0.0008088063360523244,0.498521191348118,1.1556595191643444,,,,,,,,,0.0,0.0,0.0,0.0,0.0,0.0,0.0,,
D:\cyh\dictionary_learn\outputs\journal\apic_v3_screening_cn_ad\s1,42,adni_to_nacc,D:\cyh\dictionary_learn\outputs\journal\apic_v3_screening_cn_ad\s1\seed42\adni_to_nacc\ce_x\journal_metrics.json,ce_x,42,clean,0.000470931687955436,0.49409780511327106,1.158357567958817,,,,,,,,,0.0,0.0,0.0,0.0,0.0,0.0,0.0,,
D:\cyh\dictionary_learn\outputs\journal\apic_v3_screening_cn_ad\s1,42,adni_to_nacc,D:\cyh\dictionary_learn\outputs\journal\apic_v3_screening_cn_ad\s1\seed42\adni_to_nacc\ce_x\journal_metrics.json,ce_x,43,clean,0.0006935141200411165,0.5062529080821476,1.1533380218196014,,,,,,,,,0.0,0.0,0.0,0.0,0.0,0.0,0.0,,
D:\cyh\dictionary_learn\outputs\journal\apic_v3_screening_cn_ad\s1,42,adni_to_nacc,D:\cyh\dictionary_learn\outputs\journal\apic_v3_screening_cn_ad\s1\seed42\adni_to_nacc\ce_x\journal_metrics.json,ce_x,44,clean,0.0005772094614312883,0.5303328471516168,1.1528757389239237,,,,,,,,,0.0,0.0,0.0,0.0,0.0,0.0,0.0,,
D:\cyh\dictionary_learn\outputs\journal\apic_v3_screening_cn_ad\s1,42,adni_to_nacc,D:\cyh\dictionary_learn\outputs\journal\apic_v3_screening_cn_ad\s1\seed42\adni_to_nacc\ce_x\journal_metrics.json,ce_x,45,clean,0.0005636589230342939,0.5276243929931881,1.1553784418936666,,,,,,,,,0.0,0.0,0.0,0.0,0.0,0.0,0.0,,
D:\cyh\dictionary_learn\outputs\journal\apic_v3_screening_cn_ad\s1,42,adni_to_nacc,D:\cyh\dictionary_learn\outputs\journal\apic_v3_screening_cn_ad\s1\seed42\adni_to_nacc\ce_x\journal_metrics.json,ce_x,46,clean,0.0005013961195493404,0.5318243574201743,1.1557187043602937,,,,,,,,,0.0,0.0,0.0,0.0,0.0,0.0,0.0,,
D:\cyh\dictionary_learn\outputs\journal\apic_v3_screening_cn_ad\s1,42,adni_to_nacc,D:\cyh\dictionary_learn\outputs\journal\apic_v3_screening_cn_ad\s1\seed42\adni_to_nacc\ce_x\journal_metrics.json,ce_x,47,clean,0.00038169707060813996,0.5325319952542589,1.152882963014307,,,,,,,,,0.0,0.0,0.0,0.0,0.0,0.0,0.0,,
D:\cyh\dictionary_learn\outputs\journal\apic_v3_screening_cn_ad\s1,42,adni_to_nacc,D:\cyh\dictionary_learn\outputs\journal\apic_v3_screening_cn_ad\s1\seed42\adni_to_nacc\ce_x\journal_metrics.json,ce_x,48,clean,0.0005042898618005685,0.5412849211634411,1.1552155216768458,,,,,,,,,0.0,0.0,0.0,0.0,0.0,0.0,0.0,,
D:\cyh\dictionary_learn\outputs\journal\apic_v3_screening_cn_ad\s1,42,adni_to_nacc,D:\cyh\dictionary_learn\outputs\journal\apic_v3_screening_cn_ad\s1\seed42\adni_to_nacc\ce_x\journal_metrics.json,ce_x,49,clean,0.0004337718423100221,0.527292248893883,1.1579344448240079,,,,,,,,,0.0,0.0,0.0,0.0,0.0,0.0,0.0,,
D:\cyh\dictionary_learn\outputs\journal\apic_v3_screening_cn_ad\s1,42,adni_to_nacc,D:\cyh\dictionary_learn\outputs\journal\apic_v3_screening_cn_ad\s1\seed42\adni_to_nacc\ce_x\journal_metrics.json,ce_x,50,clean,0.0003370192476635215,0.5342712549263696,1.1579287704303072,,,,,,,,,0.0,0.0,0.0,0.0,0.0,0.0,0.0,,
D:\cyh\dictionary_learn\outputs\journal\apic_v3_screening_cn_ad\s1,42,adni_to_nacc,D:\cyh\dictionary_learn\outputs\journal\apic_v3_screening_cn_ad\s1\seed42\adni_to_nacc\mixstyle_x\journal_metrics.json,mixstyle_x,1,mixstyle,0.5162437266883362,0.8007893409351554,0.9375108180732378,,,,,,,,,0.0,0.0,0.0,0.0,0.0,0.0,0.0,,
D:\cyh\dictionary_learn\outputs\journal\apic_v3_screening_cn_ad\s1,42,adni_to_nacc,D:\cyh\dictionary_learn\outputs\journal\apic_v3_screening_cn_ad\s1\seed42\adni_to_nacc\mixstyle_x\journal_metrics.json,mixstyle_x,2,mixstyle,0.2694222716031125,0.5641963669573361,0.9691058008125614,,,,,,,,,0.0,0.0,0.0,0.0,0.0,0.0,0.0,,
D:\cyh\dictionary_learn\outputs\journal\apic_v3_screening_cn_ad\s1,42,adni_to_nacc,D:\cyh\dictionary_learn\outputs\journal\apic_v3_screening_cn_ad\s1\seed42\adni_to_nacc\mixstyle_x\journal_metrics.json,mixstyle_x,3,mixstyle,0.1992249734789492,0.8099072616973471,1.0314475684767668,,,,,,,,,0.0,0.0,0.0,0.0,0.0,0.0,0.0,,
D:\cyh\dictionary_learn\outputs\journal\apic_v3_screening_cn_ad\s1,42,adni_to_nacc,D:\cyh\dictionary_learn\outputs\journal\apic_v3_screening_cn_ad\s1\seed42\adni_to_nacc\mixstyle_x\journal_metrics.json,mixstyle_x,4,mixstyle,0.19520280847370805,0.6048834425977098,0.9986505650957093,,,,,,,,,0.0,0.0,0.0,0.0,0.0,0.0,0.0,,
D:\cyh\dictionary_learn\outputs\journal\apic_v3_screening_cn_ad\s1,42,adni_to_nacc,D:\cyh\dictionary_learn\outputs\journal\apic_v3_screening_cn_ad\s1\seed42\adni_to_nacc\mixstyle_x\journal_metrics.json,mixstyle_x,5,mixstyle,0.09224601121933525,0.8362490794761985,0.9824020300361549,,,,,,,,,0.0,0.0,0.0,0.0,0.0,0.0,0.0,,
D:\cyh\dictionary_learn\outputs\journal\apic_v3_screening_cn_ad\s1,42,adni_to_nacc,D:\cyh\dictionary_learn\outputs\journal\apic_v3_screening_cn_ad\s1\seed42\adni_to_nacc\mixstyle_x\journal_metrics.json,mixstyle_x,6,mixstyle,0.22020778472322117,0.5787013860964129,1.007098840277424,,,,,,,,,0.0,0.0,0.0,0.0,0.0,0.0,0.0,,
D:\cyh\dictionary_learn\outputs\journal\apic_v3_screening_cn_ad\s1,42,adni_to_nacc,D:\cyh\dictionary_learn\outputs\journal\apic_v3_screening_cn_ad\s1\seed42\adni_to_nacc\mixstyle_x\journal_metrics.json,mixstyle_x,7,mixstyle,0.18147943400026087,0.6364661483818946,1.031812403001594,,,,,,,,,0.0,0.0,0.0,0.0,0.0,0.0,0.0,,
D:\cyh\dictionary_learn\outputs\journal\apic_v3_screening_cn_ad\s1,42,adni_to_nacc,D:\cyh\dictionary_learn\outputs\journal\apic_v3_screening_cn_ad\s1\seed42\adni_to_nacc\mixstyle_x\journal_metrics.json,mixstyle_x,8,mixstyle,0.18292424416012434,0.5919289990966066,1.0811452666385102,,,,,,,,,0.0,0.0,0.0,0.0,0.0,0.0,0.0,,
D:\cyh\dictionary_learn\outputs\journal\apic_v3_screening_cn_ad\s1,42,adni_to_nacc,D:\cyh\dictionary_learn\outputs\journal\apic_v3_screening_cn_ad\s1\seed42\adni_to_nacc\mixstyle_x\journal_metrics.json,mixstyle_x,9,mixstyle,0.06673979591466038,0.4439515441091608,1.0717364400334928,,,,,,,,,0.0,0.0,0.0,0.0,0.0,0.0,0.0,,
D:\cyh\dictionary_learn\outputs\journal\apic_v3_screening_cn_ad\s1,42,adni_to_nacc,D:\cyh\dictionary_learn\outputs\journal\apic_v3_screening_cn_ad\s1\seed42\adni_to_nacc\mixstyle_x\journal_metrics.json,mixstyle_x,10,mixstyle,0.10825650885992918,0.6230225287430551,1.0387781245258467,,,,,,,,,0.0,0.0,0.0,0.0,0.0,0.0,0.0,,
D:\cyh\dictionary_learn\outputs\journal\apic_v3_screening_cn_ad\s1,42,adni_to_nacc,D:\cyh\dictionary_learn\outputs\journal\apic_v3_screening_cn_ad\s1\seed42\adni_to_nacc\mixstyle_x\journal_metrics.json,mixstyle_x,11,mixstyle,0.0362580738490425,0.40273606159970304,1.1309753845923787,,,,,,,,,0.0,0.0,0.0,0.0,0.0,0.0,0.0,,
D:\cyh\dictionary_learn\outputs\journal\apic_v3_screening_cn_ad\s1,42,adni_to_nacc,D:\cyh\dictionary_learn\outputs\journal\apic_v3_screening_cn_ad\s1\seed42\adni_to_nacc\mixstyle_x\journal_metrics.json,mixstyle_x,12,mixstyle,0.04242587620560753,0.5243003320501884,1.1082967964040389,,,,,,,,,0.0,0.0,0.0,0.0,0.0,0.0,0.0,,
D:\cyh\dictionary_learn\outputs\journal\apic_v3_screening_cn_ad\s1,42,adni_to_nacc,D:\cyh\dictionary_learn\outputs\journal\apic_v3_screening_cn_ad\s1\seed42\adni_to_nacc\mixstyle_x\journal_metrics.json,mixstyle_x,13,mixstyle,0.12438195262452116,0.7175035898064105,0.9963471890666062,,,,,,,,,0.0,0.0,0.0,0.0,0.0,0.0,0.0,,
D:\cyh\dictionary_learn\outputs\journal\apic_v3_screening_cn_ad\s1,42,adni_to_nacc,D:\cyh\dictionary_learn\outputs\journal\apic_v3_screening_cn_ad\s1\seed42\adni_to_nacc\mixstyle_x\journal_metrics.json,mixstyle_x,14,mixstyle,0.06486262318801629,0.4514688630733872,1.1366873099518215,,,,,,,,,0.0,0.0,0.0,0.0,0.0,0.0,0.0,,
D:\cyh\dictionary_learn\outputs\journal\apic_v3_screening_cn_ad\s1,42,adni_to_nacc,D:\cyh\dictionary_learn\outputs\journal\apic_v3_screening_cn_ad\s1\seed42\adni_to_nacc\mixstyle_x\journal_metrics.json,mixstyle_x,15,mixstyle,0.02150637779598046,0.4416492580930935,1.1126890524171482,,,,,,,,,0.0,0.0,0.0,0.0,0.0,0.0,0.0,,
D:\cyh\dictionary_learn\outputs\journal\apic_v3_screening_cn_ad\s1,42,adni_to_nacc,D:\cyh\dictionary_learn\outputs\journal\apic_v3_screening_cn_ad\s1\seed42\adni_to_nacc\mixstyle_x\journal_metrics.json,mixstyle_x,16,mixstyle,0.02842556118000164,0.37465321363272797,1.116280043424186,,,,,,,,,0.0,0.0,0.0,0.0,0.0,0.0,0.0,,
D:\cyh\dictionary_learn\outputs\journal\apic_v3_screening_cn_ad\s1,42,adni_to_nacc,D:\cyh\dictionary_learn\outputs\journal\apic_v3_screening_cn_ad\s1\seed42\adni_to_nacc\mixstyle_x\journal_metrics.json,mixstyle_x,17,mixstyle,0.011085447545320424,0.33955799549145904,1.1371732069401685,,,,,,,,,0.0,0.0,0.0,0.0,0.0,0.0,0.0,,
D:\cyh\dictionary_learn\outputs\journal\apic_v3_screening_cn_ad\s1,42,adni_to_nacc,D:\cyh\dictionary_learn\outputs\journal\apic_v3_screening_cn_ad\s1\seed42\adni_to_nacc\mixstyle_x\journal_metrics.json,mixstyle_x,18,mixstyle,0.00579065064119781,0.331810627240558,1.1401971274914429,,,,,,,,,0.0,0.0,0.0,0.0,0.0,0.0,0.0,,
D:\cyh\dictionary_learn\outputs\journal\apic_v3_screening_cn_ad\s1,42,adni_to_nacc,D:\cyh\dictionary_learn\outputs\journal\apic_v3_screening_cn_ad\s1\seed42\adni_to_nacc\mixstyle_x\journal_metrics.json,mixstyle_x,19,mixstyle,0.004184267384768744,0.35349715897245915,1.1299607890196077,,,,,,,,,0.0,0.0,0.0,0.0,0.0,0.0,0.0,,
D:\cyh\dictionary_learn\outputs\journal\apic_v3_screening_cn_ad\s1,42,adni_to_nacc,D:\cyh\dictionary_learn\outputs\journal\apic_v3_screening_cn_ad\s1\seed42\adni_to_nacc\mixstyle_x\journal_metrics.json,mixstyle_x,20,mixstyle,0.005158862583998434,0.3850697647694516,1.1389555252929378,,,,,,,,,0.0,0.0,0.0,0.0,0.0,0.0,0.0,,
D:\cyh\dictionary_learn\outputs\journal\apic_v3_screening_cn_ad\s1,42,adni_to_nacc,D:\cyh\dictionary_learn\outputs\journal\apic_v3_screening_cn_ad\s1\seed42\adni_to_nacc\mixstyle_x\journal_metrics.json,mixstyle_x,21,mixstyle,0.004749214266151953,0.42025189502697374,1.1316174593480066,,,,,,,,,0.0,0.0,0.0,0.0,0.0,0.0,0.0,,
D:\cyh\dictionary_learn\outputs\journal\apic_v3_screening_cn_ad\s1,42,adni_to_nacc,D:\cyh\dictionary_learn\outputs\journal\apic_v3_screening_cn_ad\s1\seed42\adni_to_nacc\mixstyle_x\journal_metrics.json,mixstyle_x,22,mixstyle,0.0021021644590444952,0.33337343087321575,1.1429490763815373,,,,,,,,,0.0,0.0,0.0,0.0,0.0,0.0,0.0,,
D:\cyh\dictionary_learn\outputs\journal\apic_v3_screening_cn_ad\s1,42,adni_to_nacc,D:\cyh\dictionary_learn\outputs\journal\apic_v3_screening_cn_ad\s1\seed42\adni_to_nacc\mixstyle_x\journal_metrics.json,mixstyle_x,23,mixstyle,0.0018993727310563449,0.40021275421717084,1.1342434269687856,,,,,,,,,0.0,0.0,0.0,0.0,0.0,0.0,0.0,,
D:\cyh\dictionary_learn\outputs\journal\apic_v3_screening_cn_ad\s1,42,adni_to_nacc,D:\cyh\dictionary_learn\outputs\journal\apic_v3_screening_cn_ad\s1\seed42\adni_to_nacc\mixstyle_x\journal_metrics.json,mixstyle_x,24,mixstyle,0.002209009093874841,0.42224084221269775,1.124627649851532,,,,,,,,,0.0,0.0,0.0,0.0,0.0,0.0,0.0,,
D:\cyh\dictionary_learn\outputs\journal\apic_v3_screening_cn_ad\s1,42,adni_to_nacc,D:\cyh\dictionary_learn\outputs\journal\apic_v3_screening_cn_ad\s1\seed42\adni_to_nacc\mixstyle_x\journal_metrics.json,mixstyle_x,25,mixstyle,0.0018680333126552336,0.43755359696619706,1.1358178675689508,,,,,,,,,0.0,0.0,0.0,0.0,0.0,0.0,0.0,,
D:\cyh\dictionary_learn\outputs\journal\apic_v3_screening_cn_ad\s1,42,adni_to_nacc,D:\cyh\dictionary_learn\outputs\journal\apic_v3_screening_cn_ad\s1\seed42\adni_to_nacc\mixstyle_x\journal_metrics.json,mixstyle_x,26,mixstyle,0.0027655015598929272,0.4129014342828634,1.1367111388339028,,,,,,,,,0.0,0.0,0.0,0.0,0.0,0.0,0.0,,
D:\cyh\dictionary_learn\outputs\journal\apic_v3_screening_cn_ad\s1,42,adni_to_nacc,D:\cyh\dictionary_learn\outputs\journal\apic_v3_screening_cn_ad\s1\seed42\adni_to_nacc\mixstyle_x\journal_metrics.json,mixstyle_x,27,mixstyle,0.002118890441979383,0.4616967548589049,1.155672603096941,,,,,,,,,0.0,0.0,0.0,0.0,0.0,0.0,0.0,,
D:\cyh\dictionary_learn\outputs\journal\apic_v3_screening_cn_ad\s1,42,adni_to_nacc,D:\cyh\dictionary_learn\outputs\journal\apic_v3_screening_cn_ad\s1\seed42\adni_to_nacc\mixstyle_x\journal_metrics.json,mixstyle_x,28,mixstyle,0.0017907573383565184,0.3626918077122509,1.141854844127075,,,,,,,,,0.0,0.0,0.0,0.0,0.0,0.0,0.0,,
D:\cyh\dictionary_learn\outputs\journal\apic_v3_screening_cn_ad\s1,42,adni_to_nacc,D:\cyh\dictionary_learn\outputs\journal\apic_v3_screening_cn_ad\s1\seed42\adni_to_nacc\mixstyle_x\journal_metrics.json,mixstyle_x,29,mixstyle,0.0013270775792967383,0.4911328046137845,1.1554556152579454,,,,,,,,,0.0,0.0,0.0,0.0,0.0,0.0,0.0,,
D:\cyh\dictionary_learn\outputs\journal\apic_v3_screening_cn_ad\s1,42,adni_to_nacc,D:\cyh\dictionary_learn\outputs\journal\apic_v3_screening_cn_ad\s1\seed42\adni_to_nacc\mixstyle_x\journal_metrics.json,mixstyle_x,30,mixstyle,0.0016616941441947326,0.41699918325276436,1.1344081629457574,,,,,,,,,0.0,0.0,0.0,0.0,0.0,0.0,0.0,,
D:\cyh\dictionary_learn\outputs\journal\apic_v3_screening_cn_ad\s1,42,adni_to_nacc,D:\cyh\dictionary_learn\outputs\journal\apic_v3_screening_cn_ad\s1\seed42\adni_to_nacc\mixstyle_x\journal_metrics.json,mixstyle_x,31,mixstyle,0.0018511312732862938,0.41503596354534306,1.1306566757797902,,,,,,,,,0.0,0.0,0.0,0.0,0.0,0.0,0.0,,
D:\cyh\dictionary_learn\outputs\journal\apic_v3_screening_cn_ad\s1,42,adni_to_nacc,D:\cyh\dictionary_learn\outputs\journal\apic_v3_screening_cn_ad\s1\seed42\adni_to_nacc\mixstyle_x\journal_metrics.json,mixstyle_x,32,mixstyle,0.0014534559925241082,0.42312562061052406,1.15705143546934,,,,,,,,,0.0,0.0,0.0,0.0,0.0,0.0,0.0,,
D:\cyh\dictionary_learn\outputs\journal\apic_v3_screening_cn_ad\s1,42,adni_to_nacc,D:\cyh\dictionary_learn\outputs\journal\apic_v3_screening_cn_ad\s1\seed42\adni_to_nacc\mixstyle_x\journal_metrics.json,mixstyle_x,33,mixstyle,0.0009056122330822477,0.3565466974227573,1.1562129866957083,,,,,,,,,0.0,0.0,0.0,0.0,0.0,0.0,0.0,,
D:\cyh\dictionary_learn\outputs\journal\apic_v3_screening_cn_ad\s1,42,adni_to_nacc,D:\cyh\dictionary_learn\outputs\journal\apic_v3_screening_cn_ad\s1\seed42\adni_to_nacc\mixstyle_x\journal_metrics.json,mixstyle_x,34,mixstyle,0.0006008322694491741,0.35972066914652867,1.147350387579562,,,,,,,,,0.0,0.0,0.0,0.0,0.0,0.0,0.0,,
D:\cyh\dictionary_learn\outputs\journal\apic_v3_screening_cn_ad\s1,42,adni_to_nacc,D:\cyh\dictionary_learn\outputs\journal\apic_v3_screening_cn_ad\s1\seed42\adni_to_nacc\mixstyle_x\journal_metrics.json,mixstyle_x,35,mixstyle,0.0006814326376356857,0.3544192151897269,1.147533402181319,,,,,,,,,0.0,0.0,0.0,0.0,0.0,0.0,0.0,,
D:\cyh\dictionary_learn\outputs\journal\apic_v3_screening_cn_ad\s1,42,adni_to_nacc,D:\cyh\dictionary_learn\outputs\journal\apic_v3_screening_cn_ad\s1\seed42\adni_to_nacc\mixstyle_x\journal_metrics.json,mixstyle_x,36,mixstyle,0.0006913656724496963,0.5682935843909053,1.1459284098915876,,,,,,,,,0.0,0.0,0.0,0.0,0.0,0.0,0.0,,
D:\cyh\dictionary_learn\outputs\journal\apic_v3_screening_cn_ad\s1,42,adni_to_nacc,D:\cyh\dictionary_learn\outputs\journal\apic_v3_screening_cn_ad\s1\seed42\adni_to_nacc\mixstyle_x\journal_metrics.json,mixstyle_x,37,mixstyle,0.0010160937611117442,0.5182025413080582,1.1555255342661208,,,,,,,,,0.0,0.0,0.0,0.0,0.0,0.0,0.0,,
D:\cyh\dictionary_learn\outputs\journal\apic_v3_screening_cn_ad\s1,42,adni_to_nacc,D:\cyh\dictionary_learn\outputs\journal\apic_v3_screening_cn_ad\s1\seed42\adni_to_nacc\mixstyle_x\journal_metrics.json,mixstyle_x,38,mixstyle,0.0008759539772851774,0.35587395212654505,1.1475147433590003,,,,,,,,,0.0,0.0,0.0,0.0,0.0,0.0,0.0,,
D:\cyh\dictionary_learn\outputs\journal\apic_v3_screening_cn_ad\s1,42,adni_to_nacc,D:\cyh\dictionary_learn\outputs\journal\apic_v3_screening_cn_ad\s1\seed42\adni_to_nacc\mixstyle_x\journal_metrics.json,mixstyle_x,39,mixstyle,0.001036995431549948,0.5553431871351866,1.1525866194502605,,,,,,,,,0.0,0.0,0.0,0.0,0.0,0.0,0.0,,
D:\cyh\dictionary_learn\outputs\journal\apic_v3_screening_cn_ad\s1,42,adni_to_nacc,D:\cyh\dictionary_learn\outputs\journal\apic_v3_screening_cn_ad\s1\seed42\adni_to_nacc\mixstyle_x\journal_metrics.json,mixstyle_x,40,mixstyle,0.0009258749613577657,0.6068822524789967,1.1392568949032051,,,,,,,,,0.0,0.0,0.0,0.0,0.0,0.0,0.0,,
D:\cyh\dictionary_learn\outputs\journal\apic_v3_screening_cn_ad\s1,42,adni_to_nacc,D:\cyh\dictionary_learn\outputs\journal\apic_v3_screening_cn_ad\s1\seed42\adni_to_nacc\mixstyle_x\journal_metrics.json,mixstyle_x,41,mixstyle,0.0009490902550870564,0.4809079856812495,1.153884912373896,,,,,,,,,0.0,0.0,0.0,0.0,0.0,0.0,0.0,,
D:\cyh\dictionary_learn\outputs\journal\apic_v3_screening_cn_ad\s1,42,adni_to_nacc,D:\cyh\dictionary_learn\outputs\journal\apic_v3_screening_cn_ad\s1\seed42\adni_to_nacc\mixstyle_x\journal_metrics.json,mixstyle_x,42,mixstyle,0.0005475964225549532,0.4022411904078976,1.1575311734469238,,,,,,,,,0.0,0.0,0.0,0.0,0.0,0.0,0.0,,
D:\cyh\dictionary_learn\outputs\journal\apic_v3_screening_cn_ad\s1,42,adni_to_nacc,D:\cyh\dictionary_learn\outputs\journal\apic_v3_screening_cn_ad\s1\seed42\adni_to_nacc\mixstyle_x\journal_metrics.json,mixstyle_x,43,mixstyle,0.0008550873224368229,0.42887503651413766,1.1282003988269185,,,,,,,,,0.0,0.0,0.0,0.0,0.0,0.0,0.0,,
D:\cyh\dictionary_learn\outputs\journal\apic_v3_screening_cn_ad\s1,42,adni_to_nacc,D:\cyh\dictionary_learn\outputs\journal\apic_v3_screening_cn_ad\s1\seed42\adni_to_nacc\mixstyle_x\journal_metrics.json,mixstyle_x,44,mixstyle,0.0008345186784300681,0.5238648458591411,1.1556793139658388,,,,,,,,,0.0,0.0,0.0,0.0,0.0,0.0,0.0,,
D:\cyh\dictionary_learn\outputs\journal\apic_v3_screening_cn_ad\s1,42,adni_to_nacc,D:\cyh\dictionary_learn\outputs\journal\apic_v3_screening_cn_ad\s1\seed42\adni_to_nacc\mixstyle_x\journal_metrics.json,mixstyle_x,45,mixstyle,0.0007684620890227435,0.47178632774742957,1.1539589890405977,,,,,,,,,0.0,0.0,0.0,0.0,0.0,0.0,0.0,,
D:\cyh\dictionary_learn\outputs\journal\apic_v3_screening_cn_ad\s1,42,adni_to_nacc,D:\cyh\dictionary_learn\outputs\journal\apic_v3_screening_cn_ad\s1\seed42\adni_to_nacc\mixstyle_x\journal_metrics.json,mixstyle_x,46,mixstyle,0.0006628538515553417,0.43893951449855145,1.1284375511715556,,,,,,,,,0.0,0.0,0.0,0.0,0.0,0.0,0.0,,
D:\cyh\dictionary_learn\outputs\journal\apic_v3_screening_cn_ad\s1,42,adni_to_nacc,D:\cyh\dictionary_learn\outputs\journal\apic_v3_screening_cn_ad\s1\seed42\adni_to_nacc\mixstyle_x\journal_metrics.json,mixstyle_x,47,mixstyle,0.00039489300878955535,0.5158430655378909,1.153570014814727,,,,,,,,,0.0,0.0,0.0,0.0,0.0,0.0,0.0,,
D:\cyh\dictionary_learn\outputs\journal\apic_v3_screening_cn_ad\s1,42,adni_to_nacc,D:\cyh\dictionary_learn\outputs\journal\apic_v3_screening_cn_ad\s1\seed42\adni_to_nacc\mixstyle_x\journal_metrics.json,mixstyle_x,48,mixstyle,0.0005759133821055615,0.5431190944130339,1.153120726135612,,,,,,,,,0.0,0.0,0.0,0.0,0.0,0.0,0.0,,
D:\cyh\dictionary_learn\outputs\journal\apic_v3_screening_cn_ad\s1,42,adni_to_nacc,D:\cyh\dictionary_learn\outputs\journal\apic_v3_screening_cn_ad\s1\seed42\adni_to_nacc\mixstyle_x\journal_metrics.json,mixstyle_x,49,mixstyle,0.0005122928231279927,0.5115017841605876,1.1536842334866493,,,,,,,,,0.0,0.0,0.0,0.0,0.0,0.0,0.0,,
D:\cyh\dictionary_learn\outputs\journal\apic_v3_screening_cn_ad\s1,42,adni_to_nacc,D:\cyh\dictionary_learn\outputs\journal\apic_v3_screening_cn_ad\s1\seed42\adni_to_nacc\mixstyle_x\journal_metrics.json,mixstyle_x,50,mixstyle,0.0003416988130379924,0.6614111613225159,1.1450320438380328,,,,,,,,,0.0,0.0,0.0,0.0,0.0,0.0,0.0,,
D:\cyh\dictionary_learn\outputs\journal\apic_v3_screening_cn_ad\s1,42,nacc_to_adni,D:\cyh\dictionary_learn\outputs\journal\apic_v3_screening_cn_ad\s1\seed42\nacc_to_adni\apic_v3_x\journal_metrics.json,apic_v3_x,1,clean_warmup,0.5035410186317463,1.7707767300877486,0.8913351171798121,,,,,,,,,0.0,0.0,0.0,0.0,0.0,0.0,0.0,0,0.0
D:\cyh\dictionary_learn\outputs\journal\apic_v3_screening_cn_ad\s1,42,nacc_to_adni,D:\cyh\dictionary_learn\outputs\journal\apic_v3_screening_cn_ad\s1\seed42\nacc_to_adni\apic_v3_x\journal_metrics.json,apic_v3_x,2,clean_warmup,0.4048397759308612,1.5416548166645585,0.8235650957746073,,,,,,,,,0.0,0.0,0.0,0.0,0.0,0.0,0.0,0,0.0
D:\cyh\dictionary_learn\outputs\journal\apic_v3_screening_cn_ad\s1,42,nacc_to_adni,D:\cyh\dictionary_learn\outputs\journal\apic_v3_screening_cn_ad\s1\seed42\nacc_to_adni\apic_v3_x\journal_metrics.json,apic_v3_x,3,clean_warmup,0.32887338258992027,0.3530823425082121,1.0565584256303122,,,,,,,,,0.0,0.0,0.0,0.0,0.0,0.0,0.0,0,0.0
D:\cyh\dictionary_learn\outputs\journal\apic_v3_screening_cn_ad\s1,42,nacc_to_adni,D:\cyh\dictionary_learn\outputs\journal\apic_v3_screening_cn_ad\s1\seed42\nacc_to_adni\apic_v3_x\journal_metrics.json,apic_v3_x,4,clean_warmup,0.2580009226338657,0.31232817275736824,1.0567068132046933,,,,,,,,,0.0,0.0,0.0,0.0,0.0,0.0,0.0,0,0.0
D:\cyh\dictionary_learn\outputs\journal\apic_v3_screening_cn_ad\s1,42,nacc_to_adni,D:\cyh\dictionary_learn\outputs\journal\apic_v3_screening_cn_ad\s1\seed42\nacc_to_adni\apic_v3_x\journal_metrics.json,apic_v3_x,5,clean_warmup,0.2121892736329796,1.1034920282896796,1.0105205122137462,,,,,,,,,0.0,0.0,0.0,0.0,0.0,0.0,0.0,0,0.0
D:\cyh\dictionary_learn\outputs\journal\apic_v3_screening_cn_ad\s1,42,nacc_to_adni,D:\cyh\dictionary_learn\outputs\journal\apic_v3_screening_cn_ad\s1\seed42\nacc_to_adni\apic_v3_x\journal_metrics.json,apic_v3_x,6,apis_warmup,0.5375199323941501,0.36525941509466275,1.0543233135843257,,,,,,,,,1.983033940961588e-05,1.0,2.698512403972062e-08,0.381373764999086,0.8907734838277934,0.19950722728195136,0.08086014261167476,8,716.0
D:\cyh\dictionary_learn\outputs\journal\apic_v3_screening_cn_ad\s1,42,nacc_to_adni,D:\cyh\dictionary_learn\outputs\journal\apic_v3_screening_cn_ad\s1\seed42\nacc_to_adni\apic_v3_x\journal_metrics.json,apic_v3_x,7,apis_warmup,0.5499870117504004,0.3053140532756676,1.0885795852642095,,,,,,,,,1.3756180181052661e-05,1.0,7.762998460570198e-08,0.26695775186549353,0.9606302413860512,0.14208311741578514,0.04730422293257447,8,1432.0
D:\cyh\dictionary_learn\outputs\journal\apic_v3_screening_cn_ad\s1,42,nacc_to_adni,D:\cyh\dictionary_learn\outputs\journal\apic_v3_screening_cn_ad\s1\seed42\nacc_to_adni\apic_v3_x\journal_metrics.json,apic_v3_x,8,apis_warmup,0.36470381711094574,0.5457943494346158,1.0465988260859447,,,,,,,,,1.0437268902252433e-05,1.0,8.999417343427886e-08,0.21467300550231722,0.9833399843237254,0.10457677656378826,0.03519180021638977,8,2148.0
D:\cyh\dictionary_learn\outputs\journal\apic_v3_screening_cn_ad\s1,42,nacc_to_adni,D:\cyh\dictionary_learn\outputs\journal\apic_v3_screening_cn_ad\s1\seed42\nacc_to_adni\apic_v3_x\journal_metrics.json,apic_v3_x,9,apis_warmup,0.2639021542906636,0.26196539731163404,1.1119175965576702,,,,,,,,,8.310189694044037e-06,1.0,1.4509449987111735e-07,0.22707536566856854,0.9790580888700219,0.11352911129510602,0.03764482974673117,8,2864.0
D:\cyh\dictionary_learn\outputs\journal\apic_v3_screening_cn_ad\s1,42,nacc_to_adni,D:\cyh\dictionary_learn\outputs\journal\apic_v3_screening_cn_ad\s1\seed42\nacc_to_adni\apic_v3_x\journal_metrics.json,apic_v3_x,10,apis_warmup,0.21690054724900854,0.3676933047073454,1.0935971523012267,,,,,,,,,8.893194863607756e-06,1.0,1.784600077894284e-07,0.2039951444005167,0.9854669018164693,0.09444425883572861,0.033230733719534715,8,3580.0
D:\cyh\dictionary_learn\outputs\journal\apic_v3_screening_cn_ad\s1,42,nacc_to_adni,D:\cyh\dictionary_learn\outputs\journal\apic_v3_screening_cn_ad\s1\seed42\nacc_to_adni\apic_v3_x\journal_metrics.json,apic_v3_x,11,joint,0.19889897286408065,0.4135300300251946,1.0658520824102438,,,,,,,,,9.28626168235862e-06,1.0,2.0059387947339013e-07,0.19012943359726633,0.9906003465199603,0.0828303279115834,0.030383274562698504,8,4296.0
D:\cyh\dictionary_learn\outputs\journal\apic_v3_screening_cn_ad\s1,42,nacc_to_adni,D:\cyh\dictionary_learn\outputs\journal\apic_v3_screening_cn_ad\s1\seed42\nacc_to_adni\apic_v3_x\journal_metrics.json,apic_v3_x,12,joint,0.3537367244937858,0.3376760520226013,1.1182757310955964,,,,,,,,,1.7184125719631486e-05,1.0,3.9717752076676484e-07,0.22189721198721304,0.9799809928712898,0.11447564512491226,0.03659456266953959,8,5012.0
D:\cyh\dictionary_learn\outputs\journal\apic_v3_screening_cn_ad\s1,42,nacc_to_adni,D:\cyh\dictionary_learn\outputs\journal\apic_v3_screening_cn_ad\s1\seed42\nacc_to_adni\apic_v3_x\journal_metrics.json,apic_v3_x,13,joint,0.2628726444906925,0.26892090390440454,1.122940393255914,,,,,,,,,1.2578960392129781e-05,1.0,4.1904460945527985e-07,0.24187159305178255,0.9732253697997365,0.12048618254048864,0.04056464556042708,8,5728.0
D:\cyh\dictionary_learn\outputs\journal\apic_v3_screening_cn_ad\s1,42,nacc_to_adni,D:\cyh\dictionary_learn\outputs\journal\apic_v3_screening_cn_ad\s1\seed42\nacc_to_adni\apic_v3_x\journal_metrics.json,apic_v3_x,14,joint,0.3749203757778351,0.32339410549532294,1.1045969840643506,,,,,,,,,2.281379307258543e-05,1.0,5.587696468750712e-07,0.2412294444924626,0.9739039986493201,0.12435556660983815,0.040362601777195264,8,6444.0
D:\cyh\dictionary_learn\outputs\journal\apic_v3_screening_cn_ad\s1,42,nacc_to_adni,D:\cyh\dictionary_learn\outputs\journal\apic_v3_screening_cn_ad\s1\seed42\nacc_to_adni\apic_v3_x\journal_metrics.json,apic_v3_x,15,joint,0.07142005508405276,0.8845112500932798,1.0325888002736625,,,,,,,,,3.844744506933346e-06,1.0,1.892288462236951e-07,0.19428835084984422,0.9893857174079511,0.08495573691149663,0.030988216400146484,8,7160.0
D:\cyh\dictionary_learn\outputs\journal\apic_v3_screening_cn_ad\s1,42,nacc_to_adni,D:\cyh\dictionary_learn\outputs\journal\apic_v3_screening_cn_ad\s1\seed42\nacc_to_adni\apic_v3_x\journal_metrics.json,apic_v3_x,16,joint,0.22992539785765945,0.3755367367923845,1.083437568952658,,,,,,,,,3.5621181451567574e-05,1.0,8.062622414374407e-07,0.2811679662772397,0.9510689960511703,0.15089868637603088,0.05066029948062737,8,7876.0
D:\cyh\dictionary_learn\outputs\journal\apic_v3_screening_cn_ad\s1,42,nacc_to_adni,D:\cyh\dictionary_learn\outputs\journal\apic_v3_screening_cn_ad\s1\seed42\nacc_to_adni\apic_v3_x\journal_metrics.json,apic_v3_x,17,joint,0.03294722307551465,0.4553903215978267,1.0891943897110288,,,,,,,,,4.063193769267382e-06,1.0,1.87855292806197e-07,0.19659002075315188,0.9847556342625751,0.07406378928675998,0.03175846906639011,8,8592.0
D:\cyh\dictionary_learn\outputs\journal\apic_v3_screening_cn_ad\s1,42,nacc_to_adni,D:\cyh\dictionary_learn\outputs\journal\apic_v3_screening_cn_ad\s1\seed42\nacc_to_adni\apic_v3_x\journal_metrics.json,apic_v3_x,18,joint,0.02025682993094026,0.3463031033251182,1.1029051412950057,,,,,,,,,1.5507057056392465e-06,1.0,1.2319596915050836e-07,0.18704144739904882,0.9868373767623688,0.06400683416084871,0.030043895007761497,8,9308.0
D:\cyh\dictionary_learn\outputs\journal\apic_v3_screening_cn_ad\s1,42,nacc_to_adni,D:\cyh\dictionary_learn\outputs\journal\apic_v3_screening_cn_ad\s1\seed42\nacc_to_adni\apic_v3_x\journal_metrics.json,apic_v3_x,19,joint,0.01110669706350416,0.3398114729489954,1.1118849141070204,,,,,,,,,1.247022269907519e-06,1.0,9.563872599892547e-08,0.1785029008901319,0.9906486709024653,0.058003346472146125,0.028334328176339244,8,10024.0
D:\cyh\dictionary_learn\outputs\journal\apic_v3_screening_cn_ad\s1,42,nacc_to_adni,D:\cyh\dictionary_learn\outputs\journal\apic_v3_screening_cn_ad\s1\seed42\nacc_to_adni\apic_v3_x\journal_metrics.json,apic_v3_x,20,joint,0.005286512050781576,0.3518927033382999,1.116141996222452,,,,,,,,,7.293247864656258e-07,1.0,7.413504310252342e-08,0.17994674449193412,0.9892314745727198,0.05654931239076167,0.02867700197010733,8,10740.0
D:\cyh\dictionary_learn\outputs\journal\apic_v3_screening_cn_ad\s1,42,nacc_to_adni,D:\cyh\dictionary_learn\outputs\journal\apic_v3_screening_cn_ad\s1\seed42\nacc_to_adni\apic_v3_x\journal_metrics.json,apic_v3_x,21,joint,0.060313112392186514,0.4600495900682803,1.086297368658322,,,,,,,,,5.051196055761496e-06,1.0,2.0539043328178155e-07,0.18239279166280226,0.9887862478554582,0.06181752419505039,0.029111910486521002,8,11456.0
D:\cyh\dictionary_learn\outputs\journal\apic_v3_screening_cn_ad\s1,42,nacc_to_adni,D:\cyh\dictionary_learn\outputs\journal\apic_v3_screening_cn_ad\s1\seed42\nacc_to_adni\apic_v3_x\journal_metrics.json,apic_v3_x,22,joint,0.07108303485812187,0.393519883474852,1.0283513986351132,,,,,,,,,1.2265688020222862e-06,1.0,1.1032271915378996e-07,0.1838427994337828,0.987312596270492,0.0581874106724502,0.029441402892077435,8,12172.0
D:\cyh\dictionary_learn\outputs\journal\apic_v3_screening_cn_ad\s1,42,nacc_to_adni,D:\cyh\dictionary_learn\outputs\journal\apic_v3_screening_cn_ad\s1\seed42\nacc_to_adni\apic_v3_x\journal_metrics.json,apic_v3_x,23,joint,0.29067347118990006,0.3278078211216043,1.094252466430044,,,,,,,,,1.3858906045217797e-05,1.0,3.820284663759482e-07,0.19155428729243784,0.9852988117234001,0.07697694752802396,0.03086069074339707,8,12888.0
D:\cyh\dictionary_learn\outputs\journal\apic_v3_screening_cn_ad\s1,42,nacc_to_adni,D:\cyh\dictionary_learn\outputs\journal\apic_v3_screening_cn_ad\s1\seed42\nacc_to_adni\apic_v3_x\journal_metrics.json,apic_v3_x,24,joint,0.06325687074873794,0.37358152219362617,1.0796885837140702,,,,,,,,,6.624768951057158e-06,1.0,2.7622241390031755e-07,0.19592510455147513,0.9852962307423853,0.07536193684742437,0.03154494327248475,8,13604.0
D:\cyh\dictionary_learn\outputs\journal\apic_v3_screening_cn_ad\s1,42,nacc_to_adni,D:\cyh\dictionary_learn\outputs\journal\apic_v3_screening_cn_ad\s1\seed42\nacc_to_adni\apic_v3_x\journal_metrics.json,apic_v3_x,25,joint,0.08686054911296659,1.5047233512497913,0.9906477479525043,,,,,,,,,5.794262316499679e-06,1.0,2.434368377841525e-07,0.1835668455788543,0.9877892166542608,0.06461310499040775,0.029309717105836842,8,14320.0
D:\cyh\dictionary_learn\outputs\journal\apic_v3_screening_cn_ad\s1,42,nacc_to_adni,D:\cyh\dictionary_learn\outputs\journal\apic_v3_screening_cn_ad\s1\seed42\nacc_to_adni\apic_v3_x\journal_metrics.json,apic_v3_x,26,joint,0.05053162658128591,0.30007034920948744,1.148116532883959,,,,,,,,,4.335677548479709e-06,1.0,2.086027794647553e-07,0.17757450335518607,0.9884351002437443,0.05649203601079946,0.028236417734589656,8,15036.0
D:\cyh\dictionary_learn\outputs\journal\apic_v3_screening_cn_ad\s1,42,nacc_to_adni,D:\cyh\dictionary_learn\outputs\journal\apic_v3_screening_cn_ad\s1\seed42\nacc_to_adni\apic_v3_x\journal_metrics.json,apic_v3_x,27,joint,0.1336921586098368,0.48572666092292666,1.05509848114083,,,,,,,,,1.141016399635811e-05,1.0,3.491131871139803e-07,0.18507387668060857,0.9842214541062296,0.06756785926122905,0.029853923350322845,8,15752.0
D:\cyh\dictionary_learn\outputs\journal\apic_v3_screening_cn_ad\s1,42,nacc_to_adni,D:\cyh\dictionary_learn\outputs\journal\apic_v3_screening_cn_ad\s1\seed42\nacc_to_adni\apic_v3_x\journal_metrics.json,apic_v3_x,28,joint,0.3328941306226117,1.9015896327435633,0.945300660579644,,,,,,,,,3.7148503977925694e-05,1.0,9.576980900681256e-07,0.3264065376540136,0.9229711597192221,0.1808375450652405,0.06316647655720817,8,16468.0
D:\cyh\dictionary_learn\outputs\journal\apic_v3_screening_cn_ad\s1,42,nacc_to_adni,D:\cyh\dictionary_learn\outputs\journal\apic_v3_screening_cn_ad\s1\seed42\nacc_to_adni\apic_v3_x\journal_metrics.json,apic_v3_x,29,joint,0.09736575900678465,0.4857957428484681,1.0900137650768125,,,,,,,,,3.1279204388702865e-05,1.0,8.177976933210269e-07,0.24970286202164335,0.9594912978523936,0.11603060098333731,0.043190258508288,8,17184.0
D:\cyh\dictionary_learn\outputs\journal\apic_v3_screening_cn_ad\s1,42,nacc_to_adni,D:\cyh\dictionary_learn\outputs\journal\apic_v3_screening_cn_ad\s1\seed42\nacc_to_adni\apic_v3_x\journal_metrics.json,apic_v3_x,30,joint,0.03386608406484476,0.3848068144491098,1.086295737956627,,,,,,,,,1.2025522020757708e-05,1.0,6.186905292142199e-07,0.297079062411905,0.939677524500053,0.14019174037199447,0.05394590731356397,8,17900.0
D:\cyh\dictionary_learn\outputs\journal\apic_v3_screening_cn_ad\s1,42,nacc_to_adni,D:\cyh\dictionary_learn\outputs\journal\apic_v3_screening_cn_ad\s1\seed42\nacc_to_adni\apic_v3_x\journal_metrics.json,apic_v3_x,31,joint,0.01797466990004642,0.40156826696308684,1.0988911084491673,,,,,,,,,4.449612140624137e-06,1.0,3.3558286061852616e-07,0.21566973476769538,0.9712135888344748,0.07551644401177347,0.03583046361054788,8,18616.0
D:\cyh\dictionary_learn\outputs\journal\apic_v3_screening_cn_ad\s1,42,nacc_to_adni,D:\cyh\dictionary_learn\outputs\journal\apic_v3_screening_cn_ad\s1\seed42\nacc_to_adni\apic_v3_x\journal_metrics.json,apic_v3_x,32,joint,0.00442849322760025,0.43061710499976885,1.0937711274294843,,,,,,,,,7.080788377632355e-07,1.0,1.1553720848325748e-07,0.21974339848124116,0.9674798919501917,0.07470278050646435,0.036853892197988555,8,19332.0
D:\cyh\dictionary_learn\outputs\journal\apic_v3_screening_cn_ad\s1,42,nacc_to_adni,D:\cyh\dictionary_learn\outputs\journal\apic_v3_screening_cn_ad\s1\seed42\nacc_to_adni\apic_v3_x\journal_metrics.json,apic_v3_x,33,joint,0.19224233043959882,0.3373080415147078,1.094285372712839,,,,,,,,,7.882634063853897e-06,1.0,3.398906311858479e-07,0.22888055527010442,0.96612140619555,0.09035389283515888,0.03855045510237443,8,20048.0
D:\cyh\dictionary_learn\outputs\journal\apic_v3_screening_cn_ad\s1,42,nacc_to_adni,D:\cyh\dictionary_learn\outputs\journal\apic_v3_screening_cn_ad\s1\seed42\nacc_to_adni\apic_v3_x\journal_metrics.json,apic_v3_x,34,joint,0.0839669416723942,0.3393134098467007,1.0847517080178037,,,,,,,,,2.973790421172493e-05,1.0,9.785917273490144e-07,0.3101309519573297,0.9332119439567268,0.15454409279803324,0.056987077351555476,8,20764.0
D:\cyh\dictionary_learn\outputs\journal\apic_v3_screening_cn_ad\s1,42,nacc_to_adni,D:\cyh\dictionary_learn\outputs\journal\apic_v3_screening_cn_ad\s1\seed42\nacc_to_adni\apic_v3_x\journal_metrics.json,apic_v3_x,35,joint,0.01465348845392312,0.35448510690025714,1.0856626247567158,,,,,,,,,4.10714990622238e-06,1.0,3.410341582217909e-07,0.2893593104857972,0.9468977704394463,0.13515715600724992,0.05118489088542635,8,21480.0
D:\cyh\dictionary_learn\outputs\journal\apic_v3_screening_cn_ad\s1,42,nacc_to_adni,D:\cyh\dictionary_learn\outputs\journal\apic_v3_screening_cn_ad\s1\seed42\nacc_to_adni\apic_v3_x\journal_metrics.json,apic_v3_x,36,joint,0.008312885932329725,0.3629348817142629,1.1117003678516528,,,,,,,,,1.6475797262409689e-06,1.0,2.0640363520885723e-07,0.2806618586598828,0.9504504989645335,0.12940444335258205,0.04920278597810415,8,22196.0
D:\cyh\dictionary_learn\outputs\journal\apic_v3_screening_cn_ad\s1,42,nacc_to_adni,D:\cyh\dictionary_learn\outputs\journal\apic_v3_screening_cn_ad\s1\seed42\nacc_to_adni\apic_v3_x\journal_metrics.json,apic_v3_x,37,joint,0.0032266334909555505,0.35465414412002016,1.1085142488062047,,,,,,,,,5.681406910714397e-07,1.0,1.0859475267625004e-07,0.2721978474262706,0.9539362641686168,0.12228708618513033,0.04727095725566315,8,22912.0
D:\cyh\dictionary_learn\outputs\journal\apic_v3_screening_cn_ad\s1,42,nacc_to_adni,D:\cyh\dictionary_learn\outputs\journal\apic_v3_screening_cn_ad\s1\seed42\nacc_to_adni\apic_v3_x\journal_metrics.json,apic_v3_x,38,joint,0.0024786560787909075,0.3746136790084169,1.112048377623569,,,,,,,,,7.15447268981612e-07,1.0,1.1050709163631018e-07,0.26450950306887067,0.9492372897084199,0.10721892135103321,0.0464316642317692,8,23628.0
D:\cyh\dictionary_learn\outputs\journal\apic_v3_screening_cn_ad\s1,42,nacc_to_adni,D:\cyh\dictionary_learn\outputs\journal\apic_v3_screening_cn_ad\s1\seed42\nacc_to_adni\apic_v3_x\journal_metrics.json,apic_v3_x,39,joint,0.08383691141218619,0.6444187864922181,1.0866872274290102,,,,,,,,,7.210309175145958e-06,1.0,3.3634811036167724e-07,0.24185037571291684,0.9566640773964994,0.09111120385331148,0.04177946445412476,8,24344.0
D:\cyh\dictionary_learn\outputs\journal\apic_v3_screening_cn_ad\s1,42,nacc_to_adni,D:\cyh\dictionary_learn\outputs\journal\apic_v3_screening_cn_ad\s1\seed42\nacc_to_adni\apic_v3_x\journal_metrics.json,apic_v3_x,40,joint,0.317969284837873,0.4668122869211021,1.061998766739844,,,,,,,,,2.0097720178394375e-05,1.0,7.036806386448606e-07,0.22666563909480025,0.9678140499072367,0.09602524073763266,0.03814983172290152,8,25060.0
D:\cyh\dictionary_learn\outputs\journal\apic_v3_screening_cn_ad\s1,42,nacc_to_adni,D:\cyh\dictionary_learn\outputs\journal\apic_v3_screening_cn_ad\s1\seed42\nacc_to_adni\apic_v3_x\journal_metrics.json,apic_v3_x,41,joint,0.027992862884173762,0.3692607743476337,1.1016885862534498,,,,,,,,,8.632935723196357e-06,1.0,4.203943673919842e-07,0.20966413608809423,0.9764286995600056,0.06927563601782202,0.03411552385952553,8,25776.0
D:\cyh\dictionary_learn\outputs\journal\apic_v3_screening_cn_ad\s1,42,nacc_to_adni,D:\cyh\dictionary_learn\outputs\journal\apic_v3_screening_cn_ad\s1\seed42\nacc_to_adni\apic_v3_x\journal_metrics.json,apic_v3_x,42,joint,0.0122977541957565,0.41023979516725306,1.1026609875951732,,,,,,,,,1.635859970527581e-06,1.0,1.7313700363899581e-07,0.20050638656043474,0.9793176557764661,0.057621547962700186,0.03230983610967351,8,26492.0
D:\cyh\dictionary_learn\outputs\journal\apic_v3_screening_cn_ad\s1,42,nacc_to_adni,D:\cyh\dictionary_learn\outputs\journal\apic_v3_screening_cn_ad\s1\seed42\nacc_to_adni\apic_v3_x\journal_metrics.json,apic_v3_x,43,joint,0.005415650276553703,0.36099980925924513,1.1116572138167324,,,,,,,,,1.613187837316401e-06,1.0,1.7830726908630305e-07,0.2024187737004051,0.9778206531561953,0.057295838651876874,0.03273062270613356,8,27208.0
D:\cyh\dictionary_learn\outputs\journal\apic_v3_screening_cn_ad\s1,42,nacc_to_adni,D:\cyh\dictionary_learn\outputs\journal\apic_v3_screening_cn_ad\s1\seed42\nacc_to_adni\apic_v3_x\journal_metrics.json,apic_v3_x,44,joint,0.004678110250381768,0.3855052999704295,1.108198458434012,,,,,,,,,1.0165883028588082e-06,1.0,1.4187101716130943e-07,0.20134282944588688,0.978724348811464,0.05675995972153195,0.032464664928906456,8,27924.0
D:\cyh\dictionary_learn\outputs\journal\apic_v3_screening_cn_ad\s1,42,nacc_to_adni,D:\cyh\dictionary_learn\outputs\journal\apic_v3_screening_cn_ad\s1\seed42\nacc_to_adni\apic_v3_x\journal_metrics.json,apic_v3_x,45,joint,0.0023657913647713038,0.368771483149787,1.1145897045320374,,,,,,,,,5.903006748039894e-07,1.0,9.782479116766203e-08,0.20098142592267618,0.9790113548326759,0.055679230612583,0.032374497669535644,8,28640.0
D:\cyh\dictionary_learn\outputs\journal\apic_v3_screening_cn_ad\s1,42,nacc_to_adni,D:\cyh\dictionary_learn\outputs\journal\apic_v3_screening_cn_ad\s1\seed42\nacc_to_adni\apic_v3_x\journal_metrics.json,apic_v3_x,46,joint,0.07698621350488015,0.5585881309466618,1.055379347313934,,,,,,,,,7.907268217312154e-06,1.0,3.5902338200836496e-07,0.2141688217996885,0.9736108067315384,0.0730784428435997,0.03514759931401167,8,29356.0
D:\cyh\dictionary_learn\outputs\journal\apic_v3_screening_cn_ad\s1,42,nacc_to_adni,D:\cyh\dictionary_learn\outputs\journal\apic_v3_screening_cn_ad\s1\seed42\nacc_to_adni\apic_v3_x\journal_metrics.json,apic_v3_x,47,joint,0.014042222668405742,0.5690140422318714,1.070249674528841,,,,,,,,,5.4029787874211685e-06,1.0,3.83376311880925e-07,0.22667743648563685,0.9673601765206407,0.08011231413267178,0.037809409138710136,8,30072.0
D:\cyh\dictionary_learn\outputs\journal\apic_v3_screening_cn_ad\s1,42,nacc_to_adni,D:\cyh\dictionary_learn\outputs\journal\apic_v3_screening_cn_ad\s1\seed42\nacc_to_adni\apic_v3_x\journal_metrics.json,apic_v3_x,48,joint,0.00690603309868498,0.43619121347647716,1.0916686181520878,,,,,,,,,1.0749975939683657e-06,1.0,1.6109067136961754e-07,0.2145647163497669,0.9727075133243752,0.06678928133079459,0.03519254456685242,8,30788.0
D:\cyh\dictionary_learn\outputs\journal\apic_v3_screening_cn_ad\s1,42,nacc_to_adni,D:\cyh\dictionary_learn\outputs\journal\apic_v3_screening_cn_ad\s1\seed42\nacc_to_adni\apic_v3_x\journal_metrics.json,apic_v3_x,49,joint,0.002611711341688538,0.46630907500272595,1.0995964165912557,,,,,,,,,3.385811566557974e-07,1.0,8.984189749691961e-08,0.21869522308171127,0.9701481221774437,0.06937380118410015,0.0361147782239834,8,31504.0
D:\cyh\dictionary_learn\outputs\journal\apic_v3_screening_cn_ad\s1,42,nacc_to_adni,D:\cyh\dictionary_learn\outputs\journal\apic_v3_screening_cn_ad\s1\seed42\nacc_to_adni\apic_v3_x\journal_metrics.json,apic_v3_x,50,joint,0.0016291055028953112,0.47981302512698976,1.1025922494139209,,,,,,,,,1.8457774053316135e-07,1.0,6.613613614052932e-08,0.21673443339057474,0.9691963555426572,0.06660114010202818,0.0358729415557571,8,32220.0
D:\cyh\dictionary_learn\outputs\journal\apic_v3_screening_cn_ad\s1,42,nacc_to_adni,D:\cyh\dictionary_learn\outputs\journal\apic_v3_screening_cn_ad\s1\seed42\nacc_to_adni\ce_x\journal_metrics.json,ce_x,1,clean,0.48907699225751383,0.4730757503249243,0.9812893106397664,,,,,,,,,0.0,0.0,0.0,0.0,0.0,0.0,0.0,,
D:\cyh\dictionary_learn\outputs\journal\apic_v3_screening_cn_ad\s1,42,nacc_to_adni,D:\cyh\dictionary_learn\outputs\journal\apic_v3_screening_cn_ad\s1\seed42\nacc_to_adni\ce_x\journal_metrics.json,ce_x,2,clean,0.380949797813765,2.4959121444830856,0.8009598246493378,,,,,,,,,0.0,0.0,0.0,0.0,0.0,0.0,0.0,,
D:\cyh\dictionary_learn\outputs\journal\apic_v3_screening_cn_ad\s1,42,nacc_to_adni,D:\cyh\dictionary_learn\outputs\journal\apic_v3_screening_cn_ad\s1\seed42\nacc_to_adni\ce_x\journal_metrics.json,ce_x,3,clean,0.3380721054409303,0.37126966266347183,1.0455959873118599,,,,,,,,,0.0,0.0,0.0,0.0,0.0,0.0,0.0,,
D:\cyh\dictionary_learn\outputs\journal\apic_v3_screening_cn_ad\s1,42,nacc_to_adni,D:\cyh\dictionary_learn\outputs\journal\apic_v3_screening_cn_ad\s1\seed42\nacc_to_adni\ce_x\journal_metrics.json,ce_x,4,clean,0.30122692013606844,0.39912950494511273,1.003580086087816,,,,,,,,,0.0,0.0,0.0,0.0,0.0,0.0,0.0,,
D:\cyh\dictionary_learn\outputs\journal\apic_v3_screening_cn_ad\s1,42,nacc_to_adni,D:\cyh\dictionary_learn\outputs\journal\apic_v3_screening_cn_ad\s1\seed42\nacc_to_adni\ce_x\journal_metrics.json,ce_x,5,clean,0.20437282924124106,0.47912583577483564,1.0802931912567093,,,,,,,,,0.0,0.0,0.0,0.0,0.0,0.0,0.0,,
D:\cyh\dictionary_learn\outputs\journal\apic_v3_screening_cn_ad\s1,42,nacc_to_adni,D:\cyh\dictionary_learn\outputs\journal\apic_v3_screening_cn_ad\s1\seed42\nacc_to_adni\ce_x\journal_metrics.json,ce_x,6,clean,0.11994257510129841,0.45848270561587434,1.0753188534644078,,,,,,,,,0.0,0.0,0.0,0.0,0.0,0.0,0.0,,
D:\cyh\dictionary_learn\outputs\journal\apic_v3_screening_cn_ad\s1,42,nacc_to_adni,D:\cyh\dictionary_learn\outputs\journal\apic_v3_screening_cn_ad\s1\seed42\nacc_to_adni\ce_x\journal_metrics.json,ce_x,7,clean,0.11137958022235117,0.32945829668471266,1.0862136746604394,,,,,,,,,0.0,0.0,0.0,0.0,0.0,0.0,0.0,,
D:\cyh\dictionary_learn\outputs\journal\apic_v3_screening_cn_ad\s1,42,nacc_to_adni,D:\cyh\dictionary_learn\outputs\journal\apic_v3_screening_cn_ad\s1\seed42\nacc_to_adni\ce_x\journal_metrics.json,ce_x,8,clean,0.13556653112251124,0.35661635606237874,1.0594320902642766,,,,,,,,,0.0,0.0,0.0,0.0,0.0,0.0,0.0,,
D:\cyh\dictionary_learn\outputs\journal\apic_v3_screening_cn_ad\s1,42,nacc_to_adni,D:\cyh\dictionary_learn\outputs\journal\apic_v3_screening_cn_ad\s1\seed42\nacc_to_adni\ce_x\journal_metrics.json,ce_x,9,clean,0.11152648938886103,0.32080495117480545,1.1128629261410763,,,,,,,,,0.0,0.0,0.0,0.0,0.0,0.0,0.0,,
D:\cyh\dictionary_learn\outputs\journal\apic_v3_screening_cn_ad\s1,42,nacc_to_adni,D:\cyh\dictionary_learn\outputs\journal\apic_v3_screening_cn_ad\s1\seed42\nacc_to_adni\ce_x\journal_metrics.json,ce_x,10,clean,0.05111110620538824,0.3691990627518065,1.0985197654474832,,,,,,,,,0.0,0.0,0.0,0.0,0.0,0.0,0.0,,
D:\cyh\dictionary_learn\outputs\journal\apic_v3_screening_cn_ad\s1,42,nacc_to_adni,D:\cyh\dictionary_learn\outputs\journal\apic_v3_screening_cn_ad\s1\seed42\nacc_to_adni\ce_x\journal_metrics.json,ce_x,11,clean,0.03910310611137912,0.7182517579627441,1.0476519985255575,,,,,,,,,0.0,0.0,0.0,0.0,0.0,0.0,0.0,,
D:\cyh\dictionary_learn\outputs\journal\apic_v3_screening_cn_ad\s1,42,nacc_to_adni,D:\cyh\dictionary_learn\outputs\journal\apic_v3_screening_cn_ad\s1\seed42\nacc_to_adni\ce_x\journal_metrics.json,ce_x,12,clean,0.15197400075862152,0.4493558013314194,1.0466024849875242,,,,,,,,,0.0,0.0,0.0,0.0,0.0,0.0,0.0,,
D:\cyh\dictionary_learn\outputs\journal\apic_v3_screening_cn_ad\s1,42,nacc_to_adni,D:\cyh\dictionary_learn\outputs\journal\apic_v3_screening_cn_ad\s1\seed42\nacc_to_adni\ce_x\journal_metrics.json,ce_x,13,clean,0.17578095733545793,0.33401712101149794,1.0781266132732925,,,,,,,,,0.0,0.0,0.0,0.0,0.0,0.0,0.0,,
D:\cyh\dictionary_learn\outputs\journal\apic_v3_screening_cn_ad\s1,42,nacc_to_adni,D:\cyh\dictionary_learn\outputs\journal\apic_v3_screening_cn_ad\s1\seed42\nacc_to_adni\ce_x\journal_metrics.json,ce_x,14,clean,0.15631030961401585,0.3755487547623248,1.0787560446724112,,,,,,,,,0.0,0.0,0.0,0.0,0.0,0.0,0.0,,
D:\cyh\dictionary_learn\outputs\journal\apic_v3_screening_cn_ad\s1,42,nacc_to_adni,D:\cyh\dictionary_learn\outputs\journal\apic_v3_screening_cn_ad\s1\seed42\nacc_to_adni\ce_x\journal_metrics.json,ce_x,15,clean,0.09369946548821893,0.5771802754545511,1.0686423740155437,,,,,,,,,0.0,0.0,0.0,0.0,0.0,0.0,0.0,,
D:\cyh\dictionary_learn\outputs\journal\apic_v3_screening_cn_ad\s1,42,nacc_to_adni,D:\cyh\dictionary_learn\outputs\journal\apic_v3_screening_cn_ad\s1\seed42\nacc_to_adni\ce_x\journal_metrics.json,ce_x,16,clean,0.11852879037881561,0.7231413436754061,1.036335849174934,,,,,,,,,0.0,0.0,0.0,0.0,0.0,0.0,0.0,,
D:\cyh\dictionary_learn\outputs\journal\apic_v3_screening_cn_ad\s1,42,nacc_to_adni,D:\cyh\dictionary_learn\outputs\journal\apic_v3_screening_cn_ad\s1\seed42\nacc_to_adni\ce_x\journal_metrics.json,ce_x,17,clean,0.046735557087312724,0.47200592701590777,1.0769177223425461,,,,,,,,,0.0,0.0,0.0,0.0,0.0,0.0,0.0,,
D:\cyh\dictionary_learn\outputs\journal\apic_v3_screening_cn_ad\s1,42,nacc_to_adni,D:\cyh\dictionary_learn\outputs\journal\apic_v3_screening_cn_ad\s1\seed42\nacc_to_adni\ce_x\journal_metrics.json,ce_x,18,clean,0.01089198134380052,0.3500313447381577,1.068679133893402,,,,,,,,,0.0,0.0,0.0,0.0,0.0,0.0,0.0,,
D:\cyh\dictionary_learn\outputs\journal\apic_v3_screening_cn_ad\s1,42,nacc_to_adni,D:\cyh\dictionary_learn\outputs\journal\apic_v3_screening_cn_ad\s1\seed42\nacc_to_adni\ce_x\journal_metrics.json,ce_x,19,clean,0.021186657565842284,0.3949461368799452,1.093767981236395,,,,,,,,,0.0,0.0,0.0,0.0,0.0,0.0,0.0,,
D:\cyh\dictionary_learn\outputs\journal\apic_v3_screening_cn_ad\s1,42,nacc_to_adni,D:\cyh\dictionary_learn\outputs\journal\apic_v3_screening_cn_ad\s1\seed42\nacc_to_adni\ce_x\journal_metrics.json,ce_x,20,clean,0.004251711905362246,0.4468366474750954,1.086145610542473,,,,,,,,,0.0,0.0,0.0,0.0,0.0,0.0,0.0,,
D:\cyh\dictionary_learn\outputs\journal\apic_v3_screening_cn_ad\s1,42,nacc_to_adni,D:\cyh\dictionary_learn\outputs\journal\apic_v3_screening_cn_ad\s1\seed42\nacc_to_adni\ce_x\journal_metrics.json,ce_x,21,clean,0.08611887506624409,0.5079823787791741,1.0528042795536556,,,,,,,,,0.0,0.0,0.0,0.0,0.0,0.0,0.0,,
D:\cyh\dictionary_learn\outputs\journal\apic_v3_screening_cn_ad\s1,42,nacc_to_adni,D:\cyh\dictionary_learn\outputs\journal\apic_v3_screening_cn_ad\s1\seed42\nacc_to_adni\ce_x\journal_metrics.json,ce_x,22,clean,0.02322966292863562,1.4783238342750875,0.9641669450499389,,,,,,,,,0.0,0.0,0.0,0.0,0.0,0.0,0.0,,
D:\cyh\dictionary_learn\outputs\journal\apic_v3_screening_cn_ad\s1,42,nacc_to_adni,D:\cyh\dictionary_learn\outputs\journal\apic_v3_screening_cn_ad\s1\seed42\nacc_to_adni\ce_x\journal_metrics.json,ce_x,23,clean,0.1672821095689361,0.40059724534996494,1.0378170970581873,,,,,,,,,0.0,0.0,0.0,0.0,0.0,0.0,0.0,,
D:\cyh\dictionary_learn\outputs\journal\apic_v3_screening_cn_ad\s1,42,nacc_to_adni,D:\cyh\dictionary_learn\outputs\journal\apic_v3_screening_cn_ad\s1\seed42\nacc_to_adni\ce_x\journal_metrics.json,ce_x,24,clean,0.07133792160067827,0.7312722306881786,1.0034365631615239,,,,,,,,,0.0,0.0,0.0,0.0,0.0,0.0,0.0,,
D:\cyh\dictionary_learn\outputs\journal\apic_v3_screening_cn_ad\s1,42,nacc_to_adni,D:\cyh\dictionary_learn\outputs\journal\apic_v3_screening_cn_ad\s1\seed42\nacc_to_adni\ce_x\journal_metrics.json,ce_x,25,clean,0.01988215862869938,0.4642686257073138,1.0264263698644394,,,,,,,,,0.0,0.0,0.0,0.0,0.0,0.0,0.0,,
D:\cyh\dictionary_learn\outputs\journal\apic_v3_screening_cn_ad\s1,42,nacc_to_adni,D:\cyh\dictionary_learn\outputs\journal\apic_v3_screening_cn_ad\s1\seed42\nacc_to_adni\ce_x\journal_metrics.json,ce_x,26,clean,0.005991478737244674,0.3968574549913855,1.042167305462852,,,,,,,,,0.0,0.0,0.0,0.0,0.0,0.0,0.0,,
D:\cyh\dictionary_learn\outputs\journal\apic_v3_screening_cn_ad\s1,42,nacc_to_adni,D:\cyh\dictionary_learn\outputs\journal\apic_v3_screening_cn_ad\s1\seed42\nacc_to_adni\ce_x\journal_metrics.json,ce_x,27,clean,0.04199864652305198,0.821204282125189,0.9894478752850788,,,,,,,,,0.0,0.0,0.0,0.0,0.0,0.0,0.0,,
D:\cyh\dictionary_learn\outputs\journal\apic_v3_screening_cn_ad\s1,42,nacc_to_adni,D:\cyh\dictionary_learn\outputs\journal\apic_v3_screening_cn_ad\s1\seed42\nacc_to_adni\ce_x\journal_metrics.json,ce_x,28,clean,0.19109663376490346,4.6044031339249765,0.8536210951445757,,,,,,,,,0.0,0.0,0.0,0.0,0.0,0.0,0.0,,
D:\cyh\dictionary_learn\outputs\journal\apic_v3_screening_cn_ad\s1,42,nacc_to_adni,D:\cyh\dictionary_learn\outputs\journal\apic_v3_screening_cn_ad\s1\seed42\nacc_to_adni\ce_x\journal_metrics.json,ce_x,29,clean,0.04785060154143383,0.42185112907729155,1.0835415494854492,,,,,,,,,0.0,0.0,0.0,0.0,0.0,0.0,0.0,,
D:\cyh\dictionary_learn\outputs\journal\apic_v3_screening_cn_ad\s1,42,nacc_to_adni,D:\cyh\dictionary_learn\outputs\journal\apic_v3_screening_cn_ad\s1\seed42\nacc_to_adni\ce_x\journal_metrics.json,ce_x,30,clean,0.011550146908507105,0.3809346438266635,1.0897245093116237,,,,,,,,,0.0,0.0,0.0,0.0,0.0,0.0,0.0,,
D:\cyh\dictionary_learn\outputs\journal\apic_v3_screening_cn_ad\s1,42,nacc_to_adni,D:\cyh\dictionary_learn\outputs\journal\apic_v3_screening_cn_ad\s1\seed42\nacc_to_adni\ce_x\journal_metrics.json,ce_x,31,clean,0.004928613605849866,0.49419435297922854,1.0816655911513022,,,,,,,,,0.0,0.0,0.0,0.0,0.0,0.0,0.0,,
D:\cyh\dictionary_learn\outputs\journal\apic_v3_screening_cn_ad\s1,42,nacc_to_adni,D:\cyh\dictionary_learn\outputs\journal\apic_v3_screening_cn_ad\s1\seed42\nacc_to_adni\ce_x\journal_metrics.json,ce_x,32,clean,0.0029371831151975484,0.3492986858290339,1.1032666917025062,,,,,,,,,0.0,0.0,0.0,0.0,0.0,0.0,0.0,,
D:\cyh\dictionary_learn\outputs\journal\apic_v3_screening_cn_ad\s1,42,nacc_to_adni,D:\cyh\dictionary_learn\outputs\journal\apic_v3_screening_cn_ad\s1\seed42\nacc_to_adni\ce_x\journal_metrics.json,ce_x,33,clean,0.10748276236167408,0.490884184759261,1.035263770581042,,,,,,,,,0.0,0.0,0.0,0.0,0.0,0.0,0.0,,
D:\cyh\dictionary_learn\outputs\journal\apic_v3_screening_cn_ad\s1,42,nacc_to_adni,D:\cyh\dictionary_learn\outputs\journal\apic_v3_screening_cn_ad\s1\seed42\nacc_to_adni\ce_x\journal_metrics.json,ce_x,34,clean,0.08229301385469305,0.33972145097955175,1.056515108047041,,,,,,,,,0.0,0.0,0.0,0.0,0.0,0.0,0.0,,
D:\cyh\dictionary_learn\outputs\journal\apic_v3_screening_cn_ad\s1,42,nacc_to_adni,D:\cyh\dictionary_learn\outputs\journal\apic_v3_screening_cn_ad\s1\seed42\nacc_to_adni\ce_x\journal_metrics.json,ce_x,35,clean,0.03673125657821386,0.3668946511982095,1.0486186456088948,,,,,,,,,0.0,0.0,0.0,0.0,0.0,0.0,0.0,,
D:\cyh\dictionary_learn\outputs\journal\apic_v3_screening_cn_ad\s1,42,nacc_to_adni,D:\cyh\dictionary_learn\outputs\journal\apic_v3_screening_cn_ad\s1\seed42\nacc_to_adni\ce_x\journal_metrics.json,ce_x,36,clean,0.00822150848711439,0.45102208532348154,1.0613863854919185,,,,,,,,,0.0,0.0,0.0,0.0,0.0,0.0,0.0,,
D:\cyh\dictionary_learn\outputs\journal\apic_v3_screening_cn_ad\s1,42,nacc_to_adni,D:\cyh\dictionary_learn\outputs\journal\apic_v3_screening_cn_ad\s1\seed42\nacc_to_adni\ce_x\journal_metrics.json,ce_x,37,clean,0.0047532271370815254,0.34604306469355384,1.0651328878957247,,,,,,,,,0.0,0.0,0.0,0.0,0.0,0.0,0.0,,
D:\cyh\dictionary_learn\outputs\journal\apic_v3_screening_cn_ad\s1,42,nacc_to_adni,D:\cyh\dictionary_learn\outputs\journal\apic_v3_screening_cn_ad\s1\seed42\nacc_to_adni\ce_x\journal_metrics.json,ce_x,38,clean,0.002183379610574755,0.3395316863171232,1.066751852095179,,,,,,,,,0.0,0.0,0.0,0.0,0.0,0.0,0.0,,
D:\cyh\dictionary_learn\outputs\journal\apic_v3_screening_cn_ad\s1,42,nacc_to_adni,D:\cyh\dictionary_learn\outputs\journal\apic_v3_screening_cn_ad\s1\seed42\nacc_to_adni\ce_x\journal_metrics.json,ce_x,39,clean,0.06779315271594073,0.3992441672085219,1.0536559225016973,,,,,,,,,0.0,0.0,0.0,0.0,0.0,0.0,0.0,,
D:\cyh\dictionary_learn\outputs\journal\apic_v3_screening_cn_ad\s1,42,nacc_to_adni,D:\cyh\dictionary_learn\outputs\journal\apic_v3_screening_cn_ad\s1\seed42\nacc_to_adni\ce_x\journal_metrics.json,ce_x,40,clean,0.012487904304835566,0.35921045354983827,1.0958857419147245,,,,,,,,,0.0,0.0,0.0,0.0,0.0,0.0,0.0,,
D:\cyh\dictionary_learn\outputs\journal\apic_v3_screening_cn_ad\s1,42,nacc_to_adni,D:\cyh\dictionary_learn\outputs\journal\apic_v3_screening_cn_ad\s1\seed42\nacc_to_adni\ce_x\journal_metrics.json,ce_x,41,clean,0.001291441144119277,0.34027914253749364,1.0952805546403694,,,,,,,,,0.0,0.0,0.0,0.0,0.0,0.0,0.0,,
D:\cyh\dictionary_learn\outputs\journal\apic_v3_screening_cn_ad\s1,42,nacc_to_adni,D:\cyh\dictionary_learn\outputs\journal\apic_v3_screening_cn_ad\s1\seed42\nacc_to_adni\ce_x\journal_metrics.json,ce_x,42,clean,0.0020218148855030713,0.33311064481070424,1.102940765504229,,,,,,,,,0.0,0.0,0.0,0.0,0.0,0.0,0.0,,
D:\cyh\dictionary_learn\outputs\journal\apic_v3_screening_cn_ad\s1,42,nacc_to_adni,D:\cyh\dictionary_learn\outputs\journal\apic_v3_screening_cn_ad\s1\seed42\nacc_to_adni\ce_x\journal_metrics.json,ce_x,43,clean,0.0008084098969229469,0.33113224154033355,1.1021020103651418,,,,,,,,,0.0,0.0,0.0,0.0,0.0,0.0,0.0,,
D:\cyh\dictionary_learn\outputs\journal\apic_v3_screening_cn_ad\s1,42,nacc_to_adni,D:\cyh\dictionary_learn\outputs\journal\apic_v3_screening_cn_ad\s1\seed42\nacc_to_adni\ce_x\journal_metrics.json,ce_x,44,clean,0.000749725411187886,0.3336343683723991,1.1121133693624488,,,,,,,,,0.0,0.0,0.0,0.0,0.0,0.0,0.0,,
D:\cyh\dictionary_learn\outputs\journal\apic_v3_screening_cn_ad\s1,42,nacc_to_adni,D:\cyh\dictionary_learn\outputs\journal\apic_v3_screening_cn_ad\s1\seed42\nacc_to_adni\ce_x\journal_metrics.json,ce_x,45,clean,0.0004520990950261586,0.34433109668513445,1.107142040413882,,,,,,,,,0.0,0.0,0.0,0.0,0.0,0.0,0.0,,
D:\cyh\dictionary_learn\outputs\journal\apic_v3_screening_cn_ad\s1,42,nacc_to_adni,D:\cyh\dictionary_learn\outputs\journal\apic_v3_screening_cn_ad\s1\seed42\nacc_to_adni\ce_x\journal_metrics.json,ce_x,46,clean,0.04705298304597107,0.6280315834713488,1.0741821418953168,,,,,,,,,0.0,0.0,0.0,0.0,0.0,0.0,0.0,,
D:\cyh\dictionary_learn\outputs\journal\apic_v3_screening_cn_ad\s1,42,nacc_to_adni,D:\cyh\dictionary_learn\outputs\journal\apic_v3_screening_cn_ad\s1\seed42\nacc_to_adni\ce_x\journal_metrics.json,ce_x,47,clean,0.08098723219067243,0.8153393985648515,1.0625840077491528,,,,,,,,,0.0,0.0,0.0,0.0,0.0,0.0,0.0,,
D:\cyh\dictionary_learn\outputs\journal\apic_v3_screening_cn_ad\s1,42,nacc_to_adni,D:\cyh\dictionary_learn\outputs\journal\apic_v3_screening_cn_ad\s1\seed42\nacc_to_adni\ce_x\journal_metrics.json,ce_x,48,clean,0.03638431094754318,0.3935676489065356,1.0850336737744146,,,,,,,,,0.0,0.0,0.0,0.0,0.0,0.0,0.0,,
D:\cyh\dictionary_learn\outputs\journal\apic_v3_screening_cn_ad\s1,42,nacc_to_adni,D:\cyh\dictionary_learn\outputs\journal\apic_v3_screening_cn_ad\s1\seed42\nacc_to_adni\ce_x\journal_metrics.json,ce_x,49,clean,0.006574639355940692,0.43735633249592876,1.081632328586078,,,,,,,,,0.0,0.0,0.0,0.0,0.0,0.0,0.0,,
D:\cyh\dictionary_learn\outputs\journal\apic_v3_screening_cn_ad\s1,42,nacc_to_adni,D:\cyh\dictionary_learn\outputs\journal\apic_v3_screening_cn_ad\s1\seed42\nacc_to_adni\ce_x\journal_metrics.json,ce_x,50,clean,0.0026184122346843367,0.5019331146700317,1.0804393882013166,,,,,,,,,0.0,0.0,0.0,0.0,0.0,0.0,0.0,,
D:\cyh\dictionary_learn\outputs\journal\apic_v3_screening_cn_ad\s1,42,nacc_to_adni,D:\cyh\dictionary_learn\outputs\journal\apic_v3_screening_cn_ad\s1\seed42\nacc_to_adni\mixstyle_x\journal_metrics.json,mixstyle_x,1,mixstyle,0.505418965936373,0.7845004012391262,0.9646783936384754,,,,,,,,,0.0,0.0,0.0,0.0,0.0,0.0,0.0,,
D:\cyh\dictionary_learn\outputs\journal\apic_v3_screening_cn_ad\s1,42,nacc_to_adni,D:\cyh\dictionary_learn\outputs\journal\apic_v3_screening_cn_ad\s1\seed42\nacc_to_adni\mixstyle_x\journal_metrics.json,mixstyle_x,2,mixstyle,0.38620776433351983,1.7635443898272753,0.7763450217177288,,,,,,,,,0.0,0.0,0.0,0.0,0.0,0.0,0.0,,
D:\cyh\dictionary_learn\outputs\journal\apic_v3_screening_cn_ad\s1,42,nacc_to_adni,D:\cyh\dictionary_learn\outputs\journal\apic_v3_screening_cn_ad\s1\seed42\nacc_to_adni\mixstyle_x\journal_metrics.json,mixstyle_x,3,mixstyle,0.33330658338339636,0.4310049816067556,1.0177506641908842,,,,,,,,,0.0,0.0,0.0,0.0,0.0,0.0,0.0,,
D:\cyh\dictionary_learn\outputs\journal\apic_v3_screening_cn_ad\s1,42,nacc_to_adni,D:\cyh\dictionary_learn\outputs\journal\apic_v3_screening_cn_ad\s1\seed42\nacc_to_adni\mixstyle_x\journal_metrics.json,mixstyle_x,4,mixstyle,0.25245752158267787,1.0095476086706843,0.9175256726056915,,,,,,,,,0.0,0.0,0.0,0.0,0.0,0.0,0.0,,
D:\cyh\dictionary_learn\outputs\journal\apic_v3_screening_cn_ad\s1,42,nacc_to_adni,D:\cyh\dictionary_learn\outputs\journal\apic_v3_screening_cn_ad\s1\seed42\nacc_to_adni\mixstyle_x\journal_metrics.json,mixstyle_x,5,mixstyle,0.21625964053745209,0.4188691483264879,1.047019424570874,,,,,,,,,0.0,0.0,0.0,0.0,0.0,0.0,0.0,,
D:\cyh\dictionary_learn\outputs\journal\apic_v3_screening_cn_ad\s1,42,nacc_to_adni,D:\cyh\dictionary_learn\outputs\journal\apic_v3_screening_cn_ad\s1\seed42\nacc_to_adni\mixstyle_x\journal_metrics.json,mixstyle_x,6,mixstyle,0.18264879707335469,0.38936372807696623,1.0649209086299483,,,,,,,,,0.0,0.0,0.0,0.0,0.0,0.0,0.0,,
D:\cyh\dictionary_learn\outputs\journal\apic_v3_screening_cn_ad\s1,42,nacc_to_adni,D:\cyh\dictionary_learn\outputs\journal\apic_v3_screening_cn_ad\s1\seed42\nacc_to_adni\mixstyle_x\journal_metrics.json,mixstyle_x,7,mixstyle,0.17517013615387486,0.515909870878264,1.0471128473493967,,,,,,,,,0.0,0.0,0.0,0.0,0.0,0.0,0.0,,
D:\cyh\dictionary_learn\outputs\journal\apic_v3_screening_cn_ad\s1,42,nacc_to_adni,D:\cyh\dictionary_learn\outputs\journal\apic_v3_screening_cn_ad\s1\seed42\nacc_to_adni\mixstyle_x\journal_metrics.json,mixstyle_x,8,mixstyle,0.14842753518664137,0.4419020055518695,1.0202996565262765,,,,,,,,,0.0,0.0,0.0,0.0,0.0,0.0,0.0,,
D:\cyh\dictionary_learn\outputs\journal\apic_v3_screening_cn_ad\s1,42,nacc_to_adni,D:\cyh\dictionary_learn\outputs\journal\apic_v3_screening_cn_ad\s1\seed42\nacc_to_adni\mixstyle_x\journal_metrics.json,mixstyle_x,9,mixstyle,0.08731995698314306,0.37786662710449076,1.0906258811574512,,,,,,,,,0.0,0.0,0.0,0.0,0.0,0.0,0.0,,
D:\cyh\dictionary_learn\outputs\journal\apic_v3_screening_cn_ad\s1,42,nacc_to_adni,D:\cyh\dictionary_learn\outputs\journal\apic_v3_screening_cn_ad\s1\seed42\nacc_to_adni\mixstyle_x\journal_metrics.json,mixstyle_x,10,mixstyle,0.07102888265810647,0.39234063794317126,1.0722750734211275,,,,,,,,,0.0,0.0,0.0,0.0,0.0,0.0,0.0,,
D:\cyh\dictionary_learn\outputs\journal\apic_v3_screening_cn_ad\s1,42,nacc_to_adni,D:\cyh\dictionary_learn\outputs\journal\apic_v3_screening_cn_ad\s1\seed42\nacc_to_adni\mixstyle_x\journal_metrics.json,mixstyle_x,11,mixstyle,0.0405565376696567,0.3578288777582827,1.0752410232076741,,,,,,,,,0.0,0.0,0.0,0.0,0.0,0.0,0.0,,
D:\cyh\dictionary_learn\outputs\journal\apic_v3_screening_cn_ad\s1,42,nacc_to_adni,D:\cyh\dictionary_learn\outputs\journal\apic_v3_screening_cn_ad\s1\seed42\nacc_to_adni\mixstyle_x\journal_metrics.json,mixstyle_x,12,mixstyle,0.13848710069842585,0.39791353046174893,1.0228110791637064,,,,,,,,,0.0,0.0,0.0,0.0,0.0,0.0,0.0,,
D:\cyh\dictionary_learn\outputs\journal\apic_v3_screening_cn_ad\s1,42,nacc_to_adni,D:\cyh\dictionary_learn\outputs\journal\apic_v3_screening_cn_ad\s1\seed42\nacc_to_adni\mixstyle_x\journal_metrics.json,mixstyle_x,13,mixstyle,0.1350907024910528,0.39665550976240466,1.0450672452165897,,,,,,,,,0.0,0.0,0.0,0.0,0.0,0.0,0.0,,
D:\cyh\dictionary_learn\outputs\journal\apic_v3_screening_cn_ad\s1,42,nacc_to_adni,D:\cyh\dictionary_learn\outputs\journal\apic_v3_screening_cn_ad\s1\seed42\nacc_to_adni\mixstyle_x\journal_metrics.json,mixstyle_x,14,mixstyle,0.16681680913400634,0.3888516726610399,1.05605048580109,,,,,,,,,0.0,0.0,0.0,0.0,0.0,0.0,0.0,,
D:\cyh\dictionary_learn\outputs\journal\apic_v3_screening_cn_ad\s1,42,nacc_to_adni,D:\cyh\dictionary_learn\outputs\journal\apic_v3_screening_cn_ad\s1\seed42\nacc_to_adni\mixstyle_x\journal_metrics.json,mixstyle_x,15,mixstyle,0.06538423864715914,0.9159820975211658,0.9893748289651884,,,,,,,,,0.0,0.0,0.0,0.0,0.0,0.0,0.0,,
D:\cyh\dictionary_learn\outputs\journal\apic_v3_screening_cn_ad\s1,42,nacc_to_adni,D:\cyh\dictionary_learn\outputs\journal\apic_v3_screening_cn_ad\s1\seed42\nacc_to_adni\mixstyle_x\journal_metrics.json,mixstyle_x,16,mixstyle,0.08068252850568453,0.38380312798954397,1.0676636075738886,,,,,,,,,0.0,0.0,0.0,0.0,0.0,0.0,0.0,,
D:\cyh\dictionary_learn\outputs\journal\apic_v3_screening_cn_ad\s1,42,nacc_to_adni,D:\cyh\dictionary_learn\outputs\journal\apic_v3_screening_cn_ad\s1\seed42\nacc_to_adni\mixstyle_x\journal_metrics.json,mixstyle_x,17,mixstyle,0.013047555409171541,0.3959194880353206,1.0850074183259601,,,,,,,,,0.0,0.0,0.0,0.0,0.0,0.0,0.0,,
D:\cyh\dictionary_learn\outputs\journal\apic_v3_screening_cn_ad\s1,42,nacc_to_adni,D:\cyh\dictionary_learn\outputs\journal\apic_v3_screening_cn_ad\s1\seed42\nacc_to_adni\mixstyle_x\journal_metrics.json,mixstyle_x,18,mixstyle,0.0036291281000695413,0.4042902356568808,1.0742235321201519,,,,,,,,,0.0,0.0,0.0,0.0,0.0,0.0,0.0,,
D:\cyh\dictionary_learn\outputs\journal\apic_v3_screening_cn_ad\s1,42,nacc_to_adni,D:\cyh\dictionary_learn\outputs\journal\apic_v3_screening_cn_ad\s1\seed42\nacc_to_adni\mixstyle_x\journal_metrics.json,mixstyle_x,19,mixstyle,0.005107604589914206,0.3421055049738872,1.0930454272615873,,,,,,,,,0.0,0.0,0.0,0.0,0.0,0.0,0.0,,
D:\cyh\dictionary_learn\outputs\journal\apic_v3_screening_cn_ad\s1,42,nacc_to_adni,D:\cyh\dictionary_learn\outputs\journal\apic_v3_screening_cn_ad\s1\seed42\nacc_to_adni\mixstyle_x\journal_metrics.json,mixstyle_x,20,mixstyle,0.002294597834041056,0.3790128435201618,1.0951803113526806,,,,,,,,,0.0,0.0,0.0,0.0,0.0,0.0,0.0,,
D:\cyh\dictionary_learn\outputs\journal\apic_v3_screening_cn_ad\s1,42,nacc_to_adni,D:\cyh\dictionary_learn\outputs\journal\apic_v3_screening_cn_ad\s1\seed42\nacc_to_adni\mixstyle_x\journal_metrics.json,mixstyle_x,21,mixstyle,0.04613152797387226,0.34040293190333404,1.0530538353742074,,,,,,,,,0.0,0.0,0.0,0.0,0.0,0.0,0.0,,
D:\cyh\dictionary_learn\outputs\journal\apic_v3_screening_cn_ad\s1,42,nacc_to_adni,D:\cyh\dictionary_learn\outputs\journal\apic_v3_screening_cn_ad\s1\seed42\nacc_to_adni\mixstyle_x\journal_metrics.json,mixstyle_x,22,mixstyle,0.10115072291650726,0.655251856462513,1.0157481549002738,,,,,,,,,0.0,0.0,0.0,0.0,0.0,0.0,0.0,,
D:\cyh\dictionary_learn\outputs\journal\apic_v3_screening_cn_ad\s1,42,nacc_to_adni,D:\cyh\dictionary_learn\outputs\journal\apic_v3_screening_cn_ad\s1\seed42\nacc_to_adni\mixstyle_x\journal_metrics.json,mixstyle_x,23,mixstyle,0.0852595185906517,0.36316793383597107,1.0631230816450135,,,,,,,,,0.0,0.0,0.0,0.0,0.0,0.0,0.0,,
D:\cyh\dictionary_learn\outputs\journal\apic_v3_screening_cn_ad\s1,42,nacc_to_adni,D:\cyh\dictionary_learn\outputs\journal\apic_v3_screening_cn_ad\s1\seed42\nacc_to_adni\mixstyle_x\journal_metrics.json,mixstyle_x,24,mixstyle,0.01013481311497471,0.5737904103800311,1.054473468614926,,,,,,,,,0.0,0.0,0.0,0.0,0.0,0.0,0.0,,
D:\cyh\dictionary_learn\outputs\journal\apic_v3_screening_cn_ad\s1,42,nacc_to_adni,D:\cyh\dictionary_learn\outputs\journal\apic_v3_screening_cn_ad\s1\seed42\nacc_to_adni\mixstyle_x\journal_metrics.json,mixstyle_x,25,mixstyle,0.019497652715589075,0.6197140996586842,1.0484298060604258,,,,,,,,,0.0,0.0,0.0,0.0,0.0,0.0,0.0,,
D:\cyh\dictionary_learn\outputs\journal\apic_v3_screening_cn_ad\s1,42,nacc_to_adni,D:\cyh\dictionary_learn\outputs\journal\apic_v3_screening_cn_ad\s1\seed42\nacc_to_adni\mixstyle_x\journal_metrics.json,mixstyle_x,26,mixstyle,0.02808278525789924,0.34929414910779977,1.0847946221515874,,,,,,,,,0.0,0.0,0.0,0.0,0.0,0.0,0.0,,
D:\cyh\dictionary_learn\outputs\journal\apic_v3_screening_cn_ad\s1,42,nacc_to_adni,D:\cyh\dictionary_learn\outputs\journal\apic_v3_screening_cn_ad\s1\seed42\nacc_to_adni\mixstyle_x\journal_metrics.json,mixstyle_x,27,mixstyle,0.051497555860658385,0.4657059771062382,1.0229797097164588,,,,,,,,,0.0,0.0,0.0,0.0,0.0,0.0,0.0,,
D:\cyh\dictionary_learn\outputs\journal\apic_v3_screening_cn_ad\s1,42,nacc_to_adni,D:\cyh\dictionary_learn\outputs\journal\apic_v3_screening_cn_ad\s1\seed42\nacc_to_adni\mixstyle_x\journal_metrics.json,mixstyle_x,28,mixstyle,0.08944367450728945,0.5795256539213569,1.0237097486869378,,,,,,,,,0.0,0.0,0.0,0.0,0.0,0.0,0.0,,
D:\cyh\dictionary_learn\outputs\journal\apic_v3_screening_cn_ad\s1,42,nacc_to_adni,D:\cyh\dictionary_learn\outputs\journal\apic_v3_screening_cn_ad\s1\seed42\nacc_to_adni\mixstyle_x\journal_metrics.json,mixstyle_x,29,mixstyle,0.02137419766734755,0.41974800824263214,1.076533263273779,,,,,,,,,0.0,0.0,0.0,0.0,0.0,0.0,0.0,,
D:\cyh\dictionary_learn\outputs\journal\apic_v3_screening_cn_ad\s1,42,nacc_to_adni,D:\cyh\dictionary_learn\outputs\journal\apic_v3_screening_cn_ad\s1\seed42\nacc_to_adni\mixstyle_x\journal_metrics.json,mixstyle_x,30,mixstyle,0.003354059405057098,0.4185740323618028,1.0793482881337904,,,,,,,,,0.0,0.0,0.0,0.0,0.0,0.0,0.0,,
D:\cyh\dictionary_learn\outputs\journal\apic_v3_screening_cn_ad\s1,42,nacc_to_adni,D:\cyh\dictionary_learn\outputs\journal\apic_v3_screening_cn_ad\s1\seed42\nacc_to_adni\mixstyle_x\journal_metrics.json,mixstyle_x,31,mixstyle,0.020348132486918854,0.3309297590102515,1.099809008315406,,,,,,,,,0.0,0.0,0.0,0.0,0.0,0.0,0.0,,
D:\cyh\dictionary_learn\outputs\journal\apic_v3_screening_cn_ad\s1,42,nacc_to_adni,D:\cyh\dictionary_learn\outputs\journal\apic_v3_screening_cn_ad\s1\seed42\nacc_to_adni\mixstyle_x\journal_metrics.json,mixstyle_x,32,mixstyle,0.004041143152292092,0.3288441509603738,1.1129079419078172,,,,,,,,,0.0,0.0,0.0,0.0,0.0,0.0,0.0,,
D:\cyh\dictionary_learn\outputs\journal\apic_v3_screening_cn_ad\s1,42,nacc_to_adni,D:\cyh\dictionary_learn\outputs\journal\apic_v3_screening_cn_ad\s1\seed42\nacc_to_adni\mixstyle_x\journal_metrics.json,mixstyle_x,33,mixstyle,0.03682841228475819,0.43065103059334553,1.0364931591485895,,,,,,,,,0.0,0.0,0.0,0.0,0.0,0.0,0.0,,
D:\cyh\dictionary_learn\outputs\journal\apic_v3_screening_cn_ad\s1,42,nacc_to_adni,D:\cyh\dictionary_learn\outputs\journal\apic_v3_screening_cn_ad\s1\seed42\nacc_to_adni\mixstyle_x\journal_metrics.json,mixstyle_x,34,mixstyle,0.05502194936800873,0.3427315613288464,1.1072065848522732,,,,,,,,,0.0,0.0,0.0,0.0,0.0,0.0,0.0,,
D:\cyh\dictionary_learn\outputs\journal\apic_v3_screening_cn_ad\s1,42,nacc_to_adni,D:\cyh\dictionary_learn\outputs\journal\apic_v3_screening_cn_ad\s1\seed42\nacc_to_adni\mixstyle_x\journal_metrics.json,mixstyle_x,35,mixstyle,0.05647458846117604,0.4459770871847073,1.0674414015703124,,,,,,,,,0.0,0.0,0.0,0.0,0.0,0.0,0.0,,
D:\cyh\dictionary_learn\outputs\journal\apic_v3_screening_cn_ad\s1,42,nacc_to_adni,D:\cyh\dictionary_learn\outputs\journal\apic_v3_screening_cn_ad\s1\seed42\nacc_to_adni\mixstyle_x\journal_metrics.json,mixstyle_x,36,mixstyle,0.012683903371496386,0.37772608999335067,1.0812322039857825,,,,,,,,,0.0,0.0,0.0,0.0,0.0,0.0,0.0,,
D:\cyh\dictionary_learn\outputs\journal\apic_v3_screening_cn_ad\s1,42,nacc_to_adni,D:\cyh\dictionary_learn\outputs\journal\apic_v3_screening_cn_ad\s1\seed42\nacc_to_adni\mixstyle_x\journal_metrics.json,mixstyle_x,37,mixstyle,0.015552389372831833,0.34713326460148947,1.0967387929773782,,,,,,,,,0.0,0.0,0.0,0.0,0.0,0.0,0.0,,
D:\cyh\dictionary_learn\outputs\journal\apic_v3_screening_cn_ad\s1,42,nacc_to_adni,D:\cyh\dictionary_learn\outputs\journal\apic_v3_screening_cn_ad\s1\seed42\nacc_to_adni\mixstyle_x\journal_metrics.json,mixstyle_x,38,mixstyle,0.00212061463531813,0.36483354754148517,1.0962329747408779,,,,,,,,,0.0,0.0,0.0,0.0,0.0,0.0,0.0,,
D:\cyh\dictionary_learn\outputs\journal\apic_v3_screening_cn_ad\s1,42,nacc_to_adni,D:\cyh\dictionary_learn\outputs\journal\apic_v3_screening_cn_ad\s1\seed42\nacc_to_adni\mixstyle_x\journal_metrics.json,mixstyle_x,39,mixstyle,0.10031178909381634,0.44490933477113226,1.0854918947278334,,,,,,,,,0.0,0.0,0.0,0.0,0.0,0.0,0.0,,
D:\cyh\dictionary_learn\outputs\journal\apic_v3_screening_cn_ad\s1,42,nacc_to_adni,D:\cyh\dictionary_learn\outputs\journal\apic_v3_screening_cn_ad\s1\seed42\nacc_to_adni\mixstyle_x\journal_metrics.json,mixstyle_x,40,mixstyle,0.04921827701211604,2.530466215011391,0.9494391575509549,,,,,,,,,0.0,0.0,0.0,0.0,0.0,0.0,0.0,,
D:\cyh\dictionary_learn\outputs\journal\apic_v3_screening_cn_ad\s1,42,nacc_to_adni,D:\cyh\dictionary_learn\outputs\journal\apic_v3_screening_cn_ad\s1\seed42\nacc_to_adni\mixstyle_x\journal_metrics.json,mixstyle_x,41,mixstyle,0.02609184458170557,0.4323905028272287,1.0516930115433696,,,,,,,,,0.0,0.0,0.0,0.0,0.0,0.0,0.0,,
D:\cyh\dictionary_learn\outputs\journal\apic_v3_screening_cn_ad\s1,42,nacc_to_adni,D:\cyh\dictionary_learn\outputs\journal\apic_v3_screening_cn_ad\s1\seed42\nacc_to_adni\mixstyle_x\journal_metrics.json,mixstyle_x,42,mixstyle,0.0030004687551763456,0.4386946629715106,1.066935797336355,,,,,,,,,0.0,0.0,0.0,0.0,0.0,0.0,0.0,,
D:\cyh\dictionary_learn\outputs\journal\apic_v3_screening_cn_ad\s1,42,nacc_to_adni,D:\cyh\dictionary_learn\outputs\journal\apic_v3_screening_cn_ad\s1\seed42\nacc_to_adni\mixstyle_x\journal_metrics.json,mixstyle_x,43,mixstyle,0.02694099144670298,0.36670893309335567,1.087818570898204,,,,,,,,,0.0,0.0,0.0,0.0,0.0,0.0,0.0,,
D:\cyh\dictionary_learn\outputs\journal\apic_v3_screening_cn_ad\s1,42,nacc_to_adni,D:\cyh\dictionary_learn\outputs\journal\apic_v3_screening_cn_ad\s1\seed42\nacc_to_adni\mixstyle_x\journal_metrics.json,mixstyle_x,44,mixstyle,0.0036643360382191156,0.29292975622143613,1.105191316782124,,,,,,,,,0.0,0.0,0.0,0.0,0.0,0.0,0.0,,
D:\cyh\dictionary_learn\outputs\journal\apic_v3_screening_cn_ad\s1,42,nacc_to_adni,D:\cyh\dictionary_learn\outputs\journal\apic_v3_screening_cn_ad\s1\seed42\nacc_to_adni\mixstyle_x\journal_metrics.json,mixstyle_x,45,mixstyle,0.0012854408625734115,0.3817673705489197,1.0865504875152394,,,,,,,,,0.0,0.0,0.0,0.0,0.0,0.0,0.0,,
D:\cyh\dictionary_learn\outputs\journal\apic_v3_screening_cn_ad\s1,42,nacc_to_adni,D:\cyh\dictionary_learn\outputs\journal\apic_v3_screening_cn_ad\s1\seed42\nacc_to_adni\mixstyle_x\journal_metrics.json,mixstyle_x,46,mixstyle,0.05327029412066175,0.48329626930278113,1.0928743822158893,,,,,,,,,0.0,0.0,0.0,0.0,0.0,0.0,0.0,,
D:\cyh\dictionary_learn\outputs\journal\apic_v3_screening_cn_ad\s1,42,nacc_to_adni,D:\cyh\dictionary_learn\outputs\journal\apic_v3_screening_cn_ad\s1\seed42\nacc_to_adni\mixstyle_x\journal_metrics.json,mixstyle_x,47,mixstyle,0.1083155181100797,0.5620278899013249,1.055139629154474,,,,,,,,,0.0,0.0,0.0,0.0,0.0,0.0,0.0,,
D:\cyh\dictionary_learn\outputs\journal\apic_v3_screening_cn_ad\s1,42,nacc_to_adni,D:\cyh\dictionary_learn\outputs\journal\apic_v3_screening_cn_ad\s1\seed42\nacc_to_adni\mixstyle_x\journal_metrics.json,mixstyle_x,48,mixstyle,0.019556409210846604,0.27889565693728885,1.1235239991624315,,,,,,,,,0.0,0.0,0.0,0.0,0.0,0.0,0.0,,
D:\cyh\dictionary_learn\outputs\journal\apic_v3_screening_cn_ad\s1,42,nacc_to_adni,D:\cyh\dictionary_learn\outputs\journal\apic_v3_screening_cn_ad\s1\seed42\nacc_to_adni\mixstyle_x\journal_metrics.json,mixstyle_x,49,mixstyle,0.0026339423805860577,0.315537890806203,1.1155565251095523,,,,,,,,,0.0,0.0,0.0,0.0,0.0,0.0,0.0,,
D:\cyh\dictionary_learn\outputs\journal\apic_v3_screening_cn_ad\s1,42,nacc_to_adni,D:\cyh\dictionary_learn\outputs\journal\apic_v3_screening_cn_ad\s1\seed42\nacc_to_adni\mixstyle_x\journal_metrics.json,mixstyle_x,50,mixstyle,0.0018856197646060567,0.3033701936241046,1.1245758429662254,,,,,,,,,0.0,0.0,0.0,0.0,0.0,0.0,0.0,,
D:\cyh\dictionary_learn\outputs\journal\apic_v3_screening_cn_ad\s1,43,adni_to_nacc,D:\cyh\dictionary_learn\outputs\journal\apic_v3_screening_cn_ad\s1\seed43\adni_to_nacc\apic_v3_x\journal_metrics.json,apic_v3_x,1,clean_warmup,0.4171839432723551,16.897669486279757,0.8134010770670189,,,,,,,,,0.0,0.0,0.0,0.0,0.0,0.0,0.0,0,0.0
D:\cyh\dictionary_learn\outputs\journal\apic_v3_screening_cn_ad\s1,43,adni_to_nacc,D:\cyh\dictionary_learn\outputs\journal\apic_v3_screening_cn_ad\s1\seed43\adni_to_nacc\apic_v3_x\journal_metrics.json,apic_v3_x,2,clean_warmup,0.31947978199964544,1.6317160721200537,0.8752627535543389,,,,,,,,,0.0,0.0,0.0,0.0,0.0,0.0,0.0,0,0.0
D:\cyh\dictionary_learn\outputs\journal\apic_v3_screening_cn_ad\s1,43,adni_to_nacc,D:\cyh\dictionary_learn\outputs\journal\apic_v3_screening_cn_ad\s1\seed43\adni_to_nacc\apic_v3_x\journal_metrics.json,apic_v3_x,3,clean_warmup,0.1909737002822649,0.6023473578707298,1.039870243661304,,,,,,,,,0.0,0.0,0.0,0.0,0.0,0.0,0.0,0,0.0
D:\cyh\dictionary_learn\outputs\journal\apic_v3_screening_cn_ad\s1,43,adni_to_nacc,D:\cyh\dictionary_learn\outputs\journal\apic_v3_screening_cn_ad\s1\seed43\adni_to_nacc\apic_v3_x\journal_metrics.json,apic_v3_x,4,clean_warmup,0.2172382614597768,3.2359757832308973,0.9000442302335823,,,,,,,,,0.0,0.0,0.0,0.0,0.0,0.0,0.0,0,0.0
D:\cyh\dictionary_learn\outputs\journal\apic_v3_screening_cn_ad\s1,43,adni_to_nacc,D:\cyh\dictionary_learn\outputs\journal\apic_v3_screening_cn_ad\s1\seed43\adni_to_nacc\apic_v3_x\journal_metrics.json,apic_v3_x,5,clean_warmup,0.17986025816076492,1.6146060972702954,0.9259650491449446,,,,,,,,,0.0,0.0,0.0,0.0,0.0,0.0,0.0,0,0.0
D:\cyh\dictionary_learn\outputs\journal\apic_v3_screening_cn_ad\s1,43,adni_to_nacc,D:\cyh\dictionary_learn\outputs\journal\apic_v3_screening_cn_ad\s1\seed43\adni_to_nacc\apic_v3_x\journal_metrics.json,apic_v3_x,6,apis_warmup,0.529795638846615,1.0746971656873665,0.9678679201450696,,,,,,,,,1.3810026180372774e-05,1.0,1.5981131283108465e-08,0.24309404427746692,0.974543023540313,0.11618100741810827,0.040940931493259336,8,332.0
D:\cyh\dictionary_learn\outputs\journal\apic_v3_screening_cn_ad\s1,43,adni_to_nacc,D:\cyh\dictionary_learn\outputs\journal\apic_v3_screening_cn_ad\s1\seed43\adni_to_nacc\apic_v3_x\journal_metrics.json,apic_v3_x,7,apis_warmup,0.43439254509172887,1.8169453101676276,0.9529014787468187,,,,,,,,,2.919232651016413e-06,1.0,2.1499895946573748e-08,0.2526946712330163,0.9684874408216362,0.1277105539857623,0.04325137045010027,8,664.0
D:\cyh\dictionary_learn\outputs\journal\apic_v3_screening_cn_ad\s1,43,adni_to_nacc,D:\cyh\dictionary_learn\outputs\journal\apic_v3_screening_cn_ad\s1\seed43\adni_to_nacc\apic_v3_x\journal_metrics.json,apic_v3_x,8,apis_warmup,0.36827071788945204,0.501929675075275,1.0666696853236772,,,,,,,,,5.613823254204461e-06,1.0,6.291755593097096e-08,0.269090809376843,0.9610645648944809,0.1379661595067346,0.04705167651535517,8,996.0
D:\cyh\dictionary_learn\outputs\journal\apic_v3_screening_cn_ad\s1,43,adni_to_nacc,D:\cyh\dictionary_learn\outputs\journal\apic_v3_screening_cn_ad\s1\seed43\adni_to_nacc\apic_v3_x\journal_metrics.json,apic_v3_x,9,apis_warmup,0.25859341535055225,0.637973133775511,1.0621893559168658,,,,,,,,,8.069001762167493e-06,1.0,1.2759419164070327e-07,0.26833115356514253,0.9611135046166109,0.1357955999941711,0.04692767686154469,8,1328.0
D:\cyh\dictionary_learn\outputs\journal\apic_v3_screening_cn_ad\s1,43,adni_to_nacc,D:\cyh\dictionary_learn\outputs\journal\apic_v3_screening_cn_ad\s1\seed43\adni_to_nacc\apic_v3_x\journal_metrics.json,apic_v3_x,10,apis_warmup,0.173353711827602,1.7146566758209065,0.9147004553915244,,,,,,,,,1.0811022722250582e-05,1.0,2.0106299806881785e-07,0.23672098836984978,0.9738603219928512,0.11773033870990018,0.04001965732818626,8,1660.0
D:\cyh\dictionary_learn\outputs\journal\apic_v3_screening_cn_ad\s1,43,adni_to_nacc,D:\cyh\dictionary_learn\outputs\journal\apic_v3_screening_cn_ad\s1\seed43\adni_to_nacc\apic_v3_x\journal_metrics.json,apic_v3_x,11,joint,0.19722153866629913,0.6259206751734416,1.074342855466103,,,,,,,,,1.607600744542454e-05,1.0,2.5819528593866017e-07,0.23548648892396903,0.9752384402665747,0.12421501248356807,0.03960669933851943,8,1992.0
D:\cyh\dictionary_learn\outputs\journal\apic_v3_screening_cn_ad\s1,43,adni_to_nacc,D:\cyh\dictionary_learn\outputs\journal\apic_v3_screening_cn_ad\s1\seed43\adni_to_nacc\apic_v3_x\journal_metrics.json,apic_v3_x,12,joint,0.1575770540729569,0.42709112028682766,1.0947645896118192,,,,,,,,,6.429037882644041e-06,1.0,1.8720658377172908e-07,0.25019749424543725,0.9712749023035349,0.12639653431363854,0.042378354593213784,8,2324.0
D:\cyh\dictionary_learn\outputs\journal\apic_v3_screening_cn_ad\s1,43,adni_to_nacc,D:\cyh\dictionary_learn\outputs\journal\apic_v3_screening_cn_ad\s1\seed43\adni_to_nacc\apic_v3_x\journal_metrics.json,apic_v3_x,13,joint,0.13712878244317483,0.6436789043053858,1.0988192444392424,,,,,,,,,9.452857524872551e-06,1.0,2.3337189838432906e-07,0.22060709581317672,0.9817717836563846,0.10614639754036823,0.0362823523625911,8,2656.0
D:\cyh\dictionary_learn\outputs\journal\apic_v3_screening_cn_ad\s1,43,adni_to_nacc,D:\cyh\dictionary_learn\outputs\journal\apic_v3_screening_cn_ad\s1\seed43\adni_to_nacc\apic_v3_x\journal_metrics.json,apic_v3_x,14,joint,0.13708271302496006,0.7999450408651511,1.0449582412306886,,,,,,,,,1.8375449843071955e-06,1.0,9.133877170538872e-08,0.19447315493261957,0.9901671553232584,0.07901248030633812,0.03115376037915787,8,2988.0
D:\cyh\dictionary_learn\outputs\journal\apic_v3_screening_cn_ad\s1,43,adni_to_nacc,D:\cyh\dictionary_learn\outputs\journal\apic_v3_screening_cn_ad\s1\seed43\adni_to_nacc\apic_v3_x\journal_metrics.json,apic_v3_x,15,joint,0.02103540287437254,0.49628668759966255,1.142745063924151,,,,,,,,,8.473746516463243e-07,1.0,6.132027007183697e-08,0.2022775756307395,0.9882963450558214,0.08370372132364526,0.0325795565114682,8,3320.0
D:\cyh\dictionary_learn\outputs\journal\apic_v3_screening_cn_ad\s1,43,adni_to_nacc,D:\cyh\dictionary_learn\outputs\journal\apic_v3_screening_cn_ad\s1\seed43\adni_to_nacc\apic_v3_x\journal_metrics.json,apic_v3_x,16,joint,0.03575383103522753,0.39519643875534693,1.138576898070521,,,,,,,,,1.3471132738999015e-06,1.0,8.12998345057863e-08,0.20337441473840231,0.9879015913928848,0.0870340740285724,0.03279474682836647,8,3652.0
D:\cyh\dictionary_learn\outputs\journal\apic_v3_screening_cn_ad\s1,43,adni_to_nacc,D:\cyh\dictionary_learn\outputs\journal\apic_v3_screening_cn_ad\s1\seed43\adni_to_nacc\apic_v3_x\journal_metrics.json,apic_v3_x,17,joint,0.02051483003383345,0.6706508791316734,1.1452302627250877,,,,,,,,,3.590789945866185e-07,1.0,3.815549026931734e-08,0.201280914336802,0.98845492788108,0.08422240991908383,0.03240252313125564,8,3984.0
D:\cyh\dictionary_learn\outputs\journal\apic_v3_screening_cn_ad\s1,43,adni_to_nacc,D:\cyh\dictionary_learn\outputs\journal\apic_v3_screening_cn_ad\s1\seed43\adni_to_nacc\apic_v3_x\journal_metrics.json,apic_v3_x,18,joint,0.011350423529609499,0.5339534762796626,1.1482051574568473,,,,,,,,,2.7255031653794504e-07,1.0,3.1017461734269275e-08,0.1937182974743556,0.9903680222580232,0.07876944084124393,0.031010889526770776,8,4316.0
D:\cyh\dictionary_learn\outputs\journal\apic_v3_screening_cn_ad\s1,43,adni_to_nacc,D:\cyh\dictionary_learn\outputs\journal\apic_v3_screening_cn_ad\s1\seed43\adni_to_nacc\apic_v3_x\journal_metrics.json,apic_v3_x,19,joint,0.006489350071951118,1.0586701204674167,1.0831333929026674,,,,,,,,,2.302813252535806e-07,1.0,2.9432523010497613e-08,0.19329642567289881,0.9904681034834988,0.07869382112859244,0.030934095562222493,8,4648.0
D:\cyh\dictionary_learn\outputs\journal\apic_v3_screening_cn_ad\s1,43,adni_to_nacc,D:\cyh\dictionary_learn\outputs\journal\apic_v3_screening_cn_ad\s1\seed43\adni_to_nacc\apic_v3_x\journal_metrics.json,apic_v3_x,20,joint,0.007960269262688795,0.5631839200349926,1.161170775671051,,,,,,,,,2.561784493346443e-07,1.0,3.254116712638273e-08,0.19180877345154085,0.9908270685069532,0.07603680800242596,0.030663716505809003,8,4980.0
D:\cyh\dictionary_learn\outputs\journal\apic_v3_screening_cn_ad\s1,43,adni_to_nacc,D:\cyh\dictionary_learn\outputs\journal\apic_v3_screening_cn_ad\s1\seed43\adni_to_nacc\apic_v3_x\journal_metrics.json,apic_v3_x,21,joint,0.005950797856252371,0.46555083386878976,1.1592546507545625,,,,,,,,,2.0309527583657632e-07,1.0,2.701044145509738e-08,0.1905973830136908,0.9911560351590076,0.07511076753038957,0.030439523104802673,8,5312.0
D:\cyh\dictionary_learn\outputs\journal\apic_v3_screening_cn_ad\s1,43,adni_to_nacc,D:\cyh\dictionary_learn\outputs\journal\apic_v3_screening_cn_ad\s1\seed43\adni_to_nacc\apic_v3_x\journal_metrics.json,apic_v3_x,22,joint,0.0061927038046436,0.6446594813220008,1.1559316388691536,,,,,,,,,1.8218175729446621e-07,1.0,2.6141171540680864e-08,0.1898081922028438,0.99136697096997,0.07414069233170476,0.030294448227049357,8,5644.0
D:\cyh\dictionary_learn\outputs\journal\apic_v3_screening_cn_ad\s1,43,adni_to_nacc,D:\cyh\dictionary_learn\outputs\journal\apic_v3_screening_cn_ad\s1\seed43\adni_to_nacc\apic_v3_x\journal_metrics.json,apic_v3_x,23,joint,0.006657780853243186,0.4290224911774203,1.1578274701463105,,,,,,,,,1.5690637150477556e-07,1.0,2.3342541265365015e-08,0.1885119897414403,0.991636557033263,0.07302897513271814,0.0300648369299001,8,5976.0
D:\cyh\dictionary_learn\outputs\journal\apic_v3_screening_cn_ad\s1,43,adni_to_nacc,D:\cyh\dictionary_learn\outputs\journal\apic_v3_screening_cn_ad\s1\seed43\adni_to_nacc\apic_v3_x\journal_metrics.json,apic_v3_x,24,joint,0.003942246030572891,0.6271215264590658,1.163333769615898,,,,,,,,,1.4192579427626916e-07,1.0,2.2191973506493008e-08,0.18803845758897714,0.9917596320071852,0.07333212238119309,0.029978650274226464,8,6308.0
D:\cyh\dictionary_learn\outputs\journal\apic_v3_screening_cn_ad\s1,43,adni_to_nacc,D:\cyh\dictionary_learn\outputs\journal\apic_v3_screening_cn_ad\s1\seed43\adni_to_nacc\apic_v3_x\journal_metrics.json,apic_v3_x,25,joint,0.0021461130323937633,0.5384669574413975,1.1628092426940702,,,,,,,,,1.295997239806348e-07,1.0,2.101659611001029e-08,0.18947110513606705,0.9914482824773674,0.07399990732770369,0.030234441116272687,8,6640.0
D:\cyh\dictionary_learn\outputs\journal\apic_v3_screening_cn_ad\s1,43,adni_to_nacc,D:\cyh\dictionary_learn\outputs\journal\apic_v3_screening_cn_ad\s1\seed43\adni_to_nacc\apic_v3_x\journal_metrics.json,apic_v3_x,26,joint,0.004713865035249998,0.4146578419190819,1.1532057536026123,,,,,,,,,1.3208065110167085e-07,1.0,2.3208861809640514e-08,0.19144113810665636,0.9909852297909288,0.07513827597161374,0.030589548848479628,8,6972.0
D:\cyh\dictionary_learn\outputs\journal\apic_v3_screening_cn_ad\s1,43,adni_to_nacc,D:\cyh\dictionary_learn\outputs\journal\apic_v3_screening_cn_ad\s1\seed43\adni_to_nacc\apic_v3_x\journal_metrics.json,apic_v3_x,27,joint,0.0026580638722769065,0.45305679975626845,1.162239828593379,,,,,,,,,1.2150162625945436e-07,1.0,2.1534422512918655e-08,0.190908440803907,0.9910596702472273,0.07596036881567483,0.030500416408281727,8,7304.0
D:\cyh\dictionary_learn\outputs\journal\apic_v3_screening_cn_ad\s1,43,adni_to_nacc,D:\cyh\dictionary_learn\outputs\journal\apic_v3_screening_cn_ad\s1\seed43\adni_to_nacc\apic_v3_x\journal_metrics.json,apic_v3_x,28,joint,0.002559037160279835,0.46790307611278004,1.1621580268737193,,,,,,,,,9.521211728005562e-08,1.0,1.909174621875265e-08,0.193942778081779,0.99036587290017,0.07596555747181537,0.031046388289296484,8,7636.0
D:\cyh\dictionary_learn\outputs\journal\apic_v3_screening_cn_ad\s1,43,adni_to_nacc,D:\cyh\dictionary_learn\outputs\journal\apic_v3_screening_cn_ad\s1\seed43\adni_to_nacc\apic_v3_x\journal_metrics.json,apic_v3_x,29,joint,0.0024833252374012672,0.4465169498549791,1.162228866816806,,,,,,,,,1.0282020234427934e-07,1.0,1.9594998983514672e-08,0.1923131316182125,0.9907190347292337,0.07613597801291799,0.03075551091278174,8,7968.0
D:\cyh\dictionary_learn\outputs\journal\apic_v3_screening_cn_ad\s1,43,adni_to_nacc,D:\cyh\dictionary_learn\outputs\journal\apic_v3_screening_cn_ad\s1\seed43\adni_to_nacc\apic_v3_x\journal_metrics.json,apic_v3_x,30,joint,0.002213968828489516,0.5223799361897449,1.1682050952523502,,,,,,,,,9.373519902970679e-08,1.0,1.892691569201495e-08,0.19311289058392306,0.9905510429876396,0.07608552573316069,0.03089766915752945,8,8300.0
D:\cyh\dictionary_learn\outputs\journal\apic_v3_screening_cn_ad\s1,43,adni_to_nacc,D:\cyh\dictionary_learn\outputs\journal\apic_v3_screening_cn_ad\s1\seed43\adni_to_nacc\apic_v3_x\journal_metrics.json,apic_v3_x,31,joint,0.0012377070280385248,0.5985783331343898,1.1697787566791122,,,,,,,,,9.761809690977284e-08,1.0,1.909276952870348e-08,0.1936847244400576,0.9903605357710138,0.07749904126647007,0.031009035723575627,8,8632.0
D:\cyh\dictionary_learn\outputs\journal\apic_v3_screening_cn_ad\s1,43,adni_to_nacc,D:\cyh\dictionary_learn\outputs\journal\apic_v3_screening_cn_ad\s1\seed43\adni_to_nacc\apic_v3_x\journal_metrics.json,apic_v3_x,32,joint,0.00135909389818076,0.6380464646164807,1.16924135068204,,,,,,,,,8.502989160432202e-08,1.0,1.7883212030366154e-08,0.19542942258966975,0.989952572857041,0.07743255758141897,0.03132460542382246,8,8964.0
D:\cyh\dictionary_learn\outputs\journal\apic_v3_screening_cn_ad\s1,43,adni_to_nacc,D:\cyh\dictionary_learn\outputs\journal\apic_v3_screening_cn_ad\s1\seed43\adni_to_nacc\apic_v3_x\journal_metrics.json,apic_v3_x,33,joint,0.0019316842302810457,0.8687147284482171,1.1385750142158775,,,,,,,,,8.91965157477553e-08,1.0,1.8641469915227175e-08,0.19333534948078981,0.9904463283986931,0.07695943036352296,0.030945764203746635,8,9296.0
D:\cyh\dictionary_learn\outputs\journal\apic_v3_screening_cn_ad\s1,43,adni_to_nacc,D:\cyh\dictionary_learn\outputs\journal\apic_v3_screening_cn_ad\s1\seed43\adni_to_nacc\apic_v3_x\journal_metrics.json,apic_v3_x,34,joint,0.001675385009537378,0.7444817003002445,1.1603778956390578,,,,,,,,,7.904464664068612e-08,1.0,1.800456131172586e-08,0.19392363942531218,0.9903732265334532,0.07682422584438899,0.031042707276092953,8,9628.0
D:\cyh\dictionary_learn\outputs\journal\apic_v3_screening_cn_ad\s1,43,adni_to_nacc,D:\cyh\dictionary_learn\outputs\journal\apic_v3_screening_cn_ad\s1\seed43\adni_to_nacc\apic_v3_x\journal_metrics.json,apic_v3_x,35,joint,0.0017575844911948205,0.76652763403533,1.1538337979667435,,,,,,,,,7.939695440330136e-08,1.0,1.8100113943128838e-08,0.1948096023266574,0.9901542469679591,0.07730803387351783,0.031204773629286205,8,9960.0
D:\cyh\dictionary_learn\outputs\journal\apic_v3_screening_cn_ad\s1,43,adni_to_nacc,D:\cyh\dictionary_learn\outputs\journal\apic_v3_screening_cn_ad\s1\seed43\adni_to_nacc\apic_v3_x\journal_metrics.json,apic_v3_x,36,joint,0.001551435579295433,0.5229364460386813,1.1471763870817824,,,,,,,,,7.595454405188309e-08,1.0,1.7706833493423073e-08,0.1952486623482532,0.9900761684739446,0.0770503666745611,0.03128053261393524,8,10292.0
D:\cyh\dictionary_learn\outputs\journal\apic_v3_screening_cn_ad\s1,43,adni_to_nacc,D:\cyh\dictionary_learn\outputs\journal\apic_v3_screening_cn_ad\s1\seed43\adni_to_nacc\apic_v3_x\journal_metrics.json,apic_v3_x,37,joint,0.0018624807139038086,1.303164092425989,1.0815312502205376,,,,,,,,,7.592559705447358e-08,1.0,1.7509933337270144e-08,0.19430197901036367,0.9902226731001612,0.07717236301985132,0.031119322718446512,8,10624.0
D:\cyh\dictionary_learn\outputs\journal\apic_v3_screening_cn_ad\s1,43,adni_to_nacc,D:\cyh\dictionary_learn\outputs\journal\apic_v3_screening_cn_ad\s1\seed43\adni_to_nacc\apic_v3_x\journal_metrics.json,apic_v3_x,38,joint,0.0017977319291374836,0.5503650246224276,1.1468725663297714,,,,,,,,,7.477333391281159e-08,1.0,1.74944288025324e-08,0.19472619280757675,0.9901249616979116,0.0777275329792356,0.031195964686662317,8,10956.0
D:\cyh\dictionary_learn\outputs\journal\apic_v3_screening_cn_ad\s1,43,adni_to_nacc,D:\cyh\dictionary_learn\outputs\journal\apic_v3_screening_cn_ad\s1\seed43\adni_to_nacc\apic_v3_x\journal_metrics.json,apic_v3_x,39,joint,0.001242316892226465,0.8110219671767,1.1608614605078449,,,,,,,,,6.933872836543469e-08,1.0,1.7015077047455843e-08,0.1959678440927023,0.9898036409573383,0.07788218180817294,0.03142441203256687,8,11288.0
D:\cyh\dictionary_learn\outputs\journal\apic_v3_screening_cn_ad\s1,43,adni_to_nacc,D:\cyh\dictionary_learn\outputs\journal\apic_v3_screening_cn_ad\s1\seed43\adni_to_nacc\apic_v3_x\journal_metrics.json,apic_v3_x,40,joint,0.001195728691001647,0.7222218186313323,1.1599275965327893,,,,,,,,,6.995081585991245e-08,1.0,1.6827461341352386e-08,0.1955795593290444,0.9898979943918894,0.07876984371119235,0.031353349629116345,8,11620.0
D:\cyh\dictionary_learn\outputs\journal\apic_v3_screening_cn_ad\s1,43,adni_to_nacc,D:\cyh\dictionary_learn\outputs\journal\apic_v3_screening_cn_ad\s1\seed43\adni_to_nacc\apic_v3_x\journal_metrics.json,apic_v3_x,41,joint,0.0011626313272102718,0.6263944339255556,1.1612126500959792,,,,,,,,,7.651407924917491e-08,1.0,1.7795114522496408e-08,0.1966371468032699,0.9895928710340017,0.07952801147139216,0.031553424423538055,8,11952.0
D:\cyh\dictionary_learn\outputs\journal\apic_v3_screening_cn_ad\s1,43,adni_to_nacc,D:\cyh\dictionary_learn\outputs\journal\apic_v3_screening_cn_ad\s1\seed43\adni_to_nacc\apic_v3_x\journal_metrics.json,apic_v3_x,42,joint,0.0007325031400390996,0.5661170260385796,1.158967951819005,,,,,,,,,6.825125221079284e-08,1.0,1.6842146633156933e-08,0.19756982664027847,0.9893467907445976,0.08045380347105394,0.03172670933137457,8,12284.0
D:\cyh\dictionary_learn\outputs\journal\apic_v3_screening_cn_ad\s1,43,adni_to_nacc,D:\cyh\dictionary_learn\outputs\journal\apic_v3_screening_cn_ad\s1\seed43\adni_to_nacc\apic_v3_x\journal_metrics.json,apic_v3_x,43,joint,0.0005695607276238551,0.6014751710779664,1.1616348815605493,,,,,,,,,6.535925225401263e-08,1.0,1.6479330981471447e-08,0.19805153899164085,0.9892304115984814,0.08081327540328703,0.03181417795818254,8,12616.0
D:\cyh\dictionary_learn\outputs\journal\apic_v3_screening_cn_ad\s1,43,adni_to_nacc,D:\cyh\dictionary_learn\outputs\journal\apic_v3_screening_cn_ad\s1\seed43\adni_to_nacc\apic_v3_x\journal_metrics.json,apic_v3_x,44,joint,0.0005656147748880588,0.663769572643551,1.1608912196662309,,,,,,,,,6.431597639473568e-08,1.0,1.6466878730728195e-08,0.19928254474358387,0.988915537495211,0.08062095213008214,0.03204066896564271,8,12948.0
D:\cyh\dictionary_learn\outputs\journal\apic_v3_screening_cn_ad\s1,43,adni_to_nacc,D:\cyh\dictionary_learn\outputs\journal\apic_v3_screening_cn_ad\s1\seed43\adni_to_nacc\apic_v3_x\journal_metrics.json,apic_v3_x,45,joint,0.0010612412795991811,0.5959753374100795,1.168002186880046,,,,,,,,,6.842134158844886e-08,1.0,1.6696498395375954e-08,0.19755311830934272,0.9893438126667436,0.08100601160023586,0.031725021797310876,8,13280.0
D:\cyh\dictionary_learn\outputs\journal\apic_v3_screening_cn_ad\s1,43,adni_to_nacc,D:\cyh\dictionary_learn\outputs\journal\apic_v3_screening_cn_ad\s1\seed43\adni_to_nacc\apic_v3_x\journal_metrics.json,apic_v3_x,46,joint,0.0009114767989920065,0.7589798396551538,1.159938108509017,,,,,,,,,6.089064064208041e-08,1.0,1.5945947651999517e-08,0.19965464199881955,0.9888890364083899,0.0807397777596152,0.032099076670156906,8,13612.0
D:\cyh\dictionary_learn\outputs\journal\apic_v3_screening_cn_ad\s1,43,adni_to_nacc,D:\cyh\dictionary_learn\outputs\journal\apic_v3_screening_cn_ad\s1\seed43\adni_to_nacc\apic_v3_x\journal_metrics.json,apic_v3_x,47,joint,0.0007965650109392563,0.8722072373474699,1.1604341722695979,,,,,,,,,5.999219006442338e-08,1.0,1.5965260353370702e-08,0.1977783585169229,0.9892964499542513,0.08113106591514795,0.03176505560706179,8,13944.0
D:\cyh\dictionary_learn\outputs\journal\apic_v3_screening_cn_ad\s1,43,adni_to_nacc,D:\cyh\dictionary_learn\outputs\journal\apic_v3_screening_cn_ad\s1\seed43\adni_to_nacc\apic_v3_x\journal_metrics.json,apic_v3_x,48,joint,0.0006828212722047535,0.7113189241769571,1.1675589769590273,,,,,,,,,5.91995868551198e-08,1.0,1.6163116135998506e-08,0.19926636782755336,0.9889263963124838,0.08082011880644832,0.03203604412994471,8,14276.0
D:\cyh\dictionary_learn\outputs\journal\apic_v3_screening_cn_ad\s1,43,adni_to_nacc,D:\cyh\dictionary_learn\outputs\journal\apic_v3_screening_cn_ad\s1\seed43\adni_to_nacc\apic_v3_x\journal_metrics.json,apic_v3_x,49,joint,0.0013148116624112176,0.5993025028824631,1.1589871202576771,,,,,,,,,5.267171020624935e-08,1.0,1.5138992228499712e-08,0.1983404818428568,0.9891356883278812,0.08088290000177291,0.031870131167661714,8,14608.0
D:\cyh\dictionary_learn\outputs\journal\apic_v3_screening_cn_ad\s1,43,adni_to_nacc,D:\cyh\dictionary_learn\outputs\journal\apic_v3_screening_cn_ad\s1\seed43\adni_to_nacc\apic_v3_x\journal_metrics.json,apic_v3_x,50,joint,0.000736193522024256,0.7971448276864564,1.1621729328428885,,,,,,,,,5.615451165910835e-08,1.0,1.566768702460822e-08,0.19977387390941023,0.9888085636747889,0.0806931332651391,0.032128602333636166,8,14940.0
D:\cyh\dictionary_learn\outputs\journal\apic_v3_screening_cn_ad\s1,43,adni_to_nacc,D:\cyh\dictionary_learn\outputs\journal\apic_v3_screening_cn_ad\s1\seed43\adni_to_nacc\ce_x\journal_metrics.json,ce_x,1,clean,0.4164727129580745,13.017340498150519,0.8557652081352988,,,,,,,,,0.0,0.0,0.0,0.0,0.0,0.0,0.0,,
D:\cyh\dictionary_learn\outputs\journal\apic_v3_screening_cn_ad\s1,43,adni_to_nacc,D:\cyh\dictionary_learn\outputs\journal\apic_v3_screening_cn_ad\s1\seed43\adni_to_nacc\ce_x\journal_metrics.json,ce_x,2,clean,0.28885786937751684,2.359521475856693,0.9171068144926464,,,,,,,,,0.0,0.0,0.0,0.0,0.0,0.0,0.0,,
D:\cyh\dictionary_learn\outputs\journal\apic_v3_screening_cn_ad\s1,43,adni_to_nacc,D:\cyh\dictionary_learn\outputs\journal\apic_v3_screening_cn_ad\s1\seed43\adni_to_nacc\ce_x\journal_metrics.json,ce_x,3,clean,0.24051244277507067,0.5920629189437572,1.0073901587594716,,,,,,,,,0.0,0.0,0.0,0.0,0.0,0.0,0.0,,
D:\cyh\dictionary_learn\outputs\journal\apic_v3_screening_cn_ad\s1,43,adni_to_nacc,D:\cyh\dictionary_learn\outputs\journal\apic_v3_screening_cn_ad\s1\seed43\adni_to_nacc\ce_x\journal_metrics.json,ce_x,4,clean,0.2125054606466543,0.6558964509486204,1.0050370618695912,,,,,,,,,0.0,0.0,0.0,0.0,0.0,0.0,0.0,,
D:\cyh\dictionary_learn\outputs\journal\apic_v3_screening_cn_ad\s1,43,adni_to_nacc,D:\cyh\dictionary_learn\outputs\journal\apic_v3_screening_cn_ad\s1\seed43\adni_to_nacc\ce_x\journal_metrics.json,ce_x,5,clean,0.2004225844438805,1.0970529959386628,0.9618523790743373,,,,,,,,,0.0,0.0,0.0,0.0,0.0,0.0,0.0,,
D:\cyh\dictionary_learn\outputs\journal\apic_v3_screening_cn_ad\s1,43,adni_to_nacc,D:\cyh\dictionary_learn\outputs\journal\apic_v3_screening_cn_ad\s1\seed43\adni_to_nacc\ce_x\journal_metrics.json,ce_x,6,clean,0.23884479718350143,0.3842642204989767,1.096828323246033,,,,,,,,,0.0,0.0,0.0,0.0,0.0,0.0,0.0,,
D:\cyh\dictionary_learn\outputs\journal\apic_v3_screening_cn_ad\s1,43,adni_to_nacc,D:\cyh\dictionary_learn\outputs\journal\apic_v3_screening_cn_ad\s1\seed43\adni_to_nacc\ce_x\journal_metrics.json,ce_x,7,clean,0.16456640416374765,0.5235850766371444,1.076527448003548,,,,,,,,,0.0,0.0,0.0,0.0,0.0,0.0,0.0,,
D:\cyh\dictionary_learn\outputs\journal\apic_v3_screening_cn_ad\s1,43,adni_to_nacc,D:\cyh\dictionary_learn\outputs\journal\apic_v3_screening_cn_ad\s1\seed43\adni_to_nacc\ce_x\journal_metrics.json,ce_x,8,clean,0.09897213574100555,0.4529152475561033,1.1246083616317182,,,,,,,,,0.0,0.0,0.0,0.0,0.0,0.0,0.0,,
D:\cyh\dictionary_learn\outputs\journal\apic_v3_screening_cn_ad\s1,43,adni_to_nacc,D:\cyh\dictionary_learn\outputs\journal\apic_v3_screening_cn_ad\s1\seed43\adni_to_nacc\ce_x\journal_metrics.json,ce_x,9,clean,0.07362264678925724,0.7136867561329262,1.0289333003583776,,,,,,,,,0.0,0.0,0.0,0.0,0.0,0.0,0.0,,
D:\cyh\dictionary_learn\outputs\journal\apic_v3_screening_cn_ad\s1,43,adni_to_nacc,D:\cyh\dictionary_learn\outputs\journal\apic_v3_screening_cn_ad\s1\seed43\adni_to_nacc\ce_x\journal_metrics.json,ce_x,10,clean,0.09330859556738062,1.951239125253984,0.9829783557930591,,,,,,,,,0.0,0.0,0.0,0.0,0.0,0.0,0.0,,
D:\cyh\dictionary_learn\outputs\journal\apic_v3_screening_cn_ad\s1,43,adni_to_nacc,D:\cyh\dictionary_learn\outputs\journal\apic_v3_screening_cn_ad\s1\seed43\adni_to_nacc\ce_x\journal_metrics.json,ce_x,11,clean,0.14893111855868835,0.6139293288952619,1.0776968105590912,,,,,,,,,0.0,0.0,0.0,0.0,0.0,0.0,0.0,,
D:\cyh\dictionary_learn\outputs\journal\apic_v3_screening_cn_ad\s1,43,adni_to_nacc,D:\cyh\dictionary_learn\outputs\journal\apic_v3_screening_cn_ad\s1\seed43\adni_to_nacc\ce_x\journal_metrics.json,ce_x,12,clean,0.0737598086931709,0.4672545532651744,1.1097878282725404,,,,,,,,,0.0,0.0,0.0,0.0,0.0,0.0,0.0,,
D:\cyh\dictionary_learn\outputs\journal\apic_v3_screening_cn_ad\s1,43,adni_to_nacc,D:\cyh\dictionary_learn\outputs\journal\apic_v3_screening_cn_ad\s1\seed43\adni_to_nacc\ce_x\journal_metrics.json,ce_x,13,clean,0.044441513742421224,0.5257242599333074,1.1347382645371633,,,,,,,,,0.0,0.0,0.0,0.0,0.0,0.0,0.0,,
D:\cyh\dictionary_learn\outputs\journal\apic_v3_screening_cn_ad\s1,43,adni_to_nacc,D:\cyh\dictionary_learn\outputs\journal\apic_v3_screening_cn_ad\s1\seed43\adni_to_nacc\ce_x\journal_metrics.json,ce_x,14,clean,0.051887196464834355,0.5841944470967579,1.094686924642496,,,,,,,,,0.0,0.0,0.0,0.0,0.0,0.0,0.0,,
D:\cyh\dictionary_learn\outputs\journal\apic_v3_screening_cn_ad\s1,43,adni_to_nacc,D:\cyh\dictionary_learn\outputs\journal\apic_v3_screening_cn_ad\s1\seed43\adni_to_nacc\ce_x\journal_metrics.json,ce_x,15,clean,0.012395706257771656,1.918982175626915,0.9397952227126289,,,,,,,,,0.0,0.0,0.0,0.0,0.0,0.0,0.0,,
D:\cyh\dictionary_learn\outputs\journal\apic_v3_screening_cn_ad\s1,43,adni_to_nacc,D:\cyh\dictionary_learn\outputs\journal\apic_v3_screening_cn_ad\s1\seed43\adni_to_nacc\ce_x\journal_metrics.json,ce_x,16,clean,0.13236617462650638,1.2986230849824354,0.9467210527877509,,,,,,,,,0.0,0.0,0.0,0.0,0.0,0.0,0.0,,
D:\cyh\dictionary_learn\outputs\journal\apic_v3_screening_cn_ad\s1,43,adni_to_nacc,D:\cyh\dictionary_learn\outputs\journal\apic_v3_screening_cn_ad\s1\seed43\adni_to_nacc\ce_x\journal_metrics.json,ce_x,17,clean,0.06885616861968245,0.9705145635615787,1.0233795214493826,,,,,,,,,0.0,0.0,0.0,0.0,0.0,0.0,0.0,,
D:\cyh\dictionary_learn\outputs\journal\apic_v3_screening_cn_ad\s1,43,adni_to_nacc,D:\cyh\dictionary_learn\outputs\journal\apic_v3_screening_cn_ad\s1\seed43\adni_to_nacc\ce_x\journal_metrics.json,ce_x,18,clean,0.016186306497126997,0.38806567226225214,1.1082450834185045,,,,,,,,,0.0,0.0,0.0,0.0,0.0,0.0,0.0,,
D:\cyh\dictionary_learn\outputs\journal\apic_v3_screening_cn_ad\s1,43,adni_to_nacc,D:\cyh\dictionary_learn\outputs\journal\apic_v3_screening_cn_ad\s1\seed43\adni_to_nacc\ce_x\journal_metrics.json,ce_x,19,clean,0.010738040077926433,0.5668342728323588,1.0823561264427182,,,,,,,,,0.0,0.0,0.0,0.0,0.0,0.0,0.0,,
D:\cyh\dictionary_learn\outputs\journal\apic_v3_screening_cn_ad\s1,43,adni_to_nacc,D:\cyh\dictionary_learn\outputs\journal\apic_v3_screening_cn_ad\s1\seed43\adni_to_nacc\ce_x\journal_metrics.json,ce_x,20,clean,0.007575342959039901,0.497398660469082,1.0924606597176683,,,,,,,,,0.0,0.0,0.0,0.0,0.0,0.0,0.0,,
D:\cyh\dictionary_learn\outputs\journal\apic_v3_screening_cn_ad\s1,43,adni_to_nacc,D:\cyh\dictionary_learn\outputs\journal\apic_v3_screening_cn_ad\s1\seed43\adni_to_nacc\ce_x\journal_metrics.json,ce_x,21,clean,0.004903840498594814,0.49667178884356994,1.095317606328875,,,,,,,,,0.0,0.0,0.0,0.0,0.0,0.0,0.0,,
D:\cyh\dictionary_learn\outputs\journal\apic_v3_screening_cn_ad\s1,43,adni_to_nacc,D:\cyh\dictionary_learn\outputs\journal\apic_v3_screening_cn_ad\s1\seed43\adni_to_nacc\ce_x\journal_metrics.json,ce_x,22,clean,0.004852920269217701,0.5550386542341791,1.0835153396993922,,,,,,,,,0.0,0.0,0.0,0.0,0.0,0.0,0.0,,
D:\cyh\dictionary_learn\outputs\journal\apic_v3_screening_cn_ad\s1,43,adni_to_nacc,D:\cyh\dictionary_learn\outputs\journal\apic_v3_screening_cn_ad\s1\seed43\adni_to_nacc\ce_x\journal_metrics.json,ce_x,23,clean,0.004841589122023209,0.47608617412290943,1.1014746612784587,,,,,,,,,0.0,0.0,0.0,0.0,0.0,0.0,0.0,,
D:\cyh\dictionary_learn\outputs\journal\apic_v3_screening_cn_ad\s1,43,adni_to_nacc,D:\cyh\dictionary_learn\outputs\journal\apic_v3_screening_cn_ad\s1\seed43\adni_to_nacc\ce_x\journal_metrics.json,ce_x,24,clean,0.002506960663069264,0.600307276303146,1.0869873433698667,,,,,,,,,0.0,0.0,0.0,0.0,0.0,0.0,0.0,,
D:\cyh\dictionary_learn\outputs\journal\apic_v3_screening_cn_ad\s1,43,adni_to_nacc,D:\cyh\dictionary_learn\outputs\journal\apic_v3_screening_cn_ad\s1\seed43\adni_to_nacc\ce_x\journal_metrics.json,ce_x,25,clean,0.001546703262011947,0.6003357892530334,1.087604372699302,,,,,,,,,0.0,0.0,0.0,0.0,0.0,0.0,0.0,,
D:\cyh\dictionary_learn\outputs\journal\apic_v3_screening_cn_ad\s1,43,adni_to_nacc,D:\cyh\dictionary_learn\outputs\journal\apic_v3_screening_cn_ad\s1\seed43\adni_to_nacc\ce_x\journal_metrics.json,ce_x,26,clean,0.003400814373320367,0.4900914325537671,1.1080165054961453,,,,,,,,,0.0,0.0,0.0,0.0,0.0,0.0,0.0,,
D:\cyh\dictionary_learn\outputs\journal\apic_v3_screening_cn_ad\s1,43,adni_to_nacc,D:\cyh\dictionary_learn\outputs\journal\apic_v3_screening_cn_ad\s1\seed43\adni_to_nacc\ce_x\journal_metrics.json,ce_x,27,clean,0.0018343227776609003,0.4843492807998323,1.110296677508761,,,,,,,,,0.0,0.0,0.0,0.0,0.0,0.0,0.0,,
D:\cyh\dictionary_learn\outputs\journal\apic_v3_screening_cn_ad\s1,43,adni_to_nacc,D:\cyh\dictionary_learn\outputs\journal\apic_v3_screening_cn_ad\s1\seed43\adni_to_nacc\ce_x\journal_metrics.json,ce_x,28,clean,0.001709655700170811,0.6067065295595074,1.0917798483406351,,,,,,,,,0.0,0.0,0.0,0.0,0.0,0.0,0.0,,
D:\cyh\dictionary_learn\outputs\journal\apic_v3_screening_cn_ad\s1,43,adni_to_nacc,D:\cyh\dictionary_learn\outputs\journal\apic_v3_screening_cn_ad\s1\seed43\adni_to_nacc\ce_x\journal_metrics.json,ce_x,29,clean,0.0019064054560373504,0.5066719377732753,1.1078670923359228,,,,,,,,,0.0,0.0,0.0,0.0,0.0,0.0,0.0,,
D:\cyh\dictionary_learn\outputs\journal\apic_v3_screening_cn_ad\s1,43,adni_to_nacc,D:\cyh\dictionary_learn\outputs\journal\apic_v3_screening_cn_ad\s1\seed43\adni_to_nacc\ce_x\journal_metrics.json,ce_x,30,clean,0.001309394811179085,0.5762979267385318,1.1001103994618497,,,,,,,,,0.0,0.0,0.0,0.0,0.0,0.0,0.0,,
D:\cyh\dictionary_learn\outputs\journal\apic_v3_screening_cn_ad\s1,43,adni_to_nacc,D:\cyh\dictionary_learn\outputs\journal\apic_v3_screening_cn_ad\s1\seed43\adni_to_nacc\ce_x\journal_metrics.json,ce_x,31,clean,0.000841104623168028,0.5976834478801806,1.099410863689721,,,,,,,,,0.0,0.0,0.0,0.0,0.0,0.0,0.0,,
D:\cyh\dictionary_learn\outputs\journal\apic_v3_screening_cn_ad\s1,43,adni_to_nacc,D:\cyh\dictionary_learn\outputs\journal\apic_v3_screening_cn_ad\s1\seed43\adni_to_nacc\ce_x\journal_metrics.json,ce_x,32,clean,0.0009016683468060758,0.6056511779236833,1.0998329114936956,,,,,,,,,0.0,0.0,0.0,0.0,0.0,0.0,0.0,,
D:\cyh\dictionary_learn\outputs\journal\apic_v3_screening_cn_ad\s1,43,adni_to_nacc,D:\cyh\dictionary_learn\outputs\journal\apic_v3_screening_cn_ad\s1\seed43\adni_to_nacc\ce_x\journal_metrics.json,ce_x,33,clean,0.001132625191267692,0.5248389989284198,1.103640758217547,,,,,,,,,0.0,0.0,0.0,0.0,0.0,0.0,0.0,,
D:\cyh\dictionary_learn\outputs\journal\apic_v3_screening_cn_ad\s1,43,adni_to_nacc,D:\cyh\dictionary_learn\outputs\journal\apic_v3_screening_cn_ad\s1\seed43\adni_to_nacc\ce_x\journal_metrics.json,ce_x,34,clean,0.0010300936095496494,0.5389217331098477,1.103402968829537,,,,,,,,,0.0,0.0,0.0,0.0,0.0,0.0,0.0,,
D:\cyh\dictionary_learn\outputs\journal\apic_v3_screening_cn_ad\s1,43,adni_to_nacc,D:\cyh\dictionary_learn\outputs\journal\apic_v3_screening_cn_ad\s1\seed43\adni_to_nacc\ce_x\journal_metrics.json,ce_x,35,clean,0.0011171691399050109,0.606466865131826,1.1022623426759273,,,,,,,,,0.0,0.0,0.0,0.0,0.0,0.0,0.0,,
D:\cyh\dictionary_learn\outputs\journal\apic_v3_screening_cn_ad\s1,43,adni_to_nacc,D:\cyh\dictionary_learn\outputs\journal\apic_v3_screening_cn_ad\s1\seed43\adni_to_nacc\ce_x\journal_metrics.json,ce_x,36,clean,0.0009744607654809728,0.5288430237268379,1.1103463815980712,,,,,,,,,0.0,0.0,0.0,0.0,0.0,0.0,0.0,,
D:\cyh\dictionary_learn\outputs\journal\apic_v3_screening_cn_ad\s1,43,adni_to_nacc,D:\cyh\dictionary_learn\outputs\journal\apic_v3_screening_cn_ad\s1\seed43\adni_to_nacc\ce_x\journal_metrics.json,ce_x,37,clean,0.001137480676136995,1.014980539329921,1.0379269205300001,,,,,,,,,0.0,0.0,0.0,0.0,0.0,0.0,0.0,,
D:\cyh\dictionary_learn\outputs\journal\apic_v3_screening_cn_ad\s1,43,adni_to_nacc,D:\cyh\dictionary_learn\outputs\journal\apic_v3_screening_cn_ad\s1\seed43\adni_to_nacc\ce_x\journal_metrics.json,ce_x,38,clean,0.0011447659054250703,0.5839968379734449,1.0980370372049253,,,,,,,,,0.0,0.0,0.0,0.0,0.0,0.0,0.0,,
D:\cyh\dictionary_learn\outputs\journal\apic_v3_screening_cn_ad\s1,43,adni_to_nacc,D:\cyh\dictionary_learn\outputs\journal\apic_v3_screening_cn_ad\s1\seed43\adni_to_nacc\ce_x\journal_metrics.json,ce_x,39,clean,0.0008637777270439939,0.6165094034090028,1.1023136974795165,,,,,,,,,0.0,0.0,0.0,0.0,0.0,0.0,0.0,,
D:\cyh\dictionary_learn\outputs\journal\apic_v3_screening_cn_ad\s1,43,adni_to_nacc,D:\cyh\dictionary_learn\outputs\journal\apic_v3_screening_cn_ad\s1\seed43\adni_to_nacc\ce_x\journal_metrics.json,ce_x,40,clean,0.000697683695455135,0.636673245465991,1.1000363564403737,,,,,,,,,0.0,0.0,0.0,0.0,0.0,0.0,0.0,,
D:\cyh\dictionary_learn\outputs\journal\apic_v3_screening_cn_ad\s1,43,adni_to_nacc,D:\cyh\dictionary_learn\outputs\journal\apic_v3_screening_cn_ad\s1\seed43\adni_to_nacc\ce_x\journal_metrics.json,ce_x,41,clean,0.0009030606741427882,0.5373020986045297,1.1062038259233031,,,,,,,,,0.0,0.0,0.0,0.0,0.0,0.0,0.0,,
D:\cyh\dictionary_learn\outputs\journal\apic_v3_screening_cn_ad\s1,43,adni_to_nacc,D:\cyh\dictionary_learn\outputs\journal\apic_v3_screening_cn_ad\s1\seed43\adni_to_nacc\ce_x\journal_metrics.json,ce_x,42,clean,0.00048047075193082206,0.5440636708135099,1.112562123463759,,,,,,,,,0.0,0.0,0.0,0.0,0.0,0.0,0.0,,
D:\cyh\dictionary_learn\outputs\journal\apic_v3_screening_cn_ad\s1,43,adni_to_nacc,D:\cyh\dictionary_learn\outputs\journal\apic_v3_screening_cn_ad\s1\seed43\adni_to_nacc\ce_x\journal_metrics.json,ce_x,43,clean,0.000381039450755441,0.578345905446822,1.105745013299852,,,,,,,,,0.0,0.0,0.0,0.0,0.0,0.0,0.0,,
D:\cyh\dictionary_learn\outputs\journal\apic_v3_screening_cn_ad\s1,43,adni_to_nacc,D:\cyh\dictionary_learn\outputs\journal\apic_v3_screening_cn_ad\s1\seed43\adni_to_nacc\ce_x\journal_metrics.json,ce_x,44,clean,0.00042925049624993486,0.5951602038032202,1.1055237894995156,,,,,,,,,0.0,0.0,0.0,0.0,0.0,0.0,0.0,,
D:\cyh\dictionary_learn\outputs\journal\apic_v3_screening_cn_ad\s1,43,adni_to_nacc,D:\cyh\dictionary_learn\outputs\journal\apic_v3_screening_cn_ad\s1\seed43\adni_to_nacc\ce_x\journal_metrics.json,ce_x,45,clean,0.0007798513334457684,0.5661579711558699,1.1060007952653153,,,,,,,,,0.0,0.0,0.0,0.0,0.0,0.0,0.0,,
D:\cyh\dictionary_learn\outputs\journal\apic_v3_screening_cn_ad\s1,43,adni_to_nacc,D:\cyh\dictionary_learn\outputs\journal\apic_v3_screening_cn_ad\s1\seed43\adni_to_nacc\ce_x\journal_metrics.json,ce_x,46,clean,0.0006378944773866559,0.602406410149574,1.1030483588117055,,,,,,,,,0.0,0.0,0.0,0.0,0.0,0.0,0.0,,
D:\cyh\dictionary_learn\outputs\journal\apic_v3_screening_cn_ad\s1,43,adni_to_nacc,D:\cyh\dictionary_learn\outputs\journal\apic_v3_screening_cn_ad\s1\seed43\adni_to_nacc\ce_x\journal_metrics.json,ce_x,47,clean,0.0005294649573519871,0.7330194661943542,1.0900047112187126,,,,,,,,,0.0,0.0,0.0,0.0,0.0,0.0,0.0,,
D:\cyh\dictionary_learn\outputs\journal\apic_v3_screening_cn_ad\s1,43,adni_to_nacc,D:\cyh\dictionary_learn\outputs\journal\apic_v3_screening_cn_ad\s1\seed43\adni_to_nacc\ce_x\journal_metrics.json,ce_x,48,clean,0.0004714637025354461,0.6024466692570037,1.1033580564194794,,,,,,,,,0.0,0.0,0.0,0.0,0.0,0.0,0.0,,
D:\cyh\dictionary_learn\outputs\journal\apic_v3_screening_cn_ad\s1,43,adni_to_nacc,D:\cyh\dictionary_learn\outputs\journal\apic_v3_screening_cn_ad\s1\seed43\adni_to_nacc\ce_x\journal_metrics.json,ce_x,49,clean,0.0009248896032702936,0.5771044972661215,1.103820170110573,,,,,,,,,0.0,0.0,0.0,0.0,0.0,0.0,0.0,,
D:\cyh\dictionary_learn\outputs\journal\apic_v3_screening_cn_ad\s1,43,adni_to_nacc,D:\cyh\dictionary_learn\outputs\journal\apic_v3_screening_cn_ad\s1\seed43\adni_to_nacc\ce_x\journal_metrics.json,ce_x,50,clean,0.00046923962693117243,0.6539929760736516,1.10917846280873,,,,,,,,,0.0,0.0,0.0,0.0,0.0,0.0,0.0,,
D:\cyh\dictionary_learn\outputs\journal\apic_v3_screening_cn_ad\s1,43,adni_to_nacc,D:\cyh\dictionary_learn\outputs\journal\apic_v3_screening_cn_ad\s1\seed43\adni_to_nacc\mixstyle_x\journal_metrics.json,mixstyle_x,1,mixstyle,0.45732440727661894,1.0315030635277442,0.9461271371864503,,,,,,,,,0.0,0.0,0.0,0.0,0.0,0.0,0.0,,
D:\cyh\dictionary_learn\outputs\journal\apic_v3_screening_cn_ad\s1,43,adni_to_nacc,D:\cyh\dictionary_learn\outputs\journal\apic_v3_screening_cn_ad\s1\seed43\adni_to_nacc\mixstyle_x\journal_metrics.json,mixstyle_x,2,mixstyle,0.3133171295006591,2.426294737018838,0.8643906630945873,,,,,,,,,0.0,0.0,0.0,0.0,0.0,0.0,0.0,,
D:\cyh\dictionary_learn\outputs\journal\apic_v3_screening_cn_ad\s1,43,adni_to_nacc,D:\cyh\dictionary_learn\outputs\journal\apic_v3_screening_cn_ad\s1\seed43\adni_to_nacc\mixstyle_x\journal_metrics.json,mixstyle_x,3,mixstyle,0.24262462636310023,0.6545976053015659,1.028145693973917,,,,,,,,,0.0,0.0,0.0,0.0,0.0,0.0,0.0,,
D:\cyh\dictionary_learn\outputs\journal\apic_v3_screening_cn_ad\s1,43,adni_to_nacc,D:\cyh\dictionary_learn\outputs\journal\apic_v3_screening_cn_ad\s1\seed43\adni_to_nacc\mixstyle_x\journal_metrics.json,mixstyle_x,4,mixstyle,0.23873168828683983,0.6120307093029315,0.9812652378568453,,,,,,,,,0.0,0.0,0.0,0.0,0.0,0.0,0.0,,
D:\cyh\dictionary_learn\outputs\journal\apic_v3_screening_cn_ad\s1,43,adni_to_nacc,D:\cyh\dictionary_learn\outputs\journal\apic_v3_screening_cn_ad\s1\seed43\adni_to_nacc\mixstyle_x\journal_metrics.json,mixstyle_x,5,mixstyle,0.1625868843262454,1.249101808035465,0.9462843693153455,,,,,,,,,0.0,0.0,0.0,0.0,0.0,0.0,0.0,,
D:\cyh\dictionary_learn\outputs\journal\apic_v3_screening_cn_ad\s1,43,adni_to_nacc,D:\cyh\dictionary_learn\outputs\journal\apic_v3_screening_cn_ad\s1\seed43\adni_to_nacc\mixstyle_x\journal_metrics.json,mixstyle_x,6,mixstyle,0.22046853451574422,0.48928917806929434,1.102224879633032,,,,,,,,,0.0,0.0,0.0,0.0,0.0,0.0,0.0,,
D:\cyh\dictionary_learn\outputs\journal\apic_v3_screening_cn_ad\s1,43,adni_to_nacc,D:\cyh\dictionary_learn\outputs\journal\apic_v3_screening_cn_ad\s1\seed43\adni_to_nacc\mixstyle_x\journal_metrics.json,mixstyle_x,7,mixstyle,0.18092076367620064,0.4776252908258752,1.1082979164304714,,,,,,,,,0.0,0.0,0.0,0.0,0.0,0.0,0.0,,
D:\cyh\dictionary_learn\outputs\journal\apic_v3_screening_cn_ad\s1,43,adni_to_nacc,D:\cyh\dictionary_learn\outputs\journal\apic_v3_screening_cn_ad\s1\seed43\adni_to_nacc\mixstyle_x\journal_metrics.json,mixstyle_x,8,mixstyle,0.09450111765953073,0.5467896601262081,1.053091818272093,,,,,,,,,0.0,0.0,0.0,0.0,0.0,0.0,0.0,,
D:\cyh\dictionary_learn\outputs\journal\apic_v3_screening_cn_ad\s1,43,adni_to_nacc,D:\cyh\dictionary_learn\outputs\journal\apic_v3_screening_cn_ad\s1\seed43\adni_to_nacc\mixstyle_x\journal_metrics.json,mixstyle_x,9,mixstyle,0.08874430986828204,1.2352350637989935,0.9974654939946993,,,,,,,,,0.0,0.0,0.0,0.0,0.0,0.0,0.0,,
D:\cyh\dictionary_learn\outputs\journal\apic_v3_screening_cn_ad\s1,43,adni_to_nacc,D:\cyh\dictionary_learn\outputs\journal\apic_v3_screening_cn_ad\s1\seed43\adni_to_nacc\mixstyle_x\journal_metrics.json,mixstyle_x,10,mixstyle,0.04596500667246867,0.706129532821371,1.076729979115851,,,,,,,,,0.0,0.0,0.0,0.0,0.0,0.0,0.0,,
D:\cyh\dictionary_learn\outputs\journal\apic_v3_screening_cn_ad\s1,43,adni_to_nacc,D:\cyh\dictionary_learn\outputs\journal\apic_v3_screening_cn_ad\s1\seed43\adni_to_nacc\mixstyle_x\journal_metrics.json,mixstyle_x,11,mixstyle,0.08512535758165037,0.39663191220310146,1.137241703141685,,,,,,,,,0.0,0.0,0.0,0.0,0.0,0.0,0.0,,
D:\cyh\dictionary_learn\outputs\journal\apic_v3_screening_cn_ad\s1,43,adni_to_nacc,D:\cyh\dictionary_learn\outputs\journal\apic_v3_screening_cn_ad\s1\seed43\adni_to_nacc\mixstyle_x\journal_metrics.json,mixstyle_x,12,mixstyle,0.07879975910792239,0.5409086653258474,1.0769102549098009,,,,,,,,,0.0,0.0,0.0,0.0,0.0,0.0,0.0,,
D:\cyh\dictionary_learn\outputs\journal\apic_v3_screening_cn_ad\s1,43,adni_to_nacc,D:\cyh\dictionary_learn\outputs\journal\apic_v3_screening_cn_ad\s1\seed43\adni_to_nacc\mixstyle_x\journal_metrics.json,mixstyle_x,13,mixstyle,0.030931992109876173,0.5528739921760719,1.0958497489758354,,,,,,,,,0.0,0.0,0.0,0.0,0.0,0.0,0.0,,
D:\cyh\dictionary_learn\outputs\journal\apic_v3_screening_cn_ad\s1,43,adni_to_nacc,D:\cyh\dictionary_learn\outputs\journal\apic_v3_screening_cn_ad\s1\seed43\adni_to_nacc\mixstyle_x\journal_metrics.json,mixstyle_x,14,mixstyle,0.06268283898215629,0.6262641565651033,1.0412156456171773,,,,,,,,,0.0,0.0,0.0,0.0,0.0,0.0,0.0,,
D:\cyh\dictionary_learn\outputs\journal\apic_v3_screening_cn_ad\s1,43,adni_to_nacc,D:\cyh\dictionary_learn\outputs\journal\apic_v3_screening_cn_ad\s1\seed43\adni_to_nacc\mixstyle_x\journal_metrics.json,mixstyle_x,15,mixstyle,0.012533900426512763,0.6521507984849313,1.0953386436547399,,,,,,,,,0.0,0.0,0.0,0.0,0.0,0.0,0.0,,
D:\cyh\dictionary_learn\outputs\journal\apic_v3_screening_cn_ad\s1,43,adni_to_nacc,D:\cyh\dictionary_learn\outputs\journal\apic_v3_screening_cn_ad\s1\seed43\adni_to_nacc\mixstyle_x\journal_metrics.json,mixstyle_x,16,mixstyle,0.03321780790718615,0.786071046826623,0.9980847951328438,,,,,,,,,0.0,0.0,0.0,0.0,0.0,0.0,0.0,,
D:\cyh\dictionary_learn\outputs\journal\apic_v3_screening_cn_ad\s1,43,adni_to_nacc,D:\cyh\dictionary_learn\outputs\journal\apic_v3_screening_cn_ad\s1\seed43\adni_to_nacc\mixstyle_x\journal_metrics.json,mixstyle_x,17,mixstyle,0.02583332965080346,0.3969533929031865,1.1180206381735622,,,,,,,,,0.0,0.0,0.0,0.0,0.0,0.0,0.0,,
D:\cyh\dictionary_learn\outputs\journal\apic_v3_screening_cn_ad\s1,43,adni_to_nacc,D:\cyh\dictionary_learn\outputs\journal\apic_v3_screening_cn_ad\s1\seed43\adni_to_nacc\mixstyle_x\journal_metrics.json,mixstyle_x,18,mixstyle,0.00863566259216764,0.4122215414208081,1.1270397627659592,,,,,,,,,0.0,0.0,0.0,0.0,0.0,0.0,0.0,,
D:\cyh\dictionary_learn\outputs\journal\apic_v3_screening_cn_ad\s1,43,adni_to_nacc,D:\cyh\dictionary_learn\outputs\journal\apic_v3_screening_cn_ad\s1\seed43\adni_to_nacc\mixstyle_x\journal_metrics.json,mixstyle_x,19,mixstyle,0.0071151920002380225,0.9191752662470363,1.0614603058903744,,,,,,,,,0.0,0.0,0.0,0.0,0.0,0.0,0.0,,
D:\cyh\dictionary_learn\outputs\journal\apic_v3_screening_cn_ad\s1,43,adni_to_nacc,D:\cyh\dictionary_learn\outputs\journal\apic_v3_screening_cn_ad\s1\seed43\adni_to_nacc\mixstyle_x\journal_metrics.json,mixstyle_x,20,mixstyle,0.004657908324544957,0.5298159645479348,1.12980323700526,,,,,,,,,0.0,0.0,0.0,0.0,0.0,0.0,0.0,,
D:\cyh\dictionary_learn\outputs\journal\apic_v3_screening_cn_ad\s1,43,adni_to_nacc,D:\cyh\dictionary_learn\outputs\journal\apic_v3_screening_cn_ad\s1\seed43\adni_to_nacc\mixstyle_x\journal_metrics.json,mixstyle_x,21,mixstyle,0.0035854520185721523,0.42955068093482934,1.1214232753178937,,,,,,,,,0.0,0.0,0.0,0.0,0.0,0.0,0.0,,
D:\cyh\dictionary_learn\outputs\journal\apic_v3_screening_cn_ad\s1,43,adni_to_nacc,D:\cyh\dictionary_learn\outputs\journal\apic_v3_screening_cn_ad\s1\seed43\adni_to_nacc\mixstyle_x\journal_metrics.json,mixstyle_x,22,mixstyle,0.0030430571501513562,0.47259506968468895,1.0982413688567754,,,,,,,,,0.0,0.0,0.0,0.0,0.0,0.0,0.0,,
D:\cyh\dictionary_learn\outputs\journal\apic_v3_screening_cn_ad\s1,43,adni_to_nacc,D:\cyh\dictionary_learn\outputs\journal\apic_v3_screening_cn_ad\s1\seed43\adni_to_nacc\mixstyle_x\journal_metrics.json,mixstyle_x,23,mixstyle,0.003608545356995359,0.49028482884623714,1.1012995735270954,,,,,,,,,0.0,0.0,0.0,0.0,0.0,0.0,0.0,,
D:\cyh\dictionary_learn\outputs\journal\apic_v3_screening_cn_ad\s1,43,adni_to_nacc,D:\cyh\dictionary_learn\outputs\journal\apic_v3_screening_cn_ad\s1\seed43\adni_to_nacc\mixstyle_x\journal_metrics.json,mixstyle_x,24,mixstyle,0.0022405905641001054,0.5311606319663488,1.0896925219982296,,,,,,,,,0.0,0.0,0.0,0.0,0.0,0.0,0.0,,
D:\cyh\dictionary_learn\outputs\journal\apic_v3_screening_cn_ad\s1,43,adni_to_nacc,D:\cyh\dictionary_learn\outputs\journal\apic_v3_screening_cn_ad\s1\seed43\adni_to_nacc\mixstyle_x\journal_metrics.json,mixstyle_x,25,mixstyle,0.001112786008582271,0.5399835231776895,1.089929103756687,,,,,,,,,0.0,0.0,0.0,0.0,0.0,0.0,0.0,,
D:\cyh\dictionary_learn\outputs\journal\apic_v3_screening_cn_ad\s1,43,adni_to_nacc,D:\cyh\dictionary_learn\outputs\journal\apic_v3_screening_cn_ad\s1\seed43\adni_to_nacc\mixstyle_x\journal_metrics.json,mixstyle_x,26,mixstyle,0.002298275341124818,0.5129926947836725,1.095383307848096,,,,,,,,,0.0,0.0,0.0,0.0,0.0,0.0,0.0,,
D:\cyh\dictionary_learn\outputs\journal\apic_v3_screening_cn_ad\s1,43,adni_to_nacc,D:\cyh\dictionary_learn\outputs\journal\apic_v3_screening_cn_ad\s1\seed43\adni_to_nacc\mixstyle_x\journal_metrics.json,mixstyle_x,27,mixstyle,0.0014413328467361931,0.5085246526523063,1.097968966130887,,,,,,,,,0.0,0.0,0.0,0.0,0.0,0.0,0.0,,
D:\cyh\dictionary_learn\outputs\journal\apic_v3_screening_cn_ad\s1,43,adni_to_nacc,D:\cyh\dictionary_learn\outputs\journal\apic_v3_screening_cn_ad\s1\seed43\adni_to_nacc\mixstyle_x\journal_metrics.json,mixstyle_x,28,mixstyle,0.0014733948082283016,0.5163929169587923,1.0980217425816625,,,,,,,,,0.0,0.0,0.0,0.0,0.0,0.0,0.0,,
D:\cyh\dictionary_learn\outputs\journal\apic_v3_screening_cn_ad\s1,43,adni_to_nacc,D:\cyh\dictionary_learn\outputs\journal\apic_v3_screening_cn_ad\s1\seed43\adni_to_nacc\mixstyle_x\journal_metrics.json,mixstyle_x,29,mixstyle,0.001421113841004911,0.5092568559696891,1.1208868810596744,,,,,,,,,0.0,0.0,0.0,0.0,0.0,0.0,0.0,,
D:\cyh\dictionary_learn\outputs\journal\apic_v3_screening_cn_ad\s1,43,adni_to_nacc,D:\cyh\dictionary_learn\outputs\journal\apic_v3_screening_cn_ad\s1\seed43\adni_to_nacc\mixstyle_x\journal_metrics.json,mixstyle_x,30,mixstyle,0.0011799580310450316,0.5505226657440049,1.100061338752123,,,,,,,,,0.0,0.0,0.0,0.0,0.0,0.0,0.0,,
D:\cyh\dictionary_learn\outputs\journal\apic_v3_screening_cn_ad\s1,43,adni_to_nacc,D:\cyh\dictionary_learn\outputs\journal\apic_v3_screening_cn_ad\s1\seed43\adni_to_nacc\mixstyle_x\journal_metrics.json,mixstyle_x,31,mixstyle,0.0006756345700775554,0.5703074705328068,1.0947896796821581,,,,,,,,,0.0,0.0,0.0,0.0,0.0,0.0,0.0,,
D:\cyh\dictionary_learn\outputs\journal\apic_v3_screening_cn_ad\s1,43,adni_to_nacc,D:\cyh\dictionary_learn\outputs\journal\apic_v3_screening_cn_ad\s1\seed43\adni_to_nacc\mixstyle_x\journal_metrics.json,mixstyle_x,32,mixstyle,0.0006837410102714083,0.5928884245180563,1.0944434500057318,,,,,,,,,0.0,0.0,0.0,0.0,0.0,0.0,0.0,,
D:\cyh\dictionary_learn\outputs\journal\apic_v3_screening_cn_ad\s1,43,adni_to_nacc,D:\cyh\dictionary_learn\outputs\journal\apic_v3_screening_cn_ad\s1\seed43\adni_to_nacc\mixstyle_x\journal_metrics.json,mixstyle_x,33,mixstyle,0.000867198322854406,0.5277682420645126,1.1231295168081636,,,,,,,,,0.0,0.0,0.0,0.0,0.0,0.0,0.0,,
D:\cyh\dictionary_learn\outputs\journal\apic_v3_screening_cn_ad\s1,43,adni_to_nacc,D:\cyh\dictionary_learn\outputs\journal\apic_v3_screening_cn_ad\s1\seed43\adni_to_nacc\mixstyle_x\journal_metrics.json,mixstyle_x,34,mixstyle,0.0008783923153988512,0.549912489468762,1.1228983108976736,,,,,,,,,0.0,0.0,0.0,0.0,0.0,0.0,0.0,,
D:\cyh\dictionary_learn\outputs\journal\apic_v3_screening_cn_ad\s1,43,adni_to_nacc,D:\cyh\dictionary_learn\outputs\journal\apic_v3_screening_cn_ad\s1\seed43\adni_to_nacc\mixstyle_x\journal_metrics.json,mixstyle_x,35,mixstyle,0.0009103526612175685,0.5711574570347161,1.1226450721942187,,,,,,,,,0.0,0.0,0.0,0.0,0.0,0.0,0.0,,
D:\cyh\dictionary_learn\outputs\journal\apic_v3_screening_cn_ad\s1,43,adni_to_nacc,D:\cyh\dictionary_learn\outputs\journal\apic_v3_screening_cn_ad\s1\seed43\adni_to_nacc\mixstyle_x\journal_metrics.json,mixstyle_x,36,mixstyle,0.0008040026446709028,0.5392764634711193,1.1311990298062973,,,,,,,,,0.0,0.0,0.0,0.0,0.0,0.0,0.0,,
D:\cyh\dictionary_learn\outputs\journal\apic_v3_screening_cn_ad\s1,43,adni_to_nacc,D:\cyh\dictionary_learn\outputs\journal\apic_v3_screening_cn_ad\s1\seed43\adni_to_nacc\mixstyle_x\journal_metrics.json,mixstyle_x,37,mixstyle,0.0013081661075495985,0.7199549114237633,1.091396299914973,,,,,,,,,0.0,0.0,0.0,0.0,0.0,0.0,0.0,,
D:\cyh\dictionary_learn\outputs\journal\apic_v3_screening_cn_ad\s1,43,adni_to_nacc,D:\cyh\dictionary_learn\outputs\journal\apic_v3_screening_cn_ad\s1\seed43\adni_to_nacc\mixstyle_x\journal_metrics.json,mixstyle_x,38,mixstyle,0.0010680011360073626,0.5495380366575756,1.125620725062378,,,,,,,,,0.0,0.0,0.0,0.0,0.0,0.0,0.0,,
D:\cyh\dictionary_learn\outputs\journal\apic_v3_screening_cn_ad\s1,43,adni_to_nacc,D:\cyh\dictionary_learn\outputs\journal\apic_v3_screening_cn_ad\s1\seed43\adni_to_nacc\mixstyle_x\journal_metrics.json,mixstyle_x,39,mixstyle,0.000720644569437683,0.5855520733135597,1.1273001096712782,,,,,,,,,0.0,0.0,0.0,0.0,0.0,0.0,0.0,,
D:\cyh\dictionary_learn\outputs\journal\apic_v3_screening_cn_ad\s1,43,adni_to_nacc,D:\cyh\dictionary_learn\outputs\journal\apic_v3_screening_cn_ad\s1\seed43\adni_to_nacc\mixstyle_x\journal_metrics.json,mixstyle_x,40,mixstyle,0.0006770014441421351,0.5691969610981069,1.125385908098013,,,,,,,,,0.0,0.0,0.0,0.0,0.0,0.0,0.0,,
D:\cyh\dictionary_learn\outputs\journal\apic_v3_screening_cn_ad\s1,43,adni_to_nacc,D:\cyh\dictionary_learn\outputs\journal\apic_v3_screening_cn_ad\s1\seed43\adni_to_nacc\mixstyle_x\journal_metrics.json,mixstyle_x,41,mixstyle,0.000750399884361604,0.5669310648074641,1.1253939359965328,,,,,,,,,0.0,0.0,0.0,0.0,0.0,0.0,0.0,,
D:\cyh\dictionary_learn\outputs\journal\apic_v3_screening_cn_ad\s1,43,adni_to_nacc,D:\cyh\dictionary_learn\outputs\journal\apic_v3_screening_cn_ad\s1\seed43\adni_to_nacc\mixstyle_x\journal_metrics.json,mixstyle_x,42,mixstyle,0.00041000669693584126,0.5719836545942153,1.1255006546840016,,,,,,,,,0.0,0.0,0.0,0.0,0.0,0.0,0.0,,
D:\cyh\dictionary_learn\outputs\journal\apic_v3_screening_cn_ad\s1,43,adni_to_nacc,D:\cyh\dictionary_learn\outputs\journal\apic_v3_screening_cn_ad\s1\seed43\adni_to_nacc\mixstyle_x\journal_metrics.json,mixstyle_x,43,mixstyle,0.0003227297797327839,0.5729946273363481,1.1253977899954255,,,,,,,,,0.0,0.0,0.0,0.0,0.0,0.0,0.0,,
D:\cyh\dictionary_learn\outputs\journal\apic_v3_screening_cn_ad\s1,43,adni_to_nacc,D:\cyh\dictionary_learn\outputs\journal\apic_v3_screening_cn_ad\s1\seed43\adni_to_nacc\mixstyle_x\journal_metrics.json,mixstyle_x,44,mixstyle,0.0003083562347368219,0.5915280757795218,1.1251391767089352,,,,,,,,,0.0,0.0,0.0,0.0,0.0,0.0,0.0,,
D:\cyh\dictionary_learn\outputs\journal\apic_v3_screening_cn_ad\s1,43,adni_to_nacc,D:\cyh\dictionary_learn\outputs\journal\apic_v3_screening_cn_ad\s1\seed43\adni_to_nacc\mixstyle_x\journal_metrics.json,mixstyle_x,45,mixstyle,0.000673007199385397,0.5911179511579593,1.125181304254086,,,,,,,,,0.0,0.0,0.0,0.0,0.0,0.0,0.0,,
D:\cyh\dictionary_learn\outputs\journal\apic_v3_screening_cn_ad\s1,43,adni_to_nacc,D:\cyh\dictionary_learn\outputs\journal\apic_v3_screening_cn_ad\s1\seed43\adni_to_nacc\mixstyle_x\journal_metrics.json,mixstyle_x,46,mixstyle,0.0005531508528972143,0.5968437627350041,1.1250762280476276,,,,,,,,,0.0,0.0,0.0,0.0,0.0,0.0,0.0,,
D:\cyh\dictionary_learn\outputs\journal\apic_v3_screening_cn_ad\s1,43,adni_to_nacc,D:\cyh\dictionary_learn\outputs\journal\apic_v3_screening_cn_ad\s1\seed43\adni_to_nacc\mixstyle_x\journal_metrics.json,mixstyle_x,47,mixstyle,0.0005268614727958858,0.6787188232992776,1.1247891752989998,,,,,,,,,0.0,0.0,0.0,0.0,0.0,0.0,0.0,,
D:\cyh\dictionary_learn\outputs\journal\apic_v3_screening_cn_ad\s1,43,adni_to_nacc,D:\cyh\dictionary_learn\outputs\journal\apic_v3_screening_cn_ad\s1\seed43\adni_to_nacc\mixstyle_x\journal_metrics.json,mixstyle_x,48,mixstyle,0.00041580635985725625,0.6177338630206388,1.1249732908790357,,,,,,,,,0.0,0.0,0.0,0.0,0.0,0.0,0.0,,
D:\cyh\dictionary_learn\outputs\journal\apic_v3_screening_cn_ad\s1,43,adni_to_nacc,D:\cyh\dictionary_learn\outputs\journal\apic_v3_screening_cn_ad\s1\seed43\adni_to_nacc\mixstyle_x\journal_metrics.json,mixstyle_x,49,mixstyle,0.0008478918399381962,0.5941787048302772,1.1228688865776308,,,,,,,,,0.0,0.0,0.0,0.0,0.0,0.0,0.0,,
D:\cyh\dictionary_learn\outputs\journal\apic_v3_screening_cn_ad\s1,43,adni_to_nacc,D:\cyh\dictionary_learn\outputs\journal\apic_v3_screening_cn_ad\s1\seed43\adni_to_nacc\mixstyle_x\journal_metrics.json,mixstyle_x,50,mixstyle,0.0005163426518835427,0.6724175049960839,1.124958193237776,,,,,,,,,0.0,0.0,0.0,0.0,0.0,0.0,0.0,,
D:\cyh\dictionary_learn\outputs\journal\apic_v3_screening_cn_ad\s1,43,nacc_to_adni,D:\cyh\dictionary_learn\outputs\journal\apic_v3_screening_cn_ad\s1\seed43\nacc_to_adni\apic_v3_x\journal_metrics.json,apic_v3_x,1,clean_warmup,0.5163490101278827,0.5811628843473049,0.8154997822394711,,,,,,,,,0.0,0.0,0.0,0.0,0.0,0.0,0.0,0,0.0
D:\cyh\dictionary_learn\outputs\journal\apic_v3_screening_cn_ad\s1,43,nacc_to_adni,D:\cyh\dictionary_learn\outputs\journal\apic_v3_screening_cn_ad\s1\seed43\nacc_to_adni\apic_v3_x\journal_metrics.json,apic_v3_x,2,clean_warmup,0.33840619644030473,1.838002587422946,0.8577383182333606,,,,,,,,,0.0,0.0,0.0,0.0,0.0,0.0,0.0,0,0.0
D:\cyh\dictionary_learn\outputs\journal\apic_v3_screening_cn_ad\s1,43,nacc_to_adni,D:\cyh\dictionary_learn\outputs\journal\apic_v3_screening_cn_ad\s1\seed43\nacc_to_adni\apic_v3_x\journal_metrics.json,apic_v3_x,3,clean_warmup,0.3455153196769137,0.4019740677682533,1.07759028843312,,,,,,,,,0.0,0.0,0.0,0.0,0.0,0.0,0.0,0,0.0
D:\cyh\dictionary_learn\outputs\journal\apic_v3_screening_cn_ad\s1,43,nacc_to_adni,D:\cyh\dictionary_learn\outputs\journal\apic_v3_screening_cn_ad\s1\seed43\nacc_to_adni\apic_v3_x\journal_metrics.json,apic_v3_x,4,clean_warmup,0.25483275853700976,4.206780504997855,0.8043941029662275,,,,,,,,,0.0,0.0,0.0,0.0,0.0,0.0,0.0,0,0.0
D:\cyh\dictionary_learn\outputs\journal\apic_v3_screening_cn_ad\s1,43,nacc_to_adni,D:\cyh\dictionary_learn\outputs\journal\apic_v3_screening_cn_ad\s1\seed43\nacc_to_adni\apic_v3_x\journal_metrics.json,apic_v3_x,5,clean_warmup,0.19891550746881637,0.3189288902243636,1.0887289811780616,,,,,,,,,0.0,0.0,0.0,0.0,0.0,0.0,0.0,0,0.0
D:\cyh\dictionary_learn\outputs\journal\apic_v3_screening_cn_ad\s1,43,nacc_to_adni,D:\cyh\dictionary_learn\outputs\journal\apic_v3_screening_cn_ad\s1\seed43\nacc_to_adni\apic_v3_x\journal_metrics.json,apic_v3_x,6,apis_warmup,0.45770187242549726,0.29893506298586314,1.0328125386964198,,,,,,,,,6.998308544791662e-06,1.0,1.5495705932552706e-08,0.21955276800933496,0.9822958811035369,0.10436460626046251,0.03617088487319773,8,716.0
D:\cyh\dictionary_learn\outputs\journal\apic_v3_screening_cn_ad\s1,43,nacc_to_adni,D:\cyh\dictionary_learn\outputs\journal\apic_v3_screening_cn_ad\s1\seed43\nacc_to_adni\apic_v3_x\journal_metrics.json,apic_v3_x,7,apis_warmup,0.6042034109149066,0.3686045353046499,1.0113906962263048,,,,,,,,,1.3668294749621247e-05,1.0,8.086891468328962e-08,0.25354404456122626,0.9683775155903906,0.13344322269855266,0.04352392212555395,8,1432.0
D:\cyh\dictionary_learn\outputs\journal\apic_v3_screening_cn_ad\s1,43,nacc_to_adni,D:\cyh\dictionary_learn\outputs\journal\apic_v3_screening_cn_ad\s1\seed43\nacc_to_adni\apic_v3_x\journal_metrics.json,apic_v3_x,8,apis_warmup,0.40737240353609594,0.9674827588008232,0.9680503949899877,,,,,,,,,2.0022623254854355e-05,1.0,2.2174970041453624e-07,0.240643000885761,0.974502448263115,0.11919831209842054,0.0404517958825194,8,2148.0
D:\cyh\dictionary_learn\outputs\journal\apic_v3_screening_cn_ad\s1,43,nacc_to_adni,D:\cyh\dictionary_learn\outputs\journal\apic_v3_screening_cn_ad\s1\seed43\nacc_to_adni\apic_v3_x\journal_metrics.json,apic_v3_x,9,apis_warmup,0.3520522240923936,0.30953961059768487,1.0676174573036028,,,,,,,,,3.065610016807753e-05,1.0,3.7153106094314474e-07,0.20317452205293005,0.9856862638915718,0.0928547273717779,0.03321032021090638,8,2864.0
D:\cyh\dictionary_learn\outputs\journal\apic_v3_screening_cn_ad\s1,43,nacc_to_adni,D:\cyh\dictionary_learn\outputs\journal\apic_v3_screening_cn_ad\s1\seed43\nacc_to_adni\apic_v3_x\journal_metrics.json,apic_v3_x,10,apis_warmup,0.23972386716443567,0.3756364369258171,1.0690941540966303,,,,,,,,,6.593981029521543e-06,1.0,2.203515868293583e-07,0.18331536758878378,0.9926474720406133,0.06825755700968497,0.02910419414080055,8,3580.0
D:\cyh\dictionary_learn\outputs\journal\apic_v3_screening_cn_ad\s1,43,nacc_to_adni,D:\cyh\dictionary_learn\outputs\journal\apic_v3_screening_cn_ad\s1\seed43\nacc_to_adni\apic_v3_x\journal_metrics.json,apic_v3_x,11,joint,0.07456405113539633,0.4480887116861487,1.0337313328973117,,,,,,,,,7.750790669690216e-06,1.0,2.32612676016138e-07,0.18138034067340403,0.9931141554310335,0.06495423132147869,0.02874709145483358,8,4296.0
D:\cyh\dictionary_learn\outputs\journal\apic_v3_screening_cn_ad\s1,43,nacc_to_adni,D:\cyh\dictionary_learn\outputs\journal\apic_v3_screening_cn_ad\s1\seed43\nacc_to_adni\apic_v3_x\journal_metrics.json,apic_v3_x,12,joint,0.02498708316710304,0.45805394514934455,1.0496362695733217,,,,,,,,,1.0825542488307378e-06,1.0,9.764054013237646e-08,0.1725927178420168,0.9951733390712205,0.0546904458513473,0.027175311519446986,8,5012.0
D:\cyh\dictionary_learn\outputs\journal\apic_v3_screening_cn_ad\s1,43,nacc_to_adni,D:\cyh\dictionary_learn\outputs\journal\apic_v3_screening_cn_ad\s1\seed43\nacc_to_adni\apic_v3_x\journal_metrics.json,apic_v3_x,13,joint,0.20652594895091678,0.34846454723889425,1.0835580836529126,,,,,,,,,5.507899238167047e-06,1.0,2.0884527400565215e-07,0.17179461131548748,0.9949821057266364,0.05867287595678308,0.027069333160306488,8,5728.0
D:\cyh\dictionary_learn\outputs\journal\apic_v3_screening_cn_ad\s1,43,nacc_to_adni,D:\cyh\dictionary_learn\outputs\journal\apic_v3_screening_cn_ad\s1\seed43\nacc_to_adni\apic_v3_x\journal_metrics.json,apic_v3_x,14,joint,0.07387410612274793,0.390115158016838,1.0947150254408287,,,,,,,,,4.315097593349218e-06,1.0,1.7275472843185176e-07,0.16817408067554068,0.9955649405884344,0.054723221413250075,0.026441474700107256,8,6444.0
D:\cyh\dictionary_learn\outputs\journal\apic_v3_screening_cn_ad\s1,43,nacc_to_adni,D:\cyh\dictionary_learn\outputs\journal\apic_v3_screening_cn_ad\s1\seed43\nacc_to_adni\apic_v3_x\journal_metrics.json,apic_v3_x,15,joint,0.05131206623351399,0.3245489958054201,1.0958371789266907,,,,,,,,,6.119131149633014e-06,1.0,2.534556528900588e-07,0.165014802660356,0.9960902516402346,0.05065366482185252,0.02589353953368504,8,7160.0
D:\cyh\dictionary_learn\outputs\journal\apic_v3_screening_cn_ad\s1,43,nacc_to_adni,D:\cyh\dictionary_learn\outputs\journal\apic_v3_screening_cn_ad\s1\seed43\nacc_to_adni\apic_v3_x\journal_metrics.json,apic_v3_x,16,joint,0.29584698056052283,0.39036397078008617,1.047941200365382,,,,,,,,,1.6013314001415815e-05,1.0,4.1760061918217847e-07,0.19037762875330513,0.9898763532079132,0.08049631693176718,0.03049747513700797,8,7876.0
D:\cyh\dictionary_learn\outputs\journal\apic_v3_screening_cn_ad\s1,43,nacc_to_adni,D:\cyh\dictionary_learn\outputs\journal\apic_v3_screening_cn_ad\s1\seed43\nacc_to_adni\apic_v3_x\journal_metrics.json,apic_v3_x,17,joint,0.016296767072320275,0.33306196020554035,1.0886114254720183,,,,,,,,,1.1723940792635708e-06,1.0,9.568798060304517e-08,0.176661227335477,0.9942450157090938,0.0642143373257954,0.02782593745550963,8,8592.0
D:\cyh\dictionary_learn\outputs\journal\apic_v3_screening_cn_ad\s1,43,nacc_to_adni,D:\cyh\dictionary_learn\outputs\journal\apic_v3_screening_cn_ad\s1\seed43\nacc_to_adni\apic_v3_x\journal_metrics.json,apic_v3_x,18,joint,0.014542829639124866,0.3864922689333956,1.083661174816852,,,,,,,,,9.92038116994447e-07,1.0,8.835295600788439e-08,0.166626442244599,0.9959235148056925,0.055172548572111395,0.026116640811692404,8,9308.0
D:\cyh\dictionary_learn\outputs\journal\apic_v3_screening_cn_ad\s1,43,nacc_to_adni,D:\cyh\dictionary_learn\outputs\journal\apic_v3_screening_cn_ad\s1\seed43\nacc_to_adni\apic_v3_x\journal_metrics.json,apic_v3_x,19,joint,0.0071100973904291535,0.383817837813406,1.086816875360345,,,,,,,,,4.652453335260788e-07,1.0,5.639980249928579e-08,0.16470193829616356,0.9962391383821072,0.052286582057203,0.025791138368944883,8,10024.0
D:\cyh\dictionary_learn\outputs\journal\apic_v3_screening_cn_ad\s1,43,nacc_to_adni,D:\cyh\dictionary_learn\outputs\journal\apic_v3_screening_cn_ad\s1\seed43\nacc_to_adni\apic_v3_x\journal_metrics.json,apic_v3_x,20,joint,0.00420995972180406,0.42111516282570627,1.0857127658621206,,,,,,,,,3.266863964498236e-07,1.0,4.7352398332652596e-08,0.16650207374016,0.9959388598383472,0.053513621547202156,0.026096413005663698,8,10740.0
D:\cyh\dictionary_learn\outputs\journal\apic_v3_screening_cn_ad\s1,43,nacc_to_adni,D:\cyh\dictionary_learn\outputs\journal\apic_v3_screening_cn_ad\s1\seed43\nacc_to_adni\apic_v3_x\journal_metrics.json,apic_v3_x,21,joint,0.003475456846833708,0.48039917997174303,1.0849368086065545,,,,,,,,,2.7547571160503953e-07,1.0,4.2572770783538053e-08,0.16538728065996863,0.9960611302759395,0.0525511040992244,0.02591189492348186,8,11456.0
D:\cyh\dictionary_learn\outputs\journal\apic_v3_screening_cn_ad\s1,43,nacc_to_adni,D:\cyh\dictionary_learn\outputs\journal\apic_v3_screening_cn_ad\s1\seed43\nacc_to_adni\apic_v3_x\journal_metrics.json,apic_v3_x,22,joint,0.30936470635215146,0.29768167462124023,1.1060637252952306,,,,,,,,,1.713749119826465e-05,1.0,3.220073139925145e-07,0.17995760902013191,0.9917426682051333,0.06915460641407434,0.028684302207144945,8,12172.0
D:\cyh\dictionary_learn\outputs\journal\apic_v3_screening_cn_ad\s1,43,nacc_to_adni,D:\cyh\dictionary_learn\outputs\journal\apic_v3_screening_cn_ad\s1\seed43\nacc_to_adni\apic_v3_x\journal_metrics.json,apic_v3_x,23,joint,0.35269849465941416,0.27524863760465795,1.0564716695440988,,,,,,,,,3.221707550808625e-05,1.0,8.572196414552207e-07,0.2303467590216152,0.9765391093392611,0.11734357476234436,0.038289906904517605,8,12888.0
D:\cyh\dictionary_learn\outputs\journal\apic_v3_screening_cn_ad\s1,43,nacc_to_adni,D:\cyh\dictionary_learn\outputs\journal\apic_v3_screening_cn_ad\s1\seed43\nacc_to_adni\apic_v3_x\journal_metrics.json,apic_v3_x,24,joint,0.14622133137045595,0.30598720306010574,1.0637221575162565,,,,,,,,,1.1146755988401355e-05,1.0,5.447225564618021e-07,0.19046889670068326,0.9906794308950115,0.07509438146176285,0.03019833712521212,8,13604.0
D:\cyh\dictionary_learn\outputs\journal\apic_v3_screening_cn_ad\s1,43,nacc_to_adni,D:\cyh\dictionary_learn\outputs\journal\apic_v3_screening_cn_ad\s1\seed43\nacc_to_adni\apic_v3_x\journal_metrics.json,apic_v3_x,25,joint,0.09068218818065768,0.4263402552444294,0.9784418432193145,,,,,,,,,1.6611159778054246e-05,1.0,5.727853725823495e-07,0.1947162900557065,0.9896252368415535,0.07716267782799359,0.03094469423941727,8,14320.0
D:\cyh\dictionary_learn\outputs\journal\apic_v3_screening_cn_ad\s1,43,nacc_to_adni,D:\cyh\dictionary_learn\outputs\journal\apic_v3_screening_cn_ad\s1\seed43\nacc_to_adni\apic_v3_x\journal_metrics.json,apic_v3_x,26,joint,0.02364998510417622,0.37179454828182745,1.015126163981121,,,,,,,,,2.4875391750864455e-06,1.0,2.4295312680599044e-07,0.1836226892204924,0.9921001945127988,0.06121002489378333,0.02892846009543155,8,15036.0
D:\cyh\dictionary_learn\outputs\journal\apic_v3_screening_cn_ad\s1,43,nacc_to_adni,D:\cyh\dictionary_learn\outputs\journal\apic_v3_screening_cn_ad\s1\seed43\nacc_to_adni\apic_v3_x\journal_metrics.json,apic_v3_x,27,joint,0.023502098331546577,0.40271180657319117,1.0186724226125918,,,,,,,,,1.137110066382668e-06,1.0,1.6673403101637058e-07,0.18846354188199815,0.9909362376735197,0.06846632966615634,0.02979287568625458,8,15752.0
D:\cyh\dictionary_learn\outputs\journal\apic_v3_screening_cn_ad\s1,43,nacc_to_adni,D:\cyh\dictionary_learn\outputs\journal\apic_v3_screening_cn_ad\s1\seed43\nacc_to_adni\apic_v3_x\journal_metrics.json,apic_v3_x,28,joint,0.009135544281218762,0.3617697361412321,1.031333128547555,,,,,,,,,2.9894673683269525e-07,1.0,8.168341442592591e-08,0.1871133010480657,0.9911896133556046,0.06682519777027589,0.02955659271826624,8,16468.0
D:\cyh\dictionary_learn\outputs\journal\apic_v3_screening_cn_ad\s1,43,nacc_to_adni,D:\cyh\dictionary_learn\outputs\journal\apic_v3_screening_cn_ad\s1\seed43\nacc_to_adni\apic_v3_x\journal_metrics.json,apic_v3_x,29,joint,0.003273447073134984,0.3396685184720148,1.0472127089589374,,,,,,,,,3.2829919540194036e-07,1.0,8.216809841098957e-08,0.1873025430480861,0.9911263721615242,0.06671633117691765,0.02959046499314588,8,17184.0
D:\cyh\dictionary_learn\outputs\journal\apic_v3_screening_cn_ad\s1,43,nacc_to_adni,D:\cyh\dictionary_learn\outputs\journal\apic_v3_screening_cn_ad\s1\seed43\nacc_to_adni\apic_v3_x\journal_metrics.json,apic_v3_x,30,joint,0.004171298828344095,0.4003339832319566,1.044196783273715,,,,,,,,,3.5692527685010167e-07,1.0,8.091737262610008e-08,0.18605899777492332,0.991424131992809,0.06536363473151649,0.029365699353248047,8,17900.0
D:\cyh\dictionary_learn\outputs\journal\apic_v3_screening_cn_ad\s1,43,nacc_to_adni,D:\cyh\dictionary_learn\outputs\journal\apic_v3_screening_cn_ad\s1\seed43\nacc_to_adni\apic_v3_x\journal_metrics.json,apic_v3_x,31,joint,0.002048579748903984,0.387381111095582,1.045232349955978,,,,,,,,,2.439175237357786e-07,1.0,6.950274297741236e-08,0.1813109319802769,0.9925290549267604,0.06168717930520047,0.02852291075835348,8,18616.0
D:\cyh\dictionary_learn\outputs\journal\apic_v3_screening_cn_ad\s1,43,nacc_to_adni,D:\cyh\dictionary_learn\outputs\journal\apic_v3_screening_cn_ad\s1\seed43\nacc_to_adni\apic_v3_x\journal_metrics.json,apic_v3_x,32,joint,0.21105207054480368,0.3902665218835828,0.9749084004762587,,,,,,,,,8.808894059683642e-06,1.0,3.645982011944118e-07,0.17597835007326562,0.9936268782482467,0.0608326869095837,0.027590843167301662,8,19332.0
D:\cyh\dictionary_learn\outputs\journal\apic_v3_screening_cn_ad\s1,43,nacc_to_adni,D:\cyh\dictionary_learn\outputs\journal\apic_v3_screening_cn_ad\s1\seed43\nacc_to_adni\apic_v3_x\journal_metrics.json,apic_v3_x,33,joint,0.21032992959043334,0.3935542562075679,1.0119620025373528,,,,,,,,,1.557391215609331e-05,1.0,6.531605568806954e-07,0.19155858823373997,0.9898693847922639,0.07568261566358572,0.03029030337721609,8,20048.0
D:\cyh\dictionary_learn\outputs\journal\apic_v3_screening_cn_ad\s1,43,nacc_to_adni,D:\cyh\dictionary_learn\outputs\journal\apic_v3_screening_cn_ad\s1\seed43\nacc_to_adni\apic_v3_x\journal_metrics.json,apic_v3_x,34,joint,0.10460846542052966,0.30918934286397126,1.0431924102418035,,,,,,,,,1.2442567588565688e-05,1.0,5.619251122265289e-07,0.18207676717022944,0.9921184591740869,0.06551561785560081,0.028583973063436966,8,20764.0
D:\cyh\dictionary_learn\outputs\journal\apic_v3_screening_cn_ad\s1,43,nacc_to_adni,D:\cyh\dictionary_learn\outputs\journal\apic_v3_screening_cn_ad\s1\seed43\nacc_to_adni\apic_v3_x\journal_metrics.json,apic_v3_x,35,joint,0.030305884337227,0.3061970777504863,1.0464915443263954,,,,,,,,,7.5078998180648934e-06,1.0,4.072115298366973e-07,0.16463706005551962,0.9951330779651024,0.043172500174305295,0.025579561661491848,8,21480.0
D:\cyh\dictionary_learn\outputs\journal\apic_v3_screening_cn_ad\s1,43,nacc_to_adni,D:\cyh\dictionary_learn\outputs\journal\apic_v3_screening_cn_ad\s1\seed43\nacc_to_adni\apic_v3_x\journal_metrics.json,apic_v3_x,36,joint,0.00572611985083633,0.3371507810201293,1.0278186115150745,,,,,,,,,6.949969925050311e-07,1.0,1.1475469850589617e-07,0.1579018571523315,0.996364302808346,0.03356063403397299,0.024428047198157072,8,22196.0
D:\cyh\dictionary_learn\outputs\journal\apic_v3_screening_cn_ad\s1,43,nacc_to_adni,D:\cyh\dictionary_learn\outputs\journal\apic_v3_screening_cn_ad\s1\seed43\nacc_to_adni\apic_v3_x\journal_metrics.json,apic_v3_x,37,joint,0.005413863789056058,0.34711128774032124,1.0406140379864122,,,,,,,,,3.0676134119543646e-07,1.0,7.862245051404068e-08,0.15726938802103757,0.9966577487950884,0.0326220884440498,0.024305781193452173,8,22912.0
D:\cyh\dictionary_learn\outputs\journal\apic_v3_screening_cn_ad\s1,43,nacc_to_adni,D:\cyh\dictionary_learn\outputs\journal\apic_v3_screening_cn_ad\s1\seed43\nacc_to_adni\apic_v3_x\journal_metrics.json,apic_v3_x,38,joint,0.06805950482257228,0.4063269538708979,1.0291490244538006,,,,,,,,,2.5808765033587296e-06,1.0,1.911799721834381e-07,0.1577575459826592,0.9965076046948992,0.03603947612160411,0.024397595478585977,8,23628.0
D:\cyh\dictionary_learn\outputs\journal\apic_v3_screening_cn_ad\s1,43,nacc_to_adni,D:\cyh\dictionary_learn\outputs\journal\apic_v3_screening_cn_ad\s1\seed43\nacc_to_adni\apic_v3_x\journal_metrics.json,apic_v3_x,39,joint,0.016291530571397338,0.4804546633662347,1.0551984319928147,,,,,,,,,2.85870049955972e-06,1.0,2.753853883651527e-07,0.17223320759874483,0.9930651960426202,0.05016066541884864,0.026901183472998316,8,24344.0
D:\cyh\dictionary_learn\outputs\journal\apic_v3_screening_cn_ad\s1,43,nacc_to_adni,D:\cyh\dictionary_learn\outputs\journal\apic_v3_screening_cn_ad\s1\seed43\nacc_to_adni\apic_v3_x\journal_metrics.json,apic_v3_x,40,joint,0.18627223877573462,0.39044475170874343,1.0422090315090695,,,,,,,,,5.457642967225852e-06,1.0,2.920719205459916e-07,0.16362556149173715,0.9955415459318534,0.0468909679053549,0.025351142812541076,8,25060.0
D:\cyh\dictionary_learn\outputs\journal\apic_v3_screening_cn_ad\s1,43,nacc_to_adni,D:\cyh\dictionary_learn\outputs\journal\apic_v3_screening_cn_ad\s1\seed43\nacc_to_adni\apic_v3_x\journal_metrics.json,apic_v3_x,41,joint,0.06039025894770732,0.43046894320854245,1.021658554869005,,,,,,,,,1.1862214939340666e-05,1.0,5.558152170867323e-07,0.16810110677553955,0.9952482607777559,0.05214598489789989,0.02606101228996029,8,25776.0
D:\cyh\dictionary_learn\outputs\journal\apic_v3_screening_cn_ad\s1,43,nacc_to_adni,D:\cyh\dictionary_learn\outputs\journal\apic_v3_screening_cn_ad\s1\seed43\nacc_to_adni\apic_v3_x\journal_metrics.json,apic_v3_x,42,joint,0.07138069943216299,0.5483102104715523,0.990575152861678,,,,,,,,,5.70904278764976e-05,1.0,2.262285164057409e-06,0.1990951060749299,0.9852071078129987,0.07642198045992984,0.031989315233333815,8,26492.0
D:\cyh\dictionary_learn\outputs\journal\apic_v3_screening_cn_ad\s1,43,nacc_to_adni,D:\cyh\dictionary_learn\outputs\journal\apic_v3_screening_cn_ad\s1\seed43\nacc_to_adni\apic_v3_x\journal_metrics.json,apic_v3_x,43,joint,0.21880733124954385,0.5696070093275889,0.9609665420220086,,,,,,,,,4.746264093934348e-05,1.0,2.4211089110308445e-06,0.23177611553136196,0.9744467465571185,0.10495331962514856,0.03847502973242845,8,27208.0
D:\cyh\dictionary_learn\outputs\journal\apic_v3_screening_cn_ad\s1,43,nacc_to_adni,D:\cyh\dictionary_learn\outputs\journal\apic_v3_screening_cn_ad\s1\seed43\nacc_to_adni\apic_v3_x\journal_metrics.json,apic_v3_x,44,joint,0.023159909666926916,0.3974926228244163,1.0272903465612893,,,,,,,,,1.3547373137501194e-05,1.0,1.3006381291310208e-06,0.22579337256913745,0.9785655843479008,0.09764888170877649,0.03678279045407332,8,27924.0
D:\cyh\dictionary_learn\outputs\journal\apic_v3_screening_cn_ad\s1,43,nacc_to_adni,D:\cyh\dictionary_learn\outputs\journal\apic_v3_screening_cn_ad\s1\seed43\nacc_to_adni\apic_v3_x\journal_metrics.json,apic_v3_x,45,joint,0.007268958432858748,0.4311527075168377,1.015550264112516,,,,,,,,,1.012195751721585e-06,1.0,2.8109403319450397e-07,0.2005784375041557,0.9835570008395105,0.07393146489419085,0.032137116968798236,8,28640.0
D:\cyh\dictionary_learn\outputs\journal\apic_v3_screening_cn_ad\s1,43,nacc_to_adni,D:\cyh\dictionary_learn\outputs\journal\apic_v3_screening_cn_ad\s1\seed43\nacc_to_adni\apic_v3_x\journal_metrics.json,apic_v3_x,46,joint,0.12883117488977583,0.35072315920253044,1.0907810150164208,,,,,,,,,2.519204923275637e-05,1.0,1.2364455804490641e-06,0.2174869440287851,0.9790711622664382,0.09337352630396129,0.035281567319228664,8,29356.0
D:\cyh\dictionary_learn\outputs\journal\apic_v3_screening_cn_ad\s1,43,nacc_to_adni,D:\cyh\dictionary_learn\outputs\journal\apic_v3_screening_cn_ad\s1\seed43\nacc_to_adni\apic_v3_x\journal_metrics.json,apic_v3_x,47,joint,0.06489054786095684,0.3709957585072832,1.0691781768061506,,,,,,,,,0.00010826587457961078,1.0,6.378493218011367e-06,0.39322924464108555,0.8712747962781171,0.22026710153957985,0.08832770238458777,8,30072.0
D:\cyh\dictionary_learn\outputs\journal\apic_v3_screening_cn_ad\s1,43,nacc_to_adni,D:\cyh\dictionary_learn\outputs\journal\apic_v3_screening_cn_ad\s1\seed43\nacc_to_adni\apic_v3_x\journal_metrics.json,apic_v3_x,48,joint,0.0037681135993568597,0.4206084258733863,1.0676587712786263,,,,,,,,,4.267136658748634e-06,1.0,7.314289787919027e-07,0.30478387604878604,0.9376937417344674,0.15581466890247175,0.055080098667124794,8,30788.0
D:\cyh\dictionary_learn\outputs\journal\apic_v3_screening_cn_ad\s1,43,nacc_to_adni,D:\cyh\dictionary_learn\outputs\journal\apic_v3_screening_cn_ad\s1\seed43\nacc_to_adni\apic_v3_x\journal_metrics.json,apic_v3_x,49,joint,0.0012705324654803643,0.3924172411720634,1.0620204065797698,,,,,,,,,1.4850170124901274e-06,1.0,5.192933641333007e-07,0.30433124187272353,0.9378735839321627,0.1544392932227204,0.054957388728524056,8,31504.0
D:\cyh\dictionary_learn\outputs\journal\apic_v3_screening_cn_ad\s1,43,nacc_to_adni,D:\cyh\dictionary_learn\outputs\journal\apic_v3_screening_cn_ad\s1\seed43\nacc_to_adni\apic_v3_x\journal_metrics.json,apic_v3_x,50,joint,0.0014428753439669026,0.39310998490314,1.0583330124566575,,,,,,,,,1.3215559510637078e-06,1.0,4.981153778909027e-07,0.3058438349369518,0.9370247824897979,0.15436218928691395,0.05534653557079464,8,32220.0
D:\cyh\dictionary_learn\outputs\journal\apic_v3_screening_cn_ad\s1,43,nacc_to_adni,D:\cyh\dictionary_learn\outputs\journal\apic_v3_screening_cn_ad\s1\seed43\nacc_to_adni\ce_x\journal_metrics.json,ce_x,1,clean,0.5122656533754738,0.9695987309532298,0.8812007547986997,,,,,,,,,0.0,0.0,0.0,0.0,0.0,0.0,0.0,,
D:\cyh\dictionary_learn\outputs\journal\apic_v3_screening_cn_ad\s1,43,nacc_to_adni,D:\cyh\dictionary_learn\outputs\journal\apic_v3_screening_cn_ad\s1\seed43\nacc_to_adni\ce_x\journal_metrics.json,ce_x,2,clean,0.32433669351030914,0.49996953408361006,0.9917654434320942,,,,,,,,,0.0,0.0,0.0,0.0,0.0,0.0,0.0,,
D:\cyh\dictionary_learn\outputs\journal\apic_v3_screening_cn_ad\s1,43,nacc_to_adni,D:\cyh\dictionary_learn\outputs\journal\apic_v3_screening_cn_ad\s1\seed43\nacc_to_adni\ce_x\journal_metrics.json,ce_x,3,clean,0.34732546268145464,0.6436720740640872,1.0268298004816363,,,,,,,,,0.0,0.0,0.0,0.0,0.0,0.0,0.0,,
D:\cyh\dictionary_learn\outputs\journal\apic_v3_screening_cn_ad\s1,43,nacc_to_adni,D:\cyh\dictionary_learn\outputs\journal\apic_v3_screening_cn_ad\s1\seed43\nacc_to_adni\ce_x\journal_metrics.json,ce_x,4,clean,0.28599337028995075,2.773340330594055,0.8163420305931802,,,,,,,,,0.0,0.0,0.0,0.0,0.0,0.0,0.0,,
D:\cyh\dictionary_learn\outputs\journal\apic_v3_screening_cn_ad\s1,43,nacc_to_adni,D:\cyh\dictionary_learn\outputs\journal\apic_v3_screening_cn_ad\s1\seed43\nacc_to_adni\ce_x\journal_metrics.json,ce_x,5,clean,0.1891048670168862,0.39905586633511375,1.0416766483489044,,,,,,,,,0.0,0.0,0.0,0.0,0.0,0.0,0.0,,
D:\cyh\dictionary_learn\outputs\journal\apic_v3_screening_cn_ad\s1,43,nacc_to_adni,D:\cyh\dictionary_learn\outputs\journal\apic_v3_screening_cn_ad\s1\seed43\nacc_to_adni\ce_x\journal_metrics.json,ce_x,6,clean,0.19771062597819714,0.32522564581244706,1.074703818077266,,,,,,,,,0.0,0.0,0.0,0.0,0.0,0.0,0.0,,
D:\cyh\dictionary_learn\outputs\journal\apic_v3_screening_cn_ad\s1,43,nacc_to_adni,D:\cyh\dictionary_learn\outputs\journal\apic_v3_screening_cn_ad\s1\seed43\nacc_to_adni\ce_x\journal_metrics.json,ce_x,7,clean,0.19407394522503174,0.4101984661302246,1.0418531696818116,,,,,,,,,0.0,0.0,0.0,0.0,0.0,0.0,0.0,,
D:\cyh\dictionary_learn\outputs\journal\apic_v3_screening_cn_ad\s1,43,nacc_to_adni,D:\cyh\dictionary_learn\outputs\journal\apic_v3_screening_cn_ad\s1\seed43\nacc_to_adni\ce_x\journal_metrics.json,ce_x,8,clean,0.1459986663413073,0.7751023198728191,1.010402362342117,,,,,,,,,0.0,0.0,0.0,0.0,0.0,0.0,0.0,,
D:\cyh\dictionary_learn\outputs\journal\apic_v3_screening_cn_ad\s1,43,nacc_to_adni,D:\cyh\dictionary_learn\outputs\journal\apic_v3_screening_cn_ad\s1\seed43\nacc_to_adni\ce_x\journal_metrics.json,ce_x,9,clean,0.0836086204833502,0.31021917077427064,1.0979627362448348,,,,,,,,,0.0,0.0,0.0,0.0,0.0,0.0,0.0,,
D:\cyh\dictionary_learn\outputs\journal\apic_v3_screening_cn_ad\s1,43,nacc_to_adni,D:\cyh\dictionary_learn\outputs\journal\apic_v3_screening_cn_ad\s1\seed43\nacc_to_adni\ce_x\journal_metrics.json,ce_x,10,clean,0.1687314529316604,0.47189621921741026,1.0337877827852084,,,,,,,,,0.0,0.0,0.0,0.0,0.0,0.0,0.0,,
D:\cyh\dictionary_learn\outputs\journal\apic_v3_screening_cn_ad\s1,43,nacc_to_adni,D:\cyh\dictionary_learn\outputs\journal\apic_v3_screening_cn_ad\s1\seed43\nacc_to_adni\ce_x\journal_metrics.json,ce_x,11,clean,0.1002856036225417,0.4414465226440178,1.0539957066795296,,,,,,,,,0.0,0.0,0.0,0.0,0.0,0.0,0.0,,
D:\cyh\dictionary_learn\outputs\journal\apic_v3_screening_cn_ad\s1,43,nacc_to_adni,D:\cyh\dictionary_learn\outputs\journal\apic_v3_screening_cn_ad\s1\seed43\nacc_to_adni\ce_x\journal_metrics.json,ce_x,12,clean,0.06836053525167908,0.3568778493188417,1.090085551702606,,,,,,,,,0.0,0.0,0.0,0.0,0.0,0.0,0.0,,
D:\cyh\dictionary_learn\outputs\journal\apic_v3_screening_cn_ad\s1,43,nacc_to_adni,D:\cyh\dictionary_learn\outputs\journal\apic_v3_screening_cn_ad\s1\seed43\nacc_to_adni\ce_x\journal_metrics.json,ce_x,13,clean,0.12798791957821426,0.3003687558282579,1.0967267363266877,,,,,,,,,0.0,0.0,0.0,0.0,0.0,0.0,0.0,,
D:\cyh\dictionary_learn\outputs\journal\apic_v3_screening_cn_ad\s1,43,nacc_to_adni,D:\cyh\dictionary_learn\outputs\journal\apic_v3_screening_cn_ad\s1\seed43\nacc_to_adni\ce_x\journal_metrics.json,ce_x,14,clean,0.038173477480340196,0.47091970796771715,1.097777969988474,,,,,,,,,0.0,0.0,0.0,0.0,0.0,0.0,0.0,,
D:\cyh\dictionary_learn\outputs\journal\apic_v3_screening_cn_ad\s1,43,nacc_to_adni,D:\cyh\dictionary_learn\outputs\journal\apic_v3_screening_cn_ad\s1\seed43\nacc_to_adni\ce_x\journal_metrics.json,ce_x,15,clean,0.016325973858796684,0.324057783207552,1.0956857399192992,,,,,,,,,0.0,0.0,0.0,0.0,0.0,0.0,0.0,,
D:\cyh\dictionary_learn\outputs\journal\apic_v3_screening_cn_ad\s1,43,nacc_to_adni,D:\cyh\dictionary_learn\outputs\journal\apic_v3_screening_cn_ad\s1\seed43\nacc_to_adni\ce_x\journal_metrics.json,ce_x,16,clean,0.14110485307092507,0.5036953029562529,1.0331323441258244,,,,,,,,,0.0,0.0,0.0,0.0,0.0,0.0,0.0,,
D:\cyh\dictionary_learn\outputs\journal\apic_v3_screening_cn_ad\s1,43,nacc_to_adni,D:\cyh\dictionary_learn\outputs\journal\apic_v3_screening_cn_ad\s1\seed43\nacc_to_adni\ce_x\journal_metrics.json,ce_x,17,clean,0.06866551347092502,0.5729155401208967,1.035873223146095,,,,,,,,,0.0,0.0,0.0,0.0,0.0,0.0,0.0,,
D:\cyh\dictionary_learn\outputs\journal\apic_v3_screening_cn_ad\s1,43,nacc_to_adni,D:\cyh\dictionary_learn\outputs\journal\apic_v3_screening_cn_ad\s1\seed43\nacc_to_adni\ce_x\journal_metrics.json,ce_x,18,clean,0.028146511280009074,0.34957834968926843,1.0970197081450177,,,,,,,,,0.0,0.0,0.0,0.0,0.0,0.0,0.0,,
D:\cyh\dictionary_learn\outputs\journal\apic_v3_screening_cn_ad\s1,43,nacc_to_adni,D:\cyh\dictionary_learn\outputs\journal\apic_v3_screening_cn_ad\s1\seed43\nacc_to_adni\ce_x\journal_metrics.json,ce_x,19,clean,0.052039852944757485,0.4228656197644585,1.0930641658684885,,,,,,,,,0.0,0.0,0.0,0.0,0.0,0.0,0.0,,
D:\cyh\dictionary_learn\outputs\journal\apic_v3_screening_cn_ad\s1,43,nacc_to_adni,D:\cyh\dictionary_learn\outputs\journal\apic_v3_screening_cn_ad\s1\seed43\nacc_to_adni\ce_x\journal_metrics.json,ce_x,20,clean,0.00636045668041171,0.4264413868136717,1.1026049080883786,,,,,,,,,0.0,0.0,0.0,0.0,0.0,0.0,0.0,,
D:\cyh\dictionary_learn\outputs\journal\apic_v3_screening_cn_ad\s1,43,nacc_to_adni,D:\cyh\dictionary_learn\outputs\journal\apic_v3_screening_cn_ad\s1\seed43\nacc_to_adni\ce_x\journal_metrics.json,ce_x,21,clean,0.004026735240581196,0.43501816457562165,1.0919055707428695,,,,,,,,,0.0,0.0,0.0,0.0,0.0,0.0,0.0,,
D:\cyh\dictionary_learn\outputs\journal\apic_v3_screening_cn_ad\s1,43,nacc_to_adni,D:\cyh\dictionary_learn\outputs\journal\apic_v3_screening_cn_ad\s1\seed43\nacc_to_adni\ce_x\journal_metrics.json,ce_x,22,clean,0.14614349390629988,0.26489471115838864,1.1179225274489728,,,,,,,,,0.0,0.0,0.0,0.0,0.0,0.0,0.0,,
D:\cyh\dictionary_learn\outputs\journal\apic_v3_screening_cn_ad\s1,43,nacc_to_adni,D:\cyh\dictionary_learn\outputs\journal\apic_v3_screening_cn_ad\s1\seed43\nacc_to_adni\ce_x\journal_metrics.json,ce_x,23,clean,0.09092796567215145,0.290619734108706,1.1208522444224842,,,,,,,,,0.0,0.0,0.0,0.0,0.0,0.0,0.0,,
D:\cyh\dictionary_learn\outputs\journal\apic_v3_screening_cn_ad\s1,43,nacc_to_adni,D:\cyh\dictionary_learn\outputs\journal\apic_v3_screening_cn_ad\s1\seed43\nacc_to_adni\ce_x\journal_metrics.json,ce_x,24,clean,0.011031266291383212,0.34705702999867893,1.1306686818170257,,,,,,,,,0.0,0.0,0.0,0.0,0.0,0.0,0.0,,
D:\cyh\dictionary_learn\outputs\journal\apic_v3_screening_cn_ad\s1,43,nacc_to_adni,D:\cyh\dictionary_learn\outputs\journal\apic_v3_screening_cn_ad\s1\seed43\nacc_to_adni\ce_x\journal_metrics.json,ce_x,25,clean,0.004974821447607782,0.31999924781635924,1.1236991695651513,,,,,,,,,0.0,0.0,0.0,0.0,0.0,0.0,0.0,,
D:\cyh\dictionary_learn\outputs\journal\apic_v3_screening_cn_ad\s1,43,nacc_to_adni,D:\cyh\dictionary_learn\outputs\journal\apic_v3_screening_cn_ad\s1\seed43\nacc_to_adni\ce_x\journal_metrics.json,ce_x,26,clean,0.11612857897377667,0.7672379556517507,1.0230423899349157,,,,,,,,,0.0,0.0,0.0,0.0,0.0,0.0,0.0,,
D:\cyh\dictionary_learn\outputs\journal\apic_v3_screening_cn_ad\s1,43,nacc_to_adni,D:\cyh\dictionary_learn\outputs\journal\apic_v3_screening_cn_ad\s1\seed43\nacc_to_adni\ce_x\journal_metrics.json,ce_x,27,clean,0.055225249185332864,0.42365536627606826,1.0709853188496272,,,,,,,,,0.0,0.0,0.0,0.0,0.0,0.0,0.0,,
D:\cyh\dictionary_learn\outputs\journal\apic_v3_screening_cn_ad\s1,43,nacc_to_adni,D:\cyh\dictionary_learn\outputs\journal\apic_v3_screening_cn_ad\s1\seed43\nacc_to_adni\ce_x\journal_metrics.json,ce_x,28,clean,0.00911365682072222,0.38887871769619103,1.093437680279579,,,,,,,,,0.0,0.0,0.0,0.0,0.0,0.0,0.0,,
D:\cyh\dictionary_learn\outputs\journal\apic_v3_screening_cn_ad\s1,43,nacc_to_adni,D:\cyh\dictionary_learn\outputs\journal\apic_v3_screening_cn_ad\s1\seed43\nacc_to_adni\ce_x\journal_metrics.json,ce_x,29,clean,0.004009330406804197,0.3847166392074967,1.1027231748686717,,,,,,,,,0.0,0.0,0.0,0.0,0.0,0.0,0.0,,
D:\cyh\dictionary_learn\outputs\journal\apic_v3_screening_cn_ad\s1,43,nacc_to_adni,D:\cyh\dictionary_learn\outputs\journal\apic_v3_screening_cn_ad\s1\seed43\nacc_to_adni\ce_x\journal_metrics.json,ce_x,30,clean,0.002401978139287217,0.37740088941484823,1.1161386451728823,,,,,,,,,0.0,0.0,0.0,0.0,0.0,0.0,0.0,,
D:\cyh\dictionary_learn\outputs\journal\apic_v3_screening_cn_ad\s1,43,nacc_to_adni,D:\cyh\dictionary_learn\outputs\journal\apic_v3_screening_cn_ad\s1\seed43\nacc_to_adni\ce_x\journal_metrics.json,ce_x,31,clean,0.0015358298011691578,0.40327919193398537,1.111713126129872,,,,,,,,,0.0,0.0,0.0,0.0,0.0,0.0,0.0,,
D:\cyh\dictionary_learn\outputs\journal\apic_v3_screening_cn_ad\s1,43,nacc_to_adni,D:\cyh\dictionary_learn\outputs\journal\apic_v3_screening_cn_ad\s1\seed43\nacc_to_adni\ce_x\journal_metrics.json,ce_x,32,clean,0.10251676020012972,0.45974298357349563,1.0418163444699786,,,,,,,,,0.0,0.0,0.0,0.0,0.0,0.0,0.0,,
D:\cyh\dictionary_learn\outputs\journal\apic_v3_screening_cn_ad\s1,43,nacc_to_adni,D:\cyh\dictionary_learn\outputs\journal\apic_v3_screening_cn_ad\s1\seed43\nacc_to_adni\ce_x\journal_metrics.json,ce_x,33,clean,0.07987287883905632,0.38206202178719445,1.101157872754347,,,,,,,,,0.0,0.0,0.0,0.0,0.0,0.0,0.0,,
D:\cyh\dictionary_learn\outputs\journal\apic_v3_screening_cn_ad\s1,43,nacc_to_adni,D:\cyh\dictionary_learn\outputs\journal\apic_v3_screening_cn_ad\s1\seed43\nacc_to_adni\ce_x\journal_metrics.json,ce_x,34,clean,0.06933245260994257,0.3811307358422848,1.1017518845893453,,,,,,,,,0.0,0.0,0.0,0.0,0.0,0.0,0.0,,
D:\cyh\dictionary_learn\outputs\journal\apic_v3_screening_cn_ad\s1,43,nacc_to_adni,D:\cyh\dictionary_learn\outputs\journal\apic_v3_screening_cn_ad\s1\seed43\nacc_to_adni\ce_x\journal_metrics.json,ce_x,35,clean,0.02861287654141763,0.40019844666987275,1.082865331665891,,,,,,,,,0.0,0.0,0.0,0.0,0.0,0.0,0.0,,
D:\cyh\dictionary_learn\outputs\journal\apic_v3_screening_cn_ad\s1,43,nacc_to_adni,D:\cyh\dictionary_learn\outputs\journal\apic_v3_screening_cn_ad\s1\seed43\nacc_to_adni\ce_x\journal_metrics.json,ce_x,36,clean,0.0035203017651132054,0.45344183649455577,1.0934982694628541,,,,,,,,,0.0,0.0,0.0,0.0,0.0,0.0,0.0,,
D:\cyh\dictionary_learn\outputs\journal\apic_v3_screening_cn_ad\s1,43,nacc_to_adni,D:\cyh\dictionary_learn\outputs\journal\apic_v3_screening_cn_ad\s1\seed43\nacc_to_adni\ce_x\journal_metrics.json,ce_x,37,clean,0.017253482175894848,0.5567139196035082,1.0434189669964955,,,,,,,,,0.0,0.0,0.0,0.0,0.0,0.0,0.0,,
D:\cyh\dictionary_learn\outputs\journal\apic_v3_screening_cn_ad\s1,43,nacc_to_adni,D:\cyh\dictionary_learn\outputs\journal\apic_v3_screening_cn_ad\s1\seed43\nacc_to_adni\ce_x\journal_metrics.json,ce_x,38,clean,0.09869345776247662,0.36722063646848735,1.0539449554447595,,,,,,,,,0.0,0.0,0.0,0.0,0.0,0.0,0.0,,
D:\cyh\dictionary_learn\outputs\journal\apic_v3_screening_cn_ad\s1,43,nacc_to_adni,D:\cyh\dictionary_learn\outputs\journal\apic_v3_screening_cn_ad\s1\seed43\nacc_to_adni\ce_x\journal_metrics.json,ce_x,39,clean,0.024913544932813787,0.5360707485716938,1.0702012667016987,,,,,,,,,0.0,0.0,0.0,0.0,0.0,0.0,0.0,,
D:\cyh\dictionary_learn\outputs\journal\apic_v3_screening_cn_ad\s1,43,nacc_to_adni,D:\cyh\dictionary_learn\outputs\journal\apic_v3_screening_cn_ad\s1\seed43\nacc_to_adni\ce_x\journal_metrics.json,ce_x,40,clean,0.041255925213036844,0.3720683459431499,1.0969246665221724,,,,,,,,,0.0,0.0,0.0,0.0,0.0,0.0,0.0,,
D:\cyh\dictionary_learn\outputs\journal\apic_v3_screening_cn_ad\s1,43,nacc_to_adni,D:\cyh\dictionary_learn\outputs\journal\apic_v3_screening_cn_ad\s1\seed43\nacc_to_adni\ce_x\journal_metrics.json,ce_x,41,clean,0.012084472828379484,0.4257094703492287,1.0916895347158566,,,,,,,,,0.0,0.0,0.0,0.0,0.0,0.0,0.0,,
D:\cyh\dictionary_learn\outputs\journal\apic_v3_screening_cn_ad\s1,43,nacc_to_adni,D:\cyh\dictionary_learn\outputs\journal\apic_v3_screening_cn_ad\s1\seed43\nacc_to_adni\ce_x\journal_metrics.json,ce_x,42,clean,0.0024456711890508925,0.48781179866298546,1.0954148840911868,,,,,,,,,0.0,0.0,0.0,0.0,0.0,0.0,0.0,,
D:\cyh\dictionary_learn\outputs\journal\apic_v3_screening_cn_ad\s1,43,nacc_to_adni,D:\cyh\dictionary_learn\outputs\journal\apic_v3_screening_cn_ad\s1\seed43\nacc_to_adni\ce_x\journal_metrics.json,ce_x,43,clean,0.01634385923526735,1.4745229020387693,0.9861031793353635,,,,,,,,,0.0,0.0,0.0,0.0,0.0,0.0,0.0,,
D:\cyh\dictionary_learn\outputs\journal\apic_v3_screening_cn_ad\s1,43,nacc_to_adni,D:\cyh\dictionary_learn\outputs\journal\apic_v3_screening_cn_ad\s1\seed43\nacc_to_adni\ce_x\journal_metrics.json,ce_x,44,clean,0.004147555361704787,0.42235016124467245,1.0865659600128965,,,,,,,,,0.0,0.0,0.0,0.0,0.0,0.0,0.0,,
D:\cyh\dictionary_learn\outputs\journal\apic_v3_screening_cn_ad\s1,43,nacc_to_adni,D:\cyh\dictionary_learn\outputs\journal\apic_v3_screening_cn_ad\s1\seed43\nacc_to_adni\ce_x\journal_metrics.json,ce_x,45,clean,0.0008646013934162638,0.44615230351229856,1.086471962929668,,,,,,,,,0.0,0.0,0.0,0.0,0.0,0.0,0.0,,
D:\cyh\dictionary_learn\outputs\journal\apic_v3_screening_cn_ad\s1,43,nacc_to_adni,D:\cyh\dictionary_learn\outputs\journal\apic_v3_screening_cn_ad\s1\seed43\nacc_to_adni\ce_x\journal_metrics.json,ce_x,46,clean,0.0025406000979334787,0.4049263456130062,1.0946507205427534,,,,,,,,,0.0,0.0,0.0,0.0,0.0,0.0,0.0,,
D:\cyh\dictionary_learn\outputs\journal\apic_v3_screening_cn_ad\s1,43,nacc_to_adni,D:\cyh\dictionary_learn\outputs\journal\apic_v3_screening_cn_ad\s1\seed43\nacc_to_adni\ce_x\journal_metrics.json,ce_x,47,clean,0.0005839056328764021,0.41742377957249394,1.0965688158186409,,,,,,,,,0.0,0.0,0.0,0.0,0.0,0.0,0.0,,
D:\cyh\dictionary_learn\outputs\journal\apic_v3_screening_cn_ad\s1,43,nacc_to_adni,D:\cyh\dictionary_learn\outputs\journal\apic_v3_screening_cn_ad\s1\seed43\nacc_to_adni\ce_x\journal_metrics.json,ce_x,48,clean,0.000367983480767144,0.4361957321527134,1.0972176839345633,,,,,,,,,0.0,0.0,0.0,0.0,0.0,0.0,0.0,,
D:\cyh\dictionary_learn\outputs\journal\apic_v3_screening_cn_ad\s1,43,nacc_to_adni,D:\cyh\dictionary_learn\outputs\journal\apic_v3_screening_cn_ad\s1\seed43\nacc_to_adni\ce_x\journal_metrics.json,ce_x,49,clean,0.000246987836494783,0.4307381537248452,1.0968848137952523,,,,,,,,,0.0,0.0,0.0,0.0,0.0,0.0,0.0,,
D:\cyh\dictionary_learn\outputs\journal\apic_v3_screening_cn_ad\s1,43,nacc_to_adni,D:\cyh\dictionary_learn\outputs\journal\apic_v3_screening_cn_ad\s1\seed43\nacc_to_adni\ce_x\journal_metrics.json,ce_x,50,clean,0.00024528052332578875,0.4492615472049111,1.0941339581955825,,,,,,,,,0.0,0.0,0.0,0.0,0.0,0.0,0.0,,
D:\cyh\dictionary_learn\outputs\journal\apic_v3_screening_cn_ad\s1,43,nacc_to_adni,D:\cyh\dictionary_learn\outputs\journal\apic_v3_screening_cn_ad\s1\seed43\nacc_to_adni\mixstyle_x\journal_metrics.json,mixstyle_x,1,mixstyle,0.5273582118891138,0.4551249236885934,0.9397835202804123,,,,,,,,,0.0,0.0,0.0,0.0,0.0,0.0,0.0,,
D:\cyh\dictionary_learn\outputs\journal\apic_v3_screening_cn_ad\s1,43,nacc_to_adni,D:\cyh\dictionary_learn\outputs\journal\apic_v3_screening_cn_ad\s1\seed43\nacc_to_adni\mixstyle_x\journal_metrics.json,mixstyle_x,2,mixstyle,0.33099844781213633,0.35527756775314984,1.0914180245385858,,,,,,,,,0.0,0.0,0.0,0.0,0.0,0.0,0.0,,
D:\cyh\dictionary_learn\outputs\journal\apic_v3_screening_cn_ad\s1,43,nacc_to_adni,D:\cyh\dictionary_learn\outputs\journal\apic_v3_screening_cn_ad\s1\seed43\nacc_to_adni\mixstyle_x\journal_metrics.json,mixstyle_x,3,mixstyle,0.3434782346304735,0.48978470323303724,1.065656274179343,,,,,,,,,0.0,0.0,0.0,0.0,0.0,0.0,0.0,,
D:\cyh\dictionary_learn\outputs\journal\apic_v3_screening_cn_ad\s1,43,nacc_to_adni,D:\cyh\dictionary_learn\outputs\journal\apic_v3_screening_cn_ad\s1\seed43\nacc_to_adni\mixstyle_x\journal_metrics.json,mixstyle_x,4,mixstyle,0.26644735379592,4.041392645246548,0.7711297676127781,,,,,,,,,0.0,0.0,0.0,0.0,0.0,0.0,0.0,,
D:\cyh\dictionary_learn\outputs\journal\apic_v3_screening_cn_ad\s1,43,nacc_to_adni,D:\cyh\dictionary_learn\outputs\journal\apic_v3_screening_cn_ad\s1\seed43\nacc_to_adni\mixstyle_x\journal_metrics.json,mixstyle_x,5,mixstyle,0.19810448150675972,0.3448662597853752,1.0570517635205043,,,,,,,,,0.0,0.0,0.0,0.0,0.0,0.0,0.0,,
D:\cyh\dictionary_learn\outputs\journal\apic_v3_screening_cn_ad\s1,43,nacc_to_adni,D:\cyh\dictionary_learn\outputs\journal\apic_v3_screening_cn_ad\s1\seed43\nacc_to_adni\mixstyle_x\journal_metrics.json,mixstyle_x,6,mixstyle,0.15964715097193194,0.37667362412494465,1.0615312259221799,,,,,,,,,0.0,0.0,0.0,0.0,0.0,0.0,0.0,,
D:\cyh\dictionary_learn\outputs\journal\apic_v3_screening_cn_ad\s1,43,nacc_to_adni,D:\cyh\dictionary_learn\outputs\journal\apic_v3_screening_cn_ad\s1\seed43\nacc_to_adni\mixstyle_x\journal_metrics.json,mixstyle_x,7,mixstyle,0.18510359279322308,0.596222168002852,1.0254954303021118,,,,,,,,,0.0,0.0,0.0,0.0,0.0,0.0,0.0,,
D:\cyh\dictionary_learn\outputs\journal\apic_v3_screening_cn_ad\s1,43,nacc_to_adni,D:\cyh\dictionary_learn\outputs\journal\apic_v3_screening_cn_ad\s1\seed43\nacc_to_adni\mixstyle_x\journal_metrics.json,mixstyle_x,8,mixstyle,0.16604737820124577,0.35271985629611413,1.0859546020067223,,,,,,,,,0.0,0.0,0.0,0.0,0.0,0.0,0.0,,
D:\cyh\dictionary_learn\outputs\journal\apic_v3_screening_cn_ad\s1,43,nacc_to_adni,D:\cyh\dictionary_learn\outputs\journal\apic_v3_screening_cn_ad\s1\seed43\nacc_to_adni\mixstyle_x\journal_metrics.json,mixstyle_x,9,mixstyle,0.07660177648366642,0.305901378285348,1.1187072170787677,,,,,,,,,0.0,0.0,0.0,0.0,0.0,0.0,0.0,,
D:\cyh\dictionary_learn\outputs\journal\apic_v3_screening_cn_ad\s1,43,nacc_to_adni,D:\cyh\dictionary_learn\outputs\journal\apic_v3_screening_cn_ad\s1\seed43\nacc_to_adni\mixstyle_x\journal_metrics.json,mixstyle_x,10,mixstyle,0.16714128750368598,0.3728924836092111,1.072969963755138,,,,,,,,,0.0,0.0,0.0,0.0,0.0,0.0,0.0,,
D:\cyh\dictionary_learn\outputs\journal\apic_v3_screening_cn_ad\s1,43,nacc_to_adni,D:\cyh\dictionary_learn\outputs\journal\apic_v3_screening_cn_ad\s1\seed43\nacc_to_adni\mixstyle_x\journal_metrics.json,mixstyle_x,11,mixstyle,0.13977313793248722,0.4896817542456456,1.036869159691585,,,,,,,,,0.0,0.0,0.0,0.0,0.0,0.0,0.0,,
D:\cyh\dictionary_learn\outputs\journal\apic_v3_screening_cn_ad\s1,43,nacc_to_adni,D:\cyh\dictionary_learn\outputs\journal\apic_v3_screening_cn_ad\s1\seed43\nacc_to_adni\mixstyle_x\journal_metrics.json,mixstyle_x,12,mixstyle,0.08371351533127147,0.8746873703026233,0.9759102698027396,,,,,,,,,0.0,0.0,0.0,0.0,0.0,0.0,0.0,,
D:\cyh\dictionary_learn\outputs\journal\apic_v3_screening_cn_ad\s1,43,nacc_to_adni,D:\cyh\dictionary_learn\outputs\journal\apic_v3_screening_cn_ad\s1\seed43\nacc_to_adni\mixstyle_x\journal_metrics.json,mixstyle_x,13,mixstyle,0.12509459686171595,0.34886443113937915,1.0814134644988207,,,,,,,,,0.0,0.0,0.0,0.0,0.0,0.0,0.0,,
D:\cyh\dictionary_learn\outputs\journal\apic_v3_screening_cn_ad\s1,43,nacc_to_adni,D:\cyh\dictionary_learn\outputs\journal\apic_v3_screening_cn_ad\s1\seed43\nacc_to_adni\mixstyle_x\journal_metrics.json,mixstyle_x,14,mixstyle,0.030292339041873333,0.7078387063973078,1.056910683960255,,,,,,,,,0.0,0.0,0.0,0.0,0.0,0.0,0.0,,
D:\cyh\dictionary_learn\outputs\journal\apic_v3_screening_cn_ad\s1,43,nacc_to_adni,D:\cyh\dictionary_learn\outputs\journal\apic_v3_screening_cn_ad\s1\seed43\nacc_to_adni\mixstyle_x\journal_metrics.json,mixstyle_x,15,mixstyle,0.038049800165941255,0.3290038788740604,1.10495229722966,,,,,,,,,0.0,0.0,0.0,0.0,0.0,0.0,0.0,,
D:\cyh\dictionary_learn\outputs\journal\apic_v3_screening_cn_ad\s1,43,nacc_to_adni,D:\cyh\dictionary_learn\outputs\journal\apic_v3_screening_cn_ad\s1\seed43\nacc_to_adni\mixstyle_x\journal_metrics.json,mixstyle_x,16,mixstyle,0.15047531607076292,0.3841547007385625,1.1029944610132505,,,,,,,,,0.0,0.0,0.0,0.0,0.0,0.0,0.0,,
D:\cyh\dictionary_learn\outputs\journal\apic_v3_screening_cn_ad\s1,43,nacc_to_adni,D:\cyh\dictionary_learn\outputs\journal\apic_v3_screening_cn_ad\s1\seed43\nacc_to_adni\mixstyle_x\journal_metrics.json,mixstyle_x,17,mixstyle,0.015104034309426332,0.3523558090762866,1.1131542132957293,,,,,,,,,0.0,0.0,0.0,0.0,0.0,0.0,0.0,,
D:\cyh\dictionary_learn\outputs\journal\apic_v3_screening_cn_ad\s1,43,nacc_to_adni,D:\cyh\dictionary_learn\outputs\journal\apic_v3_screening_cn_ad\s1\seed43\nacc_to_adni\mixstyle_x\journal_metrics.json,mixstyle_x,18,mixstyle,0.007606444582824372,0.37109999028075535,1.116785783411537,,,,,,,,,0.0,0.0,0.0,0.0,0.0,0.0,0.0,,
D:\cyh\dictionary_learn\outputs\journal\apic_v3_screening_cn_ad\s1,43,nacc_to_adni,D:\cyh\dictionary_learn\outputs\journal\apic_v3_screening_cn_ad\s1\seed43\nacc_to_adni\mixstyle_x\journal_metrics.json,mixstyle_x,19,mixstyle,0.005716992518571908,0.3529346243779236,1.102938898351345,,,,,,,,,0.0,0.0,0.0,0.0,0.0,0.0,0.0,,
D:\cyh\dictionary_learn\outputs\journal\apic_v3_screening_cn_ad\s1,43,nacc_to_adni,D:\cyh\dictionary_learn\outputs\journal\apic_v3_screening_cn_ad\s1\seed43\nacc_to_adni\mixstyle_x\journal_metrics.json,mixstyle_x,20,mixstyle,0.0024082472479763028,0.4004007275203781,1.1169136766092578,,,,,,,,,0.0,0.0,0.0,0.0,0.0,0.0,0.0,,
D:\cyh\dictionary_learn\outputs\journal\apic_v3_screening_cn_ad\s1,43,nacc_to_adni,D:\cyh\dictionary_learn\outputs\journal\apic_v3_screening_cn_ad\s1\seed43\nacc_to_adni\mixstyle_x\journal_metrics.json,mixstyle_x,21,mixstyle,0.002049422339549582,0.4030347151613044,1.1181199931419572,,,,,,,,,0.0,0.0,0.0,0.0,0.0,0.0,0.0,,
D:\cyh\dictionary_learn\outputs\journal\apic_v3_screening_cn_ad\s1,43,nacc_to_adni,D:\cyh\dictionary_learn\outputs\journal\apic_v3_screening_cn_ad\s1\seed43\nacc_to_adni\mixstyle_x\journal_metrics.json,mixstyle_x,22,mixstyle,0.1068982793706064,0.4852288386511149,0.9813864178597964,,,,,,,,,0.0,0.0,0.0,0.0,0.0,0.0,0.0,,
D:\cyh\dictionary_learn\outputs\journal\apic_v3_screening_cn_ad\s1,43,nacc_to_adni,D:\cyh\dictionary_learn\outputs\journal\apic_v3_screening_cn_ad\s1\seed43\nacc_to_adni\mixstyle_x\journal_metrics.json,mixstyle_x,23,mixstyle,0.10222034277843166,0.3210853674407486,1.1157784925988106,,,,,,,,,0.0,0.0,0.0,0.0,0.0,0.0,0.0,,
D:\cyh\dictionary_learn\outputs\journal\apic_v3_screening_cn_ad\s1,43,nacc_to_adni,D:\cyh\dictionary_learn\outputs\journal\apic_v3_screening_cn_ad\s1\seed43\nacc_to_adni\mixstyle_x\journal_metrics.json,mixstyle_x,24,mixstyle,0.05481463539409718,0.29431837625913876,1.116133597636284,,,,,,,,,0.0,0.0,0.0,0.0,0.0,0.0,0.0,,
D:\cyh\dictionary_learn\outputs\journal\apic_v3_screening_cn_ad\s1,43,nacc_to_adni,D:\cyh\dictionary_learn\outputs\journal\apic_v3_screening_cn_ad\s1\seed43\nacc_to_adni\mixstyle_x\journal_metrics.json,mixstyle_x,25,mixstyle,0.05022421853359777,0.3985249670806401,1.075507979189957,,,,,,,,,0.0,0.0,0.0,0.0,0.0,0.0,0.0,,
D:\cyh\dictionary_learn\outputs\journal\apic_v3_screening_cn_ad\s1,43,nacc_to_adni,D:\cyh\dictionary_learn\outputs\journal\apic_v3_screening_cn_ad\s1\seed43\nacc_to_adni\mixstyle_x\journal_metrics.json,mixstyle_x,26,mixstyle,0.07603765515112722,0.42864137691450166,1.0594000532894845,,,,,,,,,0.0,0.0,0.0,0.0,0.0,0.0,0.0,,
D:\cyh\dictionary_learn\outputs\journal\apic_v3_screening_cn_ad\s1,43,nacc_to_adni,D:\cyh\dictionary_learn\outputs\journal\apic_v3_screening_cn_ad\s1\seed43\nacc_to_adni\mixstyle_x\journal_metrics.json,mixstyle_x,27,mixstyle,0.042807929132455,0.5905344011333697,1.0538730239892873,,,,,,,,,0.0,0.0,0.0,0.0,0.0,0.0,0.0,,
D:\cyh\dictionary_learn\outputs\journal\apic_v3_screening_cn_ad\s1,43,nacc_to_adni,D:\cyh\dictionary_learn\outputs\journal\apic_v3_screening_cn_ad\s1\seed43\nacc_to_adni\mixstyle_x\journal_metrics.json,mixstyle_x,28,mixstyle,0.008247343444069665,0.4376923535276642,1.0756482682498527,,,,,,,,,0.0,0.0,0.0,0.0,0.0,0.0,0.0,,
D:\cyh\dictionary_learn\outputs\journal\apic_v3_screening_cn_ad\s1,43,nacc_to_adni,D:\cyh\dictionary_learn\outputs\journal\apic_v3_screening_cn_ad\s1\seed43\nacc_to_adni\mixstyle_x\journal_metrics.json,mixstyle_x,29,mixstyle,0.009575138690462922,0.40526567602858704,1.1001932627374247,,,,,,,,,0.0,0.0,0.0,0.0,0.0,0.0,0.0,,
D:\cyh\dictionary_learn\outputs\journal\apic_v3_screening_cn_ad\s1,43,nacc_to_adni,D:\cyh\dictionary_learn\outputs\journal\apic_v3_screening_cn_ad\s1\seed43\nacc_to_adni\mixstyle_x\journal_metrics.json,mixstyle_x,30,mixstyle,0.01664297371643336,0.4410741506222232,1.0961041753923007,,,,,,,,,0.0,0.0,0.0,0.0,0.0,0.0,0.0,,
D:\cyh\dictionary_learn\outputs\journal\apic_v3_screening_cn_ad\s1,43,nacc_to_adni,D:\cyh\dictionary_learn\outputs\journal\apic_v3_screening_cn_ad\s1\seed43\nacc_to_adni\mixstyle_x\journal_metrics.json,mixstyle_x,31,mixstyle,0.003817519116078506,0.40487836493584367,1.115165762241632,,,,,,,,,0.0,0.0,0.0,0.0,0.0,0.0,0.0,,
D:\cyh\dictionary_learn\outputs\journal\apic_v3_screening_cn_ad\s1,43,nacc_to_adni,D:\cyh\dictionary_learn\outputs\journal\apic_v3_screening_cn_ad\s1\seed43\nacc_to_adni\mixstyle_x\journal_metrics.json,mixstyle_x,32,mixstyle,0.08016399977760917,0.6221904893271787,1.0263775250219256,,,,,,,,,0.0,0.0,0.0,0.0,0.0,0.0,0.0,,
D:\cyh\dictionary_learn\outputs\journal\apic_v3_screening_cn_ad\s1,43,nacc_to_adni,D:\cyh\dictionary_learn\outputs\journal\apic_v3_screening_cn_ad\s1\seed43\nacc_to_adni\mixstyle_x\journal_metrics.json,mixstyle_x,33,mixstyle,0.05946974953530518,0.4976628636928032,1.053414670514388,,,,,,,,,0.0,0.0,0.0,0.0,0.0,0.0,0.0,,
D:\cyh\dictionary_learn\outputs\journal\apic_v3_screening_cn_ad\s1,43,nacc_to_adni,D:\cyh\dictionary_learn\outputs\journal\apic_v3_screening_cn_ad\s1\seed43\nacc_to_adni\mixstyle_x\journal_metrics.json,mixstyle_x,34,mixstyle,0.05546371306897715,0.4210818688471277,1.0434924494179236,,,,,,,,,0.0,0.0,0.0,0.0,0.0,0.0,0.0,,
D:\cyh\dictionary_learn\outputs\journal\apic_v3_screening_cn_ad\s1,43,nacc_to_adni,D:\cyh\dictionary_learn\outputs\journal\apic_v3_screening_cn_ad\s1\seed43\nacc_to_adni\mixstyle_x\journal_metrics.json,mixstyle_x,35,mixstyle,0.027896509992931685,0.6647731495067478,1.0933110430141186,,,,,,,,,0.0,0.0,0.0,0.0,0.0,0.0,0.0,,
D:\cyh\dictionary_learn\outputs\journal\apic_v3_screening_cn_ad\s1,43,nacc_to_adni,D:\cyh\dictionary_learn\outputs\journal\apic_v3_screening_cn_ad\s1\seed43\nacc_to_adni\mixstyle_x\journal_metrics.json,mixstyle_x,36,mixstyle,0.007238755312476076,0.35272908852894014,1.1269522531530785,,,,,,,,,0.0,0.0,0.0,0.0,0.0,0.0,0.0,,
D:\cyh\dictionary_learn\outputs\journal\apic_v3_screening_cn_ad\s1,43,nacc_to_adni,D:\cyh\dictionary_learn\outputs\journal\apic_v3_screening_cn_ad\s1\seed43\nacc_to_adni\mixstyle_x\journal_metrics.json,mixstyle_x,37,mixstyle,0.002362251840168028,0.46472684783252743,1.1147872940656527,,,,,,,,,0.0,0.0,0.0,0.0,0.0,0.0,0.0,,
D:\cyh\dictionary_learn\outputs\journal\apic_v3_screening_cn_ad\s1,43,nacc_to_adni,D:\cyh\dictionary_learn\outputs\journal\apic_v3_screening_cn_ad\s1\seed43\nacc_to_adni\mixstyle_x\journal_metrics.json,mixstyle_x,38,mixstyle,0.09802088354927697,0.4897578013915366,1.0546737884662758,,,,,,,,,0.0,0.0,0.0,0.0,0.0,0.0,0.0,,
D:\cyh\dictionary_learn\outputs\journal\apic_v3_screening_cn_ad\s1,43,nacc_to_adni,D:\cyh\dictionary_learn\outputs\journal\apic_v3_screening_cn_ad\s1\seed43\nacc_to_adni\mixstyle_x\journal_metrics.json,mixstyle_x,39,mixstyle,0.03756297707540444,0.3823191478570937,1.097757477057934,,,,,,,,,0.0,0.0,0.0,0.0,0.0,0.0,0.0,,
D:\cyh\dictionary_learn\outputs\journal\apic_v3_screening_cn_ad\s1,43,nacc_to_adni,D:\cyh\dictionary_learn\outputs\journal\apic_v3_screening_cn_ad\s1\seed43\nacc_to_adni\mixstyle_x\journal_metrics.json,mixstyle_x,40,mixstyle,0.08352482266605094,0.35065590698995897,1.1010484431258798,,,,,,,,,0.0,0.0,0.0,0.0,0.0,0.0,0.0,,
D:\cyh\dictionary_learn\outputs\journal\apic_v3_screening_cn_ad\s1,43,nacc_to_adni,D:\cyh\dictionary_learn\outputs\journal\apic_v3_screening_cn_ad\s1\seed43\nacc_to_adni\mixstyle_x\journal_metrics.json,mixstyle_x,41,mixstyle,0.036470653850997556,0.5639439773554823,1.06140617067326,,,,,,,,,0.0,0.0,0.0,0.0,0.0,0.0,0.0,,
D:\cyh\dictionary_learn\outputs\journal\apic_v3_screening_cn_ad\s1,43,nacc_to_adni,D:\cyh\dictionary_learn\outputs\journal\apic_v3_screening_cn_ad\s1\seed43\nacc_to_adni\mixstyle_x\journal_metrics.json,mixstyle_x,42,mixstyle,0.004549629547086599,0.49904380987233143,1.08954321793695,,,,,,,,,0.0,0.0,0.0,0.0,0.0,0.0,0.0,,
D:\cyh\dictionary_learn\outputs\journal\apic_v3_screening_cn_ad\s1,43,nacc_to_adni,D:\cyh\dictionary_learn\outputs\journal\apic_v3_screening_cn_ad\s1\seed43\nacc_to_adni\mixstyle_x\journal_metrics.json,mixstyle_x,43,mixstyle,0.08814637986722001,0.8353460349003058,1.0253832927742952,,,,,,,,,0.0,0.0,0.0,0.0,0.0,0.0,0.0,,
D:\cyh\dictionary_learn\outputs\journal\apic_v3_screening_cn_ad\s1,43,nacc_to_adni,D:\cyh\dictionary_learn\outputs\journal\apic_v3_screening_cn_ad\s1\seed43\nacc_to_adni\mixstyle_x\journal_metrics.json,mixstyle_x,44,mixstyle,0.024926403266840806,0.4428691568317472,1.0949176049193685,,,,,,,,,0.0,0.0,0.0,0.0,0.0,0.0,0.0,,
D:\cyh\dictionary_learn\outputs\journal\apic_v3_screening_cn_ad\s1,43,nacc_to_adni,D:\cyh\dictionary_learn\outputs\journal\apic_v3_screening_cn_ad\s1\seed43\nacc_to_adni\mixstyle_x\journal_metrics.json,mixstyle_x,45,mixstyle,0.004931490271071436,0.486099433618335,1.0965328557869352,,,,,,,,,0.0,0.0,0.0,0.0,0.0,0.0,0.0,,
D:\cyh\dictionary_learn\outputs\journal\apic_v3_screening_cn_ad\s1,43,nacc_to_adni,D:\cyh\dictionary_learn\outputs\journal\apic_v3_screening_cn_ad\s1\seed43\nacc_to_adni\mixstyle_x\journal_metrics.json,mixstyle_x,46,mixstyle,0.028886795118696632,0.5110591430075407,1.0886650768291184,,,,,,,,,0.0,0.0,0.0,0.0,0.0,0.0,0.0,,
D:\cyh\dictionary_learn\outputs\journal\apic_v3_screening_cn_ad\s1,43,nacc_to_adni,D:\cyh\dictionary_learn\outputs\journal\apic_v3_screening_cn_ad\s1\seed43\nacc_to_adni\mixstyle_x\journal_metrics.json,mixstyle_x,47,mixstyle,0.008210121461181503,0.3701139362065038,1.1072972383036872,,,,,,,,,0.0,0.0,0.0,0.0,0.0,0.0,0.0,,
D:\cyh\dictionary_learn\outputs\journal\apic_v3_screening_cn_ad\s1,43,nacc_to_adni,D:\cyh\dictionary_learn\outputs\journal\apic_v3_screening_cn_ad\s1\seed43\nacc_to_adni\mixstyle_x\journal_metrics.json,mixstyle_x,48,mixstyle,0.0015179326893511689,0.39823956051402337,1.1147312346551264,,,,,,,,,0.0,0.0,0.0,0.0,0.0,0.0,0.0,,
D:\cyh\dictionary_learn\outputs\journal\apic_v3_screening_cn_ad\s1,43,nacc_to_adni,D:\cyh\dictionary_learn\outputs\journal\apic_v3_screening_cn_ad\s1\seed43\nacc_to_adni\mixstyle_x\journal_metrics.json,mixstyle_x,49,mixstyle,0.0005349233031452389,0.41160943847611764,1.112621592079172,,,,,,,,,0.0,0.0,0.0,0.0,0.0,0.0,0.0,,
D:\cyh\dictionary_learn\outputs\journal\apic_v3_screening_cn_ad\s1,43,nacc_to_adni,D:\cyh\dictionary_learn\outputs\journal\apic_v3_screening_cn_ad\s1\seed43\nacc_to_adni\mixstyle_x\journal_metrics.json,mixstyle_x,50,mixstyle,0.0006396176669931666,0.41260611602449854,1.1131348240953811,,,,,,,,,0.0,0.0,0.0,0.0,0.0,0.0,0.0,,
