seed,direction,variant,status,split,claim_protocol_revision,split_seed,training_seed,initialization_seed,config_hash,loss,subject_balanced_accuracy,subject_auc,subject_macro_f1,subject_sensitivity,subject_specificity,subject_accuracy,subject_brier,subject_ece,subject_group_gap,subject_worst_group_auc,subject_n_subjects,subject_n,scan_balanced_accuracy,scan_auc,scan_macro_f1,scan_sensitivity,scan_specificity,scan_accuracy,scan_brier,scan_ece,scan_group_gap,scan_worst_group_auc,scan_n_subjects,scan_n,subject_balanced_accuracy_ci_lo,subject_balanced_accuracy_ci_hi,subject_auc_ci_lo,subject_auc_ci_hi,subject_macro_f1_ci_lo,subject_macro_f1_ci_hi,subject_sensitivity_ci_lo,subject_sensitivity_ci_hi,subject_specificity_ci_lo,subject_specificity_ci_hi,subject_accuracy_ci_lo,subject_accuracy_ci_hi,subject_brier_ci_lo,subject_brier_ci_hi,subject_ece_ci_lo,subject_ece_ci_hi,subject_group_gap_ci_lo,subject_group_gap_ci_hi,subject_worst_group_auc_ci_lo,subject_worst_group_auc_ci_hi
42,adni_to_nacc,ce_only,complete,target,2,42,42,42,f6dfbd8126a812447905c3748c2fcdda2d69510c942135b29d0f03fab209b9c5,0.3927083243738403,0.8204551137784446,0.9117279319829957,0.7865250181654181,0.7688172043010753,0.872093023255814,0.8520833333333333,0.10934612069153112,0.06576323531464565,0.11304174315587834,0.848990342405619,960,960,0.8138106624158696,0.9058049946865038,0.7841375793348244,0.7583333333333333,0.869287991498406,0.8467400508044031,0.11368544663603417,0.07151212079559313,0.11131192200462403,0.8414932680538555,960,1181,0.7888347086771694,0.8491867758606318,0.8846753355005418,0.930698125920369,0.757721738974304,0.8124083432075966,0.7150537634408602,0.8225806451612904,0.851421188630491,0.892797157622739,0.83015625,0.8708333333333333,0.09680273264354965,0.12391163638216203,0.05143097567889426,0.08732459198592962,0.06147936823114613,0.23133526108108518,0.7318260930103035,0.9031570037105752
42,adni_to_nacc,ce_only,complete,source_val,2,42,42,42,f6dfbd8126a812447905c3748c2fcdda2d69510c942135b29d0f03fab209b9c5,0.5829411071635847,0.8403846153846153,0.9115384615384616,0.8260869565217392,0.7307692307692307,0.95,0.8260869565217391,0.14553507151673442,0.10686640118597754,0.22857142857142865,0.7714285714285714,46,46,0.8193105110896818,0.898023143683703,0.813404050144648,0.7205882352941176,0.9180327868852459,0.813953488372093,0.14875674094844,0.12015288929606602,0.26,0.74,46,129,0.7383173076923077,0.9423076923076923,0.8016346153846154,0.9848076923076923,0.7161298552319396,0.9345040341718083,0.5759615384615385,0.9230769230769231,0.85,1.0,0.717391304347826,0.9347826086956522,0.07575743706486672,0.24045127381189282,0.07407145864829649,0.22996016728368798,0.0,0.5691666666666673,0.43083333333333373,1.0
42,adni_to_nacc,ce_only,complete,source_test,2,42,42,42,f6dfbd8126a812447905c3748c2fcdda2d69510c942135b29d0f03fab209b9c5,0.3553802934857231,0.8615384615384616,0.9288461538461539,0.8654970760233919,0.9230769230769231,0.8,0.8695652173913043,0.09460871664931929,0.06544855662446086,0.6666666666666667,0.3333333333333333,46,46,0.9006696428571428,0.9352678571428572,0.899749373433584,0.9107142857142857,0.890625,0.9,0.09364186185300398,0.054570398728052805,0.75,0.25,46,120,0.7538461538461538,0.9501442307692307,0.8343269230769231,0.9903846153846154,0.7552007740686986,0.9551807804768332,0.8076923076923077,1.0,0.6,0.95,0.7608695652173914,0.9565217391304348,0.04143388499547599,0.15857093584622167,0.04118922416768647,0.17523970222937454,0.0,1.0,0.0,1.0
42,adni_to_nacc,mixstyle,complete,target,2,42,42,42,f6dfbd8126a812447905c3748c2fcdda2d69510c942135b29d0f03fab209b9c5,0.4620653096752858,0.7523755938984746,0.8496707510210887,0.7265237064725556,0.6559139784946236,0.8488372093023255,0.8114583333333333,0.13353527822275935,0.05470255264339762,0.17554389344670696,0.7258312020460357,960,960,0.7359856535600425,0.8300301098122564,0.7168945000368796,0.625,0.8469713071200851,0.8018628281117697,0.14355414785793,0.0660844750065202,0.17445236143726106,0.7206720672067207,960,1181,0.7184759731599567,0.7856396390764357,0.8215008613264428,0.8753000750187547,0.6960696465769075,0.7558727840754662,0.5913978494623656,0.7151881720430108,0.8255490956072352,0.8708010335917312,0.7895572916666667,0.8333854166666668,0.12018749125163106,0.14737857209306146,0.04037565990034235,0.07702117406691987,0.10929426801822861,0.34125019390124023,0.5867955957086393,0.8016599658869396
42,adni_to_nacc,mixstyle,complete,source_val,2,42,42,42,f6dfbd8126a812447905c3748c2fcdda2d69510c942135b29d0f03fab209b9c5,0.41935528047353954,0.8365384615384616,0.8999999999999999,0.8417690417690418,0.9230769230769231,0.75,0.8478260869565217,0.1144300305459205,0.07900464904974694,0.2857142857142857,0.7142857142857143,46,46,0.8165380906460945,0.8934426229508197,0.8181651038793896,0.9117647058823529,0.7213114754098361,0.8217054263565892,0.12895024609063355,0.05909320966217866,0.2633333333333333,0.7366666666666667,46,129,0.7363942307692308,0.9365384615384615,0.805625,0.976923076923077,0.7384808723138311,0.9340028694404591,0.8076923076923077,1.0,0.55,0.95,0.7603260869565218,0.9347826086956522,0.05454598296621194,0.17561271017130184,0.04479153058397167,0.1949061567775181,0.0,0.6666666666666666,0.33333333333333337,1.0
42,adni_to_nacc,mixstyle,complete,source_test,2,42,42,42,f6dfbd8126a812447905c3748c2fcdda2d69510c942135b29d0f03fab209b9c5,0.4849272171074214,0.7365384615384616,0.9115384615384615,0.7401129943502825,0.9230769230769231,0.55,0.7608695652173914,0.14138567132770752,0.147292358017918,0.33333333333333337,0.6666666666666666,46,46,0.7790178571428572,0.9148995535714286,0.7624434389140272,0.9642857142857143,0.59375,0.7666666666666667,0.16070184474456142,0.10208009680112207,0.38842975206611574,0.6115702479338843,46,120,0.6288461538461538,0.8615384615384616,0.8346153846153846,0.975048076923077,0.6164505012531329,0.8654970760233919,0.8067307692307694,1.0,0.35,0.75,0.6521739130434783,0.8695652173913043,0.07949950052923573,0.19791363274322388,0.08695078389665144,0.22900864674804225,0.0,1.0,0.0,1.0
42,adni_to_nacc,metadata,complete,target,2,42,42,42,f6dfbd8126a812447905c3748c2fcdda2d69510c942135b29d0f03fab209b9c5,313.20340428364466,0.5,0.5,0.4463667820069204,0.0,1.0,0.80625,0.19375,0.19374999999999998,0.0,0.5,960,960,0.5,0.5,0.443449575871819,0.0,1.0,0.7967823878069432,0.20321761219305673,0.20321761219305678,0.0,0.5,960,1181,0.5,0.5,0.5,0.5,0.4463667820069204,0.4463667820069204,0.0,0.0,1.0,1.0,0.80625,0.80625,0.19375,0.19375,0.19374999999999998,0.19374999999999998,0.0,0.0,0.5,0.5
42,adni_to_nacc,metadata,complete,source_val,2,42,42,42,f6dfbd8126a812447905c3748c2fcdda2d69510c942135b29d0f03fab209b9c5,0.437872361063293,0.8423076923076923,0.8846153846153847,0.8442186744073537,0.8846153846153846,0.8,0.8478260869565217,0.13659676073756738,0.11286562538511019,0.25714285714285723,0.7428571428571428,46,46,0.8060511089681774,0.8768081002892961,0.8057813911472447,0.8088235294117647,0.8032786885245902,0.8062015503875969,0.14263900450240288,0.037838417430256704,0.2533333333333334,0.7466666666666666,46,129,0.7401442307692309,0.95,0.7634134615384615,0.9654326923076924,0.7370247034826622,0.9551656920077973,0.7682692307692309,1.0,0.6487500000000003,0.9512500000000003,0.7391304347826086,0.9565217391304348,0.08348978030611201,0.2039056312830029,0.07556984533897106,0.22386197925026596,0.032946428571428626,0.6666666666666666,0.33333333333333337,0.9341666666666669
42,adni_to_nacc,metadata,complete,source_test,2,42,42,42,f6dfbd8126a812447905c3748c2fcdda2d69510c942135b29d0f03fab209b9c5,0.39176240883922825,0.8115384615384615,0.9307692307692308,0.8174603174603174,0.9230769230769231,0.7,0.8260869565217391,0.11592057988959059,0.08624654256779216,0.33333333333333337,0.6666666666666666,46,46,0.7991071428571428,0.931640625,0.7909553341230575,0.9107142857142857,0.6875,0.7916666666666666,0.12995260786667018,0.09334874699513118,0.4049586776859504,0.5950413223140496,46,120,0.6979326923076923,0.925,0.8284134615384616,0.9846153846153846,0.7000658811898778,0.9321867321867321,0.8076923076923077,1.0,0.5,0.9,0.717391304347826,0.9347826086956522,0.06766186303303894,0.17595497848586494,0.057717100296007504,0.1905936341684149,0.0,0.762857142857143,0.2371428571428573,1.0
42,adni_to_nacc,metadata_xda,complete,target,2,42,42,42,f6dfbd8126a812447905c3748c2fcdda2d69510c942135b29d0f03fab209b9c5,2433.2868910748307,0.5,0.5,0.4463667820069204,0.0,1.0,0.80625,0.19375,0.19374999999999998,0.0,0.5,960,960,0.5,0.5,0.443449575871819,0.0,1.0,0.7967823878069432,0.20321761219305673,0.20321761219305678,0.0,0.5,960,1181,0.5,0.5,0.5,0.5,0.4463667820069204,0.4463667820069204,0.0,0.0,1.0,1.0,0.80625,0.80625,0.19375,0.19375,0.19374999999999998,0.19374999999999998,0.0,0.0,0.5,0.5
42,adni_to_nacc,metadata_xda,complete,source_val,2,42,42,42,f6dfbd8126a812447905c3748c2fcdda2d69510c942135b29d0f03fab209b9c5,0.689991520126921,0.8730769230769231,0.9000000000000001,0.8685714285714285,0.8461538461538461,0.9,0.8695652173913043,0.13174932361165115,0.1331707053796599,0.19999999999999996,0.8,46,46,0.8297974927675988,0.8968177434908389,0.8292007703418393,0.8235294117647058,0.8360655737704918,0.8294573643410853,0.13538155876034172,0.11768880555796069,0.2333333333333334,0.7666666666666666,46,129,0.7650961538461538,0.9618750000000001,0.7998076923076922,0.9807692307692307,0.759731941515932,0.9567293524085979,0.6923076923076923,0.9615384615384616,0.75,1.0,0.7608695652173914,0.9570652173913045,0.050983470791644024,0.2321836845393309,0.06678356241427105,0.25386120999397754,0.0,0.6010000000000002,0.3990000000000002,1.0
42,adni_to_nacc,metadata_xda,complete,source_test,2,42,42,42,f6dfbd8126a812447905c3748c2fcdda2d69510c942135b29d0f03fab209b9c5,0.28490807155094444,0.8615384615384616,0.9519230769230769,0.8654970760233919,0.9230769230769231,0.8,0.8695652173913043,0.09787549602545104,0.06992246712679445,0.25,0.75,46,46,0.8772321428571428,0.9642857142857143,0.8749218261413383,0.9107142857142857,0.84375,0.875,0.09129259231988447,0.08762357632319137,0.2644628099173554,0.7355371900826446,46,120,0.7594711538461538,0.9501442307692307,0.8959615384615384,0.9924038461538462,0.7579402776013587,0.9551807804768332,0.7692307692307693,1.0,0.65,0.95,0.7608695652173914,0.9565217391304348,0.04127130898068742,0.1662964615979407,0.03508397743267858,0.17770123743195682,0.0,0.6125000000000004,0.3875000000000002,1.0
42,adni_to_nacc,apis_v2,complete,target,2,42,42,42,f6dfbd8126a812447905c3748c2fcdda2d69510c942135b29d0f03fab209b9c5,0.6867154646297622,0.8232266399933317,0.9037745547497986,0.7687174370912315,0.8118279569892473,0.834625322997416,0.8302083333333333,0.14188928353151703,0.11619945006871905,0.11330741251724574,0.8463564530289728,960,960,0.8160467587672688,0.8939669677647892,0.7672973179783449,0.8,0.8320935175345378,0.825571549534293,0.14567298325091715,0.12277755633337234,0.11017279459529694,0.8255813953488372,960,1181,0.792778923897641,0.8519661165291323,0.8812656289072268,0.9242678725236865,0.7410398873669704,0.7965250524513647,0.7579301075268817,0.8603494623655914,0.8087855297157622,0.8578811369509044,0.8083072916666667,0.853125,0.12518718653114808,0.16069194598208625,0.09928561552696118,0.13699247627234512,0.06527322539470441,0.25879906891320315,0.7083602679039531,0.9014245130414938
42,adni_to_nacc,apis_v2,complete,source_val,2,42,42,42,f6dfbd8126a812447905c3748c2fcdda2d69510c942135b29d0f03fab209b9c5,0.6802479397966114,0.8538461538461539,0.9192307692307693,0.8471760797342194,0.8076923076923077,0.9,0.8478260869565217,0.12492209762665603,0.1109166702652816,0.2571428571428571,0.7428571428571429,46,46,0.8470347155255544,0.9139344262295082,0.8449519230769231,0.8088235294117647,0.8852459016393442,0.8449612403100775,0.13307023758837916,0.10349146478859954,0.2633333333333333,0.7366666666666667,46,129,0.7461538461538462,0.9423076923076923,0.8287980769230768,0.9885096153846155,0.7386363636363636,0.9345040341718083,0.6538461538461539,0.9615384615384616,0.75,1.0,0.7391304347826086,0.9347826086956522,0.05295143156548261,0.21382043619469465,0.05338084048898132,0.21561727364946692,0.0,0.6341666666666669,0.3658333333333335,1.0
42,adni_to_nacc,apis_v2,complete,source_test,2,42,42,42,f6dfbd8126a812447905c3748c2fcdda2d69510c942135b29d0f03fab209b9c5,0.4581352952830455,0.8173076923076923,0.9461538461538461,0.8206627680311891,0.8846153846153846,0.75,0.8260869565217391,0.12145437373343895,0.12691043190442136,0.125,0.875,46,46,0.8303571428571428,0.9503348214285715,0.8248905565978737,0.9107142857142857,0.75,0.825,0.12869008959597236,0.11402455170949297,0.23140495867768596,0.768595041322314,46,120,0.7287019230769232,0.9309134615384616,0.8883653846153847,0.9923076923076923,0.730874060150376,0.93325573211337,0.7692307692307693,1.0,0.6,0.9012500000000003,0.7391304347826086,0.9347826086956522,0.05423389529665269,0.18738139528104097,0.053120039537063,0.20516649551716623,0.0,0.5,0.5,1.0
42,nacc_to_adni,ce_only,complete,target,2,42,42,42,f6dfbd8126a812447905c3748c2fcdda2d69510c942135b29d0f03fab209b9c5,0.7452290994835147,0.7717441860465116,0.8974418604651162,0.777370979418761,0.9534883720930233,0.59,0.7947598253275109,0.1634842670993912,0.13631386318313565,0.1960252935862692,0.8039747064137308,229,229,0.7695289589442815,0.8885401392961877,0.758578385465443,0.94375,0.5953079178885631,0.7639939485627837,0.1891324675046535,0.1455414216745639,0.21457684008631017,0.7854231599136898,229,661,0.722295542635659,0.8245242248062016,0.8586531007751937,0.9287054263565891,0.7242285186417564,0.8324307659766282,0.9147286821705426,0.9844961240310077,0.49975,0.6802500000000001,0.7467248908296943,0.8427947598253275,0.1309613463003982,0.19039520550003097,0.09417096725304437,0.17974986072515636,0.12747828808875336,0.3041304186827293,0.6958695813172707,0.8725217119112467
42,nacc_to_adni,ce_only,complete,source_val,2,42,42,42,f6dfbd8126a812447905c3748c2fcdda2d69510c942135b29d0f03fab209b9c5,0.9560340735627982,0.7761987794245859,0.9394943330427201,0.6376598867687147,0.9459459459459459,0.6064516129032258,0.671875,0.24680450944735133,0.21459632965787828,0.15037593984962405,0.849624060150376,192,192,0.7683161181840019,0.9413884218111939,0.6296435742971886,0.9565217391304348,0.580110497237569,0.6563876651982379,0.2526291634035549,0.2284651624473706,0.16666666666666674,0.8333333333333333,192,227,0.7124673060156931,0.8187445510026156,0.8895771578029642,0.9743984306887532,0.5777621984045417,0.692312462852419,0.8641891891891893,1.0,0.5290322580645161,0.6774193548387096,0.6041666666666666,0.729296875,0.19953913771665674,0.29188555136397837,0.16153365136835615,0.2842224797098121,0.058602941176470635,0.3572767857142858,0.6427232142857142,0.9413970588235294
42,nacc_to_adni,ce_only,complete,source_test,2,42,42,42,f6dfbd8126a812447905c3748c2fcdda2d69510c942135b29d0f03fab209b9c5,0.8706606188100852,0.7935483870967741,0.9595466434176112,0.6380346412159774,1.0,0.5870967741935483,0.6666666666666666,0.23698295648046175,0.2192075054626912,0.10526315789473673,0.8947368421052633,192,192,0.8015873015873016,0.967714069754886,0.6594746179820294,1.0,0.6031746031746031,0.6848739495798319,0.23010752979801405,0.20566988091508887,0.09999999999999998,0.9,192,238,0.7548387096774194,0.8260483870967742,0.9300523103748909,0.981355710549259,0.5842735042735042,0.6839425162886101,1.0,1.0,0.5096774193548387,0.6520967741935485,0.6041666666666666,0.7191406250000001,0.1953221869042109,0.2830435579468425,0.1801011736562941,0.2882373901084066,0.0399615384615385,0.27797619047619054,0.7220238095238095,0.9600384615384615
42,nacc_to_adni,mixstyle,complete,target,2,42,42,42,f6dfbd8126a812447905c3748c2fcdda2d69510c942135b29d0f03fab209b9c5,0.528565319610105,0.805968992248062,0.9074418604651163,0.7986620795107033,0.751937984496124,0.86,0.7991266375545851,0.1362564586376,0.09327890432894267,0.1428571428571428,0.8571428571428572,229,229,0.8138013196480938,0.9097507331378298,0.8143258426966291,0.7625,0.8651026392961877,0.8154311649016641,0.1419314498236369,0.11004428946484955,0.11912459526940467,0.8707743946295852,229,661,0.7528013565891473,0.8559777131782946,0.8709922480620155,0.9419418604651164,0.7456071073116405,0.8508176957676636,0.6742248062015503,0.8217054263565892,0.8,0.93,0.7467248908296943,0.8516375545851529,0.10504251696219714,0.16912445659595254,0.05503003298417006,0.13892741759848043,0.1036601169374173,0.44583333333333364,0.5541666666666669,0.8963398830625827
42,nacc_to_adni,mixstyle,complete,source_val,2,42,42,42,f6dfbd8126a812447905c3748c2fcdda2d69510c942135b29d0f03fab209b9c5,0.422927700449839,0.8608544027898867,0.9229293809938971,0.8201966599032309,0.8378378378378378,0.8838709677419355,0.875,0.10104171288987007,0.08758447517175239,0.17003446115288234,0.819548872180451,192,192,0.8577948594763392,0.9154455921210666,0.8253846153846154,0.8260869565217391,0.8895027624309392,0.8766519823788547,0.10894680051405456,0.11344972108429222,0.21127060074428505,0.7676767676767676,192,227,0.7829991281604185,0.9239755884917176,0.8526809067131649,0.9696687009590235,0.7479653452349699,0.8852751196172249,0.7020270270270271,0.9459459459459459,0.832258064516129,0.9354838709677419,0.8279947916666667,0.9270833333333334,0.06514897885178912,0.13513794549113128,0.052161757253472586,0.12599340422699845,0.06295138888888882,0.4718131868131867,0.5267857142857143,0.9333739837398374
42,nacc_to_adni,mixstyle,complete,source_test,2,42,42,42,f6dfbd8126a812447905c3748c2fcdda2d69510c942135b29d0f03fab209b9c5,0.26365697266204374,0.9310374891020052,0.9752397558849172,0.8866810938422192,0.9459459459459459,0.9161290322580645,0.921875,0.06539281747971827,0.05218952905367289,0.10317460317460314,0.8968253968253969,192,192,0.9244142101284958,0.9745167908433214,0.8832417582417582,0.9387755102040817,0.91005291005291,0.9159663865546218,0.06673055933671333,0.05518021303064681,0.11413043478260865,0.8858695652173914,192,238,0.8787990409764603,0.967741935483871,0.9514952048823017,0.9885004359197908,0.8317357681871502,0.9368421052631579,0.8648648648648649,1.0,0.864516129032258,0.9548387096774194,0.8802083333333334,0.9583333333333334,0.03954496105329459,0.10089109601636653,0.02775147825911216,0.09519495692014365,0.020661795516446646,0.27732259570494866,0.7226774042950513,0.9793382044835534
42,nacc_to_adni,metadata,complete,target,2,42,42,42,f6dfbd8126a812447905c3748c2fcdda2d69510c942135b29d0f03fab209b9c5,17701.62441612805,0.4724806201550387,0.5285658914728683,0.40924015009380865,0.8449612403100775,0.1,0.519650655021834,0.3789741353175138,0.350928191366718,0.28869047619047616,0.4821428571428571,229,229,0.5036977639296187,0.5042934384164223,0.4374925379200675,0.834375,0.17302052785923755,0.49319213313161875,0.5057153332689696,0.5061933401853702,0.04944796805261914,0.47580455719990605,229,661,0.4353207364341085,0.5241211240310077,0.47131201550387597,0.5987325581395349,0.36726873775668956,0.4680706029807815,0.7829457364341085,0.914922480620155,0.04,0.17,0.48034934497816595,0.5677947598253276,0.34285934393315304,0.4131847149867219,0.3057604249398415,0.4025424913136123,0.16502176745711228,0.6312673611111111,0.25,0.5298701298701299
42,nacc_to_adni,metadata,complete,source_val,2,42,42,42,f6dfbd8126a812447905c3748c2fcdda2d69510c942135b29d0f03fab209b9c5,0.33668465176236323,0.8531822144725371,0.9351351351351351,0.8391151332327802,0.7837837837837838,0.9225806451612903,0.8958333333333334,0.08628129161000346,0.06428941603129115,0.12030075187969924,0.8796992481203008,192,192,0.8200216190247418,0.9311794379053567,0.8174425877937628,0.717391304347826,0.9226519337016574,0.8810572687224669,0.09241076433761254,0.07661414487771531,0.18181818181818188,0.8181818181818181,192,227,0.7656495204882301,0.9169136878814298,0.884180470793374,0.9716216216216217,0.7673604271577396,0.9015721120984279,0.6216216216216216,0.8925675675675677,0.8838709677419355,0.9614516129032259,0.8541666666666666,0.9375,0.05564383252560187,0.12032926217447443,0.04127050077076985,0.10174162721701167,0.07499574829931968,0.31312500000000015,0.6868750000000001,0.9250042517006803
42,nacc_to_adni,metadata,complete,source_test,2,42,42,42,f6dfbd8126a812447905c3748c2fcdda2d69510c942135b29d0f03fab209b9c5,0.20237669323179805,0.9130775937227551,0.9698343504795118,0.9088673139158576,0.8648648648648649,0.9612903225806452,0.9427083333333334,0.05232880634145091,0.04196513193245575,0.06666666666666665,0.9333333333333333,192,192,0.9149659863945578,0.9723571968469928,0.9057425742574257,0.8775510204081632,0.9523809523809523,0.9369747899159664,0.05418231332294248,0.034382543894423176,0.06153846153846143,0.9384615384615386,192,238,0.8557824760244115,0.9608260680034875,0.9438099389712292,0.989054054054054,0.8531059663082675,0.950832194121668,0.7567567567567568,0.972972972972973,0.9224193548387097,0.9870967741935484,0.9114583333333334,0.96875,0.029786084782788127,0.08089607109715154,0.020620738846224076,0.080064034204568,1.0824674490095322e-16,0.25,0.75,0.9999999999999999
42,nacc_to_adni,metadata_xda,complete,target,2,42,42,42,f6dfbd8126a812447905c3748c2fcdda2d69510c942135b29d0f03fab209b9c5,21244.064024431085,0.5132558139534884,0.46333333333333326,0.3490915705937194,0.046511627906976744,0.98,0.45414847161572053,0.5391388641219839,0.5381021253102083,0.17934782608695649,0.3920807453416149,229,229,0.500458211143695,0.4950742302052786,0.3883881344744192,0.0625,0.9384164222873901,0.5143721633888049,0.48431427116863685,0.484682667002916,0.10024117405582927,0.4473778735632184,229,661,0.4916279069767442,0.5365397286821705,0.42600193798449615,0.5026870155038761,0.32010498414292665,0.3903850188604468,0.023062015503876,0.08527131782945736,0.95,1.0,0.43231441048034935,0.48034934497816595,0.5151870619153528,0.5619045319496321,0.5136464055477552,0.5678564741231159,0.09640619653838448,0.41371428571428576,0.2811033653846154,0.4400576923076923
42,nacc_to_adni,metadata_xda,complete,source_val,2,42,42,42,f6dfbd8126a812447905c3748c2fcdda2d69510c942135b29d0f03fab209b9c5,0.23296519258487913,0.8596338273757629,0.9415867480383611,0.8523581681476418,0.7837837837837838,0.9354838709677419,0.90625,0.06963784099993275,0.03882990989627117,0.15037593984962416,0.8496240601503758,192,192,0.8472856113379774,0.947633917847706,0.8444881303428351,0.7608695652173914,0.9337016574585635,0.8986784140969163,0.0699511040295233,0.03533729188767818,0.18686868686868685,0.8131313131313131,192,227,0.7789864864864865,0.9240409764603313,0.8859590235396687,0.9796033129904097,0.7806282931690097,0.9106561191251745,0.6216216216216216,0.8925675675675677,0.9032258064516129,0.967741935483871,0.859375,0.9427083333333334,0.04654425935989026,0.09704522524882314,0.024857678179008393,0.0850955948155995,0.039467234262125804,0.3792016806722689,0.6207983193277311,0.9605327657378742
42,nacc_to_adni,metadata_xda,complete,source_test,2,42,42,42,f6dfbd8126a812447905c3748c2fcdda2d69510c942135b29d0f03fab209b9c5,0.1554224033653944,0.8789886660854402,0.9769834350479512,0.8951774340309373,0.7837837837837838,0.9741935483870968,0.9375,0.0442398667773348,0.028671290208068217,0.06666666666666676,0.9333333333333332,192,192,0.8949357520786092,0.9772162833387323,0.9072073075637741,0.8163265306122449,0.9735449735449735,0.9411764705882353,0.04545694250825256,0.028792987350656236,0.06153846153846154,0.9384615384615385,192,238,0.8048888404533566,0.9530078465562337,0.9516564952048823,0.9925196163905842,0.83125,0.9476435500926975,0.6486486486486487,0.918918918918919,0.9419354838709677,0.9935483870967742,0.9061197916666667,0.96875,0.027234722341533547,0.06767039622758303,0.019690513599198198,0.060097318852786,0.007898351648351629,0.1875,0.8125,0.9921016483516484
42,nacc_to_adni,apis_v2,complete,target,2,42,42,42,f6dfbd8126a812447905c3748c2fcdda2d69510c942135b29d0f03fab209b9c5,0.7548249444270185,0.8054651162790698,0.9070542635658915,0.7946971864568432,0.7209302325581395,0.89,0.7947598253275109,0.16855775204465515,0.14777235877973038,0.1445347786811202,0.8554652213188798,229,229,0.8033678519061583,0.9100806451612904,0.8035478777746818,0.709375,0.8973607038123167,0.8063540090771558,0.16086320322789696,0.13776177907314685,0.13027300092752014,0.8596259889714697,229,661,0.7555658914728682,0.8492403100775194,0.8694496124031007,0.9380096899224806,0.7423369506995833,0.8384763327776399,0.6354651162790698,0.7829457364341085,0.82975,0.95,0.74235807860262,0.8385371179039302,0.13776582888514566,0.213269962567461,0.11094892433694196,0.20207703010716563,0.09599880059970012,0.2406209489240342,0.7593790510759658,0.9040011994002999
42,nacc_to_adni,apis_v2,complete,source_val,2,42,42,42,f6dfbd8126a812447905c3748c2fcdda2d69510c942135b29d0f03fab209b9c5,0.36843967361971763,0.8693112467306016,0.937227550130776,0.873144518345593,0.7837837837837838,0.9548387096774194,0.921875,0.06730317277267585,0.053468182799406426,0.3142857142857143,0.6857142857142857,192,192,0.855572904155657,0.9242133077107855,0.8614163614163615,0.7608695652173914,0.9502762430939227,0.9118942731277533,0.07861621370736652,0.06773138597673263,0.30952380952380953,0.6904761904761905,192,227,0.7881495204882302,0.9305078465562336,0.8735178727114211,0.9777114210985178,0.8075480615666651,0.9255080677818586,0.6216216216216216,0.918918918918919,0.9161290322580645,0.9870967741935484,0.8854166666666666,0.953125,0.040859066330545944,0.10115424312849222,0.0303221585898427,0.09423095392024447,0.06304898648648641,0.46781309297912715,0.5321869070208729,0.9369510135135136
42,nacc_to_adni,apis_v2,complete,source_test,2,42,42,42,f6dfbd8126a812447905c3748c2fcdda2d69510c942135b29d0f03fab209b9c5,0.33718105197486625,0.8969485614646906,0.9632083696599826,0.8736842105263158,0.8648648648648649,0.9290322580645162,0.9166666666666666,0.07056820056178341,0.0683058726636874,0.05789473684210522,0.9421052631578948,192,192,0.8915343915343915,0.9635028614620451,0.8716981132075472,0.8571428571428571,0.9259259259259259,0.9117647058823529,0.07333839199546359,0.06110186737124654,0.06521739130434778,0.9347826086956522,192,238,0.832541412380122,0.9510680034873583,0.9326809067131648,0.9863993025283347,0.8138537302265195,0.9356759545923633,0.7560810810810812,0.972972972972973,0.8837096774193549,0.967741935483871,0.8748697916666667,0.9583333333333334,0.038580611465296864,0.10784514055751306,0.03274361559948967,0.1096095387612069,0.021659044715447162,0.15664607558139543,0.8433539244186047,0.9783409552845529
43,adni_to_nacc,ce_only,complete,target,2,42,43,43,3c882fe4bf4f20da21cd1d2355aff95641c48eb1f0b7f079fe024e41a583ce99,0.38686983904981304,0.8327290155872301,0.9078728015337167,0.808931729662993,0.7688172043010753,0.896640826873385,0.871875,0.10087109041212045,0.056234417268489094,0.08269272430817654,0.8762071992976295,960,960,0.8234590860786397,0.8969978746014878,0.8056150503477957,0.75,0.8969181721572795,0.8670618120237087,0.10595070964534054,0.06207663628330278,0.07922243986192334,0.8671970624235007,960,1181,0.8023307910310912,0.8636231974660332,0.8830792767636353,0.9314417145953154,0.781282975573589,0.8380665165297598,0.7096774193548387,0.8279569892473119,0.8733850129198967,0.9160852713178295,0.8520833333333333,0.8916927083333334,0.08469002757892458,0.11441260790635825,0.042920900493950774,0.07448172411118219,0.05856309731418649,0.20015561681709795,0.7667607924305144,0.9044710481968319
43,adni_to_nacc,ce_only,complete,source_val,2,42,43,43,3c882fe4bf4f20da21cd1d2355aff95641c48eb1f0b7f079fe024e41a583ce99,0.6617795597593112,0.7769230769230769,0.8980769230769231,0.7607565011820331,0.6538461538461539,0.9,0.7608695652173914,0.1683262940155667,0.16834111362965637,0.22857142857142854,0.7714285714285715,46,46,0.7800144648023144,0.8932015429122468,0.774706413730804,0.6911764705882353,0.8688524590163934,0.7751937984496124,0.17415096129692645,0.15215654613435733,0.30000000000000004,0.7,46,129,0.6634134615384615,0.8849519230769232,0.7882692307692308,0.9788942307692309,0.6457214048410062,0.8700970883803473,0.46153846153846156,0.8461538461538461,0.75,1.0,0.6516304347826088,0.870108695652174,0.07985650500407318,0.262284267833505,0.06768456558723916,0.27482412911485876,0.0,0.6486111111111112,0.351388888888889,1.0
43,adni_to_nacc,ce_only,complete,source_test,2,42,43,43,3c882fe4bf4f20da21cd1d2355aff95641c48eb1f0b7f079fe024e41a583ce99,0.32177001036082703,0.8538461538461539,0.9365384615384615,0.8471760797342194,0.8076923076923077,0.9,0.8478260869565217,0.10867606173895193,0.05606255376900442,0.1428571428571428,0.8571428571428572,46,46,0.8459821428571428,0.9444754464285714,0.8479301605181638,0.7857142857142857,0.90625,0.85,0.10093901540808299,0.06587228129307426,0.19834710743801642,0.8016528925619836,46,120,0.7518269230769231,0.9559134615384615,0.8614423076923078,0.9827403846153847,0.751045828437133,0.955779761904762,0.6538461538461539,0.9230769230769231,0.75,1.0,0.7603260869565218,0.9565217391304348,0.054198036324845315,0.1714877373270673,0.030999933305479913,0.14724605838160792,0.0,0.5721428571428573,0.427857142857143,1.0
43,adni_to_nacc,mixstyle,complete,target,2,42,43,43,3c882fe4bf4f20da21cd1d2355aff95641c48eb1f0b7f079fe024e41a583ce99,0.36449777651137566,0.7966158206218221,0.9042746797810564,0.7966158206218221,0.6720430107526881,0.9211886304909561,0.8729166666666667,0.09808359412742255,0.0549456497499099,0.10250107948317666,0.8516624040920716,960,960,0.7996900460503011,0.8969580233793837,0.7982991701898614,0.6833333333333333,0.9160467587672688,0.8687552921253175,0.10338967471826285,0.0618657540911643,0.10100619000447542,0.8532853285328532,960,1181,0.7640071476202385,0.8320293615070434,0.88024592953794,0.9283572629268428,0.7683976625753476,0.8306575471034665,0.6129032258064516,0.7365591397849462,0.9018087855297158,0.9405684754521964,0.8541666666666666,0.892734375,0.08393311934312479,0.11249221012594643,0.04254967909590873,0.07608808667101477,0.0604902290472874,0.24076609611196914,0.7261642654220779,0.8943996591820368
43,adni_to_nacc,mixstyle,complete,source_val,2,42,43,43,3c882fe4bf4f20da21cd1d2355aff95641c48eb1f0b7f079fe024e41a583ce99,0.5513107866047008,0.8153846153846154,0.8903846153846153,0.8042553191489361,0.7307692307692307,0.9,0.8043478260869565,0.14416496150725727,0.10734996387029291,0.19999999999999996,0.8,46,46,0.8258196721311475,0.8878977820636451,0.8215338345864661,0.75,0.9016393442622951,0.8217054263565892,0.14827988702708722,0.10875497123067694,0.21666666666666656,0.7833333333333334,46,129,0.7189423076923077,0.9230769230769231,0.7613461538461538,0.9827403846153847,0.6955942028985507,0.9128787878787878,0.5384615384615384,0.8846153846153846,0.75,1.0,0.6956521739130435,0.9130434782608695,0.06582216297135779,0.22220773074341602,0.05025649264285166,0.22944387354893808,0.0,0.58375,0.41625000000000006,1.0
43,adni_to_nacc,mixstyle,complete,source_test,2,42,43,43,3c882fe4bf4f20da21cd1d2355aff95641c48eb1f0b7f079fe024e41a583ce99,0.47421621728596314,0.8288461538461538,0.8961538461538461,0.8247619047619048,0.8076923076923077,0.85,0.8260869565217391,0.13800323264056624,0.10949139249497573,0.29166666666666663,0.7083333333333334,46,46,0.8225446428571428,0.8984375,0.8235170530149171,0.7857142857142857,0.859375,0.825,0.1406010435448241,0.1115723912914594,0.39669421487603307,0.6033057851239669,46,120,0.7344711538461539,0.9365384615384615,0.7921634615384615,0.973125,0.7306507403259924,0.9340028694404591,0.6538461538461539,0.9230769230769231,0.7,1.0,0.7385869565217392,0.9347826086956522,0.06789540823289912,0.2240777952956982,0.061939873740185065,0.227175677680019,0.0,0.8050000000000012,0.19500000000000084,1.0
43,adni_to_nacc,metadata,complete,target,2,42,43,43,3c882fe4bf4f20da21cd1d2355aff95641c48eb1f0b7f079fe024e41a583ce99,3440.8019918236664,0.5,0.5,0.4463667820069204,0.0,1.0,0.80625,0.19375,0.19374999999999998,0.0,0.5,960,960,0.5,0.5,0.443449575871819,0.0,1.0,0.7967823878069432,0.20321761219305673,0.20321761219305678,0.0,0.5,960,1181,0.5,0.5,0.5,0.5,0.4463667820069204,0.4463667820069204,0.0,0.0,1.0,1.0,0.80625,0.80625,0.19375,0.19375,0.19374999999999998,0.19374999999999998,0.0,0.0,0.5,0.5
43,adni_to_nacc,metadata,complete,source_val,2,42,43,43,3c882fe4bf4f20da21cd1d2355aff95641c48eb1f0b7f079fe024e41a583ce99,0.5062516200709943,0.7961538461538462,0.8692307692307693,0.7826086956521738,0.6923076923076923,0.9,0.782608695652174,0.17740158252057953,0.12046968483715081,0.2571428571428571,0.7428571428571429,46,46,0.7964079074252652,0.8760848601735776,0.7898896060807141,0.6911764705882353,0.9016393442622951,0.7906976744186046,0.1607799206029541,0.06761293078577793,0.27,0.73,46,129,0.6747115384615385,0.9173076923076923,0.7441826923076923,0.9711538461538461,0.6521076604554865,0.9123809523809523,0.5384615384615384,0.8846153846153846,0.75,1.0,0.6521739130434783,0.9130434782608695,0.09269421183405924,0.26866852273583386,0.06285388389220521,0.2707478274780617,0.034821428571428704,0.6666666666666666,0.33333333333333337,0.9651785714285717
43,adni_to_nacc,metadata,complete,source_test,2,42,43,43,3c882fe4bf4f20da21cd1d2355aff95641c48eb1f0b7f079fe024e41a583ce99,0.4120903065195307,0.7826923076923077,0.9096153846153846,0.7598481252966303,0.6153846153846154,0.95,0.7608695652173914,0.15179735995852442,0.053116201074874914,0.25,0.75,46,46,0.7901785714285714,0.908203125,0.7916666666666667,0.6428571428571429,0.9375,0.8,0.13502291491900556,0.08018010556697848,0.28099173553719003,0.71900826446281,46,120,0.7054326923076923,0.8850961538461539,0.8151923076923077,0.9846634615384616,0.6606981981981982,0.8701074108335906,0.4605769230769233,0.8076923076923077,0.85,1.0,0.6733695652173914,0.870108695652174,0.1038414874625186,0.2093466656835449,0.04381808375183872,0.18537369353966654,0.0,0.8050000000000012,0.19500000000000084,1.0
43,adni_to_nacc,metadata_xda,complete,target,2,42,43,43,3c882fe4bf4f20da21cd1d2355aff95641c48eb1f0b7f079fe024e41a583ce99,7694.814516795883,0.5,0.5,0.16230366492146597,1.0,0.0,0.19375,0.80625,0.80625,0.0,0.5,960,960,0.5,0.5,0.1688951442646024,1.0,0.0,0.20321761219305673,0.7967823878069432,0.7967823878069433,0.0,0.5,960,1181,0.5,0.5,0.5,0.5,0.16230366492146597,0.16230366492146597,1.0,1.0,0.0,0.0,0.19375,0.19375,0.80625,0.80625,0.80625,0.80625,0.0,0.0,0.5,0.5
43,adni_to_nacc,metadata_xda,complete,source_val,2,42,43,43,3c882fe4bf4f20da21cd1d2355aff95641c48eb1f0b7f079fe024e41a583ce99,0.48642286396126966,0.8538461538461539,0.9076923076923077,0.8471760797342194,0.8076923076923077,0.9,0.8478260869565217,0.13782924528886673,0.13418248995644955,0.17142857142857149,0.8285714285714285,46,46,0.8314850530376084,0.9069431051108969,0.8294471153846155,0.7941176470588235,0.8688524590163934,0.8294573643410853,0.13732194489604882,0.09255139910897542,0.20000000000000007,0.7999999999999999,46,129,0.7461538461538462,0.9366826923076923,0.8151442307692308,0.9846153846153846,0.7385990259740259,0.9340153985587428,0.6153846153846154,0.9230769230769231,0.75,1.0,0.7391304347826086,0.9347826086956522,0.0701634068315685,0.21852271238309579,0.06449136983229163,0.25644794973859086,0.0,0.5296428571428574,0.47035714285714303,1.0
43,adni_to_nacc,metadata_xda,complete,source_test,2,42,43,43,3c882fe4bf4f20da21cd1d2355aff95641c48eb1f0b7f079fe024e41a583ce99,0.4601487958144086,0.773076923076923,0.8980769230769231,0.7758284600389862,0.8461538461538461,0.7,0.782608695652174,0.15237770269113743,0.11630331638498578,0.33333333333333337,0.6666666666666666,46,46,0.8024553571428572,0.9070870535714286,0.7999444290080577,0.8392857142857143,0.765625,0.8,0.14724078540808247,0.1147240395347277,0.42148760330578516,0.5785123966942148,46,120,0.6653846153846154,0.8866826923076923,0.8093750000000001,0.975048076923077,0.6661828737300435,0.8887595535222833,0.7298076923076924,0.9615384615384616,0.5487500000000003,0.9,0.6739130434782609,0.8913043478260869,0.07537234809120855,0.21974618069736163,0.059387279576689406,0.22489185463961053,0.0,1.0,0.0,1.0
43,adni_to_nacc,apis_v2,complete,target,2,42,43,43,3c882fe4bf4f20da21cd1d2355aff95641c48eb1f0b7f079fe024e41a583ce99,0.3594343835357056,0.7711302825706426,0.8768025339668251,0.7750429458661852,0.6236559139784946,0.9186046511627907,0.8614583333333333,0.10383490182231264,0.01782519007101659,0.1443053110572292,0.7948849104859336,960,960,0.754388062345023,0.8625708466170741,0.7624285648973621,0.5916666666666667,0.9171094580233794,0.8509737510584251,0.11144606635213844,0.011628936752235381,0.1528480716924152,0.7815781578157815,960,1181,0.7444809118946404,0.8032419563224139,0.8486048595482204,0.9054456322413936,0.751256491934515,0.8068064697010741,0.5698924731182796,0.6829301075268817,0.9017764857881138,0.9392764857881137,0.8447656250000001,0.8823177083333333,0.09203374513942786,0.11446618003587493,0.012855647821238088,0.038789722998626534,0.0852838217183424,0.28964680520372493,0.6579359861591695,0.8657258403361344
43,adni_to_nacc,apis_v2,complete,source_val,2,42,43,43,3c882fe4bf4f20da21cd1d2355aff95641c48eb1f0b7f079fe024e41a583ce99,0.4233657741384913,0.8423076923076923,0.8884615384615385,0.8442186744073537,0.8846153846153846,0.8,0.8478260869565217,0.1356869209852461,0.090014645583758,0.2857142857142857,0.7142857142857143,46,46,0.8363066538090647,0.889344262295082,0.8365808047294445,0.8529411764705882,0.819672131147541,0.8372093023255814,0.13395121037680616,0.09522820720376893,0.2733333333333333,0.7266666666666667,46,129,0.7364903846153846,0.9365384615384615,0.7998557692307693,0.9693269230769231,0.7399755541069101,0.9340028694404591,0.7692307692307693,1.0,0.5987500000000002,0.95,0.7603260869565218,0.9347826086956522,0.0759778248584889,0.19685343352355716,0.07522645558521743,0.2123964821563467,1.0824674490095322e-16,0.6687500000000005,0.3312500000000003,0.9999999999999999
43,adni_to_nacc,apis_v2,complete,source_test,2,42,43,43,3c882fe4bf4f20da21cd1d2355aff95641c48eb1f0b7f079fe024e41a583ce99,0.3809028487031659,0.7980769230769231,0.8903846153846154,0.799709724238026,0.8461538461538461,0.75,0.8043478260869565,0.1313398306794075,0.06555334310168806,0.2857142857142857,0.7142857142857143,46,46,0.7935267857142857,0.9126674107142857,0.7915363769022306,0.8214285714285714,0.765625,0.7916666666666666,0.12559099558494416,0.06820780535538987,0.22314049586776863,0.7768595041322314,46,120,0.6844230769230769,0.9057692307692308,0.7844230769230769,0.975,0.6858188522246924,0.9103313840155945,0.6923076923076923,0.9615384615384616,0.5987500000000002,0.95,0.695108695652174,0.9130434782608695,0.07364478700916965,0.18670037789116317,0.03925599462501172,0.1751812230325912,0.0,0.7506944444444446,0.24930555555555567,1.0
43,nacc_to_adni,ce_only,complete,target,2,42,43,43,3c882fe4bf4f20da21cd1d2355aff95641c48eb1f0b7f079fe024e41a583ce99,0.7316312305394622,0.8015891472868217,0.9211627906976745,0.7903570338724444,0.7131782945736435,0.89,0.7903930131004366,0.15234529471955408,0.12489049807341945,0.1428571428571428,0.8571428571428572,229,229,0.7895940249266862,0.9141220674486803,0.7894987645195108,0.690625,0.8885630498533724,0.7927382753403933,0.16719002731897203,0.1445743764402646,0.12813098619859598,0.8668185087508989,229,661,0.7528139534883721,0.8537490310077519,0.8888042635658915,0.9576841085271318,0.7421721174086552,0.842720980099394,0.6432170542635659,0.7831395348837209,0.83,0.96,0.7422489082969432,0.8427947598253275,0.11663319957286684,0.18830218707447682,0.08430403608447372,0.16869970602851164,0.08719463100428108,0.601666666666667,0.39833333333333365,0.912805368995719
43,nacc_to_adni,ce_only,complete,source_val,2,42,43,43,3c882fe4bf4f20da21cd1d2355aff95641c48eb1f0b7f079fe024e41a583ce99,0.43839542086474437,0.8408892763731474,0.9335658238884046,0.7993730407523512,0.8108108108108109,0.8709677419354839,0.859375,0.10391646121448973,0.09755620053814101,0.15671788166067346,0.8345864661654135,192,192,0.8331131395628153,0.9328609176074947,0.793459644615714,0.8043478260869565,0.861878453038674,0.8502202643171806,0.11036923887365012,0.1095513995523495,0.1956099456099457,0.7979797979797979,192,227,0.7577877070619006,0.9046207497820402,0.8669485614646905,0.9735309503051439,0.7308683333204835,0.8565216025380061,0.6756756756756757,0.918918918918919,0.8193548387096774,0.9161290322580645,0.8072916666666666,0.901171875,0.07261277711938469,0.14176030351379304,0.06216825154551774,0.14857888163565403,0.04726069819819817,0.48062920875420884,0.5133522727272729,0.9527223444374607
43,nacc_to_adni,ce_only,complete,source_test,2,42,43,43,3c882fe4bf4f20da21cd1d2355aff95641c48eb1f0b7f079fe024e41a583ce99,0.2394371366632948,0.9207497820401047,0.9762859633827377,0.8847216106952728,0.918918918918919,0.9225806451612903,0.921875,0.0683281140088605,0.05591675050608416,0.06666666666666665,0.9333333333333333,192,192,0.9270597127739986,0.9808875931324912,0.8883870171541406,0.9387755102040817,0.9153439153439153,0.9201680672268907,0.06801364034617277,0.05472578371272363,0.0692307692307692,0.9307692307692308,192,238,0.8711268526591107,0.967741935483871,0.9513426329555362,0.9926852659110723,0.8351802715779617,0.9381037371824672,0.8371621621621622,1.0,0.8838709677419355,0.9612903225806452,0.8854166666666666,0.9584635416666667,0.03880919357169692,0.09627920629636953,0.02826100795193484,0.08842939124733662,0.014588235294117723,0.20026315789473687,0.7997368421052632,0.9854117647058823
43,nacc_to_adni,mixstyle,complete,target,2,42,43,43,3c882fe4bf4f20da21cd1d2355aff95641c48eb1f0b7f079fe024e41a583ce99,0.6656568367086446,0.7888372093023256,0.8815503875968993,0.7772755878482751,0.6976744186046512,0.88,0.777292576419214,0.17253976803705,0.13481325952188625,0.18608058608058597,0.7857142857142857,229,229,0.7762050953079178,0.8802236070381232,0.7760840108401084,0.684375,0.8680351906158358,0.7791225416036308,0.17328489100753902,0.13842027198168222,0.17661752989012636,0.7981299448573483,229,661,0.7339534883720931,0.8409689922480621,0.8418720930232558,0.9238527131782945,0.72051762195288,0.8296423462088698,0.627906976744186,0.7676356589147287,0.81,0.94,0.7205240174672489,0.8296943231441049,0.13791642250142863,0.21158975030833682,0.09323749424584761,0.18480175790617595,0.11737655827881384,0.7019444444444448,0.29805555555555585,0.8574678509154317
43,nacc_to_adni,mixstyle,complete,source_val,2,42,43,43,3c882fe4bf4f20da21cd1d2355aff95641c48eb1f0b7f079fe024e41a583ce99,0.31100341940914344,0.8911072362685266,0.9384481255448998,0.8439568094740508,0.8918918918918919,0.8903225806451613,0.890625,0.08028069623467216,0.04223482515145499,0.18045112781954886,0.8195488721804511,192,192,0.8659019937545039,0.9373048282488591,0.8276946432444154,0.8478260869565217,0.8839779005524862,0.8766519823788547,0.08585745647494625,0.047370358185621075,0.2020202020202021,0.7979797979797979,192,227,0.8343417611159547,0.9381495204882302,0.8711203138622494,0.9820531822144725,0.7855597868700906,0.9053458646616541,0.8101351351351352,0.972972972972973,0.8387096774193549,0.9356451612903226,0.84375,0.9375,0.05376533517468403,0.11026368080986505,0.021927031756301063,0.08676509725951798,0.03328125,0.47808333333333347,0.5219166666666666,0.9667187500000001
43,nacc_to_adni,mixstyle,complete,source_test,2,42,43,43,3c882fe4bf4f20da21cd1d2355aff95641c48eb1f0b7f079fe024e41a583ce99,0.2738317499108632,0.8666957279860505,0.9595466434176111,0.8485992944594314,0.8108108108108109,0.9225806451612903,0.9010416666666666,0.07006390531764146,0.04535014270287417,0.05980066445182719,0.9285714285714286,192,192,0.8711262282690855,0.9506532771838894,0.8575184153673965,0.8163265306122449,0.9259259259259259,0.9033613445378151,0.07615564260041767,0.05257868165729433,0.11519607843137247,0.875,192,238,0.7929489973844813,0.9375544899738448,0.924306887532694,0.9865780296425457,0.7731328688424398,0.9090532160723204,0.6756756756756757,0.9459459459459459,0.8709677419354839,0.967741935483871,0.8540364583333333,0.9428385416666667,0.039877864301606114,0.10465373467778287,0.02402234841784886,0.09455098215257746,0.0317580469176214,0.2676261134437826,0.7218567251461989,0.9682419530823787
43,nacc_to_adni,metadata,complete,target,2,42,43,43,3c882fe4bf4f20da21cd1d2355aff95641c48eb1f0b7f079fe024e41a583ce99,14646.77564950726,0.5110077519379845,0.4717441860465116,0.35957670537172515,0.06201550387596899,0.96,0.45414847161572053,0.4574811285501677,0.43143619362704105,0.2964544513457557,0.22916666666666669,229,229,0.5006048387096774,0.49574321847507324,0.44133293211047586,0.1625,0.8387096774193549,0.5113464447806354,0.48875910303290226,0.4893987984051322,0.04944796805261914,0.47474747474747475,229,661,0.4843798449612403,0.5403875968992248,0.4000368217054264,0.5415649224806202,0.3234249246855802,0.4024181905722537,0.023255813953488372,0.10077519379844961,0.9197500000000001,1.0,0.4279475982532751,0.4847161572052402,0.42183109994188395,0.493018606118719,0.39774650262497924,0.4811211935519695,0.179215457375479,0.6745840097402598,0.0,0.41932792207792213
43,nacc_to_adni,metadata,complete,source_val,2,42,43,43,3c882fe4bf4f20da21cd1d2355aff95641c48eb1f0b7f079fe024e41a583ce99,0.42996403660623655,0.8441150828247603,0.925893635571055,0.8052130482285,0.8108108108108109,0.8774193548387097,0.8645833333333334,0.10290953937727103,0.0726868939430762,0.18666666666666665,0.8,192,192,0.8141364400672593,0.9141244294979582,0.7831900668576887,0.7608695652173914,0.8674033149171271,0.8458149779735683,0.1149623433579143,0.09127581959779041,0.191267513848159,0.797979797979798,192,227,0.7829489973844813,0.9085222319093287,0.8726721883173496,0.9646163905841324,0.7479653452349699,0.8588265784730464,0.7020270270270271,0.918918918918919,0.8320967741935484,0.9291935483870969,0.8177083333333334,0.90625,0.07576871948143167,0.1379731231986126,0.05064320757390114,0.11991086167981853,0.08768601190476194,0.3795498084291188,0.6204501915708813,0.9055729166666667
43,nacc_to_adni,metadata,complete,source_test,2,42,43,43,3c882fe4bf4f20da21cd1d2355aff95641c48eb1f0b7f079fe024e41a583ce99,0.2680268035090175,0.8969485614646906,0.9611159546643417,0.8736842105263158,0.8648648648648649,0.9290322580645162,0.9166666666666666,0.06289449100264581,0.03243822314673007,0.1333333333333333,0.8666666666666667,192,192,0.9043839758125471,0.9664183133570888,0.883917340521114,0.8775510204081632,0.9312169312169312,0.9201680672268907,0.06308819027075505,0.03963264146772759,0.12307692307692308,0.8769230769230769,192,238,0.8396687009590236,0.9568439407149085,0.9266085440278988,0.9881473408892764,0.8229527527916192,0.9255407948561847,0.7567567567567568,0.972972972972973,0.8903225806451613,0.967741935483871,0.8802083333333334,0.953125,0.036282676350316415,0.08873228719977778,0.0201648753408033,0.06962113272295221,0.027752976190476206,0.35803571428571446,0.6419642857142859,0.9722470238095238
43,nacc_to_adni,metadata_xda,complete,target,2,42,43,43,3c882fe4bf4f20da21cd1d2355aff95641c48eb1f0b7f079fe024e41a583ce99,8868.366549227674,0.5,0.5172480620155039,0.3603351955307263,1.0,0.0,0.5633187772925764,0.4272355676158911,0.4280330935010661,0.07796167247386765,0.47560975609756095,229,229,0.5042063782991203,0.505700146627566,0.3408565224574571,0.99375,0.01466275659824047,0.4886535552193646,0.5097840375366707,0.5102867332601331,0.03329778409764189,0.4896907216494845,229,661,0.5,0.5,0.49751453488372094,0.54,0.3603351955307263,0.3603351955307263,1.0,1.0,0.0,0.0,0.5633187772925764,0.5633187772925764,0.4186715406139998,0.4350622381527972,0.4229913388135057,0.4365392649652005,0.032109957636467935,0.15264556976513496,0.4324170761670762,0.5
43,nacc_to_adni,metadata_xda,complete,source_val,2,42,43,43,3c882fe4bf4f20da21cd1d2355aff95641c48eb1f0b7f079fe024e41a583ce99,0.3398277858542307,0.8249346120313863,0.9204882301656495,0.8536306460834763,0.6756756756756757,0.9741935483870968,0.9166666666666666,0.07552489123527142,0.06446572801926076,0.1428571428571428,0.8571428571428572,192,192,0.8014052366082152,0.9219312995435984,0.8330882352941177,0.6304347826086957,0.9723756906077348,0.9030837004405287,0.08378267040355197,0.06335252917285536,0.1717171717171717,0.8282828282828283,192,227,0.7534655623365301,0.9021948561464691,0.8671054925893635,0.9604489973844812,0.7816050522098837,0.9223996095356319,0.539864864864865,0.8114864864864867,0.9419354838709677,0.9935483870967742,0.880078125,0.9532552083333333,0.04211458121197667,0.10474320548715829,0.04107751541175994,0.10589365648467926,0.08554511278195484,0.38715619694397285,0.6128438030560271,0.9144548872180452
43,nacc_to_adni,metadata_xda,complete,source_test,2,42,43,43,3c882fe4bf4f20da21cd1d2355aff95641c48eb1f0b7f079fe024e41a583ce99,0.21235734400471368,0.8757628596338274,0.9666957279860506,0.8876839310624127,0.7837837837837838,0.967741935483871,0.9322916666666666,0.05760000675660606,0.03907665281763501,0.09999999999999987,0.9000000000000001,192,192,0.8767951625094482,0.9678220494547025,0.8825657894736841,0.7959183673469388,0.9576719576719577,0.9243697478991597,0.060817570283146646,0.03953560685911103,0.08461538461538454,0.9153846153846155,192,238,0.8043090671316478,0.9498626852659111,0.9422711421098519,0.9871054925893636,0.8239963400145186,0.9508097681472296,0.6486486486486487,0.918918918918919,0.9419354838709677,0.9935483870967742,0.8958333333333334,0.96875,0.03209479212444097,0.083398705243276,0.02161230751403803,0.07802858375685486,0.02518958803033411,0.33333333333333326,0.6666666666666667,0.9748104119696659
43,nacc_to_adni,apis_v2,complete,target,2,42,43,43,3c882fe4bf4f20da21cd1d2355aff95641c48eb1f0b7f079fe024e41a583ce99,0.4600184463615896,0.8619767441860465,0.9296899224806202,0.855354579385587,0.813953488372093,0.91,0.8558951965065502,0.11753800382618028,0.08657915165829441,0.11379334306163569,0.8708220415537489,229,229,0.8425265762463343,0.9186033724340177,0.8432051255478252,0.790625,0.8944281524926686,0.8441754916792739,0.12082450044773595,0.0710170873174509,0.11961477984973556,0.8598657396307839,229,661,0.8175,0.9025087209302325,0.8950329457364342,0.9590038759689922,0.811415544332211,0.8950365680913303,0.7441860465116279,0.875968992248062,0.85,0.96025,0.8121179039301311,0.8953056768558952,0.08766586054938787,0.14943989142059724,0.05372623852581372,0.12972557400386955,0.07715067340067341,0.3350000000000004,0.6650000000000003,0.9210545895989974
43,nacc_to_adni,apis_v2,complete,source_val,2,42,43,43,3c882fe4bf4f20da21cd1d2355aff95641c48eb1f0b7f079fe024e41a583ce99,0.29248514381747415,0.8396687009590236,0.9387968613775065,0.8294344092389696,0.7567567567567568,0.9225806451612903,0.890625,0.08138417387590899,0.05469140801061352,0.1278195488721805,0.8721804511278195,192,192,0.8336536151813596,0.9355032428537112,0.8309653590682989,0.7391304347826086,0.9281767955801105,0.8898678414096917,0.08842720313107107,0.07050029900630665,0.16161616161616166,0.8383838383838383,192,227,0.7649738448125545,0.9098670444638187,0.8930863121185703,0.9735004359197907,0.7726737554236052,0.8952082492696015,0.620945945945946,0.8918918918918919,0.8838709677419355,0.9612903225806452,0.8489583333333334,0.9322916666666666,0.055169890604327254,0.11006625578507516,0.033251360790260746,0.0947083865673955,0.07842371323529417,0.3480096073517127,0.6519903926482875,0.9215762867647058
43,nacc_to_adni,apis_v2,complete,source_test,2,42,43,43,3c882fe4bf4f20da21cd1d2355aff95641c48eb1f0b7f079fe024e41a583ce99,0.23697544429731918,0.8699215344376635,0.9600697471665214,0.8552036199095023,0.8108108108108109,0.9290322580645162,0.90625,0.0665489236526796,0.03689954956320829,0.0744702665755298,0.9157894736842105,192,192,0.8711262282690855,0.9620991253644315,0.8575184153673965,0.8163265306122449,0.9259259259259259,0.9033613445378151,0.07007924164746257,0.04556374815331793,0.08198757763975151,0.9086956521739131,192,238,0.8023539668700959,0.9336530078465562,0.9312728857890148,0.9817044463818658,0.7990735995401331,0.9139469502505806,0.6756756756756757,0.918918918918919,0.8901612903225807,0.967741935483871,0.8697916666666666,0.9427083333333334,0.043106444644251354,0.09218085522574233,0.026098140158703476,0.08027434522033822,0.035661764705882455,0.26814811862244897,0.7318080357142859,0.9643382352941176
44,adni_to_nacc,ce_only,complete,target,2,42,44,44,c1fba307694949980def85def6c7992065d953d99cac5875251fd7ed35ed67c8,0.43233257065748737,0.5927940318412936,0.8940429551832403,0.6118711204948855,0.1881720430107527,0.9974160206718347,0.840625,0.11927229391958,0.09403980865867603,0.09737270402232046,0.8363171355498721,960,960,0.585374601487779,0.8838956783563586,0.5982018944446691,0.175,0.9957492029755579,0.8289585097375106,0.1309129534180416,0.10678473097302968,0.11035745364229388,0.8133813381338134,960,1181,0.5665260065016254,0.6224149787446861,0.8672579603234141,0.9175472687616347,0.5704570441777571,0.6545327233600282,0.13440860215053763,0.24744623655913983,0.9935077519379846,1.0,0.8291666666666667,0.853125,0.1109754706940612,0.12707619483386842,0.08137824534296258,0.10541585256850047,0.06233474049717957,0.2358238472142071,0.7107418074756785,0.8859345837999253
44,adni_to_nacc,ce_only,complete,source_val,2,42,44,44,c1fba307694949980def85def6c7992065d953d99cac5875251fd7ed35ed67c8,0.7037029517453539,0.6865384615384615,0.8961538461538462,0.6413255360623782,0.4230769230769231,0.95,0.6521739130434783,0.23857250915494674,0.1759457763338435,0.20000000000000007,0.7999999999999999,46,46,0.7107039537126325,0.880665380906461,0.6848731600375821,0.47058823529411764,0.9508196721311475,0.6976744186046512,0.22849205822259944,0.16103283518044523,0.24,0.76,46,129,0.5846153846153846,0.7884615384615384,0.7961538461538461,0.9750961538461539,0.5207072368421052,0.7598481252966303,0.2682692307692309,0.6153846153846154,0.85,1.0,0.5434782608695652,0.7608695652173914,0.17901817721008026,0.31669334083408945,0.1068508838519346,0.31064832103344203,0.0,0.5427083333333337,0.4572916666666668,1.0
44,adni_to_nacc,ce_only,complete,source_test,2,42,44,44,c1fba307694949980def85def6c7992065d953d99cac5875251fd7ed35ed67c8,0.5720412252315631,0.6923076923076923,0.9076923076923078,0.6349206349206349,0.38461538461538464,1.0,0.6521739130434783,0.2268274487089902,0.1790936726050964,0.33333333333333337,0.6666666666666666,46,46,0.7142857142857143,0.9009486607142857,0.7,0.42857142857142855,1.0,0.7333333333333333,0.18525381393983256,0.13449227462212246,0.5,0.5,46,120,0.5961538461538461,0.7884615384615384,0.8171153846153847,0.975,0.48915917503966155,0.7580105212816834,0.19230769230769232,0.5769230769230769,1.0,1.0,0.5434782608695652,0.7608695652173914,0.15802784918258472,0.2918006120862281,0.10882131646913684,0.2932886509213975,0.05516666666666665,1.0,0.0,0.9448333333333335
44,adni_to_nacc,mixstyle,complete,target,2,42,44,44,c1fba307694949980def85def6c7992065d953d99cac5875251fd7ed35ed67c8,0.4756038251950403,0.7934275235475535,0.8658831374510296,0.7384520123839009,0.7741935483870968,0.8126614987080103,0.8052083333333333,0.14357195926875121,0.07096174454264766,0.09346772630354727,0.8226514486391571,960,960,0.7757638150903294,0.8549282678002126,0.7317548480684074,0.7375,0.8140276301806588,0.7984758679085521,0.14736652735406394,0.07655857529910715,0.09049867207981999,0.8090575275397798,960,1181,0.7593856797532716,0.8252057806118196,0.8381123058542413,0.8981932983245812,0.7094281649258741,0.7659981762293848,0.7150537634408602,0.8387096774193549,0.7866602067183462,0.8346899224806201,0.7833072916666667,0.8271875,0.12818410652115242,0.158870091730268,0.05632839833114602,0.09931706175796648,0.06531084291790056,0.2570336965344362,0.6781534817714104,0.8548832417582417
44,adni_to_nacc,mixstyle,complete,source_val,2,42,44,44,c1fba307694949980def85def6c7992065d953d99cac5875251fd7ed35ed67c8,0.5309528503097709,0.8173076923076923,0.8807692307692307,0.8206627680311891,0.8846153846153846,0.75,0.8260869565217391,0.14607857936942395,0.11099802533908906,0.2857142857142858,0.7142857142857142,46,46,0.8182256509161041,0.8854869816779171,0.8195804195804195,0.8823529411764706,0.7540983606557377,0.8217054263565892,0.1465463000289411,0.11364133552063344,0.27,0.73,46,129,0.7028846153846154,0.9173076923076923,0.7711057692307692,0.9596634615384616,0.7051435153321947,0.9123809523809523,0.7692307692307693,0.9615384615384616,0.5987500000000002,0.95,0.7168478260869566,0.9130434782608695,0.07881822421642218,0.23476994126130699,0.0491947381517718,0.22530447403798132,0.08303571428571438,0.6504166666666668,0.34958333333333336,0.9169642857142858
44,adni_to_nacc,mixstyle,complete,source_test,2,42,44,44,c1fba307694949980def85def6c7992065d953d99cac5875251fd7ed35ed67c8,0.6148135676844201,0.8057692307692308,0.8769230769230769,0.8133874239350913,0.9615384615384616,0.65,0.8260869565217391,0.147823292218162,0.08778037706363036,0.45833333333333326,0.5416666666666667,46,46,0.7689732142857143,0.8892299107142857,0.7554634249174339,0.9285714285714286,0.609375,0.7583333333333333,0.17400192634403855,0.1684964622060458,0.5537190082644627,0.4462809917355372,46,120,0.6807692307692308,0.9,0.7460096153846154,0.9712019230769231,0.6734094787340222,0.9087301587301588,0.8836538461538462,1.0,0.4487500000000002,0.8012500000000004,0.717391304347826,0.9130434782608695,0.08580183253782131,0.22716135007112054,0.05570095007699256,0.22437917265204219,0.07985185185185184,1.0,0.0,0.9201481481481483
44,adni_to_nacc,metadata,complete,target,2,42,44,44,c1fba307694949980def85def6c7992065d953d99cac5875251fd7ed35ed67c8,6783.631512621719,0.5,0.5,0.16230366492146597,1.0,0.0,0.19375,0.80625,0.80625,0.0,0.5,960,960,0.5,0.5,0.1688951442646024,1.0,0.0,0.20321761219305673,0.7967823878069432,0.7967823878069433,0.0,0.5,960,1181,0.5,0.5,0.5,0.5,0.16230366492146597,0.16230366492146597,1.0,1.0,0.0,0.0,0.19375,0.19375,0.80625,0.80625,0.80625,0.80625,0.0,0.0,0.5,0.5
44,adni_to_nacc,metadata,complete,source_val,2,42,44,44,c1fba307694949980def85def6c7992065d953d99cac5875251fd7ed35ed67c8,0.6042980679713349,0.8346153846153846,0.9,0.8257575757575757,0.7692307692307693,0.9,0.8260869565217391,0.1548670024422679,0.1343003366566716,0.33333333333333337,0.6666666666666666,46,46,0.8266634522661525,0.8910318225650916,0.8213188798554653,0.7352941176470589,0.9180327868852459,0.8217054263565892,0.15371586717671681,0.1294331499772479,0.29166666666666674,0.7083333333333333,46,129,0.7209615384615384,0.9234134615384617,0.7863942307692308,0.9788942307692308,0.715670848723716,0.9134068899178297,0.6144230769230771,0.9230769230769231,0.75,1.0,0.7168478260869566,0.9135869565217392,0.0826424387661903,0.2499160964797751,0.06904566001112328,0.261793472661442,0.0,0.7151785714285717,0.2848214285714287,1.0
44,adni_to_nacc,metadata,complete,source_test,2,42,44,44,c1fba307694949980def85def6c7992065d953d99cac5875251fd7ed35ed67c8,0.37653398786157294,0.8403846153846153,0.9230769230769231,0.8260869565217392,0.7307692307692307,0.95,0.8260869565217391,0.11750015245883916,0.13970805032961606,0.2142857142857143,0.7857142857142857,46,46,0.8526785714285714,0.9263392857142857,0.8554319325349018,0.7678571428571429,0.9375,0.8583333333333333,0.11347081487258394,0.07960557093222934,0.2975206611570248,0.7024793388429752,46,120,0.7383173076923077,0.9230769230769231,0.8228365384615385,0.9769230769230769,0.7160468399733743,0.9128787878787878,0.5384615384615384,0.8846153846153846,0.85,1.0,0.717391304347826,0.9130434782608695,0.06021968689221734,0.1923116339707256,0.07308040786318595,0.2399247296548624,0.06653061224489797,0.7506944444444446,0.24930555555555567,0.9334693877551021
44,adni_to_nacc,metadata_xda,complete,target,2,42,44,44,c1fba307694949980def85def6c7992065d953d99cac5875251fd7ed35ed67c8,1830.8348393839967,0.5,0.5,0.16230366492146597,1.0,0.0,0.19375,0.80625,0.80625,0.0,0.5,960,960,0.5,0.5,0.1688951442646024,1.0,0.0,0.20321761219305673,0.7967823878069432,0.7967823878069433,0.0,0.5,960,1181,0.5,0.5,0.5,0.5,0.16230366492146597,0.16230366492146597,1.0,1.0,0.0,0.0,0.19375,0.19375,0.80625,0.80625,0.80625,0.80625,0.0,0.0,0.5,0.5
44,adni_to_nacc,metadata_xda,complete,source_val,2,42,44,44,c1fba307694949980def85def6c7992065d953d99cac5875251fd7ed35ed67c8,0.4797126501726434,0.8423076923076923,0.8961538461538462,0.8442186744073537,0.8846153846153846,0.8,0.8478260869565217,0.10890479401393735,0.12495318821729712,0.25714285714285723,0.7428571428571428,46,46,0.8575216972034716,0.8977820636451302,0.8590335114133074,0.9117647058823529,0.8032786885245902,0.8604651162790697,0.11500366156548895,0.09511288561562234,0.2533333333333334,0.7466666666666666,46,129,0.7346153846153847,0.9366826923076923,0.7921153846153847,0.9769230769230769,0.7346153846153847,0.9340153985587428,0.7692307692307693,0.9615384615384616,0.65,0.9512500000000003,0.7391304347826086,0.9347826086956522,0.05069257955971067,0.1793861308047106,0.06335984473232384,0.21378479920007573,0.0,0.6263750000000003,0.3736250000000002,1.0
44,adni_to_nacc,metadata_xda,complete,source_test,2,42,44,44,c1fba307694949980def85def6c7992065d953d99cac5875251fd7ed35ed67c8,0.47267285922062,0.7807692307692308,0.9192307692307692,0.7873651771956858,0.9615384615384616,0.6,0.8043478260869565,0.1318892813015827,0.09534555625008494,0.25,0.75,46,46,0.7924107142857143,0.9137834821428571,0.7818181818181817,0.9285714285714286,0.65625,0.7833333333333333,0.14826353485574978,0.09846997112035757,0.371900826446281,0.628099173553719,46,120,0.680625,0.8807692307692307,0.8173076923076924,0.9769230769230769,0.6723517606276228,0.8869778869778869,0.8836538461538462,1.0,0.4,0.8,0.717391304347826,0.8913043478260869,0.07958471881321635,0.19714871600371053,0.05562202867768379,0.21020091303799682,0.0,0.679107142857143,0.3208928571428572,1.0
44,adni_to_nacc,apis_v2,complete,target,2,42,44,44,c1fba307694949980def85def6c7992065d953d99cac5875251fd7ed35ed67c8,0.39775634547663974,0.815620571809619,0.8848601039148676,0.7866666666666667,0.7526881720430108,0.8785529715762274,0.8541666666666666,0.11448488593131398,0.04856068072323169,0.15302710477649284,0.7831431079894645,960,960,0.7982487601842012,0.8742029755579172,0.776196753728269,0.7208333333333333,0.8756641870350691,0.8441998306519899,0.12034127487197782,0.05224042081106123,0.1558313250367469,0.7796817625458996,960,1181,0.7767874260231724,0.848978390430941,0.859177120669056,0.9111437581617627,0.7498706901632105,0.8183859097799756,0.6881720430107527,0.8172043010752689,0.8539728682170543,0.896640826873385,0.8291145833333334,0.8760677083333334,0.09968322863937976,0.12916763524831237,0.034050435598409264,0.0710085968564575,0.08318138694601891,0.31441624512158234,0.6399022556390978,0.8609471153846154
44,adni_to_nacc,apis_v2,complete,source_val,2,42,44,44,c1fba307694949980def85def6c7992065d953d99cac5875251fd7ed35ed67c8,0.46168099074058644,0.8096153846153846,0.9,0.8035121025154248,0.7692307692307693,0.85,0.8043478260869565,0.131867424243552,0.08876245241789593,0.33333333333333337,0.6666666666666666,46,46,0.8167791706846672,0.9006750241080039,0.8139423076923077,0.7647058823529411,0.8688524590163934,0.813953488372093,0.1310529676301468,0.07275121526200634,0.2916666666666665,0.7083333333333335,46,129,0.6999038461538462,0.917451923076923,0.7941346153846154,0.975,0.6928439716312057,0.9123933982683982,0.6144230769230771,0.9230769230769231,0.7,1.0,0.695108695652174,0.9130434782608695,0.06897625783836446,0.19513470900494986,0.04789345811412324,0.1924667261928846,0.0,0.75,0.25,1.0
44,adni_to_nacc,apis_v2,complete,source_test,2,42,44,44,c1fba307694949980def85def6c7992065d953d99cac5875251fd7ed35ed67c8,0.37846093133593967,0.823076923076923,0.9288461538461539,0.8230769230769232,0.8461538461538461,0.8,0.8260869565217391,0.11670872731211335,0.09135652207162064,0.33333333333333337,0.6666666666666666,46,46,0.8337053571428572,0.9224330357142857,0.8329156223893065,0.8392857142857143,0.828125,0.8333333333333334,0.12085512410567481,0.06589367886384331,0.371900826446281,0.628099173553719,46,120,0.6961538461538461,0.9251442307692308,0.8364903846153846,0.9770673076923078,0.6933333333333332,0.932212978250714,0.6923076923076923,1.0,0.6,0.95,0.6956521739130435,0.9347826086956522,0.06498132296919738,0.17832282260508023,0.054785560664815394,0.2154578503850254,0.0,0.8,0.2,1.0
44,nacc_to_adni,ce_only,complete,target,2,42,44,44,c1fba307694949980def85def6c7992065d953d99cac5875251fd7ed35ed67c8,0.5594497036525274,0.8209689922480621,0.9037984496124032,0.8119976325486378,0.751937984496124,0.89,0.8122270742358079,0.14248882930535178,0.07855596903145667,0.17344173441734423,0.8265582655826558,229,229,0.791733870967742,0.8933284457478006,0.7919844502036284,0.7125,0.8709677419354839,0.794251134644478,0.1575160424537687,0.12213723895769799,0.15952258136386632,0.8303764085351235,229,661,0.7692877906976744,0.8708682170542636,0.8580406976744186,0.9417073643410853,0.7596981776409997,0.8602851573885497,0.6821705426356589,0.8218992248062016,0.82,0.95,0.7597161572052402,0.8603711790393014,0.10609067023755,0.1790124344663985,0.049949941172789426,0.13392943218757686,0.0999278846153846,0.27443221781055027,0.7255677821894498,0.9000721153846154
44,nacc_to_adni,ce_only,complete,source_val,2,42,44,44,c1fba307694949980def85def6c7992065d953d99cac5875251fd7ed35ed67c8,0.3481202874572292,0.8223190932868352,0.9238012205754141,0.8290598290598291,0.7027027027027027,0.9419354838709677,0.8958333333333334,0.08554958010896375,0.06884022309289627,0.167080745341615,0.8285714285714285,192,192,0.8202017775642565,0.9233725678597166,0.830849478390462,0.6956521739130435,0.9447513812154696,0.8942731277533039,0.09127171731332823,0.07111701041066174,0.17861305361305368,0.8181818181818181,192,227,0.7385919790758501,0.8840954664341761,0.8676503923278117,0.9651525719267655,0.7518501669991876,0.8875045982765604,0.5405405405405406,0.8378378378378378,0.9032258064516129,0.9741935483870968,0.858984375,0.9322916666666666,0.05440964521089814,0.11388784516316318,0.03983264442746673,0.11046359081810804,0.07782587782587787,0.3378860294117648,0.6621139705882353,0.9221741221741222
44,nacc_to_adni,ce_only,complete,source_test,2,42,44,44,c1fba307694949980def85def6c7992065d953d99cac5875251fd7ed35ed67c8,0.2760101173655986,0.8763731473408893,0.9585004359197908,0.8687628161312372,0.8108108108108109,0.9419354838709677,0.9166666666666666,0.06763369413512861,0.05917254336074831,0.08730158730158732,0.9126984126984127,192,192,0.8764172335600907,0.958751754670122,0.868039603960396,0.8163265306122449,0.9365079365079365,0.9117647058823529,0.06982585764918782,0.05871125805277791,0.13586956521739135,0.8641304347826086,192,238,0.8132367044463817,0.930588491717524,0.9241368788142983,0.9851918047079337,0.8157070393287118,0.9254368932038834,0.6756756756756757,0.918918918918919,0.9032258064516129,0.9741935483870968,0.8802083333333334,0.953125,0.038330139555226336,0.09779736682798694,0.033203280278636726,0.09818275966552195,0.023807171089779703,0.22537500000000008,0.7746250000000001,0.9761928289102203
44,nacc_to_adni,mixstyle,complete,target,2,42,44,44,c1fba307694949980def85def6c7992065d953d99cac5875251fd7ed35ed67c8,1.1366442129927485,0.7248062015503876,0.9118604651162792,0.679164117844387,0.4496124031007752,1.0,0.6899563318777293,0.25683367126422046,0.23926276504175406,0.2142857142857143,0.7857142857142857,229,229,0.7005773460410557,0.9115102639296186,0.679935438313326,0.41875,0.9824046920821115,0.7095310136157338,0.24310869819277184,0.221011065949831,0.1250142276275099,0.869935267321985,229,661,0.6821705426356589,0.7713178294573644,0.8682713178294573,0.9491686046511628,0.6216553836234687,0.7378591800702353,0.3643410852713178,0.5426356589147286,1.0,1.0,0.6419213973799127,0.74235807860262,0.21728232058343847,0.2978655339429546,0.1973542525563107,0.2894660476384633,0.0900222835567664,0.6,0.4,0.9099777164432336
44,nacc_to_adni,mixstyle,complete,source_val,2,42,44,44,c1fba307694949980def85def6c7992065d953d99cac5875251fd7ed35ed67c8,0.391922682730331,0.804359197907585,0.9353095030514387,0.8461230214385895,0.6216216216216216,0.9870967741935484,0.9166666666666666,0.07132337808767979,0.060710759212573434,0.1278195488721805,0.8721804511278195,192,192,0.7824285371126591,0.9130434782608695,0.8201453718695098,0.5869565217391305,0.9779005524861878,0.8986784140969163,0.08473800985469966,0.06739907380242707,0.23716108452950568,0.7575757575757576,192,227,0.6962510897994769,0.8783783783783784,0.8807061900610288,0.9702005231037489,0.7414141414141414,0.9085723700427475,0.40540540540540543,0.7567567567567568,0.967741935483871,1.0,0.875,0.9479166666666666,0.047809597956525736,0.10659856544305417,0.037475922580859994,0.10450503621638425,0.05550595238095241,0.32094825968664986,0.6790517403133501,0.9444940476190476
44,nacc_to_adni,mixstyle,complete,source_test,2,42,44,44,c1fba307694949980def85def6c7992065d953d99cac5875251fd7ed35ed67c8,0.2472819459968919,0.774106364428945,0.969485614646905,0.8148505303760849,0.5675675675675675,0.9806451612903225,0.9010416666666666,0.07125527023293787,0.05663514306070283,0.06666666666666665,0.9333333333333333,192,192,0.7928949357520786,0.9691178058524998,0.8265306122448979,0.6122448979591837,0.9735449735449735,0.8991596638655462,0.07528174888602576,0.06221763727043863,0.07608695652173914,0.9239130434782609,192,238,0.6897994768962511,0.8488164777680908,0.9434568439407149,0.9850392327811682,0.7282229965156795,0.8875000000000001,0.40540540540540543,0.7297297297297297,0.9548387096774194,1.0,0.8645833333333334,0.9375,0.04747762378792142,0.09854304352691723,0.03058756680839,0.09376785005491303,0.038238903196485416,0.20004807692307688,0.7999519230769231,0.9617610968035146
44,nacc_to_adni,metadata,complete,target,2,42,44,44,c1fba307694949980def85def6c7992065d953d99cac5875251fd7ed35ed67c8,57278.10616034658,0.5,0.48306201550387595,0.303951367781155,0.0,1.0,0.4366812227074236,0.5609027200817326,0.5629313882261384,0.0779616724738676,0.44642857142857145,229,229,0.500096224340176,0.4943731671554253,0.3431055900621119,0.003125,0.9970674486803519,0.5158850226928896,0.48326874564922045,0.4835898135866232,0.033297784097641836,0.4770114942528736,229,661,0.5,0.5,0.45850581395348844,0.5067441860465117,0.303951367781155,0.303951367781155,0.0,0.0,1.0,1.0,0.4366812227074236,0.4366812227074236,0.5561990589163451,0.5640066388594821,0.55992683609934,0.56677330494838,0.03566134952004517,0.14984712015375354,0.3809285714285714,0.48335937500000004
44,nacc_to_adni,metadata,complete,source_val,2,42,44,44,c1fba307694949980def85def6c7992065d953d99cac5875251fd7ed35ed67c8,0.3556928700825054,0.8699215344376635,0.9316477768090671,0.8552036199095023,0.8108108108108109,0.9290322580645162,0.90625,0.07433412404735407,0.056190794075114854,0.13244047619047639,0.857142857142857,192,192,0.850048042277204,0.9274561614220515,0.850048042277204,0.7608695652173914,0.9392265193370166,0.9030837004405287,0.07708579912569252,0.050614063697764514,0.15384615384615385,0.8333333333333334,192,227,0.7991129032258064,0.9240409764603313,0.8675414123801221,0.974917175239756,0.7948124724812874,0.9070647335952284,0.675,0.918918918918919,0.8838709677419355,0.9612903225806452,0.864453125,0.9427083333333334,0.0504543667045425,0.10797713598240684,0.03390194901472169,0.09563731055370432,0.043880392156862916,0.46676470588235297,0.533235294117647,0.9530555555555557
44,nacc_to_adni,metadata,complete,source_test,2,42,44,44,c1fba307694949980def85def6c7992065d953d99cac5875251fd7ed35ed67c8,0.28523024249711876,0.9034001743679163,0.9527462946817786,0.8873805932629462,0.8648648648648649,0.9419354838709677,0.9270833333333334,0.06478601171531405,0.04688002226046392,0.11111111111111116,0.8888888888888888,192,192,0.9096749811035525,0.9615592268653492,0.8946875244019885,0.8775510204081632,0.9417989417989417,0.9285714285714286,0.06240388731290214,0.04989717061780076,0.11538461538461542,0.8846153846153846,192,238,0.8433282476024412,0.9569245858761989,0.9082824760244116,0.9836268526591107,0.8232344741533344,0.9420349307566032,0.7567567567567568,0.9466216216216218,0.9032258064516129,0.9741935483870968,0.8854166666666666,0.9635416666666666,0.03811972024963107,0.0982013251123152,0.03031825928353805,0.09088946465118276,0.039112487100103295,0.40505952380952387,0.5949404761904762,0.9608875128998967
44,nacc_to_adni,metadata_xda,complete,target,2,42,44,44,c1fba307694949980def85def6c7992065d953d99cac5875251fd7ed35ed67c8,7572.378602091375,0.5012403100775193,0.5374418604651162,0.41779661016949154,0.9224806201550387,0.08,0.5545851528384279,0.41472647525235623,0.4100597147393052,0.18245341614906824,0.42857142857142855,229,229,0.5038443914956011,0.5049990835777126,0.38438557946081886,0.934375,0.07331378299120235,0.49016641452344933,0.5080519294380047,0.508650722914853,0.10024117405582927,0.4523809523809524,229,661,0.46569573643410855,0.5363091085271318,0.4962509689922481,0.5766065891472868,0.37207767500280453,0.46656732414498814,0.8757751937984496,0.9612403100775194,0.03975000000000004,0.14,0.519650655021834,0.5852620087336246,0.38752190234466627,0.4409642676253599,0.3756747713627441,0.4460460494444895,0.10951721335777546,0.42630654761904774,0.25,0.5
44,nacc_to_adni,metadata_xda,complete,source_val,2,42,44,44,c1fba307694949980def85def6c7992065d953d99cac5875251fd7ed35ed67c8,0.34862269747741625,0.831996512641674,0.9150828247602442,0.8498274672187716,0.7027027027027027,0.9612903225806452,0.9114583333333334,0.07590034176380918,0.06378605203806531,0.2857142857142857,0.7142857142857143,192,192,0.8176195051645447,0.9243334134037954,0.8393178893178894,0.6739130434782609,0.9613259668508287,0.9030837004405287,0.07961065200136211,0.07112327887623324,0.26190476190476186,0.7380952380952381,192,227,0.7604468177855276,0.8925021795989538,0.8416129032258065,0.965305143853531,0.791989070132727,0.9016568924530567,0.5405405405405406,0.8114864864864867,0.9290322580645162,0.9870967741935484,0.8802083333333334,0.9376302083333333,0.05366676314588644,0.10155544648078081,0.0405662979367966,0.09756782816063315,0.07384433497536938,0.4838954056695992,0.5161045943304008,0.9261556650246306
44,nacc_to_adni,metadata_xda,complete,source_test,2,42,44,44,c1fba307694949980def85def6c7992065d953d99cac5875251fd7ed35ed67c8,0.2097221731347911,0.8217088055797733,0.9733217088055798,0.846320448232026,0.6756756756756757,0.967741935483871,0.9114583333333334,0.05378970503169377,0.046528251660573866,0.06666666666666665,0.9333333333333333,192,192,0.8412698412698413,0.9731130547457078,0.8629821531375936,0.7142857142857143,0.9682539682539683,0.9159663865546218,0.05812410112641672,0.048485345700207905,0.06153846153846154,0.9384615384615385,192,238,0.747079337401918,0.8958238884045335,0.9483304272013949,0.9900915431560592,0.7813364062412058,0.9106478034251675,0.539864864864865,0.8114864864864867,0.9417741935483871,0.9935483870967742,0.875,0.9479166666666666,0.0317424906641023,0.07855267979989324,0.028438342465475844,0.08191516234332494,0.019034391534391577,0.21056618819776715,0.7894338118022328,0.9809656084656084
44,nacc_to_adni,apis_v2,complete,target,2,42,44,44,c1fba307694949980def85def6c7992065d953d99cac5875251fd7ed35ed67c8,0.49583742423984567,0.805968992248062,0.8992248062015504,0.7986620795107033,0.751937984496124,0.86,0.7991266375545851,0.14147871498313647,0.06241440909852127,0.1517615176151762,0.8482384823848238,229,229,0.7999312683284457,0.891358137829912,0.8003826780547967,0.740625,0.8592375366568915,0.8018154311649016,0.1427649496235613,0.08135016368485072,0.1062276012168124,0.8457204507312395,229,661,0.7593003875968992,0.8598701550387597,0.8619108527131782,0.9372248062015506,0.7529177882411767,0.8506164579643761,0.6821705426356589,0.8218992248062016,0.7897500000000001,0.93,0.755349344978166,0.8516375545851529,0.10879013285453105,0.1765499796965856,0.0430293781777182,0.11821426933123512,0.08241254256422492,0.33333333333333337,0.6666666666666666,0.9038593455958235
44,nacc_to_adni,apis_v2,complete,source_val,2,42,44,44,c1fba307694949980def85def6c7992065d953d99cac5875251fd7ed35ed67c8,0.28779014666556557,0.8428945074106364,0.9293809938971229,0.8359535201640466,0.7567567567567568,0.9290322580645162,0.8958333333333334,0.07893017417552332,0.04004534427076594,0.19999999999999996,0.8,192,192,0.8119144847465769,0.9218111938505885,0.8144582690037234,0.6956521739130435,0.9281767955801105,0.8810572687224669,0.08666526468564836,0.045798049099119734,0.20902255639097755,0.7857142857142857,192,227,0.7713448125544901,0.9202201394943331,0.8724978204010462,0.9691412380122058,0.7644570413300055,0.8984301446735926,0.5945945945945946,0.8925675675675677,0.8903225806451613,0.967741935483871,0.8592447916666667,0.9375,0.05351175388821483,0.10462235650625802,0.021557637018850013,0.0813529493287206,0.10643533549783543,0.4253750000000001,0.574625,0.8935646645021645
44,nacc_to_adni,apis_v2,complete,source_test,2,42,44,44,c1fba307694949980def85def6c7992065d953d99cac5875251fd7ed35ed67c8,0.22152181643395422,0.8364428945074107,0.9576285963382738,0.8230266465560584,0.7567567567567568,0.9161290322580645,0.8854166666666666,0.07027965653770786,0.039284301106818124,0.0888888888888889,0.9111111111111111,192,192,0.8684807256235827,0.9595076125688371,0.8523573200992556,0.8163265306122449,0.9206349206349206,0.8991596638655462,0.07187487284569048,0.03252215220146819,0.09230769230769231,0.9076923076923077,192,238,0.7591826503923278,0.9137532693984306,0.9300217959895379,0.9815300784655623,0.7561710646041856,0.8896470931947008,0.620945945945946,0.8918918918918919,0.8709677419354839,0.9550000000000001,0.848828125,0.9322916666666666,0.04668382438999417,0.0953523044634603,0.020869635763746237,0.07564046123912307,0.04753968253968249,0.3000396825396826,0.6999603174603174,0.9524603174603176
45,adni_to_nacc,ce_only,complete,target,2,42,45,45,6892b1cca76e2dc19683521fedff81a5873837ed6240b1f17cdec5031c956549,0.3391690573668475,0.7339543219138118,0.8856728070906617,0.7666528056504733,0.5053763440860215,0.962532299741602,0.8739583333333333,0.09394566397986713,0.030532317725010215,0.07225645198790986,0.8659846547314578,960,960,0.7293194296847325,0.8758103081827842,0.7623963105113285,0.49583333333333335,0.9628055260361318,0.8679085520745131,0.10209280340328095,0.04392199128689553,0.07717437326035781,0.8541854185418543,960,1181,0.6984449237309328,0.7688151204467785,0.8608794559751048,0.9104074629768553,0.7300842501398447,0.7999188929390155,0.4405913978494624,0.5752688172043011,0.9470284237726099,0.975452196382429,0.8551822916666667,0.8896093749999999,0.08303226220440797,0.10401938950131127,0.01958689230448933,0.050074939638402184,0.05193172738263255,0.1944788121471773,0.7817824675324676,0.8940380832053525
45,adni_to_nacc,ce_only,complete,source_val,2,42,45,45,6892b1cca76e2dc19683521fedff81a5873837ed6240b1f17cdec5031c956549,0.49036893192967473,0.801923076923077,0.9230769230769231,0.7821969696969697,0.6538461538461539,0.95,0.782608695652174,0.16773851926089808,0.13024183194891514,0.2857142857142858,0.7142857142857142,46,46,0.7907425265188043,0.9168273866923818,0.7807187955318116,0.6470588235294118,0.9344262295081968,0.7829457364341085,0.1619627417378881,0.10315541380135591,0.3466666666666667,0.6533333333333333,46,129,0.6941826923076923,0.9038461538461539,0.8307211538461537,0.9884615384615385,0.6725201708590413,0.8912529550827424,0.4990384615384617,0.8461538461538461,0.8487500000000002,1.0,0.6739130434782609,0.8913043478260869,0.10456160834764297,0.24176899621786424,0.06767452649394236,0.2377317082717646,0.0,0.6666666666666666,0.33333333333333337,1.0
45,adni_to_nacc,ce_only,complete,source_test,2,42,45,45,6892b1cca76e2dc19683521fedff81a5873837ed6240b1f17cdec5031c956549,0.3784777228410045,0.8461538461538461,0.9346153846153846,0.8257575757575757,0.6923076923076923,1.0,0.8260869565217391,0.14077094114934244,0.12026666081038076,0.25,0.75,46,46,0.8046875,0.9419642857142857,0.8061104582843712,0.625,0.984375,0.8166666666666667,0.12363292214103282,0.03802706251541774,0.3553719008264462,0.6446280991735538,46,120,0.7692307692307692,0.9230769230769231,0.8652403846153847,0.9865384615384615,0.7346153846153847,0.9128787878787878,0.5384615384615384,0.8461538461538461,1.0,1.0,0.7391304347826086,0.9130434782608695,0.097863026412353,0.18716682442307925,0.08732325565825766,0.21878647648769878,0.0,0.6406666666666668,0.35933333333333345,1.0
45,adni_to_nacc,mixstyle,complete,target,2,42,45,45,6892b1cca76e2dc19683521fedff81a5873837ed6240b1f17cdec5031c956549,0.6092870610415786,0.7451237809452362,0.8825539718262899,0.7656635841891041,0.5483870967741935,0.9418604651162791,0.865625,0.11315236186801618,0.09594005947518691,0.09522462696387779,0.8331870061457419,960,960,0.7374003719447396,0.8708687566418704,0.7574515072147213,0.5375,0.9373007438894793,0.8560541913632514,0.12173939104512385,0.10752376512790715,0.10055617269637773,0.8298653610771114,960,1181,0.7124041427023422,0.7820376969242311,0.8560997888360979,0.9052790975521658,0.7340553350328058,0.7994926816761047,0.4838709677419355,0.6182795698924731,0.9237726098191215,0.958656330749354,0.847890625,0.883359375,0.09898083034318195,0.12948471150374713,0.08022129694413808,0.11456102890470192,0.06513150038888131,0.2351184215806979,0.716595121482762,0.8757620380725674
45,adni_to_nacc,mixstyle,complete,source_val,2,42,45,45,6892b1cca76e2dc19683521fedff81a5873837ed6240b1f17cdec5031c956549,1.1484515768865122,0.801923076923077,0.8942307692307693,0.7821969696969697,0.6538461538461539,0.95,0.782608695652174,0.20545210041681805,0.211355064008925,0.2857142857142858,0.7142857142857142,46,46,0.776036644165863,0.8613789778206364,0.7642543859649122,0.6176470588235294,0.9344262295081968,0.7674418604651163,0.21370941465143192,0.19918996742529466,0.38,0.62,46,129,0.7,0.8846153846153846,0.7882692307692307,0.9769711538461539,0.6700143472022955,0.8695652173913044,0.5,0.8086538461538464,0.8487500000000002,1.0,0.6739130434782609,0.8695652173913043,0.12681955164546643,0.29341219121468315,0.12738774458644914,0.31797409839398394,0.049642857142857245,0.7337500000000001,0.26625,0.9503571428571429
45,adni_to_nacc,mixstyle,complete,source_test,2,42,45,45,6892b1cca76e2dc19683521fedff81a5873837ed6240b1f17cdec5031c956549,0.6308151761967451,0.8153846153846154,0.9173076923076924,0.8042553191489361,0.7307692307692307,0.9,0.8043478260869565,0.14005120589091666,0.13935592303970368,0.2142857142857143,0.7857142857142857,46,46,0.8359375,0.923828125,0.8384239245978315,0.75,0.921875,0.8416666666666667,0.13612933531781918,0.13022783646980926,0.2479338842975206,0.7520661157024794,46,120,0.7189423076923077,0.917451923076923,0.8249038461538462,0.973125,0.6933333333333334,0.9123933982683982,0.5384615384615384,0.8846153846153846,0.75,1.0,0.6956521739130435,0.9130434782608695,0.07150009132492541,0.22456449423033595,0.07709454515007443,0.2575370221908637,0.0,0.5017857142857147,0.49821428571428594,1.0
45,adni_to_nacc,metadata,complete,target,2,42,45,45,6892b1cca76e2dc19683521fedff81a5873837ed6240b1f17cdec5031c956549,5883.349468802921,0.5,0.5,0.4463667820069204,0.0,1.0,0.80625,0.19375,0.19374999999999998,0.0,0.5,960,960,0.5,0.5,0.443449575871819,0.0,1.0,0.7967823878069432,0.20321761219305673,0.20321761219305678,0.0,0.5,960,1181,0.5,0.5,0.5,0.5,0.4463667820069204,0.4463667820069204,0.0,0.0,1.0,1.0,0.80625,0.80625,0.19375,0.19375,0.19374999999999998,0.19374999999999998,0.0,0.0,0.5,0.5
45,adni_to_nacc,metadata,complete,source_val,2,42,45,45,6892b1cca76e2dc19683521fedff81a5873837ed6240b1f17cdec5031c956549,0.5860452055667126,0.8346153846153846,0.9211538461538461,0.8257575757575757,0.7692307692307693,0.9,0.8260869565217391,0.14578105307953335,0.1478807792495589,0.2571428571428571,0.7428571428571429,46,46,0.8176229508196722,0.9151398264223722,0.8138528138528138,0.75,0.8852459016393442,0.813953488372093,0.14888295310952668,0.1306501331255417,0.2533333333333334,0.7466666666666666,46,129,0.7211538461538461,0.9230769230769231,0.8421153846153846,0.9846634615384615,0.7161841480778357,0.9128787878787878,0.6153846153846154,0.9230769230769231,0.7487500000000002,1.0,0.717391304347826,0.9130434782608695,0.07826119875520758,0.23577471033886754,0.07779897726154425,0.25197436710768517,0.0,0.6,0.4,1.0
45,adni_to_nacc,metadata,complete,source_test,2,42,45,45,6892b1cca76e2dc19683521fedff81a5873837ed6240b1f17cdec5031c956549,0.5322321656664523,0.823076923076923,0.9076923076923077,0.8230769230769232,0.8461538461538461,0.8,0.8260869565217391,0.14992930984626365,0.16526254822594524,0.25,0.75,46,46,0.8169642857142857,0.9115513392857143,0.8162071846282373,0.8214285714285714,0.8125,0.8166666666666667,0.15024286185663935,0.13254231711228692,0.33884297520661155,0.6611570247933884,46,120,0.7210096153846154,0.9116826923076924,0.8268749999999999,0.9654326923076924,0.7161298552319395,0.9115595238095239,0.7307692307692307,0.9615384615384616,0.6,0.95,0.717391304347826,0.9130434782608695,0.0844232991092802,0.22768170210345048,0.08356436548160691,0.26677627936653464,0.04072184429327292,0.75,0.25,0.9592781557067271
45,adni_to_nacc,metadata_xda,complete,target,2,42,45,45,6892b1cca76e2dc19683521fedff81a5873837ed6240b1f17cdec5031c956549,109.0143714278154,0.5,0.5,0.4463667820069204,0.0,1.0,0.80625,0.19375,0.19374999999999998,0.0,0.5,960,960,0.5,0.5,0.443449575871819,0.0,1.0,0.7967823878069432,0.20321761219305673,0.20321761219305678,0.0,0.5,960,1181,0.5,0.5,0.5,0.5,0.4463667820069204,0.4463667820069204,0.0,0.0,1.0,1.0,0.80625,0.80625,0.19375,0.19375,0.19374999999999998,0.19374999999999998,0.0,0.0,0.5,0.5
45,adni_to_nacc,metadata_xda,complete,source_val,2,42,45,45,6892b1cca76e2dc19683521fedff81a5873837ed6240b1f17cdec5031c956549,0.7722419922306859,0.8153846153846154,0.8769230769230769,0.8042553191489361,0.7307692307692307,0.9,0.8043478260869565,0.18109526144938848,0.18258281098543744,0.2857142857142858,0.7142857142857142,46,46,0.7669961427193828,0.8722275795564127,0.7575922895071832,0.6323529411764706,0.9016393442622951,0.7596899224806202,0.18916427193011717,0.1754657011623531,0.30999999999999994,0.6900000000000001,46,129,0.7134615384615384,0.9038461538461539,0.7691826923076923,0.9596634615384616,0.6950757575757576,0.8912529550827424,0.5769230769230769,0.8846153846153846,0.75,1.0,0.6956521739130435,0.8913043478260869,0.09529502668849113,0.26957305323002634,0.11527596795715504,0.2994250841131027,0.0,0.6,0.4,1.0
45,adni_to_nacc,metadata_xda,complete,source_test,2,42,45,45,6892b1cca76e2dc19683521fedff81a5873837ed6240b1f17cdec5031c956549,0.4485569471197474,0.8288461538461538,0.9096153846153846,0.8247619047619048,0.8076923076923077,0.85,0.8260869565217391,0.12990489537855054,0.11443031386647753,0.125,0.875,46,46,0.8482142857142857,0.9135044642857143,0.848951048951049,0.8214285714285714,0.875,0.85,0.1199514463901641,0.08821811825037007,0.25619834710743805,0.743801652892562,46,120,0.7285096153846156,0.9173076923076923,0.8248557692307692,0.973125,0.7171765519908015,0.9123809523809523,0.6913461538461539,0.9230769230769231,0.7,1.0,0.717391304347826,0.9130434782608695,0.06526433666947125,0.20460256265580934,0.052883931368056164,0.21625614908976026,0.0,0.5,0.5,1.0
45,adni_to_nacc,apis_v2,complete,target,2,42,45,45,6892b1cca76e2dc19683521fedff81a5873837ed6240b1f17cdec5031c956549,0.8923806101512485,0.7984912894890389,0.8863396404656719,0.7491671565745639,0.7688172043010753,0.8281653746770026,0.8166666666666667,0.15498359144863041,0.14063988550397974,0.12627618211463676,0.8182616330114136,960,960,0.7951713602550479,0.8758877966702089,0.7511998037602989,0.7625,0.8278427205100957,0.8145639288738358,0.1594272295543195,0.1460141133797765,0.12127607824712971,0.8035495716034272,960,1181,0.7615023547553555,0.8250713720096691,0.8568616112361425,0.9080570489844683,0.7194332017614603,0.77638762019685,0.7043010752688172,0.8227150537634409,0.7997416020671835,0.8514534883720931,0.790625,0.8406510416666666,0.13623483774552977,0.17657974648037444,0.12043580149508987,0.16687629260743655,0.07076758356653871,0.28619688224726225,0.6750228937728938,0.8771866152808471
45,adni_to_nacc,apis_v2,complete,source_val,2,42,45,45,6892b1cca76e2dc19683521fedff81a5873837ed6240b1f17cdec5031c956549,0.9666360435039002,0.8038461538461539,0.9211538461538462,0.8020086083213773,0.8076923076923077,0.8,0.8043478260869565,0.15262367272647961,0.17023591582063696,0.2571428571428571,0.7428571428571429,46,46,0.813404050144648,0.8952507232401157,0.813404050144648,0.8235294117647058,0.8032786885245902,0.813953488372093,0.16356373200280588,0.15541713459547168,0.32000000000000006,0.6799999999999999,46,129,0.6787980769230769,0.9038942307692308,0.8267788461538461,0.9885576923076924,0.6803546709381427,0.8917299158060638,0.6538461538461539,0.9615384615384616,0.6487500000000003,0.95,0.695108695652174,0.8918478260869566,0.07328293486751764,0.24575453352459864,0.08426512176976955,0.2771059526782097,0.0,0.6,0.4,1.0
45,adni_to_nacc,apis_v2,complete,source_test,2,42,45,45,6892b1cca76e2dc19683521fedff81a5873837ed6240b1f17cdec5031c956549,0.6295259476300955,0.8557692307692308,0.9365384615384615,0.8630952380952381,0.9615384615384616,0.75,0.8695652173913043,0.13116498212113753,0.14383856809117665,0.33333333333333337,0.6666666666666666,46,46,0.8470982142857143,0.9430803571428572,0.8415676464456953,0.9285714285714286,0.765625,0.8416666666666667,0.14077094069849796,0.13291455805301672,0.25,0.75,46,120,0.7496634615384616,0.95,0.8632211538461538,0.9827403846153847,0.7523737926006926,0.9551656920077973,0.8846153846153846,1.0,0.55,0.9,0.7820652173913045,0.9565217391304348,0.056944376044017406,0.2221764091483778,0.08126558406737407,0.24377962315873503,0.0,1.0,0.0,1.0
45,nacc_to_adni,ce_only,complete,target,2,42,45,45,6892b1cca76e2dc19683521fedff81a5873837ed6240b1f17cdec5031c956549,1.0005492488897623,0.6981782945736434,0.9143410852713179,0.6520512263946169,0.4263565891472868,0.97,0.6637554585152838,0.25429170944259216,0.23213153614483067,0.1428571428571428,0.8571428571428572,229,229,0.6915872434017596,0.9024193548387096,0.6705980066445183,0.4125,0.9706744868035191,0.7004538577912254,0.24148665566800515,0.22320199274259328,0.10650143678160917,0.8934985632183908,229,661,0.6498129844961241,0.7431027131782946,0.8785891472868218,0.9443449612403101,0.5884206258614137,0.7097952289155453,0.34108527131782945,0.5118217054263566,0.92,1.0,0.6112445414847162,0.7161572052401747,0.21629493191397992,0.294855562450246,0.1858921686583057,0.29280664272546353,0.06838754494932985,0.5714285714285714,0.42857142857142855,0.929907120743034
45,nacc_to_adni,ce_only,complete,source_val,2,42,45,45,6892b1cca76e2dc19683521fedff81a5873837ed6240b1f17cdec5031c956549,0.38232567249376154,0.798517872711421,0.9243243243243243,0.8144927536231883,0.6486486486486487,0.9483870967741935,0.890625,0.08246610568815453,0.06550648050486223,0.21052631578947367,0.7894736842105263,192,192,0.7767235166946913,0.9039154455921211,0.7954954954954956,0.6086956521739131,0.9447513812154696,0.8766519823788547,0.09397016175087301,0.0805985510086698,0.33197358197358207,0.6616161616161615,192,227,0.7174215344376634,0.8687162162162163,0.866669572798605,0.9694943330427201,0.737840764631103,0.8777070063694268,0.48581081081081096,0.7837837837837838,0.9161290322580645,0.9806451612903225,0.8489583333333334,0.9270833333333334,0.05363574792186347,0.11370574803425368,0.040688897440365177,0.11000082564876522,0.05841471723824673,0.46256944444444437,0.5374305555555556,0.9415852827617535
45,nacc_to_adni,ce_only,complete,source_test,2,42,45,45,6892b1cca76e2dc19683521fedff81a5873837ed6240b1f17cdec5031c956549,0.1864116845813136,0.8519616390584133,0.9741935483870967,0.8749069247952346,0.7297297297297297,0.9741935483870968,0.9270833333333334,0.05247860153608753,0.04074919692033683,0.04444444444444451,0.9555555555555555,192,192,0.8590325018896448,0.9721412374473599,0.8730452848198994,0.7551020408163265,0.9629629629629629,0.9201680672268907,0.05773656550971704,0.03217298443577876,0.05978260869565222,0.9402173913043478,192,238,0.7913600697471666,0.9196098517872712,0.9537750653879687,0.9918482999128161,0.8168036943341926,0.9317513379474865,0.620945945945946,0.8648648648648649,0.9354838709677419,1.0,0.8958333333333334,0.9584635416666667,0.03027483907643261,0.07497457750259852,0.019748417509900845,0.06912440565776913,0.014531450577663701,0.17674632352941186,0.8232536764705882,0.9854685494223363
45,nacc_to_adni,mixstyle,complete,target,2,42,45,45,6892b1cca76e2dc19683521fedff81a5873837ed6240b1f17cdec5031c956549,0.6432091578090091,0.8049612403100775,0.9112403100775194,0.7903570338724443,0.689922480620155,0.92,0.7903930131004366,0.16003809893876447,0.11250077408197526,0.15537488708220426,0.8446251129177957,229,229,0.7949780058651026,0.901365469208211,0.7944541214154615,0.675,0.9149560117302052,0.7987897125567323,0.16499583022329067,0.12822472544192542,0.15845944460185646,0.8364900503476385,229,661,0.7548110465116279,0.8521337209302325,0.8596065891472867,0.9466918604651163,0.7364618995001276,0.8385352434137915,0.6124031007751938,0.7676356589147287,0.84,0.97,0.7378820960698691,0.8385371179039302,0.1266055702295584,0.20340792683348408,0.08069782208575393,0.17661887830696735,0.09018766578249345,0.46250000000000024,0.5,0.9098123342175066
45,nacc_to_adni,mixstyle,complete,source_val,2,42,45,45,6892b1cca76e2dc19683521fedff81a5873837ed6240b1f17cdec5031c956549,0.4020186555041543,0.8428945074106364,0.9147340889276373,0.8359535201640466,0.7567567567567568,0.9290322580645162,0.8958333333333334,0.08886148354195904,0.06696520496108035,0.19548872180451138,0.8045112781954886,192,192,0.8227840499639683,0.9120826327167907,0.8227840499639683,0.717391304347826,0.9281767955801105,0.8854625550660793,0.09568002732724412,0.0720451503073066,0.21148325358851672,0.7727272727272727,192,227,0.7655688753269397,0.9098517872711421,0.8501918047079337,0.9645161290322581,0.7597143903117631,0.9015721120984279,0.6216216216216216,0.8648648648648649,0.8838709677419355,0.9679032258064517,0.8489583333333334,0.9375,0.05710286845767243,0.12540912148804015,0.04215444068152775,0.11547553709824566,0.08226190476190484,0.5063310185185186,0.49366898148148153,0.9177380952380952
45,nacc_to_adni,mixstyle,complete,source_test,2,42,45,45,6892b1cca76e2dc19683521fedff81a5873837ed6240b1f17cdec5031c956549,0.2375183510957247,0.8628596338273757,0.9666957279860506,0.8591585760517799,0.7837837837837838,0.9419354838709677,0.9114583333333334,0.06999505795986675,0.06280820945135512,0.07777777777777772,0.9222222222222223,192,192,0.8839758125472411,0.9725731562466257,0.8699081183789271,0.8367346938775511,0.9312169312169312,0.9117647058823529,0.06946766670553961,0.06170523842843649,0.05384615384615388,0.9461538461538461,192,238,0.8093352223190933,0.931102877070619,0.9401700087183958,0.9850217959895379,0.7991185098671404,0.9180162802453824,0.6756756756756757,0.918918918918919,0.9030645161290323,0.9806451612903225,0.8748697916666667,0.9479166666666666,0.042265837788677915,0.10137474976527727,0.034938100282953376,0.10366561157263496,0.023809523809523836,0.20019480519480531,0.7998051948051947,0.9761904761904762
45,nacc_to_adni,metadata,complete,target,2,42,45,45,6892b1cca76e2dc19683521fedff81a5873837ed6240b1f17cdec5031c956549,16530.724282813328,0.5,0.4828294573643411,0.303951367781155,0.0,1.0,0.4366812227074236,0.5623786617061892,0.5628357845883182,0.0779616724738676,0.44642857142857145,229,229,0.4970674486803519,0.49434567448680355,0.33899999999999997,0.0,0.9941348973607038,0.5128593040847201,0.4841058426460489,0.48528325269153727,0.033297784097641836,0.4770114942528736,229,661,0.5,0.5,0.455,0.5028827519379845,0.303951367781155,0.303951367781155,0.0,0.0,1.0,1.0,0.4366812227074236,0.4366812227074236,0.5603876478536843,0.5641898959263291,0.5602357189565507,0.5677434933877494,0.03332756916996047,0.16614896267759954,0.3702457264957265,0.48
45,nacc_to_adni,metadata,complete,source_val,2,42,45,45,6892b1cca76e2dc19683521fedff81a5873837ed6240b1f17cdec5031c956549,0.2740189879092701,0.8795989537925022,0.9393199651264167,0.8757281553398059,0.8108108108108109,0.9483870967741935,0.921875,0.06278401716801295,0.04541608026354677,0.11428571428571432,0.8857142857142857,192,192,0.855572904155657,0.9373048282488591,0.8614163614163615,0.7608695652173914,0.9502762430939227,0.9118942731277533,0.06439342843039385,0.04489054895182534,0.10291858678955457,0.8809523809523809,192,227,0.8158522231909329,0.9368788142981692,0.893761987794246,0.9777027027027028,0.8222389545513248,0.9316239316239316,0.6756756756756757,0.918918918918919,0.9161290322580645,0.9806451612903225,0.8854166666666666,0.9583333333333334,0.03669912328002391,0.08977853377312556,0.026364960558324383,0.07976315697887924,0.04982142857142853,0.3176488095238095,0.6823511904761905,0.9501785714285715
45,nacc_to_adni,metadata,complete,source_test,2,42,45,45,6892b1cca76e2dc19683521fedff81a5873837ed6240b1f17cdec5031c956549,0.32915139129327126,0.8795989537925022,0.9426329555361813,0.8757281553398059,0.8108108108108109,0.9483870967741935,0.921875,0.07064875496392166,0.059102858332658305,0.08461538461538454,0.9000000000000001,192,192,0.881708238851096,0.9419069214987582,0.8788414650483616,0.8163265306122449,0.9470899470899471,0.9201680672268907,0.0770517925569594,0.07224746611939753,0.10845410628019325,0.8804347826086957,192,238,0.8151765475152571,0.9440213600697472,0.8955143853530951,0.9798561464690497,0.8144295800817539,0.9316594013368207,0.6756756756756757,0.9459459459459459,0.9032258064516129,0.9806451612903225,0.8802083333333334,0.9583333333333334,0.04249465245484646,0.10154848524816203,0.031675165109401084,0.10545617660423476,0.04901362984218071,0.3240476190476191,0.6759523809523811,0.9509863701578193
45,nacc_to_adni,metadata_xda,complete,target,2,42,45,45,6892b1cca76e2dc19683521fedff81a5873837ed6240b1f17cdec5031c956549,14901.753258333985,0.5,0.517170542635659,0.3603351955307263,1.0,0.0,0.5633187772925764,0.42849629063064076,0.4286681002324698,0.07796167247386765,0.47560975609756095,229,229,0.5042063782991203,0.505690982404692,0.3408565224574571,0.99375,0.01466275659824047,0.4886535552193646,0.5105891239523165,0.5114035393574955,0.03329778409764189,0.4896907216494845,229,661,0.5,0.5,0.49713662790697677,0.5449999999999999,0.3603351955307263,0.3603351955307263,1.0,1.0,0.0,0.0,0.5633187772925764,0.5633187772925764,0.4188400450600306,0.4351343435588383,0.4221758583392311,0.4387357740640949,0.03332756916996047,0.16614896267759943,0.4324170761670762,0.5
45,nacc_to_adni,metadata_xda,complete,source_val,2,42,45,45,6892b1cca76e2dc19683521fedff81a5873837ed6240b1f17cdec5031c956549,0.43609890147999497,0.8255448997384481,0.9067131647776809,0.8358457453989111,0.7027027027027027,0.9483870967741935,0.9010416666666666,0.08846598113381421,0.07053549535986464,0.18045112781954886,0.8195488721804511,192,192,0.798462647129474,0.8867403314917127,0.8135111223458038,0.6521739130434783,0.9447513812154696,0.8854625550660793,0.10037521192836588,0.08624144587747852,0.23232323232323238,0.7676767676767676,192,227,0.7444485614646905,0.8925174367916304,0.8483478639930254,0.9566434176111597,0.7684628749592511,0.8974358974358975,0.5405405405405406,0.8378378378378378,0.9161290322580645,0.9806451612903225,0.859375,0.9375,0.06175054912523233,0.11741489547213023,0.048563078489516805,0.1132052398519591,0.11553287981859414,0.5462981744421908,0.4537018255578093,0.8844671201814059
45,nacc_to_adni,metadata_xda,complete,source_test,2,42,45,45,6892b1cca76e2dc19683521fedff81a5873837ed6240b1f17cdec5031c956549,0.22281784000053922,0.8757628596338274,0.9564080209241499,0.8876839310624127,0.7837837837837838,0.967741935483871,0.9322916666666666,0.05872134176649496,0.04647454627168674,0.12539682539682528,0.8666666666666667,192,192,0.8922902494331066,0.9610193283662671,0.9013675922088686,0.8163265306122449,0.9682539682539683,0.9369747899159664,0.059002800473268134,0.05472271056736223,0.10148112756808403,0.8923076923076924,192,238,0.808099389712293,0.9467981691368789,0.9231996512641675,0.9827593722755013,0.8325956331005419,0.9431448030796564,0.6486486486486487,0.918918918918919,0.9354838709677419,0.9935483870967742,0.9010416666666666,0.9635416666666666,0.03404167535191167,0.08350578971916249,0.02850010551434647,0.08163392383915692,0.02088832576637449,0.31708333333333355,0.6829166666666666,0.9791116742336256
45,nacc_to_adni,apis_v2,missing,target,,,,,,,,,,,,,,,,,,,,,,,,,,,,,,,,,,,,,,,,,,,,,,,,,,
45,nacc_to_adni,apis_v2,missing,source_val,,,,,,,,,,,,,,,,,,,,,,,,,,,,,,,,,,,,,,,,,,,,,,,,,,
45,nacc_to_adni,apis_v2,missing,source_test,,,,,,,,,,,,,,,,,,,,,,,,,,,,,,,,,,,,,,,,,,,,,,,,,,
46,adni_to_nacc,ce_only,missing,target,,,,,,,,,,,,,,,,,,,,,,,,,,,,,,,,,,,,,,,,,,,,,,,,,,
46,adni_to_nacc,ce_only,missing,source_val,,,,,,,,,,,,,,,,,,,,,,,,,,,,,,,,,,,,,,,,,,,,,,,,,,
46,adni_to_nacc,ce_only,missing,source_test,,,,,,,,,,,,,,,,,,,,,,,,,,,,,,,,,,,,,,,,,,,,,,,,,,
46,adni_to_nacc,mixstyle,missing,target,,,,,,,,,,,,,,,,,,,,,,,,,,,,,,,,,,,,,,,,,,,,,,,,,,
46,adni_to_nacc,mixstyle,missing,source_val,,,,,,,,,,,,,,,,,,,,,,,,,,,,,,,,,,,,,,,,,,,,,,,,,,
46,adni_to_nacc,mixstyle,missing,source_test,,,,,,,,,,,,,,,,,,,,,,,,,,,,,,,,,,,,,,,,,,,,,,,,,,
46,adni_to_nacc,metadata,missing,target,,,,,,,,,,,,,,,,,,,,,,,,,,,,,,,,,,,,,,,,,,,,,,,,,,
46,adni_to_nacc,metadata,missing,source_val,,,,,,,,,,,,,,,,,,,,,,,,,,,,,,,,,,,,,,,,,,,,,,,,,,
46,adni_to_nacc,metadata,missing,source_test,,,,,,,,,,,,,,,,,,,,,,,,,,,,,,,,,,,,,,,,,,,,,,,,,,
46,adni_to_nacc,metadata_xda,missing,target,,,,,,,,,,,,,,,,,,,,,,,,,,,,,,,,,,,,,,,,,,,,,,,,,,
46,adni_to_nacc,metadata_xda,missing,source_val,,,,,,,,,,,,,,,,,,,,,,,,,,,,,,,,,,,,,,,,,,,,,,,,,,
46,adni_to_nacc,metadata_xda,missing,source_test,,,,,,,,,,,,,,,,,,,,,,,,,,,,,,,,,,,,,,,,,,,,,,,,,,
46,adni_to_nacc,apis_v2,missing,target,,,,,,,,,,,,,,,,,,,,,,,,,,,,,,,,,,,,,,,,,,,,,,,,,,
46,adni_to_nacc,apis_v2,missing,source_val,,,,,,,,,,,,,,,,,,,,,,,,,,,,,,,,,,,,,,,,,,,,,,,,,,
46,adni_to_nacc,apis_v2,missing,source_test,,,,,,,,,,,,,,,,,,,,,,,,,,,,,,,,,,,,,,,,,,,,,,,,,,
46,nacc_to_adni,ce_only,missing,target,,,,,,,,,,,,,,,,,,,,,,,,,,,,,,,,,,,,,,,,,,,,,,,,,,
46,nacc_to_adni,ce_only,missing,source_val,,,,,,,,,,,,,,,,,,,,,,,,,,,,,,,,,,,,,,,,,,,,,,,,,,
46,nacc_to_adni,ce_only,missing,source_test,,,,,,,,,,,,,,,,,,,,,,,,,,,,,,,,,,,,,,,,,,,,,,,,,,
46,nacc_to_adni,mixstyle,missing,target,,,,,,,,,,,,,,,,,,,,,,,,,,,,,,,,,,,,,,,,,,,,,,,,,,
46,nacc_to_adni,mixstyle,missing,source_val,,,,,,,,,,,,,,,,,,,,,,,,,,,,,,,,,,,,,,,,,,,,,,,,,,
46,nacc_to_adni,mixstyle,missing,source_test,,,,,,,,,,,,,,,,,,,,,,,,,,,,,,,,,,,,,,,,,,,,,,,,,,
46,nacc_to_adni,metadata,missing,target,,,,,,,,,,,,,,,,,,,,,,,,,,,,,,,,,,,,,,,,,,,,,,,,,,
46,nacc_to_adni,metadata,missing,source_val,,,,,,,,,,,,,,,,,,,,,,,,,,,,,,,,,,,,,,,,,,,,,,,,,,
46,nacc_to_adni,metadata,missing,source_test,,,,,,,,,,,,,,,,,,,,,,,,,,,,,,,,,,,,,,,,,,,,,,,,,,
46,nacc_to_adni,metadata_xda,missing,target,,,,,,,,,,,,,,,,,,,,,,,,,,,,,,,,,,,,,,,,,,,,,,,,,,
46,nacc_to_adni,metadata_xda,missing,source_val,,,,,,,,,,,,,,,,,,,,,,,,,,,,,,,,,,,,,,,,,,,,,,,,,,
46,nacc_to_adni,metadata_xda,missing,source_test,,,,,,,,,,,,,,,,,,,,,,,,,,,,,,,,,,,,,,,,,,,,,,,,,,
46,nacc_to_adni,apis_v2,missing,target,,,,,,,,,,,,,,,,,,,,,,,,,,,,,,,,,,,,,,,,,,,,,,,,,,
46,nacc_to_adni,apis_v2,missing,source_val,,,,,,,,,,,,,,,,,,,,,,,,,,,,,,,,,,,,,,,,,,,,,,,,,,
46,nacc_to_adni,apis_v2,missing,source_test,,,,,,,,,,,,,,,,,,,,,,,,,,,,,,,,,,,,,,,,,,,,,,,,,,
