artifact_root,seed,direction,metrics_path,variant,epoch,phase,train_loss,val_loss,val_auc,val_balanced_accuracy,selection_eligible,selection_reasons,clean_ce,shift_ce,js,feature_consistency,intervention_penalty,apis_coefficient_l2,valid_intervention_frac,apis_feature_strength,style_confidence,style_entropy,style_delta,condition_gate,style_memory_valid_slots,style_memory_total_assignments
/zjs/AD_Project/dual_shift_github/outputs/journal/apic_v3_2_screening_mci_ad/r4,42,adni_to_nacc,/zjs/AD_Project/dual_shift_github/outputs/journal/apic_v3_2_screening_mci_ad/r4/seed42/adni_to_nacc/apic_v3_2_x/journal_metrics.json,apic_v3_2_x,1,clean_warmup,0.6134918457505727,0.9312146516568071,0.5294117647058824,,,,0.6134918457505727,0.0,0.0,0.0,0.0,0.0,0.0,0.0,0.0,0.0,0.0,0.0,0,0.0
/zjs/AD_Project/dual_shift_github/outputs/journal/apic_v3_2_screening_mci_ad/r4,42,adni_to_nacc,/zjs/AD_Project/dual_shift_github/outputs/journal/apic_v3_2_screening_mci_ad/r4/seed42/adni_to_nacc/apic_v3_2_x/journal_metrics.json,apic_v3_2_x,2,clean_warmup,0.5330493378240874,1.6109267754582774,0.5147058823529411,,,,0.5330493378240874,0.0,0.0,0.0,0.0,0.0,0.0,0.0,0.0,0.0,0.0,0.0,0,0.0
/zjs/AD_Project/dual_shift_github/outputs/journal/apic_v3_2_screening_mci_ad/r4,42,adni_to_nacc,/zjs/AD_Project/dual_shift_github/outputs/journal/apic_v3_2_screening_mci_ad/r4/seed42/adni_to_nacc/apic_v3_2_x/journal_metrics.json,apic_v3_2_x,3,clean_warmup,0.4440058897996303,1.0528199543510008,0.5579710144927535,,,,0.4440058897996303,0.0,0.0,0.0,0.0,0.0,0.0,0.0,0.0,0.0,0.0,0.0,0,0.0
/zjs/AD_Project/dual_shift_github/outputs/journal/apic_v3_2_screening_mci_ad/r4,42,adni_to_nacc,/zjs/AD_Project/dual_shift_github/outputs/journal/apic_v3_2_screening_mci_ad/r4/seed42/adni_to_nacc/apic_v3_2_x/journal_metrics.json,apic_v3_2_x,4,clean_warmup,0.41401931012768556,0.8536629858298586,0.5924978687127025,,,,0.41401931012768556,0.0,0.0,0.0,0.0,0.0,0.0,0.0,0.0,0.0,0.0,0.0,0,0.0
/zjs/AD_Project/dual_shift_github/outputs/journal/apic_v3_2_screening_mci_ad/r4,42,adni_to_nacc,/zjs/AD_Project/dual_shift_github/outputs/journal/apic_v3_2_screening_mci_ad/r4/seed42/adni_to_nacc/apic_v3_2_x/journal_metrics.json,apic_v3_2_x,5,clean_warmup,0.3908630531502537,0.8861701715429988,0.5993179880647911,,,,0.3908630531502537,0.0,0.0,0.0,0.0,0.0,0.0,0.0,0.0,0.0,0.0,0.0,0,0.0
/zjs/AD_Project/dual_shift_github/outputs/journal/apic_v3_2_screening_mci_ad/r4,42,adni_to_nacc,/zjs/AD_Project/dual_shift_github/outputs/journal/apic_v3_2_screening_mci_ad/r4/seed42/adni_to_nacc/apic_v3_2_x/journal_metrics.json,apic_v3_2_x,6,style_bank_build,0.3627181310612376,0.8861701715429988,0.5579710144927535,,,,0.33242276292478684,0.0,0.0,0.0,0.0,0.0,0.0,0.0,0.0,0.0,0.0,0.0,0,0.0
/zjs/AD_Project/dual_shift_github/outputs/journal/apic_v3_2_screening_mci_ad/r4,42,adni_to_nacc,/zjs/AD_Project/dual_shift_github/outputs/journal/apic_v3_2_screening_mci_ad/r4/seed42/adni_to_nacc/apic_v3_2_x/journal_metrics.json,apic_v3_2_x,7,apis_warmup,0.3163770131656144,0.9345600622099474,0.5029838022165388,,,,0.3163770131656144,0.0,0.0,0.0,0.0,0.0,0.0,0.0,0.29769277366081087,0.003621180094919933,0.0,0.0,4,90.0
/zjs/AD_Project/dual_shift_github/outputs/journal/apic_v3_2_screening_mci_ad/r4,42,adni_to_nacc,/zjs/AD_Project/dual_shift_github/outputs/journal/apic_v3_2_screening_mci_ad/r4/seed42/adni_to_nacc/apic_v3_2_x/journal_metrics.json,apic_v3_2_x,8,apis_warmup,0.3451856583873234,0.9122128847755765,0.5383631713554987,,,,0.3451856583873234,0.0,0.0,0.0,0.0,0.0,0.0,0.0,0.2995790855424239,0.0022912143952767265,0.0,0.0,4,90.0
/zjs/AD_Project/dual_shift_github/outputs/journal/apic_v3_2_screening_mci_ad/r4,42,adni_to_nacc,/zjs/AD_Project/dual_shift_github/outputs/journal/apic_v3_2_screening_mci_ad/r4/seed42/adni_to_nacc/apic_v3_2_x/journal_metrics.json,apic_v3_2_x,9,apis_warmup,0.3591494765501506,0.9714961919523434,0.5711849957374254,,,,0.3591494765501506,0.0,0.0,0.0,0.0,0.0,0.0,0.0,0.2997273397032577,0.001322424755118519,0.0,0.0,4,90.0
/zjs/AD_Project/dual_shift_github/outputs/journal/apic_v3_2_screening_mci_ad/r4,42,adni_to_nacc,/zjs/AD_Project/dual_shift_github/outputs/journal/apic_v3_2_screening_mci_ad/r4/seed42/adni_to_nacc/apic_v3_2_x/journal_metrics.json,apic_v3_2_x,10,apis_warmup,0.3064800776578117,1.0488610599839359,0.6104006820119352,,,,0.3064800776578117,0.0,0.0,0.0,0.0,0.0,0.0,0.0,0.29197922585034136,0.001737772285709544,0.0,0.0,4,90.0
/zjs/AD_Project/dual_shift_github/outputs/journal/apic_v3_2_screening_mci_ad/r4,42,adni_to_nacc,/zjs/AD_Project/dual_shift_github/outputs/journal/apic_v3_2_screening_mci_ad/r4/seed42/adni_to_nacc/apic_v3_2_x/journal_metrics.json,apic_v3_2_x,11,apis_warmup,0.2726745920089802,1.4265182837085593,0.5682011935208866,,,,0.2726745920089802,0.0,0.0,0.0,0.0,0.0,0.0,0.0,0.3218069106045336,0.0009335169518770844,0.0,0.0,4,90.0
/zjs/AD_Project/dual_shift_github/outputs/journal/apic_v3_2_screening_mci_ad/r4,42,adni_to_nacc,/zjs/AD_Project/dual_shift_github/outputs/journal/apic_v3_2_screening_mci_ad/r4/seed42/adni_to_nacc/apic_v3_2_x/journal_metrics.json,apic_v3_2_x,12,joint,0.2671290737124953,1.1478685046537618,0.5656436487638533,,,,0.2671290737124953,0.0,0.0,0.0,0.0,0.0,0.0,0.0,0.29225719535704886,0.0019462713378094877,0.0,0.0,4,90.0
/zjs/AD_Project/dual_shift_github/outputs/journal/apic_v3_2_screening_mci_ad/r4,42,adni_to_nacc,/zjs/AD_Project/dual_shift_github/outputs/journal/apic_v3_2_screening_mci_ad/r4/seed42/adni_to_nacc/apic_v3_2_x/journal_metrics.json,apic_v3_2_x,13,joint,0.2144630437919704,0.9392045784160632,0.5289855072463768,,,,0.2144630437919704,0.0,0.0,0.0,0.0,0.0,0.0,0.0,0.3083402918707026,0.00197591441113639,0.0,0.0,4,90.0
/zjs/AD_Project/dual_shift_github/outputs/journal/apic_v3_2_screening_mci_ad/r4,42,adni_to_nacc,/zjs/AD_Project/dual_shift_github/outputs/journal/apic_v3_2_screening_mci_ad/r4/seed42/adni_to_nacc/apic_v3_2_x/journal_metrics.json,apic_v3_2_x,14,joint,0.24276925324655996,0.8623421240016955,0.5349531116794544,,,,0.24276925324655996,0.0,0.0,0.0,0.0,0.0,0.0,0.0,0.31663236066256417,0.0016848576996533638,0.0,0.0,4,90.0
/zjs/AD_Project/dual_shift_github/outputs/journal/apic_v3_2_screening_mci_ad/r4,42,adni_to_nacc,/zjs/AD_Project/dual_shift_github/outputs/journal/apic_v3_2_screening_mci_ad/r4/seed42/adni_to_nacc/apic_v3_2_x/journal_metrics.json,apic_v3_2_x,15,joint,0.1703106600809658,1.1670207258894902,0.5042625745950554,,,,0.1703106600809658,0.0,0.0,0.0,0.0,0.0,0.0,0.0,0.29647567868232727,0.00202810884435955,0.0,0.0,4,90.0
/zjs/AD_Project/dual_shift_github/outputs/journal/apic_v3_2_screening_mci_ad/r4,42,adni_to_nacc,/zjs/AD_Project/dual_shift_github/outputs/journal/apic_v3_2_screening_mci_ad/r4/seed42/adni_to_nacc/apic_v3_2_x/journal_metrics.json,apic_v3_2_x,16,joint,0.21087191682677753,1.0380260412786326,0.5520034100596761,,,,0.21087191682677753,0.0,0.0,0.0,0.0,0.0,0.0,0.0,0.29585949678232176,0.0023986299335251693,0.0,0.0,4,90.0
/zjs/AD_Project/dual_shift_github/outputs/journal/apic_v3_2_screening_mci_ad/r4,42,adni_to_nacc,/zjs/AD_Project/dual_shift_github/outputs/journal/apic_v3_2_screening_mci_ad/r4/seed42/adni_to_nacc/apic_v3_2_x/journal_metrics.json,apic_v3_2_x,17,joint,0.1361985629525884,1.173583838336785,0.5792838874680307,,,,0.1361985629525884,0.0,0.0,0.0,0.0,0.0,0.0,0.0,0.29964702391978537,0.0014731450275296207,0.0,0.0,4,90.0
/zjs/AD_Project/dual_shift_github/outputs/journal/apic_v3_2_screening_mci_ad/r4,42,adni_to_nacc,/zjs/AD_Project/dual_shift_github/outputs/journal/apic_v3_2_screening_mci_ad/r4/seed42/adni_to_nacc/apic_v3_2_x/journal_metrics.json,apic_v3_2_x,18,joint,0.2163773637338735,0.8009688713408392,0.59846547314578,,,,0.2163773637338735,0.0,0.0,0.0,0.0,0.0,0.0,0.0,0.29946037640075873,0.002372475423806828,0.0,0.0,4,90.0
/zjs/AD_Project/dual_shift_github/outputs/journal/apic_v3_2_screening_mci_ad/r4,42,adni_to_nacc,/zjs/AD_Project/dual_shift_github/outputs/journal/apic_v3_2_screening_mci_ad/r4/seed42/adni_to_nacc/apic_v3_2_x/journal_metrics.json,apic_v3_2_x,19,joint,0.10881872631443462,1.0346056424773409,0.6035805626598465,,,,0.10881872631443462,0.0,0.0,0.0,0.0,0.0,0.0,0.0,0.3047578976591035,0.002432089908484851,0.0,0.0,4,90.0
/zjs/AD_Project/dual_shift_github/outputs/journal/apic_v3_2_screening_mci_ad/r4,42,adni_to_nacc,/zjs/AD_Project/dual_shift_github/outputs/journal/apic_v3_2_screening_mci_ad/r4/seed42/adni_to_nacc/apic_v3_2_x/journal_metrics.json,apic_v3_2_x,20,joint,0.12191886719924831,1.3603410450314437,0.6112531969309463,,,,0.12191886719924831,0.0,0.0,0.0,0.0,0.0,0.0,0.0,0.2993248801420231,0.000870660237681058,0.0,0.0,4,90.0
/zjs/AD_Project/dual_shift_github/outputs/journal/apic_v3_2_screening_mci_ad/r4,42,adni_to_nacc,/zjs/AD_Project/dual_shift_github/outputs/journal/apic_v3_2_screening_mci_ad/r4/seed42/adni_to_nacc/apic_v3_2_x/journal_metrics.json,apic_v3_2_x,21,joint,0.10563214051786184,1.0399805953119532,0.6227621483375959,,,,0.10563214051786184,0.0,0.0,0.0,0.0,0.0,0.0,0.0,0.3037540267894764,0.0028177495121944882,0.0,0.0,4,90.0
/zjs/AD_Project/dual_shift_github/outputs/journal/apic_v3_2_screening_mci_ad/r4,42,adni_to_nacc,/zjs/AD_Project/dual_shift_github/outputs/journal/apic_v3_2_screening_mci_ad/r4/seed42/adni_to_nacc/apic_v3_2_x/journal_metrics.json,apic_v3_2_x,22,joint,0.061170513271400245,0.9278828381398402,0.6035805626598465,,,,0.061170513271400245,0.0,0.0,0.0,0.0,0.0,0.0,0.0,0.2950953684820987,0.0016456467692827002,0.0,0.0,4,90.0
/zjs/AD_Project/dual_shift_github/outputs/journal/apic_v3_2_screening_mci_ad/r4,42,adni_to_nacc,/zjs/AD_Project/dual_shift_github/outputs/journal/apic_v3_2_screening_mci_ad/r4/seed42/adni_to_nacc/apic_v3_2_x/journal_metrics.json,apic_v3_2_x,23,joint,0.10783324141221323,1.2634605938406371,0.5959079283887467,,,,0.10783324141221323,0.0,0.0,0.0,0.0,0.0,0.0,0.0,0.2906348125474288,0.0019204712147465467,0.0,0.0,4,90.0
/zjs/AD_Project/dual_shift_github/outputs/journal/apic_v3_2_screening_mci_ad/r4,42,adni_to_nacc,/zjs/AD_Project/dual_shift_github/outputs/journal/apic_v3_2_screening_mci_ad/r4/seed42/adni_to_nacc/apic_v3_2_x/journal_metrics.json,apic_v3_2_x,24,joint,0.09216640406924456,1.195511159820294,0.5843989769820971,,,,0.09216640406924456,0.0,0.0,0.0,0.0,0.0,0.0,0.0,0.29877056919112066,0.0023957225073933945,0.0,0.0,4,90.0
/zjs/AD_Project/dual_shift_github/outputs/journal/apic_v3_2_screening_mci_ad/r4,42,adni_to_nacc,/zjs/AD_Project/dual_shift_github/outputs/journal/apic_v3_2_screening_mci_ad/r4/seed42/adni_to_nacc/apic_v3_2_x/journal_metrics.json,apic_v3_2_x,25,joint,0.025886657691012036,1.214804418350852,0.5916453537936913,,,,0.025886657691012036,0.0,0.0,0.0,0.0,0.0,0.0,0.0,0.29865238336053224,0.0024117941529650582,0.0,0.0,4,90.0
/zjs/AD_Project/dual_shift_github/outputs/journal/apic_v3_2_screening_mci_ad/r4,42,adni_to_nacc,/zjs/AD_Project/dual_shift_github/outputs/journal/apic_v3_2_screening_mci_ad/r4/seed42/adni_to_nacc/apic_v3_2_x/journal_metrics.json,apic_v3_2_x,26,joint,0.042258026294460946,1.4700919902486163,0.5622335890878091,,,,0.042258026294460946,0.0,0.0,0.0,0.0,0.0,0.0,0.0,0.2765284508171648,0.0023835569286611512,0.0,0.0,4,90.0
/zjs/AD_Project/dual_shift_github/outputs/journal/apic_v3_2_screening_mci_ad/r4,42,adni_to_nacc,/zjs/AD_Project/dual_shift_github/outputs/journal/apic_v3_2_screening_mci_ad/r4/seed42/adni_to_nacc/apic_v3_2_x/journal_metrics.json,apic_v3_2_x,27,joint,0.09960452029435425,1.3729762772980376,0.580988917306053,,,,0.09960452029435425,0.0,0.0,0.0,0.0,0.0,0.0,0.0,0.28094369497629673,0.0012900328047305253,0.0,0.0,4,90.0
/zjs/AD_Project/dual_shift_github/outputs/journal/apic_v3_2_screening_mci_ad/r4,42,adni_to_nacc,/zjs/AD_Project/dual_shift_github/outputs/journal/apic_v3_2_screening_mci_ad/r4/seed42/adni_to_nacc/apic_v3_2_x/journal_metrics.json,apic_v3_2_x,28,joint,0.1097002903306119,1.14339769792256,0.5882352941176471,,,,0.1097002903306119,0.0,0.0,0.0,0.0,0.0,0.0,0.0,0.30569197945665605,0.0037125255709000732,0.0,0.0,4,90.0
/zjs/AD_Project/dual_shift_github/outputs/journal/apic_v3_2_screening_mci_ad/r4,42,adni_to_nacc,/zjs/AD_Project/dual_shift_github/outputs/journal/apic_v3_2_screening_mci_ad/r4/seed42/adni_to_nacc/apic_v3_2_x/journal_metrics.json,apic_v3_2_x,29,joint,0.03693934132421094,1.4824012308958234,0.6099744245524297,,,,0.03693934132421094,0.0,0.0,0.0,0.0,0.0,0.0,0.0,0.2788544995064783,0.0028826127048841633,0.0,0.0,4,90.0
/zjs/AD_Project/dual_shift_github/outputs/journal/apic_v3_2_screening_mci_ad/r4,42,adni_to_nacc,/zjs/AD_Project/dual_shift_github/outputs/journal/apic_v3_2_screening_mci_ad/r4/seed42/adni_to_nacc/apic_v3_2_x/journal_metrics.json,apic_v3_2_x,30,joint,0.0499493410536503,1.496443111552011,0.5839727195225916,,,,0.0499493410536503,0.0,0.0,0.0,0.0,0.0,0.0,0.0,0.2847403850000684,0.002925545858697731,0.0,0.0,4,90.0
/zjs/AD_Project/dual_shift_github/outputs/journal/apic_v3_2_screening_mci_ad/r4,42,adni_to_nacc,/zjs/AD_Project/dual_shift_github/outputs/journal/apic_v3_2_screening_mci_ad/r4/seed42/adni_to_nacc/apic_v3_2_x/journal_metrics.json,apic_v3_2_x,31,joint,0.06852543380199055,1.667441421222591,0.5728900255754475,,,,0.06852543380199055,0.0,0.0,0.0,0.0,0.0,0.0,0.0,0.2995098047327287,0.0016457590592244859,0.0,0.0,4,90.0
/zjs/AD_Project/dual_shift_github/outputs/journal/apic_v3_2_screening_mci_ad/r4,42,adni_to_nacc,/zjs/AD_Project/dual_shift_github/outputs/journal/apic_v3_2_screening_mci_ad/r4/seed42/adni_to_nacc/apic_v3_2_x/journal_metrics.json,apic_v3_2_x,32,joint,0.10968389980365882,1.0302318752905644,0.5993179880647911,,,,0.10968389980365882,0.0,0.0,0.0,0.0,0.0,0.0,0.0,0.30195239923968176,0.0026680147662800874,0.0,0.0,4,90.0
/zjs/AD_Project/dual_shift_github/outputs/journal/apic_v3_2_screening_mci_ad/r4,42,adni_to_nacc,/zjs/AD_Project/dual_shift_github/outputs/journal/apic_v3_2_screening_mci_ad/r4/seed42/adni_to_nacc/apic_v3_2_x/journal_metrics.json,apic_v3_2_x,33,joint,0.027671825194888113,1.356656854263071,0.6018755328218243,,,,0.027671825194888113,0.0,0.0,0.0,0.0,0.0,0.0,0.0,0.31657689721277443,0.0021136709738711445,0.0,0.0,4,90.0
/zjs/AD_Project/dual_shift_github/outputs/journal/apic_v3_2_screening_mci_ad/r4,42,adni_to_nacc,/zjs/AD_Project/dual_shift_github/outputs/journal/apic_v3_2_screening_mci_ad/r4/seed42/adni_to_nacc/apic_v3_2_x/journal_metrics.json,apic_v3_2_x,34,joint,0.005876329529795353,1.3114032864638971,0.6129582267689685,,,,0.005876329529795353,0.0,0.0,0.0,0.0,0.0,0.0,0.0,0.30043304704203466,0.0012263324465396983,0.0,0.0,4,90.0
/zjs/AD_Project/dual_shift_github/outputs/journal/apic_v3_2_screening_mci_ad/r4,42,adni_to_nacc,/zjs/AD_Project/dual_shift_github/outputs/journal/apic_v3_2_screening_mci_ad/r4/seed42/adni_to_nacc/apic_v3_2_x/journal_metrics.json,apic_v3_2_x,35,joint,0.004331456033091088,1.4441226138605163,0.5818414322250639,,,,0.004331456033091088,0.0,0.0,0.0,0.0,0.0,0.0,0.0,0.2969177506937839,0.003764477209253482,0.0,0.0,4,90.0
/zjs/AD_Project/dual_shift_github/outputs/journal/apic_v3_2_screening_mci_ad/r4,42,adni_to_nacc,/zjs/AD_Project/dual_shift_github/outputs/journal/apic_v3_2_screening_mci_ad/r4/seed42/adni_to_nacc/apic_v3_2_x/journal_metrics.json,apic_v3_2_x,36,joint,0.004983183550925021,1.3308130821828312,0.6010230179028132,,,,0.004983183550925021,0.0,0.0,0.0,0.0,0.0,0.0,0.0,0.30997146429991956,0.0034616616277329307,0.0,0.0,4,90.0
/zjs/AD_Project/dual_shift_github/outputs/journal/apic_v3_2_screening_mci_ad/r4,42,adni_to_nacc,/zjs/AD_Project/dual_shift_github/outputs/journal/apic_v3_2_screening_mci_ad/r4/seed42/adni_to_nacc/apic_v3_2_x/journal_metrics.json,apic_v3_2_x,37,joint,0.07663858419665744,1.3605058115582331,0.6027280477408354,,,,0.07663858419665744,0.0,0.0,0.0,0.0,0.0,0.0,0.0,0.3102177490692328,0.0021331853863103905,0.0,0.0,4,90.0
/zjs/AD_Project/dual_shift_github/outputs/journal/apic_v3_2_screening_mci_ad/r4,42,adni_to_nacc,/zjs/AD_Project/dual_shift_github/outputs/journal/apic_v3_2_screening_mci_ad/r4/seed42/adni_to_nacc/apic_v3_2_x/journal_metrics.json,apic_v3_2_x,38,joint,0.016086456970436185,1.2665620809207336,0.6167945439045183,,,,0.016086456970436185,0.0,0.0,0.0,0.0,0.0,0.0,0.0,0.28681490739973464,0.004518834307316543,0.0,0.0,4,90.0
/zjs/AD_Project/dual_shift_github/outputs/journal/apic_v3_2_screening_mci_ad/r4,42,adni_to_nacc,/zjs/AD_Project/dual_shift_github/outputs/journal/apic_v3_2_screening_mci_ad/r4/seed42/adni_to_nacc/apic_v3_2_x/journal_metrics.json,apic_v3_2_x,39,joint,0.05153714574811206,1.0039548133628085,0.5997442455242966,,,,0.05153714574811206,0.0,0.0,0.0,0.0,0.0,0.0,0.0,0.292019120832481,0.002319325772631785,0.0,0.0,4,90.0
/zjs/AD_Project/dual_shift_github/outputs/journal/apic_v3_2_screening_mci_ad/r4,42,adni_to_nacc,/zjs/AD_Project/dual_shift_github/outputs/journal/apic_v3_2_screening_mci_ad/r4/seed42/adni_to_nacc/apic_v3_2_x/journal_metrics.json,apic_v3_2_x,40,joint,0.09395677035635264,1.4340426819206753,0.5639386189258312,,,,0.09395677035635264,0.0,0.0,0.0,0.0,0.0,0.0,0.0,0.286100093533497,0.0012380011846151139,0.0,0.0,4,90.0
/zjs/AD_Project/dual_shift_github/outputs/journal/apic_v3_2_screening_mci_ad/r4,42,adni_to_nacc,/zjs/AD_Project/dual_shift_github/outputs/journal/apic_v3_2_screening_mci_ad/r4/seed42/adni_to_nacc/apic_v3_2_x/journal_metrics.json,apic_v3_2_x,41,joint,0.012052334788299193,1.4855343712784281,0.5447570332480818,,,,0.012052334788299193,0.0,0.0,0.0,0.0,0.0,0.0,0.0,0.28824002465399184,0.0013291752788073057,0.0,0.0,4,90.0
/zjs/AD_Project/dual_shift_github/outputs/journal/apic_v3_2_screening_mci_ad/r4,42,adni_to_nacc,/zjs/AD_Project/dual_shift_github/outputs/journal/apic_v3_2_screening_mci_ad/r4/seed42/adni_to_nacc/apic_v3_2_x/journal_metrics.json,apic_v3_2_x,42,joint,0.035295136630797926,1.2440345396176664,0.552003410059676,,,,0.035295136630797926,0.0,0.0,0.0,0.0,0.0,0.0,0.0,0.31645543415947713,0.0037363355886482004,0.0,0.0,4,90.0
/zjs/AD_Project/dual_shift_github/outputs/journal/apic_v3_2_screening_mci_ad/r4,42,adni_to_nacc,/zjs/AD_Project/dual_shift_github/outputs/journal/apic_v3_2_screening_mci_ad/r4/seed42/adni_to_nacc/apic_v3_2_x/journal_metrics.json,apic_v3_2_x,43,joint,0.04029740839919979,1.3619245705408378,0.5737425404944586,,,,0.04029740839919979,0.0,0.0,0.0,0.0,0.0,0.0,0.0,0.32014704783364095,0.0019881426975570846,0.0,0.0,4,90.0
/zjs/AD_Project/dual_shift_github/outputs/journal/apic_v3_2_screening_mci_ad/r4,42,adni_to_nacc,/zjs/AD_Project/dual_shift_github/outputs/journal/apic_v3_2_screening_mci_ad/r4/seed42/adni_to_nacc/apic_v3_2_x/journal_metrics.json,apic_v3_2_x,44,joint,0.13987371021084083,0.9918690957129002,0.5907928388746804,,,,0.13987371021084083,0.0,0.0,0.0,0.0,0.0,0.0,0.0,0.3147253516581979,0.0012655144233767839,0.0,0.0,4,90.0
/zjs/AD_Project/dual_shift_github/outputs/journal/apic_v3_2_screening_mci_ad/r4,42,adni_to_nacc,/zjs/AD_Project/dual_shift_github/outputs/journal/apic_v3_2_screening_mci_ad/r4/seed42/adni_to_nacc/apic_v3_2_x/journal_metrics.json,apic_v3_2_x,45,joint,0.05762656461816318,1.1623492848316053,0.5954816709292413,,,,0.05762656461816318,0.0,0.0,0.0,0.0,0.0,0.0,0.0,0.2968783799079385,0.0023412127371247463,0.0,0.0,4,90.0
/zjs/AD_Project/dual_shift_github/outputs/journal/apic_v3_2_screening_mci_ad/r4,42,adni_to_nacc,/zjs/AD_Project/dual_shift_github/outputs/journal/apic_v3_2_screening_mci_ad/r4/seed42/adni_to_nacc/apic_v3_2_x/journal_metrics.json,apic_v3_2_x,46,joint,0.008137071593364903,1.3341336029521915,0.6129582267689685,,,,0.008137071593364903,0.0,0.0,0.0,0.0,0.0,0.0,0.0,0.3080678498095805,0.0015382797001961374,0.0,0.0,4,90.0
/zjs/AD_Project/dual_shift_github/outputs/journal/apic_v3_2_screening_mci_ad/r4,42,adni_to_nacc,/zjs/AD_Project/dual_shift_github/outputs/journal/apic_v3_2_screening_mci_ad/r4/seed42/adni_to_nacc/apic_v3_2_x/journal_metrics.json,apic_v3_2_x,47,joint,0.052031823979416345,1.552261088940597,0.5886615515771526,,,,0.052031823979416345,0.0,0.0,0.0,0.0,0.0,0.0,0.0,0.3020377685823063,0.002515934835612567,0.0,0.0,4,90.0
/zjs/AD_Project/dual_shift_github/outputs/journal/apic_v3_2_screening_mci_ad/r4,42,adni_to_nacc,/zjs/AD_Project/dual_shift_github/outputs/journal/apic_v3_2_screening_mci_ad/r4/seed42/adni_to_nacc/apic_v3_2_x/journal_metrics.json,apic_v3_2_x,48,joint,0.15530518858058442,1.5955637280055996,0.6091219096334185,,,,0.15530518858058442,0.0,0.0,0.0,0.0,0.0,0.0,0.0,0.2957917829551319,0.0026589467864906635,0.0,0.0,4,90.0
/zjs/AD_Project/dual_shift_github/outputs/journal/apic_v3_2_screening_mci_ad/r4,42,adni_to_nacc,/zjs/AD_Project/dual_shift_github/outputs/journal/apic_v3_2_screening_mci_ad/r4/seed42/adni_to_nacc/apic_v3_2_x/journal_metrics.json,apic_v3_2_x,49,joint,0.03098966963033049,1.4323559238515589,0.5942028985507246,,,,0.03098966963033049,0.0,0.0,0.0,0.0,0.0,0.0,0.0,0.2940270396152345,0.0034731428415983824,0.0,0.0,4,90.0
/zjs/AD_Project/dual_shift_github/outputs/journal/apic_v3_2_screening_mci_ad/r4,42,adni_to_nacc,/zjs/AD_Project/dual_shift_github/outputs/journal/apic_v3_2_screening_mci_ad/r4/seed42/adni_to_nacc/apic_v3_2_x/journal_metrics.json,apic_v3_2_x,50,joint,0.015961476602524723,1.8595972070211455,0.6240409207161126,,,,0.015961476602524723,0.0,0.0,0.0,0.0,0.0,0.0,0.0,0.3167005333274898,0.0015933224259616734,0.0,0.0,4,90.0
/zjs/AD_Project/dual_shift_github/outputs/journal/apic_v3_2_screening_mci_ad/r4,42,adni_to_nacc,/zjs/AD_Project/dual_shift_github/outputs/journal/apic_v3_2_screening_mci_ad/r4/seed42/adni_to_nacc/ce_x/journal_metrics.json,ce_x,1,clean,0.6295395644732041,0.773976016345374,0.540920716112532,,,,0.6295395644732041,0.0,0.0,0.0,0.0,0.0,0.0,0.0,0.0,0.0,0.0,0.0,,
/zjs/AD_Project/dual_shift_github/outputs/journal/apic_v3_2_screening_mci_ad/r4,42,adni_to_nacc,/zjs/AD_Project/dual_shift_github/outputs/journal/apic_v3_2_screening_mci_ad/r4/seed42/adni_to_nacc/ce_x/journal_metrics.json,ce_x,2,clean,0.5169648224912068,2.157002711008568,0.520460358056266,,,,0.5169648224912068,0.0,0.0,0.0,0.0,0.0,0.0,0.0,0.0,0.0,0.0,0.0,,
/zjs/AD_Project/dual_shift_github/outputs/journal/apic_v3_2_screening_mci_ad/r4,42,adni_to_nacc,/zjs/AD_Project/dual_shift_github/outputs/journal/apic_v3_2_screening_mci_ad/r4/seed42/adni_to_nacc/ce_x/journal_metrics.json,ce_x,3,clean,0.4279300586348123,1.0924309892323585,0.5494458653026428,,,,0.4279300586348123,0.0,0.0,0.0,0.0,0.0,0.0,0.0,0.0,0.0,0.0,0.0,,
/zjs/AD_Project/dual_shift_github/outputs/journal/apic_v3_2_screening_mci_ad/r4,42,adni_to_nacc,/zjs/AD_Project/dual_shift_github/outputs/journal/apic_v3_2_screening_mci_ad/r4/seed42/adni_to_nacc/ce_x/journal_metrics.json,ce_x,4,clean,0.3923296801524587,1.0461512400059525,0.552003410059676,,,,0.3923296801524587,0.0,0.0,0.0,0.0,0.0,0.0,0.0,0.0,0.0,0.0,0.0,,
/zjs/AD_Project/dual_shift_github/outputs/journal/apic_v3_2_screening_mci_ad/r4,42,adni_to_nacc,/zjs/AD_Project/dual_shift_github/outputs/journal/apic_v3_2_screening_mci_ad/r4/seed42/adni_to_nacc/ce_x/journal_metrics.json,ce_x,5,clean,0.3687264635458146,0.9328375568083667,0.5707587382779198,,,,0.3687264635458146,0.0,0.0,0.0,0.0,0.0,0.0,0.0,0.0,0.0,0.0,0.0,,
/zjs/AD_Project/dual_shift_github/outputs/journal/apic_v3_2_screening_mci_ad/r4,42,adni_to_nacc,/zjs/AD_Project/dual_shift_github/outputs/journal/apic_v3_2_screening_mci_ad/r4/seed42/adni_to_nacc/ce_x/journal_metrics.json,ce_x,6,clean,0.34047942018449895,1.135743042710451,0.5703324808184144,,,,0.34047942018449895,0.0,0.0,0.0,0.0,0.0,0.0,0.0,0.0,0.0,0.0,0.0,,
/zjs/AD_Project/dual_shift_github/outputs/journal/apic_v3_2_screening_mci_ad/r4,42,adni_to_nacc,/zjs/AD_Project/dual_shift_github/outputs/journal/apic_v3_2_screening_mci_ad/r4/seed42/adni_to_nacc/ce_x/journal_metrics.json,ce_x,7,clean,0.2800661083495263,1.3995263917252012,0.5707587382779199,,,,0.2800661083495263,0.0,0.0,0.0,0.0,0.0,0.0,0.0,0.0,0.0,0.0,0.0,,
/zjs/AD_Project/dual_shift_github/outputs/journal/apic_v3_2_screening_mci_ad/r4,42,adni_to_nacc,/zjs/AD_Project/dual_shift_github/outputs/journal/apic_v3_2_screening_mci_ad/r4/seed42/adni_to_nacc/ce_x/journal_metrics.json,ce_x,8,clean,0.31604076464116426,1.3454043051941371,0.5792838874680307,,,,0.31604076464116426,0.0,0.0,0.0,0.0,0.0,0.0,0.0,0.0,0.0,0.0,0.0,,
/zjs/AD_Project/dual_shift_github/outputs/journal/apic_v3_2_screening_mci_ad/r4,42,adni_to_nacc,/zjs/AD_Project/dual_shift_github/outputs/journal/apic_v3_2_screening_mci_ad/r4/seed42/adni_to_nacc/ce_x/journal_metrics.json,ce_x,9,clean,0.34040457617934095,1.448469783179462,0.5439045183290707,,,,0.34040457617934095,0.0,0.0,0.0,0.0,0.0,0.0,0.0,0.0,0.0,0.0,0.0,,
/zjs/AD_Project/dual_shift_github/outputs/journal/apic_v3_2_screening_mci_ad/r4,42,adni_to_nacc,/zjs/AD_Project/dual_shift_github/outputs/journal/apic_v3_2_screening_mci_ad/r4/seed42/adni_to_nacc/ce_x/journal_metrics.json,ce_x,10,clean,0.2911445955275604,1.0329737185133159,0.5140664961636828,,,,0.2911445955275604,0.0,0.0,0.0,0.0,0.0,0.0,0.0,0.0,0.0,0.0,0.0,,
/zjs/AD_Project/dual_shift_github/outputs/journal/apic_v3_2_screening_mci_ad/r4,42,adni_to_nacc,/zjs/AD_Project/dual_shift_github/outputs/journal/apic_v3_2_screening_mci_ad/r4/seed42/adni_to_nacc/ce_x/journal_metrics.json,ce_x,11,clean,0.232399393583067,1.5733121197815951,0.4867860187553282,,,,0.232399393583067,0.0,0.0,0.0,0.0,0.0,0.0,0.0,0.0,0.0,0.0,0.0,,
/zjs/AD_Project/dual_shift_github/outputs/journal/apic_v3_2_screening_mci_ad/r4,42,adni_to_nacc,/zjs/AD_Project/dual_shift_github/outputs/journal/apic_v3_2_screening_mci_ad/r4/seed42/adni_to_nacc/ce_x/journal_metrics.json,ce_x,12,clean,0.25780819130526617,1.1169864278491757,0.49957374254049447,,,,0.25780819130526617,0.0,0.0,0.0,0.0,0.0,0.0,0.0,0.0,0.0,0.0,0.0,,
/zjs/AD_Project/dual_shift_github/outputs/journal/apic_v3_2_screening_mci_ad/r4,42,adni_to_nacc,/zjs/AD_Project/dual_shift_github/outputs/journal/apic_v3_2_screening_mci_ad/r4/seed42/adni_to_nacc/ce_x/journal_metrics.json,ce_x,13,clean,0.18717492863277693,0.8773434170342367,0.4944586530264279,,,,0.18717492863277693,0.0,0.0,0.0,0.0,0.0,0.0,0.0,0.0,0.0,0.0,0.0,,
/zjs/AD_Project/dual_shift_github/outputs/journal/apic_v3_2_screening_mci_ad/r4,42,adni_to_nacc,/zjs/AD_Project/dual_shift_github/outputs/journal/apic_v3_2_screening_mci_ad/r4/seed42/adni_to_nacc/ce_x/journal_metrics.json,ce_x,14,clean,0.19250221709066098,0.9043324586995151,0.5174765558397272,,,,0.19250221709066098,0.0,0.0,0.0,0.0,0.0,0.0,0.0,0.0,0.0,0.0,0.0,,
/zjs/AD_Project/dual_shift_github/outputs/journal/apic_v3_2_screening_mci_ad/r4,42,adni_to_nacc,/zjs/AD_Project/dual_shift_github/outputs/journal/apic_v3_2_screening_mci_ad/r4/seed42/adni_to_nacc/ce_x/journal_metrics.json,ce_x,15,clean,0.12096895036370595,1.2041424206979232,0.4697357203751065,,,,0.12096895036370595,0.0,0.0,0.0,0.0,0.0,0.0,0.0,0.0,0.0,0.0,0.0,,
/zjs/AD_Project/dual_shift_github/outputs/journal/apic_v3_2_screening_mci_ad/r4,42,adni_to_nacc,/zjs/AD_Project/dual_shift_github/outputs/journal/apic_v3_2_screening_mci_ad/r4/seed42/adni_to_nacc/ce_x/journal_metrics.json,ce_x,16,clean,0.13520551700661382,1.1501768856830554,0.4914748508098891,,,,0.13520551700661382,0.0,0.0,0.0,0.0,0.0,0.0,0.0,0.0,0.0,0.0,0.0,,
/zjs/AD_Project/dual_shift_github/outputs/journal/apic_v3_2_screening_mci_ad/r4,42,adni_to_nacc,/zjs/AD_Project/dual_shift_github/outputs/journal/apic_v3_2_screening_mci_ad/r4/seed42/adni_to_nacc/ce_x/journal_metrics.json,ce_x,17,clean,0.10554614842011786,1.5030225763404998,0.46035805626598464,,,,0.10554614842011786,0.0,0.0,0.0,0.0,0.0,0.0,0.0,0.0,0.0,0.0,0.0,,
/zjs/AD_Project/dual_shift_github/outputs/journal/apic_v3_2_screening_mci_ad/r4,42,adni_to_nacc,/zjs/AD_Project/dual_shift_github/outputs/journal/apic_v3_2_screening_mci_ad/r4/seed42/adni_to_nacc/ce_x/journal_metrics.json,ce_x,18,clean,0.14261917298023433,0.9401399534913378,0.5059676044330775,,,,0.14261917298023433,0.0,0.0,0.0,0.0,0.0,0.0,0.0,0.0,0.0,0.0,0.0,,
/zjs/AD_Project/dual_shift_github/outputs/journal/apic_v3_2_screening_mci_ad/r4,42,adni_to_nacc,/zjs/AD_Project/dual_shift_github/outputs/journal/apic_v3_2_screening_mci_ad/r4/seed42/adni_to_nacc/ce_x/journal_metrics.json,ce_x,19,clean,0.09693352102375782,1.317762733719081,0.5140664961636828,,,,0.09693352102375782,0.0,0.0,0.0,0.0,0.0,0.0,0.0,0.0,0.0,0.0,0.0,,
/zjs/AD_Project/dual_shift_github/outputs/journal/apic_v3_2_screening_mci_ad/r4,42,adni_to_nacc,/zjs/AD_Project/dual_shift_github/outputs/journal/apic_v3_2_screening_mci_ad/r4/seed42/adni_to_nacc/ce_x/journal_metrics.json,ce_x,20,clean,0.08747844632696544,1.1955979908175698,0.5311167945439045,,,,0.08747844632696544,0.0,0.0,0.0,0.0,0.0,0.0,0.0,0.0,0.0,0.0,0.0,,
/zjs/AD_Project/dual_shift_github/outputs/journal/apic_v3_2_screening_mci_ad/r4,42,adni_to_nacc,/zjs/AD_Project/dual_shift_github/outputs/journal/apic_v3_2_screening_mci_ad/r4/seed42/adni_to_nacc/ce_x/journal_metrics.json,ce_x,21,clean,0.07315301537827247,0.983869343047637,0.577152600170503,,,,0.07315301537827247,0.0,0.0,0.0,0.0,0.0,0.0,0.0,0.0,0.0,0.0,0.0,,
/zjs/AD_Project/dual_shift_github/outputs/journal/apic_v3_2_screening_mci_ad/r4,42,adni_to_nacc,/zjs/AD_Project/dual_shift_github/outputs/journal/apic_v3_2_screening_mci_ad/r4/seed42/adni_to_nacc/ce_x/journal_metrics.json,ce_x,22,clean,0.046443627942076855,1.158455747632532,0.5596760443307758,,,,0.046443627942076855,0.0,0.0,0.0,0.0,0.0,0.0,0.0,0.0,0.0,0.0,0.0,,
/zjs/AD_Project/dual_shift_github/outputs/journal/apic_v3_2_screening_mci_ad/r4,42,adni_to_nacc,/zjs/AD_Project/dual_shift_github/outputs/journal/apic_v3_2_screening_mci_ad/r4/seed42/adni_to_nacc/ce_x/journal_metrics.json,ce_x,23,clean,0.04588571858205049,1.0969298766806312,0.5831202046035805,,,,0.04588571858205049,0.0,0.0,0.0,0.0,0.0,0.0,0.0,0.0,0.0,0.0,0.0,,
/zjs/AD_Project/dual_shift_github/outputs/journal/apic_v3_2_screening_mci_ad/r4,42,adni_to_nacc,/zjs/AD_Project/dual_shift_github/outputs/journal/apic_v3_2_screening_mci_ad/r4/seed42/adni_to_nacc/ce_x/journal_metrics.json,ce_x,24,clean,0.02910591924152715,1.5805322863802382,0.5230179028132993,,,,0.02910591924152715,0.0,0.0,0.0,0.0,0.0,0.0,0.0,0.0,0.0,0.0,0.0,,
/zjs/AD_Project/dual_shift_github/outputs/journal/apic_v3_2_screening_mci_ad/r4,42,adni_to_nacc,/zjs/AD_Project/dual_shift_github/outputs/journal/apic_v3_2_screening_mci_ad/r4/seed42/adni_to_nacc/ce_x/journal_metrics.json,ce_x,25,clean,0.0062987941494764815,1.3567490670616404,0.5473145780051151,,,,0.0062987941494764815,0.0,0.0,0.0,0.0,0.0,0.0,0.0,0.0,0.0,0.0,0.0,,
/zjs/AD_Project/dual_shift_github/outputs/journal/apic_v3_2_screening_mci_ad/r4,42,adni_to_nacc,/zjs/AD_Project/dual_shift_github/outputs/journal/apic_v3_2_screening_mci_ad/r4/seed42/adni_to_nacc/ce_x/journal_metrics.json,ce_x,26,clean,0.012063902237401851,1.480758770642409,0.5234441602728047,,,,0.012063902237401851,0.0,0.0,0.0,0.0,0.0,0.0,0.0,0.0,0.0,0.0,0.0,,
/zjs/AD_Project/dual_shift_github/outputs/journal/apic_v3_2_screening_mci_ad/r4,42,adni_to_nacc,/zjs/AD_Project/dual_shift_github/outputs/journal/apic_v3_2_screening_mci_ad/r4/seed42/adni_to_nacc/ce_x/journal_metrics.json,ce_x,27,clean,0.05638355673158237,1.5407451925747986,0.5387894288150042,,,,0.05638355673158237,0.0,0.0,0.0,0.0,0.0,0.0,0.0,0.0,0.0,0.0,0.0,,
/zjs/AD_Project/dual_shift_github/outputs/journal/apic_v3_2_screening_mci_ad/r4,42,adni_to_nacc,/zjs/AD_Project/dual_shift_github/outputs/journal/apic_v3_2_screening_mci_ad/r4/seed42/adni_to_nacc/ce_x/journal_metrics.json,ce_x,28,clean,0.1855749962932089,1.352627027587572,0.5213128729752771,,,,0.1855749962932089,0.0,0.0,0.0,0.0,0.0,0.0,0.0,0.0,0.0,0.0,0.0,,
/zjs/AD_Project/dual_shift_github/outputs/journal/apic_v3_2_screening_mci_ad/r4,42,adni_to_nacc,/zjs/AD_Project/dual_shift_github/outputs/journal/apic_v3_2_screening_mci_ad/r4/seed42/adni_to_nacc/ce_x/journal_metrics.json,ce_x,29,clean,0.18594131330120386,1.773541968782035,0.5323955669224211,,,,0.18594131330120386,0.0,0.0,0.0,0.0,0.0,0.0,0.0,0.0,0.0,0.0,0.0,,
/zjs/AD_Project/dual_shift_github/outputs/journal/apic_v3_2_screening_mci_ad/r4,42,adni_to_nacc,/zjs/AD_Project/dual_shift_github/outputs/journal/apic_v3_2_screening_mci_ad/r4/seed42/adni_to_nacc/ce_x/journal_metrics.json,ce_x,30,clean,0.1457942285088564,1.4992975702492195,0.5268542199488492,,,,0.1457942285088564,0.0,0.0,0.0,0.0,0.0,0.0,0.0,0.0,0.0,0.0,0.0,,
/zjs/AD_Project/dual_shift_github/outputs/journal/apic_v3_2_screening_mci_ad/r4,42,adni_to_nacc,/zjs/AD_Project/dual_shift_github/outputs/journal/apic_v3_2_screening_mci_ad/r4/seed42/adni_to_nacc/ce_x/journal_metrics.json,ce_x,31,clean,0.07510077483470247,1.0169823138350877,0.5588235294117647,,,,0.07510077483470247,0.0,0.0,0.0,0.0,0.0,0.0,0.0,0.0,0.0,0.0,0.0,,
/zjs/AD_Project/dual_shift_github/outputs/journal/apic_v3_2_screening_mci_ad/r4,42,adni_to_nacc,/zjs/AD_Project/dual_shift_github/outputs/journal/apic_v3_2_screening_mci_ad/r4/seed42/adni_to_nacc/ce_x/journal_metrics.json,ce_x,32,clean,0.11317808380682427,1.2998643061402468,0.56692242114237,,,,0.11317808380682427,0.0,0.0,0.0,0.0,0.0,0.0,0.0,0.0,0.0,0.0,0.0,,
/zjs/AD_Project/dual_shift_github/outputs/journal/apic_v3_2_screening_mci_ad/r4,42,adni_to_nacc,/zjs/AD_Project/dual_shift_github/outputs/journal/apic_v3_2_screening_mci_ad/r4/seed42/adni_to_nacc/ce_x/journal_metrics.json,ce_x,33,clean,0.049196317024289234,1.6659541229819965,0.5912190963341859,,,,0.049196317024289234,0.0,0.0,0.0,0.0,0.0,0.0,0.0,0.0,0.0,0.0,0.0,,
/zjs/AD_Project/dual_shift_github/outputs/journal/apic_v3_2_screening_mci_ad/r4,42,adni_to_nacc,/zjs/AD_Project/dual_shift_github/outputs/journal/apic_v3_2_screening_mci_ad/r4/seed42/adni_to_nacc/ce_x/journal_metrics.json,ce_x,34,clean,0.043348118417324624,1.4855259210405307,0.5520034100596761,,,,0.043348118417324624,0.0,0.0,0.0,0.0,0.0,0.0,0.0,0.0,0.0,0.0,0.0,,
/zjs/AD_Project/dual_shift_github/outputs/journal/apic_v3_2_screening_mci_ad/r4,42,adni_to_nacc,/zjs/AD_Project/dual_shift_github/outputs/journal/apic_v3_2_screening_mci_ad/r4/seed42/adni_to_nacc/ce_x/journal_metrics.json,ce_x,35,clean,0.08167108614890983,1.2649245241127156,0.5588235294117647,,,,0.08167108614890983,0.0,0.0,0.0,0.0,0.0,0.0,0.0,0.0,0.0,0.0,0.0,,
/zjs/AD_Project/dual_shift_github/outputs/journal/apic_v3_2_screening_mci_ad/r4,42,adni_to_nacc,/zjs/AD_Project/dual_shift_github/outputs/journal/apic_v3_2_screening_mci_ad/r4/seed42/adni_to_nacc/ce_x/journal_metrics.json,ce_x,36,clean,0.02616169842854511,1.6949750906574206,0.5447570332480819,,,,0.02616169842854511,0.0,0.0,0.0,0.0,0.0,0.0,0.0,0.0,0.0,0.0,0.0,,
/zjs/AD_Project/dual_shift_github/outputs/journal/apic_v3_2_screening_mci_ad/r4,42,adni_to_nacc,/zjs/AD_Project/dual_shift_github/outputs/journal/apic_v3_2_screening_mci_ad/r4/seed42/adni_to_nacc/ce_x/journal_metrics.json,ce_x,37,clean,0.06149068414141415,1.3886391596138101,0.5737425404944586,,,,0.06149068414141415,0.0,0.0,0.0,0.0,0.0,0.0,0.0,0.0,0.0,0.0,0.0,,
/zjs/AD_Project/dual_shift_github/outputs/journal/apic_v3_2_screening_mci_ad/r4,42,adni_to_nacc,/zjs/AD_Project/dual_shift_github/outputs/journal/apic_v3_2_screening_mci_ad/r4/seed42/adni_to_nacc/ce_x/journal_metrics.json,ce_x,38,clean,0.05102661725405677,1.3893961895581917,0.5400682011935208,,,,0.05102661725405677,0.0,0.0,0.0,0.0,0.0,0.0,0.0,0.0,0.0,0.0,0.0,,
/zjs/AD_Project/dual_shift_github/outputs/journal/apic_v3_2_screening_mci_ad/r4,42,adni_to_nacc,/zjs/AD_Project/dual_shift_github/outputs/journal/apic_v3_2_screening_mci_ad/r4/seed42/adni_to_nacc/ce_x/journal_metrics.json,ce_x,39,clean,0.029291916197156626,1.2133801365185768,0.5515771526001706,,,,0.029291916197156626,0.0,0.0,0.0,0.0,0.0,0.0,0.0,0.0,0.0,0.0,0.0,,
/zjs/AD_Project/dual_shift_github/outputs/journal/apic_v3_2_screening_mci_ad/r4,42,adni_to_nacc,/zjs/AD_Project/dual_shift_github/outputs/journal/apic_v3_2_screening_mci_ad/r4/seed42/adni_to_nacc/ce_x/journal_metrics.json,ce_x,40,clean,0.015618917895342675,1.5700485919123737,0.5647911338448423,,,,0.015618917895342675,0.0,0.0,0.0,0.0,0.0,0.0,0.0,0.0,0.0,0.0,0.0,,
/zjs/AD_Project/dual_shift_github/outputs/journal/apic_v3_2_screening_mci_ad/r4,42,adni_to_nacc,/zjs/AD_Project/dual_shift_github/outputs/journal/apic_v3_2_screening_mci_ad/r4/seed42/adni_to_nacc/ce_x/journal_metrics.json,ce_x,41,clean,0.034400275502685866,1.5625795747400175,0.5912190963341858,,,,0.034400275502685866,0.0,0.0,0.0,0.0,0.0,0.0,0.0,0.0,0.0,0.0,0.0,,
/zjs/AD_Project/dual_shift_github/outputs/journal/apic_v3_2_screening_mci_ad/r4,42,adni_to_nacc,/zjs/AD_Project/dual_shift_github/outputs/journal/apic_v3_2_screening_mci_ad/r4/seed42/adni_to_nacc/ce_x/journal_metrics.json,ce_x,42,clean,0.025741774220270852,1.764855575465828,0.5937766410912191,,,,0.025741774220270852,0.0,0.0,0.0,0.0,0.0,0.0,0.0,0.0,0.0,0.0,0.0,,
/zjs/AD_Project/dual_shift_github/outputs/journal/apic_v3_2_screening_mci_ad/r4,42,adni_to_nacc,/zjs/AD_Project/dual_shift_github/outputs/journal/apic_v3_2_screening_mci_ad/r4/seed42/adni_to_nacc/ce_x/journal_metrics.json,ce_x,43,clean,0.03493452601573928,2.3042169095266933,0.5622335890878091,,,,0.03493452601573928,0.0,0.0,0.0,0.0,0.0,0.0,0.0,0.0,0.0,0.0,0.0,,
/zjs/AD_Project/dual_shift_github/outputs/journal/apic_v3_2_screening_mci_ad/r4,42,adni_to_nacc,/zjs/AD_Project/dual_shift_github/outputs/journal/apic_v3_2_screening_mci_ad/r4/seed42/adni_to_nacc/ce_x/journal_metrics.json,ce_x,44,clean,0.010925536643884301,1.4869402157604148,0.5409207161125319,,,,0.010925536643884301,0.0,0.0,0.0,0.0,0.0,0.0,0.0,0.0,0.0,0.0,0.0,,
/zjs/AD_Project/dual_shift_github/outputs/journal/apic_v3_2_screening_mci_ad/r4,42,adni_to_nacc,/zjs/AD_Project/dual_shift_github/outputs/journal/apic_v3_2_screening_mci_ad/r4/seed42/adni_to_nacc/ce_x/journal_metrics.json,ce_x,45,clean,0.011254584914393777,1.3745306077319275,0.5332480818414322,,,,0.011254584914393777,0.0,0.0,0.0,0.0,0.0,0.0,0.0,0.0,0.0,0.0,0.0,,
/zjs/AD_Project/dual_shift_github/outputs/journal/apic_v3_2_screening_mci_ad/r4,42,adni_to_nacc,/zjs/AD_Project/dual_shift_github/outputs/journal/apic_v3_2_screening_mci_ad/r4/seed42/adni_to_nacc/ce_x/journal_metrics.json,ce_x,46,clean,0.02827962875535647,1.2621400798884554,0.5498721227621483,,,,0.02827962875535647,0.0,0.0,0.0,0.0,0.0,0.0,0.0,0.0,0.0,0.0,0.0,,
/zjs/AD_Project/dual_shift_github/outputs/journal/apic_v3_2_screening_mci_ad/r4,42,adni_to_nacc,/zjs/AD_Project/dual_shift_github/outputs/journal/apic_v3_2_screening_mci_ad/r4/seed42/adni_to_nacc/ce_x/journal_metrics.json,ce_x,47,clean,0.004744085370583718,1.442149481642137,0.571611253196931,,,,0.004744085370583718,0.0,0.0,0.0,0.0,0.0,0.0,0.0,0.0,0.0,0.0,0.0,,
/zjs/AD_Project/dual_shift_github/outputs/journal/apic_v3_2_screening_mci_ad/r4,42,adni_to_nacc,/zjs/AD_Project/dual_shift_github/outputs/journal/apic_v3_2_screening_mci_ad/r4/seed42/adni_to_nacc/ce_x/journal_metrics.json,ce_x,48,clean,0.14036736697448984,1.335393249048689,0.5430520034100598,,,,0.14036736697448984,0.0,0.0,0.0,0.0,0.0,0.0,0.0,0.0,0.0,0.0,0.0,,
/zjs/AD_Project/dual_shift_github/outputs/journal/apic_v3_2_screening_mci_ad/r4,42,adni_to_nacc,/zjs/AD_Project/dual_shift_github/outputs/journal/apic_v3_2_screening_mci_ad/r4/seed42/adni_to_nacc/ce_x/journal_metrics.json,ce_x,49,clean,0.09373017753091742,1.1626634223284114,0.5643648763853367,,,,0.09373017753091742,0.0,0.0,0.0,0.0,0.0,0.0,0.0,0.0,0.0,0.0,0.0,,
/zjs/AD_Project/dual_shift_github/outputs/journal/apic_v3_2_screening_mci_ad/r4,42,adni_to_nacc,/zjs/AD_Project/dual_shift_github/outputs/journal/apic_v3_2_screening_mci_ad/r4/seed42/adni_to_nacc/ce_x/journal_metrics.json,ce_x,50,clean,0.08262781553618186,1.730920048917584,0.5413469735720375,,,,0.08262781553618186,0.0,0.0,0.0,0.0,0.0,0.0,0.0,0.0,0.0,0.0,0.0,,
/zjs/AD_Project/dual_shift_github/outputs/journal/apic_v3_2_screening_mci_ad/r4,42,adni_to_nacc,/zjs/AD_Project/dual_shift_github/outputs/journal/apic_v3_2_screening_mci_ad/r4/seed42/adni_to_nacc/mixstyle_x/journal_metrics.json,mixstyle_x,1,mixstyle,0.6125314874519215,1.0710078472049411,0.5,,,,0.6125314874519215,0.0,0.0,0.0,0.0,0.0,0.0,0.0,0.0,0.0,0.0,0.0,,
/zjs/AD_Project/dual_shift_github/outputs/journal/apic_v3_2_screening_mci_ad/r4,42,adni_to_nacc,/zjs/AD_Project/dual_shift_github/outputs/journal/apic_v3_2_screening_mci_ad/r4/seed42/adni_to_nacc/mixstyle_x/journal_metrics.json,mixstyle_x,2,mixstyle,0.5278230438580608,1.7874343999695683,0.5,,,,0.5278230438580608,0.0,0.0,0.0,0.0,0.0,0.0,0.0,0.0,0.0,0.0,0.0,,
/zjs/AD_Project/dual_shift_github/outputs/journal/apic_v3_2_screening_mci_ad/r4,42,adni_to_nacc,/zjs/AD_Project/dual_shift_github/outputs/journal/apic_v3_2_screening_mci_ad/r4/seed42/adni_to_nacc/mixstyle_x/journal_metrics.json,mixstyle_x,3,mixstyle,0.43409209320377007,0.7528393090864934,0.5,,,,0.43409209320377007,0.0,0.0,0.0,0.0,0.0,0.0,0.0,0.0,0.0,0.0,0.0,,
/zjs/AD_Project/dual_shift_github/outputs/journal/apic_v3_2_screening_mci_ad/r4,42,adni_to_nacc,/zjs/AD_Project/dual_shift_github/outputs/journal/apic_v3_2_screening_mci_ad/r4/seed42/adni_to_nacc/mixstyle_x/journal_metrics.json,mixstyle_x,4,mixstyle,0.43098705774634194,0.7913504645501802,0.520460358056266,,,,0.43098705774634194,0.0,0.0,0.0,0.0,0.0,0.0,0.0,0.0,0.0,0.0,0.0,,
/zjs/AD_Project/dual_shift_github/outputs/journal/apic_v3_2_screening_mci_ad/r4,42,adni_to_nacc,/zjs/AD_Project/dual_shift_github/outputs/journal/apic_v3_2_screening_mci_ad/r4/seed42/adni_to_nacc/mixstyle_x/journal_metrics.json,mixstyle_x,5,mixstyle,0.39845647560524766,0.8088005154367981,0.5341005967604433,,,,0.39845647560524766,0.0,0.0,0.0,0.0,0.0,0.0,0.0,0.0,0.0,0.0,0.0,,
/zjs/AD_Project/dual_shift_github/outputs/journal/apic_v3_2_screening_mci_ad/r4,42,adni_to_nacc,/zjs/AD_Project/dual_shift_github/outputs/journal/apic_v3_2_screening_mci_ad/r4/seed42/adni_to_nacc/mixstyle_x/journal_metrics.json,mixstyle_x,6,mixstyle,0.30807753655100517,1.4485141662026353,0.5643648763853367,,,,0.30807753655100517,0.0,0.0,0.0,0.0,0.0,0.0,0.0,0.0,0.0,0.0,0.0,,
/zjs/AD_Project/dual_shift_github/outputs/journal/apic_v3_2_screening_mci_ad/r4,42,adni_to_nacc,/zjs/AD_Project/dual_shift_github/outputs/journal/apic_v3_2_screening_mci_ad/r4/seed42/adni_to_nacc/mixstyle_x/journal_metrics.json,mixstyle_x,7,mixstyle,0.29279911423120464,1.2694561855030169,0.5485933503836318,,,,0.29279911423120464,0.0,0.0,0.0,0.0,0.0,0.0,0.0,0.0,0.0,0.0,0.0,,
/zjs/AD_Project/dual_shift_github/outputs/journal/apic_v3_2_screening_mci_ad/r4,42,adni_to_nacc,/zjs/AD_Project/dual_shift_github/outputs/journal/apic_v3_2_screening_mci_ad/r4/seed42/adni_to_nacc/mixstyle_x/journal_metrics.json,mixstyle_x,8,mixstyle,0.35990514609003715,1.1409045850981985,0.5375106564364877,,,,0.35990514609003715,0.0,0.0,0.0,0.0,0.0,0.0,0.0,0.0,0.0,0.0,0.0,,
/zjs/AD_Project/dual_shift_github/outputs/journal/apic_v3_2_screening_mci_ad/r4,42,adni_to_nacc,/zjs/AD_Project/dual_shift_github/outputs/journal/apic_v3_2_screening_mci_ad/r4/seed42/adni_to_nacc/mixstyle_x/journal_metrics.json,mixstyle_x,9,mixstyle,0.33231679032012673,0.9497015159918901,0.5294117647058824,,,,0.33231679032012673,0.0,0.0,0.0,0.0,0.0,0.0,0.0,0.0,0.0,0.0,0.0,,
/zjs/AD_Project/dual_shift_github/outputs/journal/apic_v3_2_screening_mci_ad/r4,42,adni_to_nacc,/zjs/AD_Project/dual_shift_github/outputs/journal/apic_v3_2_screening_mci_ad/r4/seed42/adni_to_nacc/mixstyle_x/journal_metrics.json,mixstyle_x,10,mixstyle,0.27719981800119325,0.7667466957942335,0.5502983802216539,,,,0.27719981800119325,0.0,0.0,0.0,0.0,0.0,0.0,0.0,0.0,0.0,0.0,0.0,,
/zjs/AD_Project/dual_shift_github/outputs/journal/apic_v3_2_screening_mci_ad/r4,42,adni_to_nacc,/zjs/AD_Project/dual_shift_github/outputs/journal/apic_v3_2_screening_mci_ad/r4/seed42/adni_to_nacc/mixstyle_x/journal_metrics.json,mixstyle_x,11,mixstyle,0.22837284520858586,1.3798072470817715,0.5477408354646206,,,,0.22837284520858586,0.0,0.0,0.0,0.0,0.0,0.0,0.0,0.0,0.0,0.0,0.0,,
/zjs/AD_Project/dual_shift_github/outputs/journal/apic_v3_2_screening_mci_ad/r4,42,adni_to_nacc,/zjs/AD_Project/dual_shift_github/outputs/journal/apic_v3_2_screening_mci_ad/r4/seed42/adni_to_nacc/mixstyle_x/journal_metrics.json,mixstyle_x,12,mixstyle,0.2622927645000048,1.0737494356169819,0.5379369138959932,,,,0.2622927645000048,0.0,0.0,0.0,0.0,0.0,0.0,0.0,0.0,0.0,0.0,0.0,,
/zjs/AD_Project/dual_shift_github/outputs/journal/apic_v3_2_screening_mci_ad/r4,42,adni_to_nacc,/zjs/AD_Project/dual_shift_github/outputs/journal/apic_v3_2_screening_mci_ad/r4/seed42/adni_to_nacc/mixstyle_x/journal_metrics.json,mixstyle_x,13,mixstyle,0.2041678945303406,0.867085268601365,0.5238704177323104,,,,0.2041678945303406,0.0,0.0,0.0,0.0,0.0,0.0,0.0,0.0,0.0,0.0,0.0,,
/zjs/AD_Project/dual_shift_github/outputs/journal/apic_v3_2_screening_mci_ad/r4,42,adni_to_nacc,/zjs/AD_Project/dual_shift_github/outputs/journal/apic_v3_2_screening_mci_ad/r4/seed42/adni_to_nacc/mixstyle_x/journal_metrics.json,mixstyle_x,14,mixstyle,0.2021113549552784,0.6969880659235727,0.546462063086104,,,,0.2021113549552784,0.0,0.0,0.0,0.0,0.0,0.0,0.0,0.0,0.0,0.0,0.0,,
/zjs/AD_Project/dual_shift_github/outputs/journal/apic_v3_2_screening_mci_ad/r4,42,adni_to_nacc,/zjs/AD_Project/dual_shift_github/outputs/journal/apic_v3_2_screening_mci_ad/r4/seed42/adni_to_nacc/mixstyle_x/journal_metrics.json,mixstyle_x,15,mixstyle,0.13659990771609073,1.006582650227831,0.5328218243819266,,,,0.13659990771609073,0.0,0.0,0.0,0.0,0.0,0.0,0.0,0.0,0.0,0.0,0.0,,
/zjs/AD_Project/dual_shift_github/outputs/journal/apic_v3_2_screening_mci_ad/r4,42,adni_to_nacc,/zjs/AD_Project/dual_shift_github/outputs/journal/apic_v3_2_screening_mci_ad/r4/seed42/adni_to_nacc/mixstyle_x/journal_metrics.json,mixstyle_x,16,mixstyle,0.14336602907111445,0.9599635722799176,0.5490196078431373,,,,0.14336602907111445,0.0,0.0,0.0,0.0,0.0,0.0,0.0,0.0,0.0,0.0,0.0,,
/zjs/AD_Project/dual_shift_github/outputs/journal/apic_v3_2_screening_mci_ad/r4,42,adni_to_nacc,/zjs/AD_Project/dual_shift_github/outputs/journal/apic_v3_2_screening_mci_ad/r4/seed42/adni_to_nacc/mixstyle_x/journal_metrics.json,mixstyle_x,17,mixstyle,0.09052505847389376,1.3060635453722347,0.5549872122762148,,,,0.09052505847389376,0.0,0.0,0.0,0.0,0.0,0.0,0.0,0.0,0.0,0.0,0.0,,
/zjs/AD_Project/dual_shift_github/outputs/journal/apic_v3_2_screening_mci_ad/r4,42,adni_to_nacc,/zjs/AD_Project/dual_shift_github/outputs/journal/apic_v3_2_screening_mci_ad/r4/seed42/adni_to_nacc/mixstyle_x/journal_metrics.json,mixstyle_x,18,mixstyle,0.19618048766941423,0.8057062280783003,0.5907928388746803,,,,0.19618048766941423,0.0,0.0,0.0,0.0,0.0,0.0,0.0,0.0,0.0,0.0,0.0,,
/zjs/AD_Project/dual_shift_github/outputs/journal/apic_v3_2_screening_mci_ad/r4,42,adni_to_nacc,/zjs/AD_Project/dual_shift_github/outputs/journal/apic_v3_2_screening_mci_ad/r4/seed42/adni_to_nacc/mixstyle_x/journal_metrics.json,mixstyle_x,19,mixstyle,0.09947674096294559,1.2415136246121736,0.5664961636828644,,,,0.09947674096294559,0.0,0.0,0.0,0.0,0.0,0.0,0.0,0.0,0.0,0.0,0.0,,
/zjs/AD_Project/dual_shift_github/outputs/journal/apic_v3_2_screening_mci_ad/r4,42,adni_to_nacc,/zjs/AD_Project/dual_shift_github/outputs/journal/apic_v3_2_screening_mci_ad/r4/seed42/adni_to_nacc/mixstyle_x/journal_metrics.json,mixstyle_x,20,mixstyle,0.11519084521799837,1.3001947556115012,0.5775788576300085,,,,0.11519084521799837,0.0,0.0,0.0,0.0,0.0,0.0,0.0,0.0,0.0,0.0,0.0,,
/zjs/AD_Project/dual_shift_github/outputs/journal/apic_v3_2_screening_mci_ad/r4,42,adni_to_nacc,/zjs/AD_Project/dual_shift_github/outputs/journal/apic_v3_2_screening_mci_ad/r4/seed42/adni_to_nacc/mixstyle_x/journal_metrics.json,mixstyle_x,21,mixstyle,0.11041803266806989,0.9986764889107932,0.5848252344416027,,,,0.11041803266806989,0.0,0.0,0.0,0.0,0.0,0.0,0.0,0.0,0.0,0.0,0.0,,
/zjs/AD_Project/dual_shift_github/outputs/journal/apic_v3_2_screening_mci_ad/r4,42,adni_to_nacc,/zjs/AD_Project/dual_shift_github/outputs/journal/apic_v3_2_screening_mci_ad/r4/seed42/adni_to_nacc/mixstyle_x/journal_metrics.json,mixstyle_x,22,mixstyle,0.045085946118717295,1.0932292679000064,0.5826939471440751,,,,0.045085946118717295,0.0,0.0,0.0,0.0,0.0,0.0,0.0,0.0,0.0,0.0,0.0,,
/zjs/AD_Project/dual_shift_github/outputs/journal/apic_v3_2_screening_mci_ad/r4,42,adni_to_nacc,/zjs/AD_Project/dual_shift_github/outputs/journal/apic_v3_2_screening_mci_ad/r4/seed42/adni_to_nacc/mixstyle_x/journal_metrics.json,mixstyle_x,23,mixstyle,0.05134560563716816,1.1857366556763103,0.5809889173060528,,,,0.05134560563716816,0.0,0.0,0.0,0.0,0.0,0.0,0.0,0.0,0.0,0.0,0.0,,
/zjs/AD_Project/dual_shift_github/outputs/journal/apic_v3_2_screening_mci_ad/r4,42,adni_to_nacc,/zjs/AD_Project/dual_shift_github/outputs/journal/apic_v3_2_screening_mci_ad/r4/seed42/adni_to_nacc/mixstyle_x/journal_metrics.json,mixstyle_x,24,mixstyle,0.08548429087933965,0.9939784247539254,0.56692242114237,,,,0.08548429087933965,0.0,0.0,0.0,0.0,0.0,0.0,0.0,0.0,0.0,0.0,0.0,,
/zjs/AD_Project/dual_shift_github/outputs/journal/apic_v3_2_screening_mci_ad/r4,42,adni_to_nacc,/zjs/AD_Project/dual_shift_github/outputs/journal/apic_v3_2_screening_mci_ad/r4/seed42/adni_to_nacc/mixstyle_x/journal_metrics.json,mixstyle_x,25,mixstyle,0.032532066604731104,1.0190186049413243,0.5835464620630861,,,,0.032532066604731104,0.0,0.0,0.0,0.0,0.0,0.0,0.0,0.0,0.0,0.0,0.0,,
/zjs/AD_Project/dual_shift_github/outputs/journal/apic_v3_2_screening_mci_ad/r4,42,adni_to_nacc,/zjs/AD_Project/dual_shift_github/outputs/journal/apic_v3_2_screening_mci_ad/r4/seed42/adni_to_nacc/mixstyle_x/journal_metrics.json,mixstyle_x,26,mixstyle,0.09017170272596955,1.3829278419255664,0.5447570332480819,,,,0.09017170272596955,0.0,0.0,0.0,0.0,0.0,0.0,0.0,0.0,0.0,0.0,0.0,,
/zjs/AD_Project/dual_shift_github/outputs/journal/apic_v3_2_screening_mci_ad/r4,42,adni_to_nacc,/zjs/AD_Project/dual_shift_github/outputs/journal/apic_v3_2_screening_mci_ad/r4/seed42/adni_to_nacc/mixstyle_x/journal_metrics.json,mixstyle_x,27,mixstyle,0.10458542132925353,1.4699208751436186,0.5366581415174766,,,,0.10458542132925353,0.0,0.0,0.0,0.0,0.0,0.0,0.0,0.0,0.0,0.0,0.0,,
/zjs/AD_Project/dual_shift_github/outputs/journal/apic_v3_2_screening_mci_ad/r4,42,adni_to_nacc,/zjs/AD_Project/dual_shift_github/outputs/journal/apic_v3_2_screening_mci_ad/r4/seed42/adni_to_nacc/mixstyle_x/journal_metrics.json,mixstyle_x,28,mixstyle,0.07567717597328846,1.4565071179296547,0.5119352088661552,,,,0.07567717597328846,0.0,0.0,0.0,0.0,0.0,0.0,0.0,0.0,0.0,0.0,0.0,,
/zjs/AD_Project/dual_shift_github/outputs/journal/apic_v3_2_screening_mci_ad/r4,42,adni_to_nacc,/zjs/AD_Project/dual_shift_github/outputs/journal/apic_v3_2_screening_mci_ad/r4/seed42/adni_to_nacc/mixstyle_x/journal_metrics.json,mixstyle_x,29,mixstyle,0.07791257756162841,1.318487973140399,0.5375106564364877,,,,0.07791257756162841,0.0,0.0,0.0,0.0,0.0,0.0,0.0,0.0,0.0,0.0,0.0,,
/zjs/AD_Project/dual_shift_github/outputs/journal/apic_v3_2_screening_mci_ad/r4,42,adni_to_nacc,/zjs/AD_Project/dual_shift_github/outputs/journal/apic_v3_2_screening_mci_ad/r4/seed42/adni_to_nacc/mixstyle_x/journal_metrics.json,mixstyle_x,30,mixstyle,0.0329540758998834,1.303822082495146,0.5558397271952259,,,,0.0329540758998834,0.0,0.0,0.0,0.0,0.0,0.0,0.0,0.0,0.0,0.0,0.0,,
/zjs/AD_Project/dual_shift_github/outputs/journal/apic_v3_2_screening_mci_ad/r4,42,adni_to_nacc,/zjs/AD_Project/dual_shift_github/outputs/journal/apic_v3_2_screening_mci_ad/r4/seed42/adni_to_nacc/mixstyle_x/journal_metrics.json,mixstyle_x,31,mixstyle,0.019018267153411882,1.016488576102831,0.5733162830349531,,,,0.019018267153411882,0.0,0.0,0.0,0.0,0.0,0.0,0.0,0.0,0.0,0.0,0.0,,
/zjs/AD_Project/dual_shift_github/outputs/journal/apic_v3_2_screening_mci_ad/r4,42,adni_to_nacc,/zjs/AD_Project/dual_shift_github/outputs/journal/apic_v3_2_screening_mci_ad/r4/seed42/adni_to_nacc/mixstyle_x/journal_metrics.json,mixstyle_x,32,mixstyle,0.027766888375661457,1.3153018583415435,0.5694799658994033,,,,0.027766888375661457,0.0,0.0,0.0,0.0,0.0,0.0,0.0,0.0,0.0,0.0,0.0,,
/zjs/AD_Project/dual_shift_github/outputs/journal/apic_v3_2_screening_mci_ad/r4,42,adni_to_nacc,/zjs/AD_Project/dual_shift_github/outputs/journal/apic_v3_2_screening_mci_ad/r4/seed42/adni_to_nacc/mixstyle_x/journal_metrics.json,mixstyle_x,33,mixstyle,0.008693002173584877,1.2711361320902927,0.5277067348678602,,,,0.008693002173584877,0.0,0.0,0.0,0.0,0.0,0.0,0.0,0.0,0.0,0.0,0.0,,
/zjs/AD_Project/dual_shift_github/outputs/journal/apic_v3_2_screening_mci_ad/r4,42,adni_to_nacc,/zjs/AD_Project/dual_shift_github/outputs/journal/apic_v3_2_screening_mci_ad/r4/seed42/adni_to_nacc/mixstyle_x/journal_metrics.json,mixstyle_x,34,mixstyle,0.004336867353816673,1.2904814313755397,0.5277067348678602,,,,0.004336867353816673,0.0,0.0,0.0,0.0,0.0,0.0,0.0,0.0,0.0,0.0,0.0,,
/zjs/AD_Project/dual_shift_github/outputs/journal/apic_v3_2_screening_mci_ad/r4,42,adni_to_nacc,/zjs/AD_Project/dual_shift_github/outputs/journal/apic_v3_2_screening_mci_ad/r4/seed42/adni_to_nacc/mixstyle_x/journal_metrics.json,mixstyle_x,35,mixstyle,0.00290312303407671,1.4840132785499642,0.5179028132992327,,,,0.00290312303407671,0.0,0.0,0.0,0.0,0.0,0.0,0.0,0.0,0.0,0.0,0.0,,
/zjs/AD_Project/dual_shift_github/outputs/journal/apic_v3_2_screening_mci_ad/r4,42,adni_to_nacc,/zjs/AD_Project/dual_shift_github/outputs/journal/apic_v3_2_screening_mci_ad/r4/seed42/adni_to_nacc/mixstyle_x/journal_metrics.json,mixstyle_x,36,mixstyle,0.00271362860659414,1.3550211117739592,0.5421994884910486,,,,0.00271362860659414,0.0,0.0,0.0,0.0,0.0,0.0,0.0,0.0,0.0,0.0,0.0,,
/zjs/AD_Project/dual_shift_github/outputs/journal/apic_v3_2_screening_mci_ad/r4,42,adni_to_nacc,/zjs/AD_Project/dual_shift_github/outputs/journal/apic_v3_2_screening_mci_ad/r4/seed42/adni_to_nacc/mixstyle_x/journal_metrics.json,mixstyle_x,37,mixstyle,0.002730220522112582,1.4551308935491043,0.5473145780051151,,,,0.002730220522112582,0.0,0.0,0.0,0.0,0.0,0.0,0.0,0.0,0.0,0.0,0.0,,
/zjs/AD_Project/dual_shift_github/outputs/journal/apic_v3_2_screening_mci_ad/r4,42,adni_to_nacc,/zjs/AD_Project/dual_shift_github/outputs/journal/apic_v3_2_screening_mci_ad/r4/seed42/adni_to_nacc/mixstyle_x/journal_metrics.json,mixstyle_x,38,mixstyle,0.002606437171983422,1.424964857569665,0.552003410059676,,,,0.002606437171983422,0.0,0.0,0.0,0.0,0.0,0.0,0.0,0.0,0.0,0.0,0.0,,
/zjs/AD_Project/dual_shift_github/outputs/journal/apic_v3_2_screening_mci_ad/r4,42,adni_to_nacc,/zjs/AD_Project/dual_shift_github/outputs/journal/apic_v3_2_screening_mci_ad/r4/seed42/adni_to_nacc/mixstyle_x/journal_metrics.json,mixstyle_x,39,mixstyle,0.0017518344103868147,1.476591875937921,0.552003410059676,,,,0.0017518344103868147,0.0,0.0,0.0,0.0,0.0,0.0,0.0,0.0,0.0,0.0,0.0,,
/zjs/AD_Project/dual_shift_github/outputs/journal/apic_v3_2_screening_mci_ad/r4,42,adni_to_nacc,/zjs/AD_Project/dual_shift_github/outputs/journal/apic_v3_2_screening_mci_ad/r4/seed42/adni_to_nacc/mixstyle_x/journal_metrics.json,mixstyle_x,40,mixstyle,0.061511713225051,1.871475459102097,0.5409207161125319,,,,0.061511713225051,0.0,0.0,0.0,0.0,0.0,0.0,0.0,0.0,0.0,0.0,0.0,,
/zjs/AD_Project/dual_shift_github/outputs/journal/apic_v3_2_screening_mci_ad/r4,42,adni_to_nacc,/zjs/AD_Project/dual_shift_github/outputs/journal/apic_v3_2_screening_mci_ad/r4/seed42/adni_to_nacc/mixstyle_x/journal_metrics.json,mixstyle_x,41,mixstyle,0.1759007568056188,2.0612009191221943,0.525149190110827,,,,0.1759007568056188,0.0,0.0,0.0,0.0,0.0,0.0,0.0,0.0,0.0,0.0,0.0,,
/zjs/AD_Project/dual_shift_github/outputs/journal/apic_v3_2_screening_mci_ad/r4,42,adni_to_nacc,/zjs/AD_Project/dual_shift_github/outputs/journal/apic_v3_2_screening_mci_ad/r4/seed42/adni_to_nacc/mixstyle_x/journal_metrics.json,mixstyle_x,42,mixstyle,0.16698856539690018,1.4752941557436907,0.5136402387041773,,,,0.16698856539690018,0.0,0.0,0.0,0.0,0.0,0.0,0.0,0.0,0.0,0.0,0.0,,
/zjs/AD_Project/dual_shift_github/outputs/journal/apic_v3_2_screening_mci_ad/r4,42,adni_to_nacc,/zjs/AD_Project/dual_shift_github/outputs/journal/apic_v3_2_screening_mci_ad/r4/seed42/adni_to_nacc/mixstyle_x/journal_metrics.json,mixstyle_x,43,mixstyle,0.05741759734735409,1.6953037050552666,0.5277067348678601,,,,0.05741759734735409,0.0,0.0,0.0,0.0,0.0,0.0,0.0,0.0,0.0,0.0,0.0,,
/zjs/AD_Project/dual_shift_github/outputs/journal/apic_v3_2_screening_mci_ad/r4,42,adni_to_nacc,/zjs/AD_Project/dual_shift_github/outputs/journal/apic_v3_2_screening_mci_ad/r4/seed42/adni_to_nacc/mixstyle_x/journal_metrics.json,mixstyle_x,44,mixstyle,0.08454975176494255,1.1356733939653143,0.5136402387041773,,,,0.08454975176494255,0.0,0.0,0.0,0.0,0.0,0.0,0.0,0.0,0.0,0.0,0.0,,
/zjs/AD_Project/dual_shift_github/outputs/journal/apic_v3_2_screening_mci_ad/r4,42,adni_to_nacc,/zjs/AD_Project/dual_shift_github/outputs/journal/apic_v3_2_screening_mci_ad/r4/seed42/adni_to_nacc/mixstyle_x/journal_metrics.json,mixstyle_x,45,mixstyle,0.055700755558244074,1.1887813252610488,0.5247229326513213,,,,0.055700755558244074,0.0,0.0,0.0,0.0,0.0,0.0,0.0,0.0,0.0,0.0,0.0,,
/zjs/AD_Project/dual_shift_github/outputs/journal/apic_v3_2_screening_mci_ad/r4,42,adni_to_nacc,/zjs/AD_Project/dual_shift_github/outputs/journal/apic_v3_2_screening_mci_ad/r4/seed42/adni_to_nacc/mixstyle_x/journal_metrics.json,mixstyle_x,46,mixstyle,0.04027699782872702,1.298756149210839,0.5285592497868713,,,,0.04027699782872702,0.0,0.0,0.0,0.0,0.0,0.0,0.0,0.0,0.0,0.0,0.0,,
/zjs/AD_Project/dual_shift_github/outputs/journal/apic_v3_2_screening_mci_ad/r4,42,adni_to_nacc,/zjs/AD_Project/dual_shift_github/outputs/journal/apic_v3_2_screening_mci_ad/r4/seed42/adni_to_nacc/mixstyle_x/journal_metrics.json,mixstyle_x,47,mixstyle,0.017406085292845597,1.546106226229613,0.5856777493606138,,,,0.017406085292845597,0.0,0.0,0.0,0.0,0.0,0.0,0.0,0.0,0.0,0.0,0.0,,
/zjs/AD_Project/dual_shift_github/outputs/journal/apic_v3_2_screening_mci_ad/r4,42,adni_to_nacc,/zjs/AD_Project/dual_shift_github/outputs/journal/apic_v3_2_screening_mci_ad/r4/seed42/adni_to_nacc/mixstyle_x/journal_metrics.json,mixstyle_x,48,mixstyle,0.057219349463368846,1.1729013502294487,0.5886615515771526,,,,0.057219349463368846,0.0,0.0,0.0,0.0,0.0,0.0,0.0,0.0,0.0,0.0,0.0,,
/zjs/AD_Project/dual_shift_github/outputs/journal/apic_v3_2_screening_mci_ad/r4,42,adni_to_nacc,/zjs/AD_Project/dual_shift_github/outputs/journal/apic_v3_2_screening_mci_ad/r4/seed42/adni_to_nacc/mixstyle_x/journal_metrics.json,mixstyle_x,49,mixstyle,0.0320610654356516,1.2852009808785632,0.6112531969309463,,,,0.0320610654356516,0.0,0.0,0.0,0.0,0.0,0.0,0.0,0.0,0.0,0.0,0.0,,
/zjs/AD_Project/dual_shift_github/outputs/journal/apic_v3_2_screening_mci_ad/r4,42,adni_to_nacc,/zjs/AD_Project/dual_shift_github/outputs/journal/apic_v3_2_screening_mci_ad/r4/seed42/adni_to_nacc/mixstyle_x/journal_metrics.json,mixstyle_x,50,mixstyle,0.06186388351661753,1.3987548280541504,0.5916453537936914,,,,0.06186388351661753,0.0,0.0,0.0,0.0,0.0,0.0,0.0,0.0,0.0,0.0,0.0,,
/zjs/AD_Project/dual_shift_github/outputs/journal/apic_v3_2_screening_mci_ad/r4,42,nacc_to_adni,/zjs/AD_Project/dual_shift_github/outputs/journal/apic_v3_2_screening_mci_ad/r4/seed42/nacc_to_adni/apic_v3_2_x/journal_metrics.json,apic_v3_2_x,1,clean_warmup,0.5439199819853625,0.7238857167443835,0.5642857142857143,,,,0.5439199819853625,0.0,0.0,0.0,0.0,0.0,0.0,0.0,0.0,0.0,0.0,0.0,0,0.0
/zjs/AD_Project/dual_shift_github/outputs/journal/apic_v3_2_screening_mci_ad/r4,42,nacc_to_adni,/zjs/AD_Project/dual_shift_github/outputs/journal/apic_v3_2_screening_mci_ad/r4/seed42/nacc_to_adni/apic_v3_2_x/journal_metrics.json,apic_v3_2_x,2,clean_warmup,0.4609323228066115,0.9901125766476966,0.5321428571428571,,,,0.4609323228066115,0.0,0.0,0.0,0.0,0.0,0.0,0.0,0.0,0.0,0.0,0.0,0,0.0
/zjs/AD_Project/dual_shift_github/outputs/journal/apic_v3_2_screening_mci_ad/r4,42,nacc_to_adni,/zjs/AD_Project/dual_shift_github/outputs/journal/apic_v3_2_screening_mci_ad/r4/seed42/nacc_to_adni/apic_v3_2_x/journal_metrics.json,apic_v3_2_x,3,clean_warmup,0.4293198639661381,0.5940110055183557,0.6,,,,0.4293198639661381,0.0,0.0,0.0,0.0,0.0,0.0,0.0,0.0,0.0,0.0,0.0,0,0.0
/zjs/AD_Project/dual_shift_github/outputs/journal/apic_v3_2_screening_mci_ad/r4,42,nacc_to_adni,/zjs/AD_Project/dual_shift_github/outputs/journal/apic_v3_2_screening_mci_ad/r4/seed42/nacc_to_adni/apic_v3_2_x/journal_metrics.json,apic_v3_2_x,4,clean_warmup,0.317240606417361,1.0048984119395508,0.5928571428571429,,,,0.317240606417361,0.0,0.0,0.0,0.0,0.0,0.0,0.0,0.0,0.0,0.0,0.0,0,0.0
/zjs/AD_Project/dual_shift_github/outputs/journal/apic_v3_2_screening_mci_ad/r4,42,nacc_to_adni,/zjs/AD_Project/dual_shift_github/outputs/journal/apic_v3_2_screening_mci_ad/r4/seed42/nacc_to_adni/apic_v3_2_x/journal_metrics.json,apic_v3_2_x,5,clean_warmup,0.3187404516316259,0.6298726232008154,0.65,,,,0.3187404516316259,0.0,0.0,0.0,0.0,0.0,0.0,0.0,0.0,0.0,0.0,0.0,0,0.0
/zjs/AD_Project/dual_shift_github/outputs/journal/apic_v3_2_screening_mci_ad/r4,42,nacc_to_adni,/zjs/AD_Project/dual_shift_github/outputs/journal/apic_v3_2_screening_mci_ad/r4/seed42/nacc_to_adni/apic_v3_2_x/journal_metrics.json,apic_v3_2_x,6,style_bank_build,0.14871303443844938,0.6298726232008154,0.6285714285714287,,,,0.16907350980129437,0.0,0.0,0.0,0.0,0.0,0.0,0.0,0.0,0.0,0.0,0.0,0,0.0
/zjs/AD_Project/dual_shift_github/outputs/journal/apic_v3_2_screening_mci_ad/r4,42,nacc_to_adni,/zjs/AD_Project/dual_shift_github/outputs/journal/apic_v3_2_screening_mci_ad/r4/seed42/nacc_to_adni/apic_v3_2_x/journal_metrics.json,apic_v3_2_x,7,apis_warmup,0.2918778157303321,1.985585958818993,0.6238095238095238,,,,0.2918778157303321,0.0,0.0,0.0,0.0,0.0,0.0,0.0,0.271596709631153,0.0019645239080044105,0.0,0.0,4,172.0
/zjs/AD_Project/dual_shift_github/outputs/journal/apic_v3_2_screening_mci_ad/r4,42,nacc_to_adni,/zjs/AD_Project/dual_shift_github/outputs/journal/apic_v3_2_screening_mci_ad/r4/seed42/nacc_to_adni/apic_v3_2_x/journal_metrics.json,apic_v3_2_x,8,apis_warmup,0.3121838546982131,0.8243800109931569,0.6238095238095238,,,,0.3121838546982131,0.0,0.0,0.0,0.0,0.0,0.0,0.0,0.2792611312620419,0.004435123782329976,0.0,0.0,4,172.0
/zjs/AD_Project/dual_shift_github/outputs/journal/apic_v3_2_screening_mci_ad/r4,42,nacc_to_adni,/zjs/AD_Project/dual_shift_github/outputs/journal/apic_v3_2_screening_mci_ad/r4/seed42/nacc_to_adni/apic_v3_2_x/journal_metrics.json,apic_v3_2_x,9,apis_warmup,0.16421518404968083,0.8923505234953955,0.6142857142857142,,,,0.16421518404968083,0.0,0.0,0.0,0.0,0.0,0.0,0.0,0.27747278407062453,0.0019452874442444097,0.0,0.0,4,172.0
/zjs/AD_Project/dual_shift_github/outputs/journal/apic_v3_2_screening_mci_ad/r4,42,nacc_to_adni,/zjs/AD_Project/dual_shift_github/outputs/journal/apic_v3_2_screening_mci_ad/r4/seed42/nacc_to_adni/apic_v3_2_x/journal_metrics.json,apic_v3_2_x,10,apis_warmup,0.20881922948702247,0.7601643704522149,0.6547619047619047,,,,0.20881922948702247,0.0,0.0,0.0,0.0,0.0,0.0,0.0,0.2741194212252332,0.0013793886144726677,0.0,0.0,4,172.0
/zjs/AD_Project/dual_shift_github/outputs/journal/apic_v3_2_screening_mci_ad/r4,42,nacc_to_adni,/zjs/AD_Project/dual_shift_github/outputs/journal/apic_v3_2_screening_mci_ad/r4/seed42/nacc_to_adni/apic_v3_2_x/journal_metrics.json,apic_v3_2_x,11,apis_warmup,0.1747061223819007,0.5986239305641362,0.6642857142857143,,,,0.1747061223819007,0.0,0.0,0.0,0.0,0.0,0.0,0.0,0.28803339708097203,0.001720937951252637,0.0,0.0,4,172.0
/zjs/AD_Project/dual_shift_github/outputs/journal/apic_v3_2_screening_mci_ad/r4,42,nacc_to_adni,/zjs/AD_Project/dual_shift_github/outputs/journal/apic_v3_2_screening_mci_ad/r4/seed42/nacc_to_adni/apic_v3_2_x/journal_metrics.json,apic_v3_2_x,12,joint,0.1794278577171727,0.7070455668017941,0.6999999999999998,,,,0.1794278577171727,0.0,0.0,0.0,0.0,0.0,0.0,0.0,0.27196481255526395,0.004296656327577447,0.0,0.0,4,172.0
/zjs/AD_Project/dual_shift_github/outputs/journal/apic_v3_2_screening_mci_ad/r4,42,nacc_to_adni,/zjs/AD_Project/dual_shift_github/outputs/journal/apic_v3_2_screening_mci_ad/r4/seed42/nacc_to_adni/apic_v3_2_x/journal_metrics.json,apic_v3_2_x,13,joint,0.1332069164737291,0.9921264923821007,0.7023809523809524,,,,0.1332069164737291,0.0,0.0,0.0,0.0,0.0,0.0,0.0,0.26336033258241476,0.004977933379167504,0.0,0.0,4,172.0
/zjs/AD_Project/dual_shift_github/outputs/journal/apic_v3_2_screening_mci_ad/r4,42,nacc_to_adni,/zjs/AD_Project/dual_shift_github/outputs/journal/apic_v3_2_screening_mci_ad/r4/seed42/nacc_to_adni/apic_v3_2_x/journal_metrics.json,apic_v3_2_x,14,joint,0.07707285013088246,0.8441256266745959,0.707142857142857,,,,0.07707285013088246,0.0,0.0,0.0,0.0,0.0,0.0,0.0,0.2540041782806829,0.002388423949066042,0.0,0.0,4,172.0
/zjs/AD_Project/dual_shift_github/outputs/journal/apic_v3_2_screening_mci_ad/r4,42,nacc_to_adni,/zjs/AD_Project/dual_shift_github/outputs/journal/apic_v3_2_screening_mci_ad/r4/seed42/nacc_to_adni/apic_v3_2_x/journal_metrics.json,apic_v3_2_x,15,joint,0.0879390663371335,0.9901005177331595,0.688095238095238,,,,0.0879390663371335,0.0,0.0,0.0,0.0,0.0,0.0,0.0,0.26841060525363253,0.004859823727430346,0.0,0.0,4,172.0
/zjs/AD_Project/dual_shift_github/outputs/journal/apic_v3_2_screening_mci_ad/r4,42,nacc_to_adni,/zjs/AD_Project/dual_shift_github/outputs/journal/apic_v3_2_screening_mci_ad/r4/seed42/nacc_to_adni/apic_v3_2_x/journal_metrics.json,apic_v3_2_x,16,joint,0.08405001635888841,1.4777502368137116,0.6476190476190475,,,,0.08405001635888841,0.0,0.0,0.0,0.0,0.0,0.0,0.0,0.2585165525220104,0.0052632030793577375,0.0,0.0,4,172.0
/zjs/AD_Project/dual_shift_github/outputs/journal/apic_v3_2_screening_mci_ad/r4,42,nacc_to_adni,/zjs/AD_Project/dual_shift_github/outputs/journal/apic_v3_2_screening_mci_ad/r4/seed42/nacc_to_adni/apic_v3_2_x/journal_metrics.json,apic_v3_2_x,17,joint,0.13855485831142508,0.8202954671814814,0.6404761904761905,,,,0.13855485831142508,0.0,0.0,0.0,0.0,0.0,0.0,0.0,0.27118805465624507,0.003060728473052532,0.0,0.0,4,172.0
/zjs/AD_Project/dual_shift_github/outputs/journal/apic_v3_2_screening_mci_ad/r4,42,nacc_to_adni,/zjs/AD_Project/dual_shift_github/outputs/journal/apic_v3_2_screening_mci_ad/r4/seed42/nacc_to_adni/apic_v3_2_x/journal_metrics.json,apic_v3_2_x,18,joint,0.037922486339422114,0.8862185319789329,0.6476190476190476,,,,0.037922486339422114,0.0,0.0,0.0,0.0,0.0,0.0,0.0,0.26467595257095455,0.004436249538377569,0.0,0.0,4,172.0
/zjs/AD_Project/dual_shift_github/outputs/journal/apic_v3_2_screening_mci_ad/r4,42,nacc_to_adni,/zjs/AD_Project/dual_shift_github/outputs/journal/apic_v3_2_screening_mci_ad/r4/seed42/nacc_to_adni/apic_v3_2_x/journal_metrics.json,apic_v3_2_x,19,joint,0.049202961526743916,0.8939312737386086,0.7047619047619046,,,,0.049202961526743916,0.0,0.0,0.0,0.0,0.0,0.0,0.0,0.24902522410314107,0.0052866181295321306,0.0,0.0,4,172.0
/zjs/AD_Project/dual_shift_github/outputs/journal/apic_v3_2_screening_mci_ad/r4,42,nacc_to_adni,/zjs/AD_Project/dual_shift_github/outputs/journal/apic_v3_2_screening_mci_ad/r4/seed42/nacc_to_adni/apic_v3_2_x/journal_metrics.json,apic_v3_2_x,20,joint,0.05037050373244973,0.9308157442820335,0.6999999999999998,,,,0.05037050373244973,0.0,0.0,0.0,0.0,0.0,0.0,0.0,0.2792004323804501,0.007786868352411571,0.0,0.0,4,172.0
/zjs/AD_Project/dual_shift_github/outputs/journal/apic_v3_2_screening_mci_ad/r4,42,nacc_to_adni,/zjs/AD_Project/dual_shift_github/outputs/journal/apic_v3_2_screening_mci_ad/r4/seed42/nacc_to_adni/apic_v3_2_x/journal_metrics.json,apic_v3_2_x,21,joint,0.039618946988130774,0.837503478431696,0.6999999999999998,,,,0.039618946988130774,0.0,0.0,0.0,0.0,0.0,0.0,0.0,0.27327633964032244,0.0029405346454896217,0.0,0.0,4,172.0
/zjs/AD_Project/dual_shift_github/outputs/journal/apic_v3_2_screening_mci_ad/r4,42,nacc_to_adni,/zjs/AD_Project/dual_shift_github/outputs/journal/apic_v3_2_screening_mci_ad/r4/seed42/nacc_to_adni/apic_v3_2_x/journal_metrics.json,apic_v3_2_x,22,joint,0.030776753369358742,0.9986583429976905,0.6976190476190475,,,,0.030776753369358742,0.0,0.0,0.0,0.0,0.0,0.0,0.0,0.2689946137138249,0.00623936783658357,0.0,0.0,4,172.0
/zjs/AD_Project/dual_shift_github/outputs/journal/apic_v3_2_screening_mci_ad/r4,42,nacc_to_adni,/zjs/AD_Project/dual_shift_github/outputs/journal/apic_v3_2_screening_mci_ad/r4/seed42/nacc_to_adni/apic_v3_2_x/journal_metrics.json,apic_v3_2_x,23,joint,0.006273294357371699,0.9258719202607197,0.7023809523809522,,,,0.006273294357371699,0.0,0.0,0.0,0.0,0.0,0.0,0.0,0.26484682572256657,0.003789128728878518,0.0,0.0,4,172.0
/zjs/AD_Project/dual_shift_github/outputs/journal/apic_v3_2_screening_mci_ad/r4,42,nacc_to_adni,/zjs/AD_Project/dual_shift_github/outputs/journal/apic_v3_2_screening_mci_ad/r4/seed42/nacc_to_adni/apic_v3_2_x/journal_metrics.json,apic_v3_2_x,24,joint,0.023719327522804194,1.039381234113808,0.7095238095238096,,,,0.023719327522804194,0.0,0.0,0.0,0.0,0.0,0.0,0.0,0.2750212957256848,0.005264487328498215,0.0,0.0,4,172.0
/zjs/AD_Project/dual_shift_github/outputs/journal/apic_v3_2_screening_mci_ad/r4,42,nacc_to_adni,/zjs/AD_Project/dual_shift_github/outputs/journal/apic_v3_2_screening_mci_ad/r4/seed42/nacc_to_adni/apic_v3_2_x/journal_metrics.json,apic_v3_2_x,25,joint,0.02433857295755777,1.2391331723507817,0.7119047619047619,,,,0.02433857295755777,0.0,0.0,0.0,0.0,0.0,0.0,0.0,0.2764152148642491,0.0019427174817354003,0.0,0.0,4,172.0
/zjs/AD_Project/dual_shift_github/outputs/journal/apic_v3_2_screening_mci_ad/r4,42,nacc_to_adni,/zjs/AD_Project/dual_shift_github/outputs/journal/apic_v3_2_screening_mci_ad/r4/seed42/nacc_to_adni/apic_v3_2_x/journal_metrics.json,apic_v3_2_x,26,joint,0.06141090007815702,0.9558255048120776,0.7071428571428572,,,,0.06141090007815702,0.0,0.0,0.0,0.0,0.0,0.0,0.0,0.2595312272764973,0.006259734555086774,0.0,0.0,4,172.0
/zjs/AD_Project/dual_shift_github/outputs/journal/apic_v3_2_screening_mci_ad/r4,42,nacc_to_adni,/zjs/AD_Project/dual_shift_github/outputs/journal/apic_v3_2_screening_mci_ad/r4/seed42/nacc_to_adni/apic_v3_2_x/journal_metrics.json,apic_v3_2_x,27,joint,0.010349555556739191,1.062387715149811,0.6904761904761904,,,,0.010349555556739191,0.0,0.0,0.0,0.0,0.0,0.0,0.0,0.2636203020811081,0.002898524488382305,0.0,0.0,4,172.0
/zjs/AD_Project/dual_shift_github/outputs/journal/apic_v3_2_screening_mci_ad/r4,42,nacc_to_adni,/zjs/AD_Project/dual_shift_github/outputs/journal/apic_v3_2_screening_mci_ad/r4/seed42/nacc_to_adni/apic_v3_2_x/journal_metrics.json,apic_v3_2_x,28,joint,0.012146594039447721,1.036314713595351,0.6857142857142856,,,,0.012146594039447721,0.0,0.0,0.0,0.0,0.0,0.0,0.0,0.2655104368003373,0.0018055357510632284,0.0,0.0,4,172.0
/zjs/AD_Project/dual_shift_github/outputs/journal/apic_v3_2_screening_mci_ad/r4,42,nacc_to_adni,/zjs/AD_Project/dual_shift_github/outputs/journal/apic_v3_2_screening_mci_ad/r4/seed42/nacc_to_adni/apic_v3_2_x/journal_metrics.json,apic_v3_2_x,29,joint,0.05327387944316328,1.3771256708959627,0.688095238095238,,,,0.05327387944316328,0.0,0.0,0.0,0.0,0.0,0.0,0.0,0.2615292791238765,0.002810548012932181,0.0,0.0,4,172.0
/zjs/AD_Project/dual_shift_github/outputs/journal/apic_v3_2_screening_mci_ad/r4,42,nacc_to_adni,/zjs/AD_Project/dual_shift_github/outputs/journal/apic_v3_2_screening_mci_ad/r4/seed42/nacc_to_adni/apic_v3_2_x/journal_metrics.json,apic_v3_2_x,30,joint,0.010442015475511896,1.2413104892453648,0.6952380952380951,,,,0.010442015475511896,0.0,0.0,0.0,0.0,0.0,0.0,0.0,0.27950497570726063,0.0015175302089628082,0.0,0.0,4,172.0
/zjs/AD_Project/dual_shift_github/outputs/journal/apic_v3_2_screening_mci_ad/r4,42,nacc_to_adni,/zjs/AD_Project/dual_shift_github/outputs/journal/apic_v3_2_screening_mci_ad/r4/seed42/nacc_to_adni/apic_v3_2_x/journal_metrics.json,apic_v3_2_x,31,joint,0.032089813418575974,1.0498332411144453,0.6904761904761904,,,,0.032089813418575974,0.0,0.0,0.0,0.0,0.0,0.0,0.0,0.25334985738562554,0.0028134423770289525,0.0,0.0,4,172.0
/zjs/AD_Project/dual_shift_github/outputs/journal/apic_v3_2_screening_mci_ad/r4,42,nacc_to_adni,/zjs/AD_Project/dual_shift_github/outputs/journal/apic_v3_2_screening_mci_ad/r4/seed42/nacc_to_adni/apic_v3_2_x/journal_metrics.json,apic_v3_2_x,32,joint,0.15137019879412694,1.6850916503117195,0.6714285714285714,,,,0.15137019879412694,0.0,0.0,0.0,0.0,0.0,0.0,0.0,0.2710623893233919,0.00845821299141792,0.0,0.0,4,172.0
/zjs/AD_Project/dual_shift_github/outputs/journal/apic_v3_2_screening_mci_ad/r4,42,nacc_to_adni,/zjs/AD_Project/dual_shift_github/outputs/journal/apic_v3_2_screening_mci_ad/r4/seed42/nacc_to_adni/apic_v3_2_x/journal_metrics.json,apic_v3_2_x,33,joint,0.06013088658771276,1.464118355581418,0.6476190476190476,,,,0.06013088658771276,0.0,0.0,0.0,0.0,0.0,0.0,0.0,0.2766410722253249,0.0045543577249898826,0.0,0.0,4,172.0
/zjs/AD_Project/dual_shift_github/outputs/journal/apic_v3_2_screening_mci_ad/r4,42,nacc_to_adni,/zjs/AD_Project/dual_shift_github/outputs/journal/apic_v3_2_screening_mci_ad/r4/seed42/nacc_to_adni/apic_v3_2_x/journal_metrics.json,apic_v3_2_x,34,joint,0.04039058740146952,1.22422727508196,0.6238095238095238,,,,0.04039058740146952,0.0,0.0,0.0,0.0,0.0,0.0,0.0,0.26223995329178484,0.003808362221412056,0.0,0.0,4,172.0
/zjs/AD_Project/dual_shift_github/outputs/journal/apic_v3_2_screening_mci_ad/r4,42,nacc_to_adni,/zjs/AD_Project/dual_shift_github/outputs/journal/apic_v3_2_screening_mci_ad/r4/seed42/nacc_to_adni/apic_v3_2_x/journal_metrics.json,apic_v3_2_x,35,joint,0.045380647331728245,1.9778970063653516,0.6047619047619047,,,,0.045380647331728245,0.0,0.0,0.0,0.0,0.0,0.0,0.0,0.2791601271973443,0.0015407867726948022,0.0,0.0,4,172.0
/zjs/AD_Project/dual_shift_github/outputs/journal/apic_v3_2_screening_mci_ad/r4,42,nacc_to_adni,/zjs/AD_Project/dual_shift_github/outputs/journal/apic_v3_2_screening_mci_ad/r4/seed42/nacc_to_adni/apic_v3_2_x/journal_metrics.json,apic_v3_2_x,36,joint,0.0370829147247708,1.1552690281188054,0.6309523809523809,,,,0.0370829147247708,0.0,0.0,0.0,0.0,0.0,0.0,0.0,0.2840501358828594,0.00637606524420696,0.0,0.0,4,172.0
/zjs/AD_Project/dual_shift_github/outputs/journal/apic_v3_2_screening_mci_ad/r4,42,nacc_to_adni,/zjs/AD_Project/dual_shift_github/outputs/journal/apic_v3_2_screening_mci_ad/r4/seed42/nacc_to_adni/apic_v3_2_x/journal_metrics.json,apic_v3_2_x,37,joint,0.004163623189634029,1.23026303258933,0.6547619047619048,,,,0.004163623189634029,0.0,0.0,0.0,0.0,0.0,0.0,0.0,0.2829356927847125,0.0030621771243086356,0.0,0.0,4,172.0
/zjs/AD_Project/dual_shift_github/outputs/journal/apic_v3_2_screening_mci_ad/r4,42,nacc_to_adni,/zjs/AD_Project/dual_shift_github/outputs/journal/apic_v3_2_screening_mci_ad/r4/seed42/nacc_to_adni/apic_v3_2_x/journal_metrics.json,apic_v3_2_x,38,joint,0.04921477525128944,1.0225673143686163,0.6904761904761904,,,,0.04921477525128944,0.0,0.0,0.0,0.0,0.0,0.0,0.0,0.2746746656820946,0.0060919258497918755,0.0,0.0,4,172.0
/zjs/AD_Project/dual_shift_github/outputs/journal/apic_v3_2_screening_mci_ad/r4,42,nacc_to_adni,/zjs/AD_Project/dual_shift_github/outputs/journal/apic_v3_2_screening_mci_ad/r4/seed42/nacc_to_adni/apic_v3_2_x/journal_metrics.json,apic_v3_2_x,39,joint,0.01739234069212863,1.0318227701268337,0.688095238095238,,,,0.01739234069212863,0.0,0.0,0.0,0.0,0.0,0.0,0.0,0.27542572430114154,0.005425728472541015,0.0,0.0,4,172.0
/zjs/AD_Project/dual_shift_github/outputs/journal/apic_v3_2_screening_mci_ad/r4,42,nacc_to_adni,/zjs/AD_Project/dual_shift_github/outputs/journal/apic_v3_2_screening_mci_ad/r4/seed42/nacc_to_adni/apic_v3_2_x/journal_metrics.json,apic_v3_2_x,40,joint,0.0762558518422854,1.0604771036721234,0.6595238095238095,,,,0.0762558518422854,0.0,0.0,0.0,0.0,0.0,0.0,0.0,0.2633038995806704,0.0008694421336874103,0.0,0.0,4,172.0
/zjs/AD_Project/dual_shift_github/outputs/journal/apic_v3_2_screening_mci_ad/r4,42,nacc_to_adni,/zjs/AD_Project/dual_shift_github/outputs/journal/apic_v3_2_screening_mci_ad/r4/seed42/nacc_to_adni/apic_v3_2_x/journal_metrics.json,apic_v3_2_x,41,joint,0.038556068595594815,0.8695675295416994,0.669047619047619,,,,0.038556068595594815,0.0,0.0,0.0,0.0,0.0,0.0,0.0,0.27305158834481974,0.0015845685116483569,0.0,0.0,4,172.0
/zjs/AD_Project/dual_shift_github/outputs/journal/apic_v3_2_screening_mci_ad/r4,42,nacc_to_adni,/zjs/AD_Project/dual_shift_github/outputs/journal/apic_v3_2_screening_mci_ad/r4/seed42/nacc_to_adni/apic_v3_2_x/journal_metrics.json,apic_v3_2_x,42,joint,0.015395956397171794,0.9538313232474309,0.6809523809523809,,,,0.015395956397171794,0.0,0.0,0.0,0.0,0.0,0.0,0.0,0.26527498539575595,0.0034823755152184267,0.0,0.0,4,172.0
/zjs/AD_Project/dual_shift_github/outputs/journal/apic_v3_2_screening_mci_ad/r4,42,nacc_to_adni,/zjs/AD_Project/dual_shift_github/outputs/journal/apic_v3_2_screening_mci_ad/r4/seed42/nacc_to_adni/apic_v3_2_x/journal_metrics.json,apic_v3_2_x,43,joint,0.013484406943274565,1.0970007678453593,0.719047619047619,,,,0.013484406943274565,0.0,0.0,0.0,0.0,0.0,0.0,0.0,0.2769366025002961,0.005261911433500258,0.0,0.0,4,172.0
/zjs/AD_Project/dual_shift_github/outputs/journal/apic_v3_2_screening_mci_ad/r4,42,nacc_to_adni,/zjs/AD_Project/dual_shift_github/outputs/journal/apic_v3_2_screening_mci_ad/r4/seed42/nacc_to_adni/apic_v3_2_x/journal_metrics.json,apic_v3_2_x,44,joint,0.03063709939921217,0.8441711566218392,0.7261904761904763,,,,0.03063709939921217,0.0,0.0,0.0,0.0,0.0,0.0,0.0,0.2597417839101909,0.0027792890556084414,0.0,0.0,4,172.0
/zjs/AD_Project/dual_shift_github/outputs/journal/apic_v3_2_screening_mci_ad/r4,42,nacc_to_adni,/zjs/AD_Project/dual_shift_github/outputs/journal/apic_v3_2_screening_mci_ad/r4/seed42/nacc_to_adni/apic_v3_2_x/journal_metrics.json,apic_v3_2_x,45,joint,0.0026690544579754173,0.9143565585622319,0.7238095238095239,,,,0.0026690544579754173,0.0,0.0,0.0,0.0,0.0,0.0,0.0,0.25219614281482305,0.0014268645778061444,0.0,0.0,4,172.0
/zjs/AD_Project/dual_shift_github/outputs/journal/apic_v3_2_screening_mci_ad/r4,42,nacc_to_adni,/zjs/AD_Project/dual_shift_github/outputs/journal/apic_v3_2_screening_mci_ad/r4/seed42/nacc_to_adni/apic_v3_2_x/journal_metrics.json,apic_v3_2_x,46,joint,0.0024491605604218666,0.940678330699395,0.7357142857142858,,,,0.0024491605604218666,0.0,0.0,0.0,0.0,0.0,0.0,0.0,0.2518351257769103,0.003460403214274973,0.0,0.0,4,172.0
/zjs/AD_Project/dual_shift_github/outputs/journal/apic_v3_2_screening_mci_ad/r4,42,nacc_to_adni,/zjs/AD_Project/dual_shift_github/outputs/journal/apic_v3_2_screening_mci_ad/r4/seed42/nacc_to_adni/apic_v3_2_x/journal_metrics.json,apic_v3_2_x,47,joint,0.002232661214537112,0.9886925398806264,0.7333333333333334,,,,0.002232661214537112,0.0,0.0,0.0,0.0,0.0,0.0,0.0,0.27293021900137676,0.0028967529159577106,0.0,0.0,4,172.0
/zjs/AD_Project/dual_shift_github/outputs/journal/apic_v3_2_screening_mci_ad/r4,42,nacc_to_adni,/zjs/AD_Project/dual_shift_github/outputs/journal/apic_v3_2_screening_mci_ad/r4/seed42/nacc_to_adni/apic_v3_2_x/journal_metrics.json,apic_v3_2_x,48,joint,0.002005514212177116,0.9938919779004729,0.730952380952381,,,,0.002005514212177116,0.0,0.0,0.0,0.0,0.0,0.0,0.0,0.2619896336007364,0.0018467371142874079,0.0,0.0,4,172.0
/zjs/AD_Project/dual_shift_github/outputs/journal/apic_v3_2_screening_mci_ad/r4,42,nacc_to_adni,/zjs/AD_Project/dual_shift_github/outputs/journal/apic_v3_2_screening_mci_ad/r4/seed42/nacc_to_adni/apic_v3_2_x/journal_metrics.json,apic_v3_2_x,49,joint,0.0015335909189049097,1.0152918262331907,0.7261904761904763,,,,0.0015335909189049097,0.0,0.0,0.0,0.0,0.0,0.0,0.0,0.29065869210921613,0.0035067578372542556,0.0,0.0,4,172.0
/zjs/AD_Project/dual_shift_github/outputs/journal/apic_v3_2_screening_mci_ad/r4,42,nacc_to_adni,/zjs/AD_Project/dual_shift_github/outputs/journal/apic_v3_2_screening_mci_ad/r4/seed42/nacc_to_adni/apic_v3_2_x/journal_metrics.json,apic_v3_2_x,50,joint,0.0010255109308738761,1.040635045594514,0.7285714285714286,,,,0.0010255109308738761,0.0,0.0,0.0,0.0,0.0,0.0,0.0,0.275501773529446,0.004841234552870687,0.0,0.0,4,172.0
/zjs/AD_Project/dual_shift_github/outputs/journal/apic_v3_2_screening_mci_ad/r4,42,nacc_to_adni,/zjs/AD_Project/dual_shift_github/outputs/journal/apic_v3_2_screening_mci_ad/r4/seed42/nacc_to_adni/ce_x/journal_metrics.json,ce_x,1,clean,0.546167700945102,0.8630952371802545,0.5,,,,0.546167700945102,0.0,0.0,0.0,0.0,0.0,0.0,0.0,0.0,0.0,0.0,0.0,,
/zjs/AD_Project/dual_shift_github/outputs/journal/apic_v3_2_screening_mci_ad/r4,42,nacc_to_adni,/zjs/AD_Project/dual_shift_github/outputs/journal/apic_v3_2_screening_mci_ad/r4/seed42/nacc_to_adni/ce_x/journal_metrics.json,ce_x,2,clean,0.45521190966066627,1.442820400153672,0.5071428571428571,,,,0.45521190966066627,0.0,0.0,0.0,0.0,0.0,0.0,0.0,0.0,0.0,0.0,0.0,,
/zjs/AD_Project/dual_shift_github/outputs/journal/apic_v3_2_screening_mci_ad/r4,42,nacc_to_adni,/zjs/AD_Project/dual_shift_github/outputs/journal/apic_v3_2_screening_mci_ad/r4/seed42/nacc_to_adni/ce_x/journal_metrics.json,ce_x,3,clean,0.42112904187944744,1.1047872587814367,0.5095238095238095,,,,0.42112904187944744,0.0,0.0,0.0,0.0,0.0,0.0,0.0,0.0,0.0,0.0,0.0,,
/zjs/AD_Project/dual_shift_github/outputs/journal/apic_v3_2_screening_mci_ad/r4,42,nacc_to_adni,/zjs/AD_Project/dual_shift_github/outputs/journal/apic_v3_2_screening_mci_ad/r4/seed42/nacc_to_adni/ce_x/journal_metrics.json,ce_x,4,clean,0.3005197836931065,0.6516248149643267,0.5428571428571428,,,,0.3005197836931065,0.0,0.0,0.0,0.0,0.0,0.0,0.0,0.0,0.0,0.0,0.0,,
/zjs/AD_Project/dual_shift_github/outputs/journal/apic_v3_2_screening_mci_ad/r4,42,nacc_to_adni,/zjs/AD_Project/dual_shift_github/outputs/journal/apic_v3_2_screening_mci_ad/r4/seed42/nacc_to_adni/ce_x/journal_metrics.json,ce_x,5,clean,0.30448126331086933,1.3173125480788346,0.5690476190476191,,,,0.30448126331086933,0.0,0.0,0.0,0.0,0.0,0.0,0.0,0.0,0.0,0.0,0.0,,
/zjs/AD_Project/dual_shift_github/outputs/journal/apic_v3_2_screening_mci_ad/r4,42,nacc_to_adni,/zjs/AD_Project/dual_shift_github/outputs/journal/apic_v3_2_screening_mci_ad/r4/seed42/nacc_to_adni/ce_x/journal_metrics.json,ce_x,6,clean,0.284413813171697,1.1974616227899082,0.6214285714285714,,,,0.284413813171697,0.0,0.0,0.0,0.0,0.0,0.0,0.0,0.0,0.0,0.0,0.0,,
/zjs/AD_Project/dual_shift_github/outputs/journal/apic_v3_2_screening_mci_ad/r4,42,nacc_to_adni,/zjs/AD_Project/dual_shift_github/outputs/journal/apic_v3_2_screening_mci_ad/r4/seed42/nacc_to_adni/ce_x/journal_metrics.json,ce_x,7,clean,0.26267194391717924,0.6038562232502421,0.6476190476190476,,,,0.26267194391717924,0.0,0.0,0.0,0.0,0.0,0.0,0.0,0.0,0.0,0.0,0.0,,
/zjs/AD_Project/dual_shift_github/outputs/journal/apic_v3_2_screening_mci_ad/r4,42,nacc_to_adni,/zjs/AD_Project/dual_shift_github/outputs/journal/apic_v3_2_screening_mci_ad/r4/seed42/nacc_to_adni/ce_x/journal_metrics.json,ce_x,8,clean,0.22305912325715588,1.1652941855442662,0.6309523809523809,,,,0.22305912325715588,0.0,0.0,0.0,0.0,0.0,0.0,0.0,0.0,0.0,0.0,0.0,,
/zjs/AD_Project/dual_shift_github/outputs/journal/apic_v3_2_screening_mci_ad/r4,42,nacc_to_adni,/zjs/AD_Project/dual_shift_github/outputs/journal/apic_v3_2_screening_mci_ad/r4/seed42/nacc_to_adni/ce_x/journal_metrics.json,ce_x,9,clean,0.15240767027117005,0.8012699453366738,0.6238095238095238,,,,0.15240767027117005,0.0,0.0,0.0,0.0,0.0,0.0,0.0,0.0,0.0,0.0,0.0,,
/zjs/AD_Project/dual_shift_github/outputs/journal/apic_v3_2_screening_mci_ad/r4,42,nacc_to_adni,/zjs/AD_Project/dual_shift_github/outputs/journal/apic_v3_2_screening_mci_ad/r4/seed42/nacc_to_adni/ce_x/journal_metrics.json,ce_x,10,clean,0.1634911172183173,0.684708569941104,0.6309523809523809,,,,0.1634911172183173,0.0,0.0,0.0,0.0,0.0,0.0,0.0,0.0,0.0,0.0,0.0,,
/zjs/AD_Project/dual_shift_github/outputs/journal/apic_v3_2_screening_mci_ad/r4,42,nacc_to_adni,/zjs/AD_Project/dual_shift_github/outputs/journal/apic_v3_2_screening_mci_ad/r4/seed42/nacc_to_adni/ce_x/journal_metrics.json,ce_x,11,clean,0.13104526248770124,0.9366977631612908,0.6666666666666666,,,,0.13104526248770124,0.0,0.0,0.0,0.0,0.0,0.0,0.0,0.0,0.0,0.0,0.0,,
/zjs/AD_Project/dual_shift_github/outputs/journal/apic_v3_2_screening_mci_ad/r4,42,nacc_to_adni,/zjs/AD_Project/dual_shift_github/outputs/journal/apic_v3_2_screening_mci_ad/r4/seed42/nacc_to_adni/ce_x/journal_metrics.json,ce_x,12,clean,0.16549675308945636,0.616174727531248,0.7023809523809524,,,,0.16549675308945636,0.0,0.0,0.0,0.0,0.0,0.0,0.0,0.0,0.0,0.0,0.0,,
/zjs/AD_Project/dual_shift_github/outputs/journal/apic_v3_2_screening_mci_ad/r4,42,nacc_to_adni,/zjs/AD_Project/dual_shift_github/outputs/journal/apic_v3_2_screening_mci_ad/r4/seed42/nacc_to_adni/ce_x/journal_metrics.json,ce_x,13,clean,0.07439527902320105,0.8186343152922205,0.7023809523809522,,,,0.07439527902320105,0.0,0.0,0.0,0.0,0.0,0.0,0.0,0.0,0.0,0.0,0.0,,
/zjs/AD_Project/dual_shift_github/outputs/journal/apic_v3_2_screening_mci_ad/r4,42,nacc_to_adni,/zjs/AD_Project/dual_shift_github/outputs/journal/apic_v3_2_screening_mci_ad/r4/seed42/nacc_to_adni/ce_x/journal_metrics.json,ce_x,14,clean,0.038574501998679345,1.0375673819939024,0.7261904761904762,,,,0.038574501998679345,0.0,0.0,0.0,0.0,0.0,0.0,0.0,0.0,0.0,0.0,0.0,,
/zjs/AD_Project/dual_shift_github/outputs/journal/apic_v3_2_screening_mci_ad/r4,42,nacc_to_adni,/zjs/AD_Project/dual_shift_github/outputs/journal/apic_v3_2_screening_mci_ad/r4/seed42/nacc_to_adni/ce_x/journal_metrics.json,ce_x,15,clean,0.08255487736602574,0.786162202315636,0.7214285714285714,,,,0.08255487736602574,0.0,0.0,0.0,0.0,0.0,0.0,0.0,0.0,0.0,0.0,0.0,,
/zjs/AD_Project/dual_shift_github/outputs/journal/apic_v3_2_screening_mci_ad/r4,42,nacc_to_adni,/zjs/AD_Project/dual_shift_github/outputs/journal/apic_v3_2_screening_mci_ad/r4/seed42/nacc_to_adni/ce_x/journal_metrics.json,ce_x,16,clean,0.08976224301738146,0.6860159936936965,0.7166666666666668,,,,0.08976224301738146,0.0,0.0,0.0,0.0,0.0,0.0,0.0,0.0,0.0,0.0,0.0,,
/zjs/AD_Project/dual_shift_github/outputs/journal/apic_v3_2_screening_mci_ad/r4,42,nacc_to_adni,/zjs/AD_Project/dual_shift_github/outputs/journal/apic_v3_2_screening_mci_ad/r4/seed42/nacc_to_adni/ce_x/journal_metrics.json,ce_x,17,clean,0.05941352323681769,0.7448917209534884,0.7166666666666667,,,,0.05941352323681769,0.0,0.0,0.0,0.0,0.0,0.0,0.0,0.0,0.0,0.0,0.0,,
/zjs/AD_Project/dual_shift_github/outputs/journal/apic_v3_2_screening_mci_ad/r4,42,nacc_to_adni,/zjs/AD_Project/dual_shift_github/outputs/journal/apic_v3_2_screening_mci_ad/r4/seed42/nacc_to_adni/ce_x/journal_metrics.json,ce_x,18,clean,0.032000001560723815,0.8013951924473706,0.7095238095238096,,,,0.032000001560723815,0.0,0.0,0.0,0.0,0.0,0.0,0.0,0.0,0.0,0.0,0.0,,
/zjs/AD_Project/dual_shift_github/outputs/journal/apic_v3_2_screening_mci_ad/r4,42,nacc_to_adni,/zjs/AD_Project/dual_shift_github/outputs/journal/apic_v3_2_screening_mci_ad/r4/seed42/nacc_to_adni/ce_x/journal_metrics.json,ce_x,19,clean,0.07736012417602248,0.8547834621066633,0.6976190476190477,,,,0.07736012417602248,0.0,0.0,0.0,0.0,0.0,0.0,0.0,0.0,0.0,0.0,0.0,,
/zjs/AD_Project/dual_shift_github/outputs/journal/apic_v3_2_screening_mci_ad/r4,42,nacc_to_adni,/zjs/AD_Project/dual_shift_github/outputs/journal/apic_v3_2_screening_mci_ad/r4/seed42/nacc_to_adni/ce_x/journal_metrics.json,ce_x,20,clean,0.024350016175939692,0.8859420754741947,0.6904761904761904,,,,0.024350016175939692,0.0,0.0,0.0,0.0,0.0,0.0,0.0,0.0,0.0,0.0,0.0,,
/zjs/AD_Project/dual_shift_github/outputs/journal/apic_v3_2_screening_mci_ad/r4,42,nacc_to_adni,/zjs/AD_Project/dual_shift_github/outputs/journal/apic_v3_2_screening_mci_ad/r4/seed42/nacc_to_adni/ce_x/journal_metrics.json,ce_x,21,clean,0.032973388490175885,0.8351040545315307,0.6880952380952382,,,,0.032973388490175885,0.0,0.0,0.0,0.0,0.0,0.0,0.0,0.0,0.0,0.0,0.0,,
/zjs/AD_Project/dual_shift_github/outputs/journal/apic_v3_2_screening_mci_ad/r4,42,nacc_to_adni,/zjs/AD_Project/dual_shift_github/outputs/journal/apic_v3_2_screening_mci_ad/r4/seed42/nacc_to_adni/ce_x/journal_metrics.json,ce_x,22,clean,0.025357145334224302,1.1820768250320526,0.6976190476190475,,,,0.025357145334224302,0.0,0.0,0.0,0.0,0.0,0.0,0.0,0.0,0.0,0.0,0.0,,
/zjs/AD_Project/dual_shift_github/outputs/journal/apic_v3_2_screening_mci_ad/r4,42,nacc_to_adni,/zjs/AD_Project/dual_shift_github/outputs/journal/apic_v3_2_screening_mci_ad/r4/seed42/nacc_to_adni/ce_x/journal_metrics.json,ce_x,23,clean,0.004921122187671741,1.0797280970587977,0.7071428571428572,,,,0.004921122187671741,0.0,0.0,0.0,0.0,0.0,0.0,0.0,0.0,0.0,0.0,0.0,,
/zjs/AD_Project/dual_shift_github/outputs/journal/apic_v3_2_screening_mci_ad/r4,42,nacc_to_adni,/zjs/AD_Project/dual_shift_github/outputs/journal/apic_v3_2_screening_mci_ad/r4/seed42/nacc_to_adni/ce_x/journal_metrics.json,ce_x,24,clean,0.019820278982863492,0.780595953513245,0.711904761904762,,,,0.019820278982863492,0.0,0.0,0.0,0.0,0.0,0.0,0.0,0.0,0.0,0.0,0.0,,
/zjs/AD_Project/dual_shift_github/outputs/journal/apic_v3_2_screening_mci_ad/r4,42,nacc_to_adni,/zjs/AD_Project/dual_shift_github/outputs/journal/apic_v3_2_screening_mci_ad/r4/seed42/nacc_to_adni/ce_x/journal_metrics.json,ce_x,25,clean,0.019440753503190113,1.7491547405195451,0.692857142857143,,,,0.019440753503190113,0.0,0.0,0.0,0.0,0.0,0.0,0.0,0.0,0.0,0.0,0.0,,
/zjs/AD_Project/dual_shift_github/outputs/journal/apic_v3_2_screening_mci_ad/r4,42,nacc_to_adni,/zjs/AD_Project/dual_shift_github/outputs/journal/apic_v3_2_screening_mci_ad/r4/seed42/nacc_to_adni/ce_x/journal_metrics.json,ce_x,26,clean,0.02310406609760002,0.8833247266685296,0.6809523809523809,,,,0.02310406609760002,0.0,0.0,0.0,0.0,0.0,0.0,0.0,0.0,0.0,0.0,0.0,,
/zjs/AD_Project/dual_shift_github/outputs/journal/apic_v3_2_screening_mci_ad/r4,42,nacc_to_adni,/zjs/AD_Project/dual_shift_github/outputs/journal/apic_v3_2_screening_mci_ad/r4/seed42/nacc_to_adni/ce_x/journal_metrics.json,ce_x,27,clean,0.005101715836532356,1.3389628759145042,0.6714285714285714,,,,0.005101715836532356,0.0,0.0,0.0,0.0,0.0,0.0,0.0,0.0,0.0,0.0,0.0,,
/zjs/AD_Project/dual_shift_github/outputs/journal/apic_v3_2_screening_mci_ad/r4,42,nacc_to_adni,/zjs/AD_Project/dual_shift_github/outputs/journal/apic_v3_2_screening_mci_ad/r4/seed42/nacc_to_adni/ce_x/journal_metrics.json,ce_x,28,clean,0.005904790331620348,0.9119318343464398,0.6976190476190475,,,,0.005904790331620348,0.0,0.0,0.0,0.0,0.0,0.0,0.0,0.0,0.0,0.0,0.0,,
/zjs/AD_Project/dual_shift_github/outputs/journal/apic_v3_2_screening_mci_ad/r4,42,nacc_to_adni,/zjs/AD_Project/dual_shift_github/outputs/journal/apic_v3_2_screening_mci_ad/r4/seed42/nacc_to_adni/ce_x/journal_metrics.json,ce_x,29,clean,0.002885312065644161,0.9445730300315592,0.7047619047619046,,,,0.002885312065644161,0.0,0.0,0.0,0.0,0.0,0.0,0.0,0.0,0.0,0.0,0.0,,
/zjs/AD_Project/dual_shift_github/outputs/journal/apic_v3_2_screening_mci_ad/r4,42,nacc_to_adni,/zjs/AD_Project/dual_shift_github/outputs/journal/apic_v3_2_screening_mci_ad/r4/seed42/nacc_to_adni/ce_x/journal_metrics.json,ce_x,30,clean,0.001409848751866297,0.9992428327008165,0.707142857142857,,,,0.001409848751866297,0.0,0.0,0.0,0.0,0.0,0.0,0.0,0.0,0.0,0.0,0.0,,
/zjs/AD_Project/dual_shift_github/outputs/journal/apic_v3_2_screening_mci_ad/r4,42,nacc_to_adni,/zjs/AD_Project/dual_shift_github/outputs/journal/apic_v3_2_screening_mci_ad/r4/seed42/nacc_to_adni/ce_x/journal_metrics.json,ce_x,31,clean,0.002156836559114493,1.0973582997037574,0.7095238095238093,,,,0.002156836559114493,0.0,0.0,0.0,0.0,0.0,0.0,0.0,0.0,0.0,0.0,0.0,,
/zjs/AD_Project/dual_shift_github/outputs/journal/apic_v3_2_screening_mci_ad/r4,42,nacc_to_adni,/zjs/AD_Project/dual_shift_github/outputs/journal/apic_v3_2_screening_mci_ad/r4/seed42/nacc_to_adni/ce_x/journal_metrics.json,ce_x,32,clean,0.0018515413793250342,1.014709652314633,0.7047619047619046,,,,0.0018515413793250342,0.0,0.0,0.0,0.0,0.0,0.0,0.0,0.0,0.0,0.0,0.0,,
/zjs/AD_Project/dual_shift_github/outputs/journal/apic_v3_2_screening_mci_ad/r4,42,nacc_to_adni,/zjs/AD_Project/dual_shift_github/outputs/journal/apic_v3_2_screening_mci_ad/r4/seed42/nacc_to_adni/ce_x/journal_metrics.json,ce_x,33,clean,0.0012675726181076187,0.9962570729546855,0.7023809523809522,,,,0.0012675726181076187,0.0,0.0,0.0,0.0,0.0,0.0,0.0,0.0,0.0,0.0,0.0,,
/zjs/AD_Project/dual_shift_github/outputs/journal/apic_v3_2_screening_mci_ad/r4,42,nacc_to_adni,/zjs/AD_Project/dual_shift_github/outputs/journal/apic_v3_2_screening_mci_ad/r4/seed42/nacc_to_adni/ce_x/journal_metrics.json,ce_x,34,clean,0.0007454087745011832,1.037926192975715,0.6999999999999998,,,,0.0007454087745011832,0.0,0.0,0.0,0.0,0.0,0.0,0.0,0.0,0.0,0.0,0.0,,
/zjs/AD_Project/dual_shift_github/outputs/journal/apic_v3_2_screening_mci_ad/r4,42,nacc_to_adni,/zjs/AD_Project/dual_shift_github/outputs/journal/apic_v3_2_screening_mci_ad/r4/seed42/nacc_to_adni/ce_x/journal_metrics.json,ce_x,35,clean,0.07116765722712819,0.7891834993335537,0.6333333333333333,,,,0.07116765722712819,0.0,0.0,0.0,0.0,0.0,0.0,0.0,0.0,0.0,0.0,0.0,,
/zjs/AD_Project/dual_shift_github/outputs/journal/apic_v3_2_screening_mci_ad/r4,42,nacc_to_adni,/zjs/AD_Project/dual_shift_github/outputs/journal/apic_v3_2_screening_mci_ad/r4/seed42/nacc_to_adni/ce_x/journal_metrics.json,ce_x,36,clean,0.05541659338452575,1.0976456892571615,0.6047619047619047,,,,0.05541659338452575,0.0,0.0,0.0,0.0,0.0,0.0,0.0,0.0,0.0,0.0,0.0,,
/zjs/AD_Project/dual_shift_github/outputs/journal/apic_v3_2_screening_mci_ad/r4,42,nacc_to_adni,/zjs/AD_Project/dual_shift_github/outputs/journal/apic_v3_2_screening_mci_ad/r4/seed42/nacc_to_adni/ce_x/journal_metrics.json,ce_x,37,clean,0.1425419066643784,1.1812881513680786,0.5904761904761905,,,,0.1425419066643784,0.0,0.0,0.0,0.0,0.0,0.0,0.0,0.0,0.0,0.0,0.0,,
/zjs/AD_Project/dual_shift_github/outputs/journal/apic_v3_2_screening_mci_ad/r4,42,nacc_to_adni,/zjs/AD_Project/dual_shift_github/outputs/journal/apic_v3_2_screening_mci_ad/r4/seed42/nacc_to_adni/ce_x/journal_metrics.json,ce_x,38,clean,0.11778197850259117,0.8491571033881151,0.6333333333333333,,,,0.11778197850259117,0.0,0.0,0.0,0.0,0.0,0.0,0.0,0.0,0.0,0.0,0.0,,
/zjs/AD_Project/dual_shift_github/outputs/journal/apic_v3_2_screening_mci_ad/r4,42,nacc_to_adni,/zjs/AD_Project/dual_shift_github/outputs/journal/apic_v3_2_screening_mci_ad/r4/seed42/nacc_to_adni/ce_x/journal_metrics.json,ce_x,39,clean,0.04968221214259062,1.2973471851643048,0.6499999999999999,,,,0.04968221214259062,0.0,0.0,0.0,0.0,0.0,0.0,0.0,0.0,0.0,0.0,0.0,,
/zjs/AD_Project/dual_shift_github/outputs/journal/apic_v3_2_screening_mci_ad/r4,42,nacc_to_adni,/zjs/AD_Project/dual_shift_github/outputs/journal/apic_v3_2_screening_mci_ad/r4/seed42/nacc_to_adni/ce_x/journal_metrics.json,ce_x,40,clean,0.049701112729962915,1.0614638741502775,0.638095238095238,,,,0.049701112729962915,0.0,0.0,0.0,0.0,0.0,0.0,0.0,0.0,0.0,0.0,0.0,,
/zjs/AD_Project/dual_shift_github/outputs/journal/apic_v3_2_screening_mci_ad/r4,42,nacc_to_adni,/zjs/AD_Project/dual_shift_github/outputs/journal/apic_v3_2_screening_mci_ad/r4/seed42/nacc_to_adni/ce_x/journal_metrics.json,ce_x,41,clean,0.04253869468751892,0.8465169628083582,0.6642857142857143,,,,0.04253869468751892,0.0,0.0,0.0,0.0,0.0,0.0,0.0,0.0,0.0,0.0,0.0,,
/zjs/AD_Project/dual_shift_github/outputs/journal/apic_v3_2_screening_mci_ad/r4,42,nacc_to_adni,/zjs/AD_Project/dual_shift_github/outputs/journal/apic_v3_2_screening_mci_ad/r4/seed42/nacc_to_adni/ce_x/journal_metrics.json,ce_x,42,clean,0.03367223504426068,0.9490132247440471,0.688095238095238,,,,0.03367223504426068,0.0,0.0,0.0,0.0,0.0,0.0,0.0,0.0,0.0,0.0,0.0,,
/zjs/AD_Project/dual_shift_github/outputs/journal/apic_v3_2_screening_mci_ad/r4,42,nacc_to_adni,/zjs/AD_Project/dual_shift_github/outputs/journal/apic_v3_2_screening_mci_ad/r4/seed42/nacc_to_adni/ce_x/journal_metrics.json,ce_x,43,clean,0.02367652100948953,1.0267904737222016,0.719047619047619,,,,0.02367652100948953,0.0,0.0,0.0,0.0,0.0,0.0,0.0,0.0,0.0,0.0,0.0,,
/zjs/AD_Project/dual_shift_github/outputs/journal/apic_v3_2_screening_mci_ad/r4,42,nacc_to_adni,/zjs/AD_Project/dual_shift_github/outputs/journal/apic_v3_2_screening_mci_ad/r4/seed42/nacc_to_adni/ce_x/journal_metrics.json,ce_x,44,clean,0.013496098158096164,0.9162671971756307,0.711904761904762,,,,0.013496098158096164,0.0,0.0,0.0,0.0,0.0,0.0,0.0,0.0,0.0,0.0,0.0,,
/zjs/AD_Project/dual_shift_github/outputs/journal/apic_v3_2_screening_mci_ad/r4,42,nacc_to_adni,/zjs/AD_Project/dual_shift_github/outputs/journal/apic_v3_2_screening_mci_ad/r4/seed42/nacc_to_adni/ce_x/journal_metrics.json,ce_x,45,clean,0.0024583099014485812,0.9744926569650748,0.6928571428571427,,,,0.0024583099014485812,0.0,0.0,0.0,0.0,0.0,0.0,0.0,0.0,0.0,0.0,0.0,,
/zjs/AD_Project/dual_shift_github/outputs/journal/apic_v3_2_screening_mci_ad/r4,42,nacc_to_adni,/zjs/AD_Project/dual_shift_github/outputs/journal/apic_v3_2_screening_mci_ad/r4/seed42/nacc_to_adni/ce_x/journal_metrics.json,ce_x,46,clean,0.0040289976411455874,1.0298476177245848,0.6809523809523809,,,,0.0040289976411455874,0.0,0.0,0.0,0.0,0.0,0.0,0.0,0.0,0.0,0.0,0.0,,
/zjs/AD_Project/dual_shift_github/outputs/journal/apic_v3_2_screening_mci_ad/r4,42,nacc_to_adni,/zjs/AD_Project/dual_shift_github/outputs/journal/apic_v3_2_screening_mci_ad/r4/seed42/nacc_to_adni/ce_x/journal_metrics.json,ce_x,47,clean,0.003993193114886886,1.101193434903897,0.6809523809523809,,,,0.003993193114886886,0.0,0.0,0.0,0.0,0.0,0.0,0.0,0.0,0.0,0.0,0.0,,
/zjs/AD_Project/dual_shift_github/outputs/journal/apic_v3_2_screening_mci_ad/r4,42,nacc_to_adni,/zjs/AD_Project/dual_shift_github/outputs/journal/apic_v3_2_screening_mci_ad/r4/seed42/nacc_to_adni/ce_x/journal_metrics.json,ce_x,48,clean,0.0035307534933438256,1.1419215090912014,0.688095238095238,,,,0.0035307534933438256,0.0,0.0,0.0,0.0,0.0,0.0,0.0,0.0,0.0,0.0,0.0,,
/zjs/AD_Project/dual_shift_github/outputs/journal/apic_v3_2_screening_mci_ad/r4,42,nacc_to_adni,/zjs/AD_Project/dual_shift_github/outputs/journal/apic_v3_2_screening_mci_ad/r4/seed42/nacc_to_adni/ce_x/journal_metrics.json,ce_x,49,clean,0.0018089170601895829,1.0435647063261018,0.6833333333333332,,,,0.0018089170601895829,0.0,0.0,0.0,0.0,0.0,0.0,0.0,0.0,0.0,0.0,0.0,,
/zjs/AD_Project/dual_shift_github/outputs/journal/apic_v3_2_screening_mci_ad/r4,42,nacc_to_adni,/zjs/AD_Project/dual_shift_github/outputs/journal/apic_v3_2_screening_mci_ad/r4/seed42/nacc_to_adni/ce_x/journal_metrics.json,ce_x,50,clean,0.0012773957293115788,1.0759873920342626,0.6904761904761904,,,,0.0012773957293115788,0.0,0.0,0.0,0.0,0.0,0.0,0.0,0.0,0.0,0.0,0.0,,
/zjs/AD_Project/dual_shift_github/outputs/journal/apic_v3_2_screening_mci_ad/r4,42,nacc_to_adni,/zjs/AD_Project/dual_shift_github/outputs/journal/apic_v3_2_screening_mci_ad/r4/seed42/nacc_to_adni/mixstyle_x/journal_metrics.json,mixstyle_x,1,mixstyle,0.5624206258924966,2.2216432690690446,0.5,,,,0.5624206258924966,0.0,0.0,0.0,0.0,0.0,0.0,0.0,0.0,0.0,0.0,0.0,,
/zjs/AD_Project/dual_shift_github/outputs/journal/apic_v3_2_screening_mci_ad/r4,42,nacc_to_adni,/zjs/AD_Project/dual_shift_github/outputs/journal/apic_v3_2_screening_mci_ad/r4/seed42/nacc_to_adni/mixstyle_x/journal_metrics.json,mixstyle_x,2,mixstyle,0.46251857787677925,0.7550871608064587,0.5035714285714286,,,,0.46251857787677925,0.0,0.0,0.0,0.0,0.0,0.0,0.0,0.0,0.0,0.0,0.0,,
/zjs/AD_Project/dual_shift_github/outputs/journal/apic_v3_2_screening_mci_ad/r4,42,nacc_to_adni,/zjs/AD_Project/dual_shift_github/outputs/journal/apic_v3_2_screening_mci_ad/r4/seed42/nacc_to_adni/mixstyle_x/journal_metrics.json,mixstyle_x,3,mixstyle,0.42141007912374034,0.767815379881041,0.5476190476190476,,,,0.42141007912374034,0.0,0.0,0.0,0.0,0.0,0.0,0.0,0.0,0.0,0.0,0.0,,
/zjs/AD_Project/dual_shift_github/outputs/journal/apic_v3_2_screening_mci_ad/r4,42,nacc_to_adni,/zjs/AD_Project/dual_shift_github/outputs/journal/apic_v3_2_screening_mci_ad/r4/seed42/nacc_to_adni/mixstyle_x/journal_metrics.json,mixstyle_x,4,mixstyle,0.3333307570038536,0.6750558242761999,0.5738095238095239,,,,0.3333307570038536,0.0,0.0,0.0,0.0,0.0,0.0,0.0,0.0,0.0,0.0,0.0,,
/zjs/AD_Project/dual_shift_github/outputs/journal/apic_v3_2_screening_mci_ad/r4,42,nacc_to_adni,/zjs/AD_Project/dual_shift_github/outputs/journal/apic_v3_2_screening_mci_ad/r4/seed42/nacc_to_adni/mixstyle_x/journal_metrics.json,mixstyle_x,5,mixstyle,0.29935793105282427,0.8335879013516513,0.6071428571428572,,,,0.29935793105282427,0.0,0.0,0.0,0.0,0.0,0.0,0.0,0.0,0.0,0.0,0.0,,
/zjs/AD_Project/dual_shift_github/outputs/journal/apic_v3_2_screening_mci_ad/r4,42,nacc_to_adni,/zjs/AD_Project/dual_shift_github/outputs/journal/apic_v3_2_screening_mci_ad/r4/seed42/nacc_to_adni/mixstyle_x/journal_metrics.json,mixstyle_x,6,mixstyle,0.25734759089488957,0.8863569821696728,0.6214285714285716,,,,0.25734759089488957,0.0,0.0,0.0,0.0,0.0,0.0,0.0,0.0,0.0,0.0,0.0,,
/zjs/AD_Project/dual_shift_github/outputs/journal/apic_v3_2_screening_mci_ad/r4,42,nacc_to_adni,/zjs/AD_Project/dual_shift_github/outputs/journal/apic_v3_2_screening_mci_ad/r4/seed42/nacc_to_adni/mixstyle_x/journal_metrics.json,mixstyle_x,7,mixstyle,0.2167702779538699,0.757898088096452,0.6571428571428571,,,,0.2167702779538699,0.0,0.0,0.0,0.0,0.0,0.0,0.0,0.0,0.0,0.0,0.0,,
/zjs/AD_Project/dual_shift_github/outputs/journal/apic_v3_2_screening_mci_ad/r4,42,nacc_to_adni,/zjs/AD_Project/dual_shift_github/outputs/journal/apic_v3_2_screening_mci_ad/r4/seed42/nacc_to_adni/mixstyle_x/journal_metrics.json,mixstyle_x,8,mixstyle,0.26946622967124756,1.2731575164164914,0.6404761904761905,,,,0.26946622967124756,0.0,0.0,0.0,0.0,0.0,0.0,0.0,0.0,0.0,0.0,0.0,,
/zjs/AD_Project/dual_shift_github/outputs/journal/apic_v3_2_screening_mci_ad/r4,42,nacc_to_adni,/zjs/AD_Project/dual_shift_github/outputs/journal/apic_v3_2_screening_mci_ad/r4/seed42/nacc_to_adni/mixstyle_x/journal_metrics.json,mixstyle_x,9,mixstyle,0.11927919351428594,0.7732900508261055,0.6428571428571429,,,,0.11927919351428594,0.0,0.0,0.0,0.0,0.0,0.0,0.0,0.0,0.0,0.0,0.0,,
/zjs/AD_Project/dual_shift_github/outputs/journal/apic_v3_2_screening_mci_ad/r4,42,nacc_to_adni,/zjs/AD_Project/dual_shift_github/outputs/journal/apic_v3_2_screening_mci_ad/r4/seed42/nacc_to_adni/mixstyle_x/journal_metrics.json,mixstyle_x,10,mixstyle,0.21290127601781764,0.9207426386367166,0.6095238095238096,,,,0.21290127601781764,0.0,0.0,0.0,0.0,0.0,0.0,0.0,0.0,0.0,0.0,0.0,,
/zjs/AD_Project/dual_shift_github/outputs/journal/apic_v3_2_screening_mci_ad/r4,42,nacc_to_adni,/zjs/AD_Project/dual_shift_github/outputs/journal/apic_v3_2_screening_mci_ad/r4/seed42/nacc_to_adni/mixstyle_x/journal_metrics.json,mixstyle_x,11,mixstyle,0.1658566003262075,0.931323959394113,0.6428571428571428,,,,0.1658566003262075,0.0,0.0,0.0,0.0,0.0,0.0,0.0,0.0,0.0,0.0,0.0,,
/zjs/AD_Project/dual_shift_github/outputs/journal/apic_v3_2_screening_mci_ad/r4,42,nacc_to_adni,/zjs/AD_Project/dual_shift_github/outputs/journal/apic_v3_2_screening_mci_ad/r4/seed42/nacc_to_adni/mixstyle_x/journal_metrics.json,mixstyle_x,12,mixstyle,0.16720300250609896,0.7258224094118503,0.6452380952380953,,,,0.16720300250609896,0.0,0.0,0.0,0.0,0.0,0.0,0.0,0.0,0.0,0.0,0.0,,
/zjs/AD_Project/dual_shift_github/outputs/journal/apic_v3_2_screening_mci_ad/r4,42,nacc_to_adni,/zjs/AD_Project/dual_shift_github/outputs/journal/apic_v3_2_screening_mci_ad/r4/seed42/nacc_to_adni/mixstyle_x/journal_metrics.json,mixstyle_x,13,mixstyle,0.11516382358128148,0.8383368563709633,0.6619047619047619,,,,0.11516382358128148,0.0,0.0,0.0,0.0,0.0,0.0,0.0,0.0,0.0,0.0,0.0,,
/zjs/AD_Project/dual_shift_github/outputs/journal/apic_v3_2_screening_mci_ad/r4,42,nacc_to_adni,/zjs/AD_Project/dual_shift_github/outputs/journal/apic_v3_2_screening_mci_ad/r4/seed42/nacc_to_adni/mixstyle_x/journal_metrics.json,mixstyle_x,14,mixstyle,0.0786189185983511,0.7726520210140406,0.6904761904761904,,,,0.0786189185983511,0.0,0.0,0.0,0.0,0.0,0.0,0.0,0.0,0.0,0.0,0.0,,
/zjs/AD_Project/dual_shift_github/outputs/journal/apic_v3_2_screening_mci_ad/r4,42,nacc_to_adni,/zjs/AD_Project/dual_shift_github/outputs/journal/apic_v3_2_screening_mci_ad/r4/seed42/nacc_to_adni/mixstyle_x/journal_metrics.json,mixstyle_x,15,mixstyle,0.09886904359679938,0.9043052854061063,0.6904761904761904,,,,0.09886904359679938,0.0,0.0,0.0,0.0,0.0,0.0,0.0,0.0,0.0,0.0,0.0,,
/zjs/AD_Project/dual_shift_github/outputs/journal/apic_v3_2_screening_mci_ad/r4,42,nacc_to_adni,/zjs/AD_Project/dual_shift_github/outputs/journal/apic_v3_2_screening_mci_ad/r4/seed42/nacc_to_adni/mixstyle_x/journal_metrics.json,mixstyle_x,16,mixstyle,0.17312906234832384,1.0466645431826924,0.6809523809523809,,,,0.17312906234832384,0.0,0.0,0.0,0.0,0.0,0.0,0.0,0.0,0.0,0.0,0.0,,
/zjs/AD_Project/dual_shift_github/outputs/journal/apic_v3_2_screening_mci_ad/r4,42,nacc_to_adni,/zjs/AD_Project/dual_shift_github/outputs/journal/apic_v3_2_screening_mci_ad/r4/seed42/nacc_to_adni/mixstyle_x/journal_metrics.json,mixstyle_x,17,mixstyle,0.09111011329529442,0.8235673901705506,0.6666666666666666,,,,0.09111011329529442,0.0,0.0,0.0,0.0,0.0,0.0,0.0,0.0,0.0,0.0,0.0,,
/zjs/AD_Project/dual_shift_github/outputs/journal/apic_v3_2_screening_mci_ad/r4,42,nacc_to_adni,/zjs/AD_Project/dual_shift_github/outputs/journal/apic_v3_2_screening_mci_ad/r4/seed42/nacc_to_adni/mixstyle_x/journal_metrics.json,mixstyle_x,18,mixstyle,0.04148913765105313,0.8699698005216476,0.6595238095238095,,,,0.04148913765105313,0.0,0.0,0.0,0.0,0.0,0.0,0.0,0.0,0.0,0.0,0.0,,
/zjs/AD_Project/dual_shift_github/outputs/journal/apic_v3_2_screening_mci_ad/r4,42,nacc_to_adni,/zjs/AD_Project/dual_shift_github/outputs/journal/apic_v3_2_screening_mci_ad/r4/seed42/nacc_to_adni/mixstyle_x/journal_metrics.json,mixstyle_x,19,mixstyle,0.061425107635663265,0.9162637412988343,0.688095238095238,,,,0.061425107635663265,0.0,0.0,0.0,0.0,0.0,0.0,0.0,0.0,0.0,0.0,0.0,,
/zjs/AD_Project/dual_shift_github/outputs/journal/apic_v3_2_screening_mci_ad/r4,42,nacc_to_adni,/zjs/AD_Project/dual_shift_github/outputs/journal/apic_v3_2_screening_mci_ad/r4/seed42/nacc_to_adni/mixstyle_x/journal_metrics.json,mixstyle_x,20,mixstyle,0.03847169071872786,0.9846529352047159,0.6738095238095237,,,,0.03847169071872786,0.0,0.0,0.0,0.0,0.0,0.0,0.0,0.0,0.0,0.0,0.0,,
/zjs/AD_Project/dual_shift_github/outputs/journal/apic_v3_2_screening_mci_ad/r4,42,nacc_to_adni,/zjs/AD_Project/dual_shift_github/outputs/journal/apic_v3_2_screening_mci_ad/r4/seed42/nacc_to_adni/mixstyle_x/journal_metrics.json,mixstyle_x,21,mixstyle,0.030008777267342798,0.9473086660811012,0.6857142857142856,,,,0.030008777267342798,0.0,0.0,0.0,0.0,0.0,0.0,0.0,0.0,0.0,0.0,0.0,,
/zjs/AD_Project/dual_shift_github/outputs/journal/apic_v3_2_screening_mci_ad/r4,42,nacc_to_adni,/zjs/AD_Project/dual_shift_github/outputs/journal/apic_v3_2_screening_mci_ad/r4/seed42/nacc_to_adni/mixstyle_x/journal_metrics.json,mixstyle_x,22,mixstyle,0.04082964703149028,0.9691876055809203,0.692857142857143,,,,0.04082964703149028,0.0,0.0,0.0,0.0,0.0,0.0,0.0,0.0,0.0,0.0,0.0,,
/zjs/AD_Project/dual_shift_github/outputs/journal/apic_v3_2_screening_mci_ad/r4,42,nacc_to_adni,/zjs/AD_Project/dual_shift_github/outputs/journal/apic_v3_2_screening_mci_ad/r4/seed42/nacc_to_adni/mixstyle_x/journal_metrics.json,mixstyle_x,23,mixstyle,0.012813257604967035,0.9186941194619381,0.707142857142857,,,,0.012813257604967035,0.0,0.0,0.0,0.0,0.0,0.0,0.0,0.0,0.0,0.0,0.0,,
/zjs/AD_Project/dual_shift_github/outputs/journal/apic_v3_2_screening_mci_ad/r4,42,nacc_to_adni,/zjs/AD_Project/dual_shift_github/outputs/journal/apic_v3_2_screening_mci_ad/r4/seed42/nacc_to_adni/mixstyle_x/journal_metrics.json,mixstyle_x,24,mixstyle,0.013791179569340888,0.8924713280144729,0.6999999999999998,,,,0.013791179569340888,0.0,0.0,0.0,0.0,0.0,0.0,0.0,0.0,0.0,0.0,0.0,,
/zjs/AD_Project/dual_shift_github/outputs/journal/apic_v3_2_screening_mci_ad/r4,42,nacc_to_adni,/zjs/AD_Project/dual_shift_github/outputs/journal/apic_v3_2_screening_mci_ad/r4/seed42/nacc_to_adni/mixstyle_x/journal_metrics.json,mixstyle_x,25,mixstyle,0.01133580274952542,1.0434095499213414,0.7023809523809524,,,,0.01133580274952542,0.0,0.0,0.0,0.0,0.0,0.0,0.0,0.0,0.0,0.0,0.0,,
/zjs/AD_Project/dual_shift_github/outputs/journal/apic_v3_2_screening_mci_ad/r4,42,nacc_to_adni,/zjs/AD_Project/dual_shift_github/outputs/journal/apic_v3_2_screening_mci_ad/r4/seed42/nacc_to_adni/mixstyle_x/journal_metrics.json,mixstyle_x,26,mixstyle,0.07954055653793794,1.126096539432183,0.692857142857143,,,,0.07954055653793794,0.0,0.0,0.0,0.0,0.0,0.0,0.0,0.0,0.0,0.0,0.0,,
/zjs/AD_Project/dual_shift_github/outputs/journal/apic_v3_2_screening_mci_ad/r4,42,nacc_to_adni,/zjs/AD_Project/dual_shift_github/outputs/journal/apic_v3_2_screening_mci_ad/r4/seed42/nacc_to_adni/mixstyle_x/journal_metrics.json,mixstyle_x,27,mixstyle,0.020038257347307045,2.617172405868074,0.6428571428571428,,,,0.020038257347307045,0.0,0.0,0.0,0.0,0.0,0.0,0.0,0.0,0.0,0.0,0.0,,
/zjs/AD_Project/dual_shift_github/outputs/journal/apic_v3_2_screening_mci_ad/r4,42,nacc_to_adni,/zjs/AD_Project/dual_shift_github/outputs/journal/apic_v3_2_screening_mci_ad/r4/seed42/nacc_to_adni/mixstyle_x/journal_metrics.json,mixstyle_x,28,mixstyle,0.09976670053096238,1.0120404569263206,0.6214285714285714,,,,0.09976670053096238,0.0,0.0,0.0,0.0,0.0,0.0,0.0,0.0,0.0,0.0,0.0,,
/zjs/AD_Project/dual_shift_github/outputs/journal/apic_v3_2_screening_mci_ad/r4,42,nacc_to_adni,/zjs/AD_Project/dual_shift_github/outputs/journal/apic_v3_2_screening_mci_ad/r4/seed42/nacc_to_adni/mixstyle_x/journal_metrics.json,mixstyle_x,29,mixstyle,0.07962513763155096,1.0077869218066895,0.6476190476190476,,,,0.07962513763155096,0.0,0.0,0.0,0.0,0.0,0.0,0.0,0.0,0.0,0.0,0.0,,
/zjs/AD_Project/dual_shift_github/outputs/journal/apic_v3_2_screening_mci_ad/r4,42,nacc_to_adni,/zjs/AD_Project/dual_shift_github/outputs/journal/apic_v3_2_screening_mci_ad/r4/seed42/nacc_to_adni/mixstyle_x/journal_metrics.json,mixstyle_x,30,mixstyle,0.02170119816575382,1.0878757562481096,0.6904761904761904,,,,0.02170119816575382,0.0,0.0,0.0,0.0,0.0,0.0,0.0,0.0,0.0,0.0,0.0,,
/zjs/AD_Project/dual_shift_github/outputs/journal/apic_v3_2_screening_mci_ad/r4,42,nacc_to_adni,/zjs/AD_Project/dual_shift_github/outputs/journal/apic_v3_2_screening_mci_ad/r4/seed42/nacc_to_adni/mixstyle_x/journal_metrics.json,mixstyle_x,31,mixstyle,0.012524076195592157,1.1449242765272098,0.7166666666666667,,,,0.012524076195592157,0.0,0.0,0.0,0.0,0.0,0.0,0.0,0.0,0.0,0.0,0.0,,
/zjs/AD_Project/dual_shift_github/outputs/journal/apic_v3_2_screening_mci_ad/r4,42,nacc_to_adni,/zjs/AD_Project/dual_shift_github/outputs/journal/apic_v3_2_screening_mci_ad/r4/seed42/nacc_to_adni/mixstyle_x/journal_metrics.json,mixstyle_x,32,mixstyle,0.016524752336446215,0.9490018235440751,0.6928571428571427,,,,0.016524752336446215,0.0,0.0,0.0,0.0,0.0,0.0,0.0,0.0,0.0,0.0,0.0,,
/zjs/AD_Project/dual_shift_github/outputs/journal/apic_v3_2_screening_mci_ad/r4,42,nacc_to_adni,/zjs/AD_Project/dual_shift_github/outputs/journal/apic_v3_2_screening_mci_ad/r4/seed42/nacc_to_adni/mixstyle_x/journal_metrics.json,mixstyle_x,33,mixstyle,0.011998334672714862,1.7117534148020153,0.6833333333333332,,,,0.011998334672714862,0.0,0.0,0.0,0.0,0.0,0.0,0.0,0.0,0.0,0.0,0.0,,
/zjs/AD_Project/dual_shift_github/outputs/journal/apic_v3_2_screening_mci_ad/r4,42,nacc_to_adni,/zjs/AD_Project/dual_shift_github/outputs/journal/apic_v3_2_screening_mci_ad/r4/seed42/nacc_to_adni/mixstyle_x/journal_metrics.json,mixstyle_x,34,mixstyle,0.008515078182717468,1.1330042193983805,0.6809523809523809,,,,0.008515078182717468,0.0,0.0,0.0,0.0,0.0,0.0,0.0,0.0,0.0,0.0,0.0,,
/zjs/AD_Project/dual_shift_github/outputs/journal/apic_v3_2_screening_mci_ad/r4,42,nacc_to_adni,/zjs/AD_Project/dual_shift_github/outputs/journal/apic_v3_2_screening_mci_ad/r4/seed42/nacc_to_adni/mixstyle_x/journal_metrics.json,mixstyle_x,35,mixstyle,0.008795591950063719,1.1183708170770241,0.6904761904761904,,,,0.008795591950063719,0.0,0.0,0.0,0.0,0.0,0.0,0.0,0.0,0.0,0.0,0.0,,
/zjs/AD_Project/dual_shift_github/outputs/journal/apic_v3_2_screening_mci_ad/r4,42,nacc_to_adni,/zjs/AD_Project/dual_shift_github/outputs/journal/apic_v3_2_screening_mci_ad/r4/seed42/nacc_to_adni/mixstyle_x/journal_metrics.json,mixstyle_x,36,mixstyle,0.001968785477505118,1.178800972469179,0.7142857142857143,,,,0.001968785477505118,0.0,0.0,0.0,0.0,0.0,0.0,0.0,0.0,0.0,0.0,0.0,,
/zjs/AD_Project/dual_shift_github/outputs/journal/apic_v3_2_screening_mci_ad/r4,42,nacc_to_adni,/zjs/AD_Project/dual_shift_github/outputs/journal/apic_v3_2_screening_mci_ad/r4/seed42/nacc_to_adni/mixstyle_x/journal_metrics.json,mixstyle_x,37,mixstyle,0.0012352888600045057,1.2539859091490158,0.6999999999999998,,,,0.0012352888600045057,0.0,0.0,0.0,0.0,0.0,0.0,0.0,0.0,0.0,0.0,0.0,,
/zjs/AD_Project/dual_shift_github/outputs/journal/apic_v3_2_screening_mci_ad/r4,42,nacc_to_adni,/zjs/AD_Project/dual_shift_github/outputs/journal/apic_v3_2_screening_mci_ad/r4/seed42/nacc_to_adni/mixstyle_x/journal_metrics.json,mixstyle_x,38,mixstyle,0.0028784089056701763,1.2596727957810308,0.6999999999999998,,,,0.0028784089056701763,0.0,0.0,0.0,0.0,0.0,0.0,0.0,0.0,0.0,0.0,0.0,,
/zjs/AD_Project/dual_shift_github/outputs/journal/apic_v3_2_screening_mci_ad/r4,42,nacc_to_adni,/zjs/AD_Project/dual_shift_github/outputs/journal/apic_v3_2_screening_mci_ad/r4/seed42/nacc_to_adni/mixstyle_x/journal_metrics.json,mixstyle_x,39,mixstyle,0.0039052143035133696,1.1728988449339566,0.6999999999999998,,,,0.0039052143035133696,0.0,0.0,0.0,0.0,0.0,0.0,0.0,0.0,0.0,0.0,0.0,,
/zjs/AD_Project/dual_shift_github/outputs/journal/apic_v3_2_screening_mci_ad/r4,42,nacc_to_adni,/zjs/AD_Project/dual_shift_github/outputs/journal/apic_v3_2_screening_mci_ad/r4/seed42/nacc_to_adni/mixstyle_x/journal_metrics.json,mixstyle_x,40,mixstyle,0.0027517581012156387,1.2122947842789082,0.7047619047619046,,,,0.0027517581012156387,0.0,0.0,0.0,0.0,0.0,0.0,0.0,0.0,0.0,0.0,0.0,,
/zjs/AD_Project/dual_shift_github/outputs/journal/apic_v3_2_screening_mci_ad/r4,42,nacc_to_adni,/zjs/AD_Project/dual_shift_github/outputs/journal/apic_v3_2_screening_mci_ad/r4/seed42/nacc_to_adni/mixstyle_x/journal_metrics.json,mixstyle_x,41,mixstyle,0.0017472077618633905,1.2329937673958993,0.7023809523809522,,,,0.0017472077618633905,0.0,0.0,0.0,0.0,0.0,0.0,0.0,0.0,0.0,0.0,0.0,,
/zjs/AD_Project/dual_shift_github/outputs/journal/apic_v3_2_screening_mci_ad/r4,42,nacc_to_adni,/zjs/AD_Project/dual_shift_github/outputs/journal/apic_v3_2_screening_mci_ad/r4/seed42/nacc_to_adni/mixstyle_x/journal_metrics.json,mixstyle_x,42,mixstyle,0.002728798947406251,1.110967016738513,0.688095238095238,,,,0.002728798947406251,0.0,0.0,0.0,0.0,0.0,0.0,0.0,0.0,0.0,0.0,0.0,,
/zjs/AD_Project/dual_shift_github/outputs/journal/apic_v3_2_screening_mci_ad/r4,42,nacc_to_adni,/zjs/AD_Project/dual_shift_github/outputs/journal/apic_v3_2_screening_mci_ad/r4/seed42/nacc_to_adni/mixstyle_x/journal_metrics.json,mixstyle_x,43,mixstyle,0.0017658114567106187,1.2240860954594897,0.6761904761904761,,,,0.0017658114567106187,0.0,0.0,0.0,0.0,0.0,0.0,0.0,0.0,0.0,0.0,0.0,,
/zjs/AD_Project/dual_shift_github/outputs/journal/apic_v3_2_screening_mci_ad/r4,42,nacc_to_adni,/zjs/AD_Project/dual_shift_github/outputs/journal/apic_v3_2_screening_mci_ad/r4/seed42/nacc_to_adni/mixstyle_x/journal_metrics.json,mixstyle_x,44,mixstyle,0.001437937224388228,1.192042426739231,0.669047619047619,,,,0.001437937224388228,0.0,0.0,0.0,0.0,0.0,0.0,0.0,0.0,0.0,0.0,0.0,,
/zjs/AD_Project/dual_shift_github/outputs/journal/apic_v3_2_screening_mci_ad/r4,42,nacc_to_adni,/zjs/AD_Project/dual_shift_github/outputs/journal/apic_v3_2_screening_mci_ad/r4/seed42/nacc_to_adni/mixstyle_x/journal_metrics.json,mixstyle_x,45,mixstyle,0.001032229332306144,1.2778595741276928,0.6761904761904761,,,,0.001032229332306144,0.0,0.0,0.0,0.0,0.0,0.0,0.0,0.0,0.0,0.0,0.0,,
/zjs/AD_Project/dual_shift_github/outputs/journal/apic_v3_2_screening_mci_ad/r4,42,nacc_to_adni,/zjs/AD_Project/dual_shift_github/outputs/journal/apic_v3_2_screening_mci_ad/r4/seed42/nacc_to_adni/mixstyle_x/journal_metrics.json,mixstyle_x,46,mixstyle,0.0011809799864740571,1.3045612744965347,0.6761904761904761,,,,0.0011809799864740571,0.0,0.0,0.0,0.0,0.0,0.0,0.0,0.0,0.0,0.0,0.0,,
/zjs/AD_Project/dual_shift_github/outputs/journal/apic_v3_2_screening_mci_ad/r4,42,nacc_to_adni,/zjs/AD_Project/dual_shift_github/outputs/journal/apic_v3_2_screening_mci_ad/r4/seed42/nacc_to_adni/mixstyle_x/journal_metrics.json,mixstyle_x,47,mixstyle,0.0010970054984485165,1.2949144506957855,0.669047619047619,,,,0.0010970054984485165,0.0,0.0,0.0,0.0,0.0,0.0,0.0,0.0,0.0,0.0,0.0,,
/zjs/AD_Project/dual_shift_github/outputs/journal/apic_v3_2_screening_mci_ad/r4,42,nacc_to_adni,/zjs/AD_Project/dual_shift_github/outputs/journal/apic_v3_2_screening_mci_ad/r4/seed42/nacc_to_adni/mixstyle_x/journal_metrics.json,mixstyle_x,48,mixstyle,0.0012626758685543144,1.280491197229117,0.6571428571428571,,,,0.0012626758685543144,0.0,0.0,0.0,0.0,0.0,0.0,0.0,0.0,0.0,0.0,0.0,,
/zjs/AD_Project/dual_shift_github/outputs/journal/apic_v3_2_screening_mci_ad/r4,42,nacc_to_adni,/zjs/AD_Project/dual_shift_github/outputs/journal/apic_v3_2_screening_mci_ad/r4/seed42/nacc_to_adni/mixstyle_x/journal_metrics.json,mixstyle_x,49,mixstyle,0.0008945366784452566,1.2973175857265793,0.6595238095238095,,,,0.0008945366784452566,0.0,0.0,0.0,0.0,0.0,0.0,0.0,0.0,0.0,0.0,0.0,,
/zjs/AD_Project/dual_shift_github/outputs/journal/apic_v3_2_screening_mci_ad/r4,42,nacc_to_adni,/zjs/AD_Project/dual_shift_github/outputs/journal/apic_v3_2_screening_mci_ad/r4/seed42/nacc_to_adni/mixstyle_x/journal_metrics.json,mixstyle_x,50,mixstyle,0.0005802899252454698,1.4010676479109199,0.6619047619047619,,,,0.0005802899252454698,0.0,0.0,0.0,0.0,0.0,0.0,0.0,0.0,0.0,0.0,0.0,,
/zjs/AD_Project/dual_shift_github/outputs/journal/apic_v3_2_screening_mci_ad/r4,43,adni_to_nacc,/zjs/AD_Project/dual_shift_github/outputs/journal/apic_v3_2_screening_mci_ad/r4/seed43/adni_to_nacc/apic_v3_2_x/journal_metrics.json,apic_v3_2_x,1,clean_warmup,0.577076314810184,1.2481666974073977,0.5652173913043478,,,,0.577076314810184,0.0,0.0,0.0,0.0,0.0,0.0,0.0,0.0,0.0,0.0,0.0,0,0.0
/zjs/AD_Project/dual_shift_github/outputs/journal/apic_v3_2_screening_mci_ad/r4,43,adni_to_nacc,/zjs/AD_Project/dual_shift_github/outputs/journal/apic_v3_2_screening_mci_ad/r4/seed43/adni_to_nacc/apic_v3_2_x/journal_metrics.json,apic_v3_2_x,2,clean_warmup,0.4435129041718964,0.7625715047667879,0.5895140664961637,,,,0.4435129041718964,0.0,0.0,0.0,0.0,0.0,0.0,0.0,0.0,0.0,0.0,0.0,0,0.0
/zjs/AD_Project/dual_shift_github/outputs/journal/apic_v3_2_screening_mci_ad/r4,43,adni_to_nacc,/zjs/AD_Project/dual_shift_github/outputs/journal/apic_v3_2_screening_mci_ad/r4/seed43/adni_to_nacc/apic_v3_2_x/journal_metrics.json,apic_v3_2_x,3,clean_warmup,0.42372663400255806,1.3173995271256758,0.571611253196931,,,,0.42372663400255806,0.0,0.0,0.0,0.0,0.0,0.0,0.0,0.0,0.0,0.0,0.0,0,0.0
/zjs/AD_Project/dual_shift_github/outputs/journal/apic_v3_2_screening_mci_ad/r4,43,adni_to_nacc,/zjs/AD_Project/dual_shift_github/outputs/journal/apic_v3_2_screening_mci_ad/r4/seed43/adni_to_nacc/apic_v3_2_x/journal_metrics.json,apic_v3_2_x,4,clean_warmup,0.45273322084605105,0.7823965546051297,0.5682011935208866,,,,0.45273322084605105,0.0,0.0,0.0,0.0,0.0,0.0,0.0,0.0,0.0,0.0,0.0,0,0.0
/zjs/AD_Project/dual_shift_github/outputs/journal/apic_v3_2_screening_mci_ad/r4,43,adni_to_nacc,/zjs/AD_Project/dual_shift_github/outputs/journal/apic_v3_2_screening_mci_ad/r4/seed43/adni_to_nacc/apic_v3_2_x/journal_metrics.json,apic_v3_2_x,5,clean_warmup,0.3083496112007611,1.1660359419813944,0.5439045183290708,,,,0.3083496112007611,0.0,0.0,0.0,0.0,0.0,0.0,0.0,0.0,0.0,0.0,0.0,0,0.0
/zjs/AD_Project/dual_shift_github/outputs/journal/apic_v3_2_screening_mci_ad/r4,43,adni_to_nacc,/zjs/AD_Project/dual_shift_github/outputs/journal/apic_v3_2_screening_mci_ad/r4/seed43/adni_to_nacc/apic_v3_2_x/journal_metrics.json,apic_v3_2_x,6,style_bank_build,0.20573361787142805,1.1660359419813944,0.545609548167093,,,,0.18953598673353986,0.0,0.0,0.0,0.0,0.0,0.0,0.0,0.0,0.0,0.0,0.0,0,0.0
/zjs/AD_Project/dual_shift_github/outputs/journal/apic_v3_2_screening_mci_ad/r4,43,adni_to_nacc,/zjs/AD_Project/dual_shift_github/outputs/journal/apic_v3_2_screening_mci_ad/r4/seed43/adni_to_nacc/apic_v3_2_x/journal_metrics.json,apic_v3_2_x,7,apis_warmup,0.35281904399542524,1.5521339333547843,0.5298380221653879,,,,0.35281904399542524,0.0,0.0,0.0,0.0,0.0,0.0,0.0,0.37126126737877874,0.00024011312389572907,0.0,0.0,4,91.0
/zjs/AD_Project/dual_shift_github/outputs/journal/apic_v3_2_screening_mci_ad/r4,43,adni_to_nacc,/zjs/AD_Project/dual_shift_github/outputs/journal/apic_v3_2_screening_mci_ad/r4/seed43/adni_to_nacc/apic_v3_2_x/journal_metrics.json,apic_v3_2_x,8,apis_warmup,0.36774927237541366,1.0921600402050882,0.526001705029838,,,,0.36774927237541366,0.0,0.0,0.0,0.0,0.0,0.0,0.0,0.3470484829775178,0.0007176831077400677,0.0,0.0,4,91.0
/zjs/AD_Project/dual_shift_github/outputs/journal/apic_v3_2_screening_mci_ad/r4,43,adni_to_nacc,/zjs/AD_Project/dual_shift_github/outputs/journal/apic_v3_2_screening_mci_ad/r4/seed43/adni_to_nacc/apic_v3_2_x/journal_metrics.json,apic_v3_2_x,9,apis_warmup,0.30966298795757025,2.109148095460147,0.5123614663256607,,,,0.30966298795757025,0.0,0.0,0.0,0.0,0.0,0.0,0.0,0.3705002805679151,3.741618930646883e-10,0.0,0.0,4,91.0
/zjs/AD_Project/dual_shift_github/outputs/journal/apic_v3_2_screening_mci_ad/r4,43,adni_to_nacc,/zjs/AD_Project/dual_shift_github/outputs/journal/apic_v3_2_screening_mci_ad/r4/seed43/adni_to_nacc/apic_v3_2_x/journal_metrics.json,apic_v3_2_x,10,apis_warmup,0.3063938694240728,0.7367680973005951,0.5502983802216538,,,,0.3063938694240728,0.0,0.0,0.0,0.0,0.0,0.0,0.0,0.3498106949990339,1.1489868279880196e-06,0.0,0.0,4,91.0
/zjs/AD_Project/dual_shift_github/outputs/journal/apic_v3_2_screening_mci_ad/r4,43,adni_to_nacc,/zjs/AD_Project/dual_shift_github/outputs/journal/apic_v3_2_screening_mci_ad/r4/seed43/adni_to_nacc/apic_v3_2_x/journal_metrics.json,apic_v3_2_x,11,apis_warmup,0.21962499075412456,1.8768499736981723,0.5404944586530264,,,,0.21962499075412456,0.0,0.0,0.0,0.0,0.0,0.0,0.0,0.3705452807468943,3.066209173434631e-06,0.0,0.0,4,91.0
/zjs/AD_Project/dual_shift_github/outputs/journal/apic_v3_2_screening_mci_ad/r4,43,adni_to_nacc,/zjs/AD_Project/dual_shift_github/outputs/journal/apic_v3_2_screening_mci_ad/r4/seed43/adni_to_nacc/apic_v3_2_x/journal_metrics.json,apic_v3_2_x,12,joint,0.21540314840650795,1.3138452569330368,0.5601023017902813,,,,0.21540314840650795,0.0,0.0,0.0,0.0,0.0,0.0,0.0,0.3598322695729756,3.0160523706436066e-06,0.0,0.0,4,91.0
/zjs/AD_Project/dual_shift_github/outputs/journal/apic_v3_2_screening_mci_ad/r4,43,adni_to_nacc,/zjs/AD_Project/dual_shift_github/outputs/journal/apic_v3_2_screening_mci_ad/r4/seed43/adni_to_nacc/apic_v3_2_x/journal_metrics.json,apic_v3_2_x,13,joint,0.1620991997476114,1.1893148503924182,0.5294117647058824,,,,0.1620991997476114,0.0,0.0,0.0,0.0,0.0,0.0,0.0,0.36880491703453633,1.0355914105843772e-06,0.0,0.0,4,91.0
/zjs/AD_Project/dual_shift_github/outputs/journal/apic_v3_2_screening_mci_ad/r4,43,adni_to_nacc,/zjs/AD_Project/dual_shift_github/outputs/journal/apic_v3_2_screening_mci_ad/r4/seed43/adni_to_nacc/apic_v3_2_x/journal_metrics.json,apic_v3_2_x,14,joint,0.15271080204165807,1.1670403472498196,0.5579710144927537,,,,0.15271080204165807,0.0,0.0,0.0,0.0,0.0,0.0,0.0,0.3585073496445571,0.00047896693000901104,0.0,0.0,4,91.0
/zjs/AD_Project/dual_shift_github/outputs/journal/apic_v3_2_screening_mci_ad/r4,43,adni_to_nacc,/zjs/AD_Project/dual_shift_github/outputs/journal/apic_v3_2_screening_mci_ad/r4/seed43/adni_to_nacc/apic_v3_2_x/journal_metrics.json,apic_v3_2_x,15,joint,0.1430959288713218,0.9532194050763725,0.5971867007672634,,,,0.1430959288713218,0.0,0.0,0.0,0.0,0.0,0.0,0.0,0.37563144673805426,0.0002393302585862179,0.0,0.0,4,91.0
/zjs/AD_Project/dual_shift_github/outputs/journal/apic_v3_2_screening_mci_ad/r4,43,adni_to_nacc,/zjs/AD_Project/dual_shift_github/outputs/journal/apic_v3_2_screening_mci_ad/r4/seed43/adni_to_nacc/apic_v3_2_x/journal_metrics.json,apic_v3_2_x,16,joint,0.1188523606328054,1.3017080841167326,0.5839727195225917,,,,0.1188523606328054,0.0,0.0,0.0,0.0,0.0,0.0,0.0,0.3691221636415708,0.0007197832913304268,0.0,0.0,4,91.0
/zjs/AD_Project/dual_shift_github/outputs/journal/apic_v3_2_screening_mci_ad/r4,43,adni_to_nacc,/zjs/AD_Project/dual_shift_github/outputs/journal/apic_v3_2_screening_mci_ad/r4/seed43/adni_to_nacc/apic_v3_2_x/journal_metrics.json,apic_v3_2_x,17,joint,0.20142110929326476,1.3048228413430512,0.5946291560102303,,,,0.20142110929326476,0.0,0.0,0.0,0.0,0.0,0.0,0.0,0.3706507280026332,0.00047970115939318595,0.0,0.0,4,91.0
/zjs/AD_Project/dual_shift_github/outputs/journal/apic_v3_2_screening_mci_ad/r4,43,adni_to_nacc,/zjs/AD_Project/dual_shift_github/outputs/journal/apic_v3_2_screening_mci_ad/r4/seed43/adni_to_nacc/apic_v3_2_x/journal_metrics.json,apic_v3_2_x,18,joint,0.10315020110384368,1.1869431212288113,0.5643648763853367,,,,0.10315020110384368,0.0,0.0,0.0,0.0,0.0,0.0,0.0,0.3594030737876892,0.0007185232420124099,0.0,0.0,4,91.0
/zjs/AD_Project/dual_shift_github/outputs/journal/apic_v3_2_screening_mci_ad/r4,43,adni_to_nacc,/zjs/AD_Project/dual_shift_github/outputs/journal/apic_v3_2_screening_mci_ad/r4/seed43/adni_to_nacc/apic_v3_2_x/journal_metrics.json,apic_v3_2_x,19,joint,0.08732505200550623,1.3613342160205228,0.5775788576300086,,,,0.08732505200550623,0.0,0.0,0.0,0.0,0.0,0.0,0.0,0.3760587000610805,0.000481695067320838,0.0,0.0,4,91.0
/zjs/AD_Project/dual_shift_github/outputs/journal/apic_v3_2_screening_mci_ad/r4,43,adni_to_nacc,/zjs/AD_Project/dual_shift_github/outputs/journal/apic_v3_2_screening_mci_ad/r4/seed43/adni_to_nacc/apic_v3_2_x/journal_metrics.json,apic_v3_2_x,20,joint,0.05800772506033651,1.2299097225992779,0.5643648763853367,,,,0.05800772506033651,0.0,0.0,0.0,0.0,0.0,0.0,0.0,0.368201942579581,9.216775704703728e-07,0.0,0.0,4,91.0
/zjs/AD_Project/dual_shift_github/outputs/journal/apic_v3_2_screening_mci_ad/r4,43,adni_to_nacc,/zjs/AD_Project/dual_shift_github/outputs/journal/apic_v3_2_screening_mci_ad/r4/seed43/adni_to_nacc/apic_v3_2_x/journal_metrics.json,apic_v3_2_x,21,joint,0.06091543140539918,1.557582328548877,0.5358056265984654,,,,0.06091543140539918,0.0,0.0,0.0,0.0,0.0,0.0,0.0,0.36956071248739075,4.9127761286106815e-06,0.0,0.0,4,91.0
/zjs/AD_Project/dual_shift_github/outputs/journal/apic_v3_2_screening_mci_ad/r4,43,adni_to_nacc,/zjs/AD_Project/dual_shift_github/outputs/journal/apic_v3_2_screening_mci_ad/r4/seed43/adni_to_nacc/apic_v3_2_x/journal_metrics.json,apic_v3_2_x,22,joint,0.14969646537879316,0.8915327290466072,0.5443307757885764,,,,0.14969646537879316,0.0,0.0,0.0,0.0,0.0,0.0,0.0,0.35666583478450775,4.852662377458204e-06,0.0,0.0,4,91.0
/zjs/AD_Project/dual_shift_github/outputs/journal/apic_v3_2_screening_mci_ad/r4,43,adni_to_nacc,/zjs/AD_Project/dual_shift_github/outputs/journal/apic_v3_2_screening_mci_ad/r4/seed43/adni_to_nacc/apic_v3_2_x/journal_metrics.json,apic_v3_2_x,23,joint,0.06830938667114271,0.8917246171093862,0.5387894288150042,,,,0.06830938667114271,0.0,0.0,0.0,0.0,0.0,0.0,0.0,0.3528733178235517,2.842856181919144e-06,0.0,0.0,4,91.0
/zjs/AD_Project/dual_shift_github/outputs/journal/apic_v3_2_screening_mci_ad/r4,43,adni_to_nacc,/zjs/AD_Project/dual_shift_github/outputs/journal/apic_v3_2_screening_mci_ad/r4/seed43/adni_to_nacc/apic_v3_2_x/journal_metrics.json,apic_v3_2_x,24,joint,0.11801789366262089,0.9766913951126808,0.597612958226769,,,,0.11801789366262089,0.0,0.0,0.0,0.0,0.0,0.0,0.0,0.35826150025471604,0.00024181556283267637,0.0,0.0,4,91.0
/zjs/AD_Project/dual_shift_github/outputs/journal/apic_v3_2_screening_mci_ad/r4,43,adni_to_nacc,/zjs/AD_Project/dual_shift_github/outputs/journal/apic_v3_2_screening_mci_ad/r4/seed43/adni_to_nacc/apic_v3_2_x/journal_metrics.json,apic_v3_2_x,25,joint,0.057804034737003324,0.8075563660694645,0.6193520886615516,,,,0.057804034737003324,0.0,0.0,0.0,0.0,0.0,0.0,0.0,0.3815071745084064,0.0002413397474791162,0.0,0.0,4,91.0
/zjs/AD_Project/dual_shift_github/outputs/journal/apic_v3_2_screening_mci_ad/r4,43,adni_to_nacc,/zjs/AD_Project/dual_shift_github/outputs/journal/apic_v3_2_screening_mci_ad/r4/seed43/adni_to_nacc/apic_v3_2_x/journal_metrics.json,apic_v3_2_x,26,joint,0.055183098455522175,0.8608664309759753,0.6167945439045183,,,,0.055183098455522175,0.0,0.0,0.0,0.0,0.0,0.0,0.0,0.3660694524498269,0.00024135267827028842,0.0,0.0,4,91.0
/zjs/AD_Project/dual_shift_github/outputs/journal/apic_v3_2_screening_mci_ad/r4,43,adni_to_nacc,/zjs/AD_Project/dual_shift_github/outputs/journal/apic_v3_2_screening_mci_ad/r4/seed43/adni_to_nacc/apic_v3_2_x/journal_metrics.json,apic_v3_2_x,27,joint,0.020290534561246375,0.8210159988920076,0.5903665814151747,,,,0.020290534561246375,0.0,0.0,0.0,0.0,0.0,0.0,0.0,0.35757100980470674,2.1384061335034927e-06,0.0,0.0,4,91.0
/zjs/AD_Project/dual_shift_github/outputs/journal/apic_v3_2_screening_mci_ad/r4,43,adni_to_nacc,/zjs/AD_Project/dual_shift_github/outputs/journal/apic_v3_2_screening_mci_ad/r4/seed43/adni_to_nacc/apic_v3_2_x/journal_metrics.json,apic_v3_2_x,28,joint,0.00963710414621481,1.0895121352012278,0.5826939471440751,,,,0.00963710414621481,0.0,0.0,0.0,0.0,0.0,0.0,0.0,0.3681832224425703,0.00024260334068742652,0.0,0.0,4,91.0
/zjs/AD_Project/dual_shift_github/outputs/journal/apic_v3_2_screening_mci_ad/r4,43,adni_to_nacc,/zjs/AD_Project/dual_shift_github/outputs/journal/apic_v3_2_screening_mci_ad/r4/seed43/adni_to_nacc/apic_v3_2_x/journal_metrics.json,apic_v3_2_x,29,joint,0.018834754728394017,1.1048653761625564,0.5878090366581415,,,,0.018834754728394017,0.0,0.0,0.0,0.0,0.0,0.0,0.0,0.37701299860335813,0.000242858478604665,0.0,0.0,4,91.0
/zjs/AD_Project/dual_shift_github/outputs/journal/apic_v3_2_screening_mci_ad/r4,43,adni_to_nacc,/zjs/AD_Project/dual_shift_github/outputs/journal/apic_v3_2_screening_mci_ad/r4/seed43/adni_to_nacc/apic_v3_2_x/journal_metrics.json,apic_v3_2_x,30,joint,0.08666014528025338,0.9733657219848775,0.606990622335891,,,,0.08666014528025338,0.0,0.0,0.0,0.0,0.0,0.0,0.0,0.35998484802128067,0.0007194544385027031,0.0,0.0,4,91.0
/zjs/AD_Project/dual_shift_github/outputs/journal/apic_v3_2_screening_mci_ad/r4,43,adni_to_nacc,/zjs/AD_Project/dual_shift_github/outputs/journal/apic_v3_2_screening_mci_ad/r4/seed43/adni_to_nacc/apic_v3_2_x/journal_metrics.json,apic_v3_2_x,31,joint,0.12091199270308958,1.1360065976516642,0.6163682864450128,,,,0.12091199270308958,0.0,0.0,0.0,0.0,0.0,0.0,0.0,0.38215257640522304,0.000716807227163271,0.0,0.0,4,91.0
/zjs/AD_Project/dual_shift_github/outputs/journal/apic_v3_2_screening_mci_ad/r4,43,adni_to_nacc,/zjs/AD_Project/dual_shift_github/outputs/journal/apic_v3_2_screening_mci_ad/r4/seed43/adni_to_nacc/apic_v3_2_x/journal_metrics.json,apic_v3_2_x,32,joint,0.12049441829976155,0.7370392496296025,0.6210571184995738,,,,0.12049441829976155,0.0,0.0,0.0,0.0,0.0,0.0,0.0,0.37876432499673107,0.0007206076607030032,0.0,0.0,4,91.0
/zjs/AD_Project/dual_shift_github/outputs/journal/apic_v3_2_screening_mci_ad/r4,43,adni_to_nacc,/zjs/AD_Project/dual_shift_github/outputs/journal/apic_v3_2_screening_mci_ad/r4/seed43/adni_to_nacc/apic_v3_2_x/journal_metrics.json,apic_v3_2_x,33,joint,0.013942102069440897,1.411914156625953,0.5890878090366581,,,,0.013942102069440897,0.0,0.0,0.0,0.0,0.0,0.0,0.0,0.36163170842250975,3.0834283882357166e-06,0.0,0.0,4,91.0
/zjs/AD_Project/dual_shift_github/outputs/journal/apic_v3_2_screening_mci_ad/r4,43,adni_to_nacc,/zjs/AD_Project/dual_shift_github/outputs/journal/apic_v3_2_screening_mci_ad/r4/seed43/adni_to_nacc/apic_v3_2_x/journal_metrics.json,apic_v3_2_x,34,joint,0.034265154317980356,1.0082414262082189,0.5869565217391305,,,,0.034265154317980356,0.0,0.0,0.0,0.0,0.0,0.0,0.0,0.36323826767430445,0.00024075291185543797,0.0,0.0,4,91.0
/zjs/AD_Project/dual_shift_github/outputs/journal/apic_v3_2_screening_mci_ad/r4,43,adni_to_nacc,/zjs/AD_Project/dual_shift_github/outputs/journal/apic_v3_2_screening_mci_ad/r4/seed43/adni_to_nacc/apic_v3_2_x/journal_metrics.json,apic_v3_2_x,35,joint,0.02538368272500592,1.0903026565926475,0.5558397271952259,,,,0.02538368272500592,0.0,0.0,0.0,0.0,0.0,0.0,0.0,0.3653942851146849,0.0007179258159373681,0.0,0.0,4,91.0
/zjs/AD_Project/dual_shift_github/outputs/journal/apic_v3_2_screening_mci_ad/r4,43,adni_to_nacc,/zjs/AD_Project/dual_shift_github/outputs/journal/apic_v3_2_screening_mci_ad/r4/seed43/adni_to_nacc/apic_v3_2_x/journal_metrics.json,apic_v3_2_x,36,joint,0.02256441312452483,1.0902194832323477,0.5878090366581415,,,,0.02256441312452483,0.0,0.0,0.0,0.0,0.0,0.0,0.0,0.3664258011791966,0.0007190290894329313,0.0,0.0,4,91.0
/zjs/AD_Project/dual_shift_github/outputs/journal/apic_v3_2_screening_mci_ad/r4,43,adni_to_nacc,/zjs/AD_Project/dual_shift_github/outputs/journal/apic_v3_2_screening_mci_ad/r4/seed43/adni_to_nacc/apic_v3_2_x/journal_metrics.json,apic_v3_2_x,37,joint,0.022790225487810994,2.5423860687134296,0.5647911338448423,,,,0.022790225487810994,0.0,0.0,0.0,0.0,0.0,0.0,0.0,0.37919199747024196,9.063254440013289e-08,0.0,0.0,4,91.0
/zjs/AD_Project/dual_shift_github/outputs/journal/apic_v3_2_screening_mci_ad/r4,43,adni_to_nacc,/zjs/AD_Project/dual_shift_github/outputs/journal/apic_v3_2_screening_mci_ad/r4/seed43/adni_to_nacc/apic_v3_2_x/journal_metrics.json,apic_v3_2_x,38,joint,0.03871626159727186,0.9841269858719764,0.6104006820119352,,,,0.03871626159727186,0.0,0.0,0.0,0.0,0.0,0.0,0.0,0.37826823125971426,0.0007185686321786488,0.0,0.0,4,91.0
/zjs/AD_Project/dual_shift_github/outputs/journal/apic_v3_2_screening_mci_ad/r4,43,adni_to_nacc,/zjs/AD_Project/dual_shift_github/outputs/journal/apic_v3_2_screening_mci_ad/r4/seed43/adni_to_nacc/apic_v3_2_x/journal_metrics.json,apic_v3_2_x,39,joint,0.005860013560804603,0.9672798938374249,0.5912190963341858,,,,0.005860013560804603,0.0,0.0,0.0,0.0,0.0,0.0,0.0,0.35959618560748524,0.00023977542593512196,0.0,0.0,4,91.0
/zjs/AD_Project/dual_shift_github/outputs/journal/apic_v3_2_screening_mci_ad/r4,43,adni_to_nacc,/zjs/AD_Project/dual_shift_github/outputs/journal/apic_v3_2_screening_mci_ad/r4/seed43/adni_to_nacc/apic_v3_2_x/journal_metrics.json,apic_v3_2_x,40,joint,0.0034056101403531092,1.0211550548006225,0.6415174765558398,,,,0.0034056101403531092,0.0,0.0,0.0,0.0,0.0,0.0,0.0,0.3734670486485604,0.0002407807759625383,0.0,0.0,4,91.0
/zjs/AD_Project/dual_shift_github/outputs/journal/apic_v3_2_screening_mci_ad/r4,43,adni_to_nacc,/zjs/AD_Project/dual_shift_github/outputs/journal/apic_v3_2_screening_mci_ad/r4/seed43/adni_to_nacc/apic_v3_2_x/journal_metrics.json,apic_v3_2_x,41,joint,0.029148887114721526,1.339429486434001,0.6389599317988065,,,,0.029148887114721526,0.0,0.0,0.0,0.0,0.0,0.0,0.0,0.38686634570655254,0.00024010987741947883,0.0,0.0,4,91.0
/zjs/AD_Project/dual_shift_github/outputs/journal/apic_v3_2_screening_mci_ad/r4,43,adni_to_nacc,/zjs/AD_Project/dual_shift_github/outputs/journal/apic_v3_2_screening_mci_ad/r4/seed43/adni_to_nacc/apic_v3_2_x/journal_metrics.json,apic_v3_2_x,42,joint,0.16615894837719897,1.5127375143363329,0.6214833759590793,,,,0.16615894837719897,0.0,0.0,0.0,0.0,0.0,0.0,0.0,0.3734042294839821,0.00024090158280939505,0.0,0.0,4,91.0
/zjs/AD_Project/dual_shift_github/outputs/journal/apic_v3_2_screening_mci_ad/r4,43,adni_to_nacc,/zjs/AD_Project/dual_shift_github/outputs/journal/apic_v3_2_screening_mci_ad/r4/seed43/adni_to_nacc/apic_v3_2_x/journal_metrics.json,apic_v3_2_x,43,joint,0.12294333298243398,0.9012426245923436,0.5579710144927535,,,,0.12294333298243398,0.0,0.0,0.0,0.0,0.0,0.0,0.0,0.3770077253627305,0.00047964293203620826,0.0,0.0,4,91.0
/zjs/AD_Project/dual_shift_github/outputs/journal/apic_v3_2_screening_mci_ad/r4,43,adni_to_nacc,/zjs/AD_Project/dual_shift_github/outputs/journal/apic_v3_2_screening_mci_ad/r4/seed43/adni_to_nacc/apic_v3_2_x/journal_metrics.json,apic_v3_2_x,44,joint,0.04194172088974294,1.1888389864022237,0.5592497868712702,,,,0.04194172088974294,0.0,0.0,0.0,0.0,0.0,0.0,0.0,0.378894107914207,0.00023902749842892118,0.0,0.0,4,91.0
/zjs/AD_Project/dual_shift_github/outputs/journal/apic_v3_2_screening_mci_ad/r4,43,adni_to_nacc,/zjs/AD_Project/dual_shift_github/outputs/journal/apic_v3_2_screening_mci_ad/r4/seed43/adni_to_nacc/apic_v3_2_x/journal_metrics.json,apic_v3_2_x,45,joint,0.05217633116298752,1.188586885434225,0.551150895140665,,,,0.05217633116298752,0.0,0.0,0.0,0.0,0.0,0.0,0.0,0.35369452480042335,2.1310857942716995e-06,0.0,0.0,4,91.0
/zjs/AD_Project/dual_shift_github/outputs/journal/apic_v3_2_screening_mci_ad/r4,43,adni_to_nacc,/zjs/AD_Project/dual_shift_github/outputs/journal/apic_v3_2_screening_mci_ad/r4/seed43/adni_to_nacc/apic_v3_2_x/journal_metrics.json,apic_v3_2_x,46,joint,0.04914617613545794,0.9511725121528047,0.5780051150895141,,,,0.04914617613545794,0.0,0.0,0.0,0.0,0.0,0.0,0.0,0.3539475037319825,5.142343983536677e-06,0.0,0.0,4,91.0
/zjs/AD_Project/dual_shift_github/outputs/journal/apic_v3_2_screening_mci_ad/r4,43,adni_to_nacc,/zjs/AD_Project/dual_shift_github/outputs/journal/apic_v3_2_screening_mci_ad/r4/seed43/adni_to_nacc/apic_v3_2_x/journal_metrics.json,apic_v3_2_x,47,joint,0.007513971337103423,0.9696553252090555,0.5699062233589088,,,,0.007513971337103423,0.0,0.0,0.0,0.0,0.0,0.0,0.0,0.3663768499794573,0.00047874818931114763,0.0,0.0,4,91.0
/zjs/AD_Project/dual_shift_github/outputs/journal/apic_v3_2_screening_mci_ad/r4,43,adni_to_nacc,/zjs/AD_Project/dual_shift_github/outputs/journal/apic_v3_2_screening_mci_ad/r4/seed43/adni_to_nacc/apic_v3_2_x/journal_metrics.json,apic_v3_2_x,48,joint,0.005188452658510887,1.2999129324335468,0.6219096334185849,,,,0.005188452658510887,0.0,0.0,0.0,0.0,0.0,0.0,0.0,0.4005164095375798,0.0007187648624167581,0.0,0.0,4,91.0
/zjs/AD_Project/dual_shift_github/outputs/journal/apic_v3_2_screening_mci_ad/r4,43,adni_to_nacc,/zjs/AD_Project/dual_shift_github/outputs/journal/apic_v3_2_screening_mci_ad/r4/seed43/adni_to_nacc/apic_v3_2_x/journal_metrics.json,apic_v3_2_x,49,joint,0.010137344079465597,1.0486804085715307,0.612531969309463,,,,0.010137344079465597,0.0,0.0,0.0,0.0,0.0,0.0,0.0,0.36921312505065806,0.0004793092748914542,0.0,0.0,4,91.0
/zjs/AD_Project/dual_shift_github/outputs/journal/apic_v3_2_screening_mci_ad/r4,43,adni_to_nacc,/zjs/AD_Project/dual_shift_github/outputs/journal/apic_v3_2_screening_mci_ad/r4/seed43/adni_to_nacc/apic_v3_2_x/journal_metrics.json,apic_v3_2_x,50,joint,0.004451463744879958,1.1466860809201085,0.5907928388746804,,,,0.004451463744879958,0.0,0.0,0.0,0.0,0.0,0.0,0.0,0.3774433490073327,3.132351193434477e-06,0.0,0.0,4,91.0
/zjs/AD_Project/dual_shift_github/outputs/journal/apic_v3_2_screening_mci_ad/r4,43,adni_to_nacc,/zjs/AD_Project/dual_shift_github/outputs/journal/apic_v3_2_screening_mci_ad/r4/seed43/adni_to_nacc/ce_x/journal_metrics.json,ce_x,1,clean,0.5800258482225461,0.7131366063968851,0.5460358056265985,,,,0.5800258482225461,0.0,0.0,0.0,0.0,0.0,0.0,0.0,0.0,0.0,0.0,0.0,,
/zjs/AD_Project/dual_shift_github/outputs/journal/apic_v3_2_screening_mci_ad/r4,43,adni_to_nacc,/zjs/AD_Project/dual_shift_github/outputs/journal/apic_v3_2_screening_mci_ad/r4/seed43/adni_to_nacc/ce_x/journal_metrics.json,ce_x,2,clean,0.4419663535928962,1.686839219259628,0.5556265984654731,,,,0.4419663535928962,0.0,0.0,0.0,0.0,0.0,0.0,0.0,0.0,0.0,0.0,0.0,,
/zjs/AD_Project/dual_shift_github/outputs/journal/apic_v3_2_screening_mci_ad/r4,43,adni_to_nacc,/zjs/AD_Project/dual_shift_github/outputs/journal/apic_v3_2_screening_mci_ad/r4/seed43/adni_to_nacc/ce_x/journal_metrics.json,ce_x,3,clean,0.4240074783637382,1.704596251129694,0.5588235294117646,,,,0.4240074783637382,0.0,0.0,0.0,0.0,0.0,0.0,0.0,0.0,0.0,0.0,0.0,,
/zjs/AD_Project/dual_shift_github/outputs/journal/apic_v3_2_screening_mci_ad/r4,43,adni_to_nacc,/zjs/AD_Project/dual_shift_github/outputs/journal/apic_v3_2_screening_mci_ad/r4/seed43/adni_to_nacc/ce_x/journal_metrics.json,ce_x,4,clean,0.4310862752101799,0.7761526978617415,0.5814151747655584,,,,0.4310862752101799,0.0,0.0,0.0,0.0,0.0,0.0,0.0,0.0,0.0,0.0,0.0,,
/zjs/AD_Project/dual_shift_github/outputs/journal/apic_v3_2_screening_mci_ad/r4,43,adni_to_nacc,/zjs/AD_Project/dual_shift_github/outputs/journal/apic_v3_2_screening_mci_ad/r4/seed43/adni_to_nacc/ce_x/journal_metrics.json,ce_x,5,clean,0.3124278535015217,1.135764931901059,0.5763000852514919,,,,0.3124278535015217,0.0,0.0,0.0,0.0,0.0,0.0,0.0,0.0,0.0,0.0,0.0,,
/zjs/AD_Project/dual_shift_github/outputs/journal/apic_v3_2_screening_mci_ad/r4,43,adni_to_nacc,/zjs/AD_Project/dual_shift_github/outputs/journal/apic_v3_2_screening_mci_ad/r4/seed43/adni_to_nacc/ce_x/journal_metrics.json,ce_x,6,clean,0.28726804566265335,1.4729955508929053,0.5643648763853367,,,,0.28726804566265335,0.0,0.0,0.0,0.0,0.0,0.0,0.0,0.0,0.0,0.0,0.0,,
/zjs/AD_Project/dual_shift_github/outputs/journal/apic_v3_2_screening_mci_ad/r4,43,adni_to_nacc,/zjs/AD_Project/dual_shift_github/outputs/journal/apic_v3_2_screening_mci_ad/r4/seed43/adni_to_nacc/ce_x/journal_metrics.json,ce_x,7,clean,0.3616798434332751,2.3569033527581253,0.5264279624893436,,,,0.3616798434332751,0.0,0.0,0.0,0.0,0.0,0.0,0.0,0.0,0.0,0.0,0.0,,
/zjs/AD_Project/dual_shift_github/outputs/journal/apic_v3_2_screening_mci_ad/r4,43,adni_to_nacc,/zjs/AD_Project/dual_shift_github/outputs/journal/apic_v3_2_screening_mci_ad/r4/seed43/adni_to_nacc/ce_x/journal_metrics.json,ce_x,8,clean,0.3312296726473487,1.0708084292923434,0.5294117647058824,,,,0.3312296726473487,0.0,0.0,0.0,0.0,0.0,0.0,0.0,0.0,0.0,0.0,0.0,,
/zjs/AD_Project/dual_shift_github/outputs/journal/apic_v3_2_screening_mci_ad/r4,43,adni_to_nacc,/zjs/AD_Project/dual_shift_github/outputs/journal/apic_v3_2_screening_mci_ad/r4/seed43/adni_to_nacc/ce_x/journal_metrics.json,ce_x,9,clean,0.2911210386912421,2.355556731970998,0.5196078431372549,,,,0.2911210386912421,0.0,0.0,0.0,0.0,0.0,0.0,0.0,0.0,0.0,0.0,0.0,,
/zjs/AD_Project/dual_shift_github/outputs/journal/apic_v3_2_screening_mci_ad/r4,43,adni_to_nacc,/zjs/AD_Project/dual_shift_github/outputs/journal/apic_v3_2_screening_mci_ad/r4/seed43/adni_to_nacc/ce_x/journal_metrics.json,ce_x,10,clean,0.2771769689377582,0.8340562236839222,0.5545609548167093,,,,0.2771769689377582,0.0,0.0,0.0,0.0,0.0,0.0,0.0,0.0,0.0,0.0,0.0,,
/zjs/AD_Project/dual_shift_github/outputs/journal/apic_v3_2_screening_mci_ad/r4,43,adni_to_nacc,/zjs/AD_Project/dual_shift_github/outputs/journal/apic_v3_2_screening_mci_ad/r4/seed43/adni_to_nacc/ce_x/journal_metrics.json,ce_x,11,clean,0.17709979961746106,1.8304023608189384,0.5494458653026427,,,,0.17709979961746106,0.0,0.0,0.0,0.0,0.0,0.0,0.0,0.0,0.0,0.0,0.0,,
/zjs/AD_Project/dual_shift_github/outputs/journal/apic_v3_2_screening_mci_ad/r4,43,adni_to_nacc,/zjs/AD_Project/dual_shift_github/outputs/journal/apic_v3_2_screening_mci_ad/r4/seed43/adni_to_nacc/ce_x/journal_metrics.json,ce_x,12,clean,0.18004160878792552,1.3195168753806075,0.571611253196931,,,,0.18004160878792552,0.0,0.0,0.0,0.0,0.0,0.0,0.0,0.0,0.0,0.0,0.0,,
/zjs/AD_Project/dual_shift_github/outputs/journal/apic_v3_2_screening_mci_ad/r4,43,adni_to_nacc,/zjs/AD_Project/dual_shift_github/outputs/journal/apic_v3_2_screening_mci_ad/r4/seed43/adni_to_nacc/ce_x/journal_metrics.json,ce_x,13,clean,0.1799717455466121,0.9394939179711659,0.5588235294117647,,,,0.1799717455466121,0.0,0.0,0.0,0.0,0.0,0.0,0.0,0.0,0.0,0.0,0.0,,
/zjs/AD_Project/dual_shift_github/outputs/journal/apic_v3_2_screening_mci_ad/r4,43,adni_to_nacc,/zjs/AD_Project/dual_shift_github/outputs/journal/apic_v3_2_screening_mci_ad/r4/seed43/adni_to_nacc/ce_x/journal_metrics.json,ce_x,14,clean,0.17534680449689674,1.1629828289834732,0.5485933503836318,,,,0.17534680449689674,0.0,0.0,0.0,0.0,0.0,0.0,0.0,0.0,0.0,0.0,0.0,,
/zjs/AD_Project/dual_shift_github/outputs/journal/apic_v3_2_screening_mci_ad/r4,43,adni_to_nacc,/zjs/AD_Project/dual_shift_github/outputs/journal/apic_v3_2_screening_mci_ad/r4/seed43/adni_to_nacc/ce_x/journal_metrics.json,ce_x,15,clean,0.14512328098592633,1.0021432377141686,0.546462063086104,,,,0.14512328098592633,0.0,0.0,0.0,0.0,0.0,0.0,0.0,0.0,0.0,0.0,0.0,,
/zjs/AD_Project/dual_shift_github/outputs/journal/apic_v3_2_screening_mci_ad/r4,43,adni_to_nacc,/zjs/AD_Project/dual_shift_github/outputs/journal/apic_v3_2_screening_mci_ad/r4/seed43/adni_to_nacc/ce_x/journal_metrics.json,ce_x,16,clean,0.11016521916844614,1.16721402224871,0.5426257459505542,,,,0.11016521916844614,0.0,0.0,0.0,0.0,0.0,0.0,0.0,0.0,0.0,0.0,0.0,,
/zjs/AD_Project/dual_shift_github/outputs/journal/apic_v3_2_screening_mci_ad/r4,43,adni_to_nacc,/zjs/AD_Project/dual_shift_github/outputs/journal/apic_v3_2_screening_mci_ad/r4/seed43/adni_to_nacc/ce_x/journal_metrics.json,ce_x,17,clean,0.18604489349492706,0.9953255875360801,0.5434782608695653,,,,0.18604489349492706,0.0,0.0,0.0,0.0,0.0,0.0,0.0,0.0,0.0,0.0,0.0,,
/zjs/AD_Project/dual_shift_github/outputs/journal/apic_v3_2_screening_mci_ad/r4,43,adni_to_nacc,/zjs/AD_Project/dual_shift_github/outputs/journal/apic_v3_2_screening_mci_ad/r4/seed43/adni_to_nacc/ce_x/journal_metrics.json,ce_x,18,clean,0.10009947079833191,1.231369946194693,0.561381074168798,,,,0.10009947079833191,0.0,0.0,0.0,0.0,0.0,0.0,0.0,0.0,0.0,0.0,0.0,,
/zjs/AD_Project/dual_shift_github/outputs/journal/apic_v3_2_screening_mci_ad/r4,43,adni_to_nacc,/zjs/AD_Project/dual_shift_github/outputs/journal/apic_v3_2_screening_mci_ad/r4/seed43/adni_to_nacc/ce_x/journal_metrics.json,ce_x,19,clean,0.08960673852251971,1.1222351290405206,0.5383631713554987,,,,0.08960673852251971,0.0,0.0,0.0,0.0,0.0,0.0,0.0,0.0,0.0,0.0,0.0,,
/zjs/AD_Project/dual_shift_github/outputs/journal/apic_v3_2_screening_mci_ad/r4,43,adni_to_nacc,/zjs/AD_Project/dual_shift_github/outputs/journal/apic_v3_2_screening_mci_ad/r4/seed43/adni_to_nacc/ce_x/journal_metrics.json,ce_x,20,clean,0.06782240406517862,1.544837696101824,0.5596760443307759,,,,0.06782240406517862,0.0,0.0,0.0,0.0,0.0,0.0,0.0,0.0,0.0,0.0,0.0,,
/zjs/AD_Project/dual_shift_github/outputs/journal/apic_v3_2_screening_mci_ad/r4,43,adni_to_nacc,/zjs/AD_Project/dual_shift_github/outputs/journal/apic_v3_2_screening_mci_ad/r4/seed43/adni_to_nacc/ce_x/journal_metrics.json,ce_x,21,clean,0.03543213937353195,1.1069680288382764,0.5392156862745098,,,,0.03543213937353195,0.0,0.0,0.0,0.0,0.0,0.0,0.0,0.0,0.0,0.0,0.0,,
/zjs/AD_Project/dual_shift_github/outputs/journal/apic_v3_2_screening_mci_ad/r4,43,adni_to_nacc,/zjs/AD_Project/dual_shift_github/outputs/journal/apic_v3_2_screening_mci_ad/r4/seed43/adni_to_nacc/ce_x/journal_metrics.json,ce_x,22,clean,0.09750463279185466,0.9587588554607072,0.5814151747655584,,,,0.09750463279185466,0.0,0.0,0.0,0.0,0.0,0.0,0.0,0.0,0.0,0.0,0.0,,
/zjs/AD_Project/dual_shift_github/outputs/journal/apic_v3_2_screening_mci_ad/r4,43,adni_to_nacc,/zjs/AD_Project/dual_shift_github/outputs/journal/apic_v3_2_screening_mci_ad/r4/seed43/adni_to_nacc/ce_x/journal_metrics.json,ce_x,23,clean,0.07651138716345045,0.8433815443187679,0.6189258312020459,,,,0.07651138716345045,0.0,0.0,0.0,0.0,0.0,0.0,0.0,0.0,0.0,0.0,0.0,,
/zjs/AD_Project/dual_shift_github/outputs/journal/apic_v3_2_screening_mci_ad/r4,43,adni_to_nacc,/zjs/AD_Project/dual_shift_github/outputs/journal/apic_v3_2_screening_mci_ad/r4/seed43/adni_to_nacc/ce_x/journal_metrics.json,ce_x,24,clean,0.07074169067799639,0.8948007910896879,0.6462063086104007,,,,0.07074169067799639,0.0,0.0,0.0,0.0,0.0,0.0,0.0,0.0,0.0,0.0,0.0,,
/zjs/AD_Project/dual_shift_github/outputs/journal/apic_v3_2_screening_mci_ad/r4,43,adni_to_nacc,/zjs/AD_Project/dual_shift_github/outputs/journal/apic_v3_2_screening_mci_ad/r4/seed43/adni_to_nacc/ce_x/journal_metrics.json,ce_x,25,clean,0.029016810064757297,0.8541302236668561,0.6611253196930947,,,,0.029016810064757297,0.0,0.0,0.0,0.0,0.0,0.0,0.0,0.0,0.0,0.0,0.0,,
/zjs/AD_Project/dual_shift_github/outputs/journal/apic_v3_2_screening_mci_ad/r4,43,adni_to_nacc,/zjs/AD_Project/dual_shift_github/outputs/journal/apic_v3_2_screening_mci_ad/r4/seed43/adni_to_nacc/ce_x/journal_metrics.json,ce_x,26,clean,0.09549923469012805,1.1113651117241574,0.6253196930946292,,,,0.09549923469012805,0.0,0.0,0.0,0.0,0.0,0.0,0.0,0.0,0.0,0.0,0.0,,
/zjs/AD_Project/dual_shift_github/outputs/journal/apic_v3_2_screening_mci_ad/r4,43,adni_to_nacc,/zjs/AD_Project/dual_shift_github/outputs/journal/apic_v3_2_screening_mci_ad/r4/seed43/adni_to_nacc/ce_x/journal_metrics.json,ce_x,27,clean,0.11857377680244459,0.8702073013409972,0.6155157715260017,,,,0.11857377680244459,0.0,0.0,0.0,0.0,0.0,0.0,0.0,0.0,0.0,0.0,0.0,,
/zjs/AD_Project/dual_shift_github/outputs/journal/apic_v3_2_screening_mci_ad/r4,43,adni_to_nacc,/zjs/AD_Project/dual_shift_github/outputs/journal/apic_v3_2_screening_mci_ad/r4/seed43/adni_to_nacc/ce_x/journal_metrics.json,ce_x,28,clean,0.06920614260442481,1.1037072308165012,0.6052855924978687,,,,0.06920614260442481,0.0,0.0,0.0,0.0,0.0,0.0,0.0,0.0,0.0,0.0,0.0,,
/zjs/AD_Project/dual_shift_github/outputs/journal/apic_v3_2_screening_mci_ad/r4,43,adni_to_nacc,/zjs/AD_Project/dual_shift_github/outputs/journal/apic_v3_2_screening_mci_ad/r4/seed43/adni_to_nacc/ce_x/journal_metrics.json,ce_x,29,clean,0.06281286548352846,1.0396864717279415,0.6287297527706736,,,,0.06281286548352846,0.0,0.0,0.0,0.0,0.0,0.0,0.0,0.0,0.0,0.0,0.0,,
/zjs/AD_Project/dual_shift_github/outputs/journal/apic_v3_2_screening_mci_ad/r4,43,adni_to_nacc,/zjs/AD_Project/dual_shift_github/outputs/journal/apic_v3_2_screening_mci_ad/r4/seed43/adni_to_nacc/ce_x/journal_metrics.json,ce_x,30,clean,0.06595886543872628,1.189601775942319,0.6121057118499574,,,,0.06595886543872628,0.0,0.0,0.0,0.0,0.0,0.0,0.0,0.0,0.0,0.0,0.0,,
/zjs/AD_Project/dual_shift_github/outputs/journal/apic_v3_2_screening_mci_ad/r4,43,adni_to_nacc,/zjs/AD_Project/dual_shift_github/outputs/journal/apic_v3_2_screening_mci_ad/r4/seed43/adni_to_nacc/ce_x/journal_metrics.json,ce_x,31,clean,0.054680150057567226,1.1820031334923735,0.5903665814151747,,,,0.054680150057567226,0.0,0.0,0.0,0.0,0.0,0.0,0.0,0.0,0.0,0.0,0.0,,
/zjs/AD_Project/dual_shift_github/outputs/journal/apic_v3_2_screening_mci_ad/r4,43,adni_to_nacc,/zjs/AD_Project/dual_shift_github/outputs/journal/apic_v3_2_screening_mci_ad/r4/seed43/adni_to_nacc/ce_x/journal_metrics.json,ce_x,32,clean,0.020616352433652275,1.1776464245529896,0.5549872122762148,,,,0.020616352433652275,0.0,0.0,0.0,0.0,0.0,0.0,0.0,0.0,0.0,0.0,0.0,,
/zjs/AD_Project/dual_shift_github/outputs/journal/apic_v3_2_screening_mci_ad/r4,43,adni_to_nacc,/zjs/AD_Project/dual_shift_github/outputs/journal/apic_v3_2_screening_mci_ad/r4/seed43/adni_to_nacc/ce_x/journal_metrics.json,ce_x,33,clean,0.02366094610430208,1.0862351436351656,0.56692242114237,,,,0.02366094610430208,0.0,0.0,0.0,0.0,0.0,0.0,0.0,0.0,0.0,0.0,0.0,,
/zjs/AD_Project/dual_shift_github/outputs/journal/apic_v3_2_screening_mci_ad/r4,43,adni_to_nacc,/zjs/AD_Project/dual_shift_github/outputs/journal/apic_v3_2_screening_mci_ad/r4/seed43/adni_to_nacc/ce_x/journal_metrics.json,ce_x,34,clean,0.005055912145607099,1.3490256937882872,0.5626598465473146,,,,0.005055912145607099,0.0,0.0,0.0,0.0,0.0,0.0,0.0,0.0,0.0,0.0,0.0,,
/zjs/AD_Project/dual_shift_github/outputs/journal/apic_v3_2_screening_mci_ad/r4,43,adni_to_nacc,/zjs/AD_Project/dual_shift_github/outputs/journal/apic_v3_2_screening_mci_ad/r4/seed43/adni_to_nacc/ce_x/journal_metrics.json,ce_x,35,clean,0.007370590160273495,0.9955854307894313,0.571611253196931,,,,0.007370590160273495,0.0,0.0,0.0,0.0,0.0,0.0,0.0,0.0,0.0,0.0,0.0,,
/zjs/AD_Project/dual_shift_github/outputs/journal/apic_v3_2_screening_mci_ad/r4,43,adni_to_nacc,/zjs/AD_Project/dual_shift_github/outputs/journal/apic_v3_2_screening_mci_ad/r4/seed43/adni_to_nacc/ce_x/journal_metrics.json,ce_x,36,clean,0.04406502372688974,1.4121092998352192,0.5784313725490197,,,,0.04406502372688974,0.0,0.0,0.0,0.0,0.0,0.0,0.0,0.0,0.0,0.0,0.0,,
/zjs/AD_Project/dual_shift_github/outputs/journal/apic_v3_2_screening_mci_ad/r4,43,adni_to_nacc,/zjs/AD_Project/dual_shift_github/outputs/journal/apic_v3_2_screening_mci_ad/r4/seed43/adni_to_nacc/ce_x/journal_metrics.json,ce_x,37,clean,0.036168740633506294,0.9242441702266694,0.5946291560102303,,,,0.036168740633506294,0.0,0.0,0.0,0.0,0.0,0.0,0.0,0.0,0.0,0.0,0.0,,
/zjs/AD_Project/dual_shift_github/outputs/journal/apic_v3_2_screening_mci_ad/r4,43,adni_to_nacc,/zjs/AD_Project/dual_shift_github/outputs/journal/apic_v3_2_screening_mci_ad/r4/seed43/adni_to_nacc/ce_x/journal_metrics.json,ce_x,38,clean,0.0248220478441557,1.3529878530978148,0.6065643648763853,,,,0.0248220478441557,0.0,0.0,0.0,0.0,0.0,0.0,0.0,0.0,0.0,0.0,0.0,,
/zjs/AD_Project/dual_shift_github/outputs/journal/apic_v3_2_screening_mci_ad/r4,43,adni_to_nacc,/zjs/AD_Project/dual_shift_github/outputs/journal/apic_v3_2_screening_mci_ad/r4/seed43/adni_to_nacc/ce_x/journal_metrics.json,ce_x,39,clean,0.03977746908935617,1.4571170174183512,0.5763000852514919,,,,0.03977746908935617,0.0,0.0,0.0,0.0,0.0,0.0,0.0,0.0,0.0,0.0,0.0,,
/zjs/AD_Project/dual_shift_github/outputs/journal/apic_v3_2_screening_mci_ad/r4,43,adni_to_nacc,/zjs/AD_Project/dual_shift_github/outputs/journal/apic_v3_2_screening_mci_ad/r4/seed43/adni_to_nacc/ce_x/journal_metrics.json,ce_x,40,clean,0.02788385575248786,1.15459608483564,0.5890878090366581,,,,0.02788385575248786,0.0,0.0,0.0,0.0,0.0,0.0,0.0,0.0,0.0,0.0,0.0,,
/zjs/AD_Project/dual_shift_github/outputs/journal/apic_v3_2_screening_mci_ad/r4,43,adni_to_nacc,/zjs/AD_Project/dual_shift_github/outputs/journal/apic_v3_2_screening_mci_ad/r4/seed43/adni_to_nacc/ce_x/journal_metrics.json,ce_x,41,clean,0.055150134990621116,1.0201445984367896,0.5839727195225916,,,,0.055150134990621116,0.0,0.0,0.0,0.0,0.0,0.0,0.0,0.0,0.0,0.0,0.0,,
/zjs/AD_Project/dual_shift_github/outputs/journal/apic_v3_2_screening_mci_ad/r4,43,adni_to_nacc,/zjs/AD_Project/dual_shift_github/outputs/journal/apic_v3_2_screening_mci_ad/r4/seed43/adni_to_nacc/ce_x/journal_metrics.json,ce_x,42,clean,0.01008545946892314,1.1287123893703752,0.6052855924978687,,,,0.01008545946892314,0.0,0.0,0.0,0.0,0.0,0.0,0.0,0.0,0.0,0.0,0.0,,
/zjs/AD_Project/dual_shift_github/outputs/journal/apic_v3_2_screening_mci_ad/r4,43,adni_to_nacc,/zjs/AD_Project/dual_shift_github/outputs/journal/apic_v3_2_screening_mci_ad/r4/seed43/adni_to_nacc/ce_x/journal_metrics.json,ce_x,43,clean,0.0029267171822260087,1.24357843908178,0.6027280477408354,,,,0.0029267171822260087,0.0,0.0,0.0,0.0,0.0,0.0,0.0,0.0,0.0,0.0,0.0,,
/zjs/AD_Project/dual_shift_github/outputs/journal/apic_v3_2_screening_mci_ad/r4,43,adni_to_nacc,/zjs/AD_Project/dual_shift_github/outputs/journal/apic_v3_2_screening_mci_ad/r4/seed43/adni_to_nacc/ce_x/journal_metrics.json,ce_x,44,clean,0.09826378744829788,1.7548061057139155,0.5707587382779199,,,,0.09826378744829788,0.0,0.0,0.0,0.0,0.0,0.0,0.0,0.0,0.0,0.0,0.0,,
/zjs/AD_Project/dual_shift_github/outputs/journal/apic_v3_2_screening_mci_ad/r4,43,adni_to_nacc,/zjs/AD_Project/dual_shift_github/outputs/journal/apic_v3_2_screening_mci_ad/r4/seed43/adni_to_nacc/ce_x/journal_metrics.json,ce_x,45,clean,0.11836274891012892,1.1586529954738163,0.5409207161125319,,,,0.11836274891012892,0.0,0.0,0.0,0.0,0.0,0.0,0.0,0.0,0.0,0.0,0.0,,
/zjs/AD_Project/dual_shift_github/outputs/journal/apic_v3_2_screening_mci_ad/r4,43,adni_to_nacc,/zjs/AD_Project/dual_shift_github/outputs/journal/apic_v3_2_screening_mci_ad/r4/seed43/adni_to_nacc/ce_x/journal_metrics.json,ce_x,46,clean,0.04865769808478008,1.0244537436428967,0.5430520034100597,,,,0.04865769808478008,0.0,0.0,0.0,0.0,0.0,0.0,0.0,0.0,0.0,0.0,0.0,,
/zjs/AD_Project/dual_shift_github/outputs/journal/apic_v3_2_screening_mci_ad/r4,43,adni_to_nacc,/zjs/AD_Project/dual_shift_github/outputs/journal/apic_v3_2_screening_mci_ad/r4/seed43/adni_to_nacc/ce_x/journal_metrics.json,ce_x,47,clean,0.021357744150693612,1.1019377029210398,0.5852514919011083,,,,0.021357744150693612,0.0,0.0,0.0,0.0,0.0,0.0,0.0,0.0,0.0,0.0,0.0,,
/zjs/AD_Project/dual_shift_github/outputs/journal/apic_v3_2_screening_mci_ad/r4,43,adni_to_nacc,/zjs/AD_Project/dual_shift_github/outputs/journal/apic_v3_2_screening_mci_ad/r4/seed43/adni_to_nacc/ce_x/journal_metrics.json,ce_x,48,clean,0.005752277088243201,1.339290081771142,0.6052855924978687,,,,0.005752277088243201,0.0,0.0,0.0,0.0,0.0,0.0,0.0,0.0,0.0,0.0,0.0,,
/zjs/AD_Project/dual_shift_github/outputs/journal/apic_v3_2_screening_mci_ad/r4,43,adni_to_nacc,/zjs/AD_Project/dual_shift_github/outputs/journal/apic_v3_2_screening_mci_ad/r4/seed43/adni_to_nacc/ce_x/journal_metrics.json,ce_x,49,clean,0.0032664023156480696,1.36613276084979,0.5861040068201194,,,,0.0032664023156480696,0.0,0.0,0.0,0.0,0.0,0.0,0.0,0.0,0.0,0.0,0.0,,
/zjs/AD_Project/dual_shift_github/outputs/journal/apic_v3_2_screening_mci_ad/r4,43,adni_to_nacc,/zjs/AD_Project/dual_shift_github/outputs/journal/apic_v3_2_screening_mci_ad/r4/seed43/adni_to_nacc/ce_x/journal_metrics.json,ce_x,50,clean,0.0018692482105804385,1.4102919936754714,0.5669224211423699,,,,0.0018692482105804385,0.0,0.0,0.0,0.0,0.0,0.0,0.0,0.0,0.0,0.0,0.0,,
/zjs/AD_Project/dual_shift_github/outputs/journal/apic_v3_2_screening_mci_ad/r4,43,adni_to_nacc,/zjs/AD_Project/dual_shift_github/outputs/journal/apic_v3_2_screening_mci_ad/r4/seed43/adni_to_nacc/mixstyle_x/journal_metrics.json,mixstyle_x,1,mixstyle,0.5693936934418017,1.321110752214669,0.5,,,,0.5693936934418017,0.0,0.0,0.0,0.0,0.0,0.0,0.0,0.0,0.0,0.0,0.0,,
/zjs/AD_Project/dual_shift_github/outputs/journal/apic_v3_2_screening_mci_ad/r4,43,adni_to_nacc,/zjs/AD_Project/dual_shift_github/outputs/journal/apic_v3_2_screening_mci_ad/r4/seed43/adni_to_nacc/mixstyle_x/journal_metrics.json,mixstyle_x,2,mixstyle,0.44604149947662164,1.8335295925173192,0.5287723785166241,,,,0.44604149947662164,0.0,0.0,0.0,0.0,0.0,0.0,0.0,0.0,0.0,0.0,0.0,,
/zjs/AD_Project/dual_shift_github/outputs/journal/apic_v3_2_screening_mci_ad/r4,43,adni_to_nacc,/zjs/AD_Project/dual_shift_github/outputs/journal/apic_v3_2_screening_mci_ad/r4/seed43/adni_to_nacc/mixstyle_x/journal_metrics.json,mixstyle_x,3,mixstyle,0.44750302358724103,0.8907835072743784,0.5302642796248934,,,,0.44750302358724103,0.0,0.0,0.0,0.0,0.0,0.0,0.0,0.0,0.0,0.0,0.0,,
/zjs/AD_Project/dual_shift_github/outputs/journal/apic_v3_2_screening_mci_ad/r4,43,adni_to_nacc,/zjs/AD_Project/dual_shift_github/outputs/journal/apic_v3_2_screening_mci_ad/r4/seed43/adni_to_nacc/mixstyle_x/journal_metrics.json,mixstyle_x,4,mixstyle,0.43946045530166955,0.9248136980544537,0.5707587382779199,,,,0.43946045530166955,0.0,0.0,0.0,0.0,0.0,0.0,0.0,0.0,0.0,0.0,0.0,,
/zjs/AD_Project/dual_shift_github/outputs/journal/apic_v3_2_screening_mci_ad/r4,43,adni_to_nacc,/zjs/AD_Project/dual_shift_github/outputs/journal/apic_v3_2_screening_mci_ad/r4/seed43/adni_to_nacc/mixstyle_x/journal_metrics.json,mixstyle_x,5,mixstyle,0.28578765901487946,1.1619174272215012,0.5792838874680307,,,,0.28578765901487946,0.0,0.0,0.0,0.0,0.0,0.0,0.0,0.0,0.0,0.0,0.0,,
/zjs/AD_Project/dual_shift_github/outputs/journal/apic_v3_2_screening_mci_ad/r4,43,adni_to_nacc,/zjs/AD_Project/dual_shift_github/outputs/journal/apic_v3_2_screening_mci_ad/r4/seed43/adni_to_nacc/mixstyle_x/journal_metrics.json,mixstyle_x,6,mixstyle,0.3136061756493579,1.309712669777966,0.5878090366581415,,,,0.3136061756493579,0.0,0.0,0.0,0.0,0.0,0.0,0.0,0.0,0.0,0.0,0.0,,
/zjs/AD_Project/dual_shift_github/outputs/journal/apic_v3_2_screening_mci_ad/r4,43,adni_to_nacc,/zjs/AD_Project/dual_shift_github/outputs/journal/apic_v3_2_screening_mci_ad/r4/seed43/adni_to_nacc/mixstyle_x/journal_metrics.json,mixstyle_x,7,mixstyle,0.39616217189422337,1.0650121114396174,0.5784313725490197,,,,0.39616217189422337,0.0,0.0,0.0,0.0,0.0,0.0,0.0,0.0,0.0,0.0,0.0,,
/zjs/AD_Project/dual_shift_github/outputs/journal/apic_v3_2_screening_mci_ad/r4,43,adni_to_nacc,/zjs/AD_Project/dual_shift_github/outputs/journal/apic_v3_2_screening_mci_ad/r4/seed43/adni_to_nacc/mixstyle_x/journal_metrics.json,mixstyle_x,8,mixstyle,0.3231764021375687,1.1951642804907276,0.560528559249787,,,,0.3231764021375687,0.0,0.0,0.0,0.0,0.0,0.0,0.0,0.0,0.0,0.0,0.0,,
/zjs/AD_Project/dual_shift_github/outputs/journal/apic_v3_2_screening_mci_ad/r4,43,adni_to_nacc,/zjs/AD_Project/dual_shift_github/outputs/journal/apic_v3_2_screening_mci_ad/r4/seed43/adni_to_nacc/mixstyle_x/journal_metrics.json,mixstyle_x,9,mixstyle,0.2809572521007002,1.2074389665669532,0.5524296675191815,,,,0.2809572521007002,0.0,0.0,0.0,0.0,0.0,0.0,0.0,0.0,0.0,0.0,0.0,,
/zjs/AD_Project/dual_shift_github/outputs/journal/apic_v3_2_screening_mci_ad/r4,43,adni_to_nacc,/zjs/AD_Project/dual_shift_github/outputs/journal/apic_v3_2_screening_mci_ad/r4/seed43/adni_to_nacc/mixstyle_x/journal_metrics.json,mixstyle_x,10,mixstyle,0.25557122776045066,1.0321687420983927,0.5498721227621484,,,,0.25557122776045066,0.0,0.0,0.0,0.0,0.0,0.0,0.0,0.0,0.0,0.0,0.0,,
/zjs/AD_Project/dual_shift_github/outputs/journal/apic_v3_2_screening_mci_ad/r4,43,adni_to_nacc,/zjs/AD_Project/dual_shift_github/outputs/journal/apic_v3_2_screening_mci_ad/r4/seed43/adni_to_nacc/mixstyle_x/journal_metrics.json,mixstyle_x,11,mixstyle,0.18071543407340598,1.0909110085372258,0.5737425404944586,,,,0.18071543407340598,0.0,0.0,0.0,0.0,0.0,0.0,0.0,0.0,0.0,0.0,0.0,,
/zjs/AD_Project/dual_shift_github/outputs/journal/apic_v3_2_screening_mci_ad/r4,43,adni_to_nacc,/zjs/AD_Project/dual_shift_github/outputs/journal/apic_v3_2_screening_mci_ad/r4/seed43/adni_to_nacc/mixstyle_x/journal_metrics.json,mixstyle_x,12,mixstyle,0.17396641219274536,1.3317183531743877,0.5916453537936914,,,,0.17396641219274536,0.0,0.0,0.0,0.0,0.0,0.0,0.0,0.0,0.0,0.0,0.0,,
/zjs/AD_Project/dual_shift_github/outputs/journal/apic_v3_2_screening_mci_ad/r4,43,adni_to_nacc,/zjs/AD_Project/dual_shift_github/outputs/journal/apic_v3_2_screening_mci_ad/r4/seed43/adni_to_nacc/mixstyle_x/journal_metrics.json,mixstyle_x,13,mixstyle,0.16395337927376502,1.2220103830064928,0.582693947144075,,,,0.16395337927376502,0.0,0.0,0.0,0.0,0.0,0.0,0.0,0.0,0.0,0.0,0.0,,
/zjs/AD_Project/dual_shift_github/outputs/journal/apic_v3_2_screening_mci_ad/r4,43,adni_to_nacc,/zjs/AD_Project/dual_shift_github/outputs/journal/apic_v3_2_screening_mci_ad/r4/seed43/adni_to_nacc/mixstyle_x/journal_metrics.json,mixstyle_x,14,mixstyle,0.15530928469143143,1.2368957566251175,0.5775788576300085,,,,0.15530928469143143,0.0,0.0,0.0,0.0,0.0,0.0,0.0,0.0,0.0,0.0,0.0,,
/zjs/AD_Project/dual_shift_github/outputs/journal/apic_v3_2_screening_mci_ad/r4,43,adni_to_nacc,/zjs/AD_Project/dual_shift_github/outputs/journal/apic_v3_2_screening_mci_ad/r4/seed43/adni_to_nacc/mixstyle_x/journal_metrics.json,mixstyle_x,15,mixstyle,0.11519819115851038,1.0303223198365181,0.5801364023870418,,,,0.11519819115851038,0.0,0.0,0.0,0.0,0.0,0.0,0.0,0.0,0.0,0.0,0.0,,
/zjs/AD_Project/dual_shift_github/outputs/journal/apic_v3_2_screening_mci_ad/r4,43,adni_to_nacc,/zjs/AD_Project/dual_shift_github/outputs/journal/apic_v3_2_screening_mci_ad/r4/seed43/adni_to_nacc/mixstyle_x/journal_metrics.json,mixstyle_x,16,mixstyle,0.1368519532076996,1.0472768400753036,0.5566922421142371,,,,0.1368519532076996,0.0,0.0,0.0,0.0,0.0,0.0,0.0,0.0,0.0,0.0,0.0,,
/zjs/AD_Project/dual_shift_github/outputs/journal/apic_v3_2_screening_mci_ad/r4,43,adni_to_nacc,/zjs/AD_Project/dual_shift_github/outputs/journal/apic_v3_2_screening_mci_ad/r4/seed43/adni_to_nacc/mixstyle_x/journal_metrics.json,mixstyle_x,17,mixstyle,0.26709474177367176,0.6703697803917281,0.5677749360613811,,,,0.26709474177367176,0.0,0.0,0.0,0.0,0.0,0.0,0.0,0.0,0.0,0.0,0.0,,
/zjs/AD_Project/dual_shift_github/outputs/journal/apic_v3_2_screening_mci_ad/r4,43,adni_to_nacc,/zjs/AD_Project/dual_shift_github/outputs/journal/apic_v3_2_screening_mci_ad/r4/seed43/adni_to_nacc/mixstyle_x/journal_metrics.json,mixstyle_x,18,mixstyle,0.1424438296171772,1.7703852606488717,0.5451832907075873,,,,0.1424438296171772,0.0,0.0,0.0,0.0,0.0,0.0,0.0,0.0,0.0,0.0,0.0,,
/zjs/AD_Project/dual_shift_github/outputs/journal/apic_v3_2_screening_mci_ad/r4,43,adni_to_nacc,/zjs/AD_Project/dual_shift_github/outputs/journal/apic_v3_2_screening_mci_ad/r4/seed43/adni_to_nacc/mixstyle_x/journal_metrics.json,mixstyle_x,19,mixstyle,0.09384227974460192,0.8875440730277552,0.5767263427109974,,,,0.09384227974460192,0.0,0.0,0.0,0.0,0.0,0.0,0.0,0.0,0.0,0.0,0.0,,
/zjs/AD_Project/dual_shift_github/outputs/journal/apic_v3_2_screening_mci_ad/r4,43,adni_to_nacc,/zjs/AD_Project/dual_shift_github/outputs/journal/apic_v3_2_screening_mci_ad/r4/seed43/adni_to_nacc/mixstyle_x/journal_metrics.json,mixstyle_x,20,mixstyle,0.09287230737765531,1.0389207077955982,0.5652173913043478,,,,0.09287230737765531,0.0,0.0,0.0,0.0,0.0,0.0,0.0,0.0,0.0,0.0,0.0,,
/zjs/AD_Project/dual_shift_github/outputs/journal/apic_v3_2_screening_mci_ad/r4,43,adni_to_nacc,/zjs/AD_Project/dual_shift_github/outputs/journal/apic_v3_2_screening_mci_ad/r4/seed43/adni_to_nacc/mixstyle_x/journal_metrics.json,mixstyle_x,21,mixstyle,0.05154289758077242,1.3833144016888574,0.5609548167092924,,,,0.05154289758077242,0.0,0.0,0.0,0.0,0.0,0.0,0.0,0.0,0.0,0.0,0.0,,
/zjs/AD_Project/dual_shift_github/outputs/journal/apic_v3_2_screening_mci_ad/r4,43,adni_to_nacc,/zjs/AD_Project/dual_shift_github/outputs/journal/apic_v3_2_screening_mci_ad/r4/seed43/adni_to_nacc/mixstyle_x/journal_metrics.json,mixstyle_x,22,mixstyle,0.09690997355944929,1.0124672749720582,0.5758738277919864,,,,0.09690997355944929,0.0,0.0,0.0,0.0,0.0,0.0,0.0,0.0,0.0,0.0,0.0,,
/zjs/AD_Project/dual_shift_github/outputs/journal/apic_v3_2_screening_mci_ad/r4,43,adni_to_nacc,/zjs/AD_Project/dual_shift_github/outputs/journal/apic_v3_2_screening_mci_ad/r4/seed43/adni_to_nacc/mixstyle_x/journal_metrics.json,mixstyle_x,23,mixstyle,0.04669614554276819,1.3381419978318139,0.5682011935208865,,,,0.04669614554276819,0.0,0.0,0.0,0.0,0.0,0.0,0.0,0.0,0.0,0.0,0.0,,
/zjs/AD_Project/dual_shift_github/outputs/journal/apic_v3_2_screening_mci_ad/r4,43,adni_to_nacc,/zjs/AD_Project/dual_shift_github/outputs/journal/apic_v3_2_screening_mci_ad/r4/seed43/adni_to_nacc/mixstyle_x/journal_metrics.json,mixstyle_x,24,mixstyle,0.015997435825549546,1.1791033943551124,0.578005115089514,,,,0.015997435825549546,0.0,0.0,0.0,0.0,0.0,0.0,0.0,0.0,0.0,0.0,0.0,,
/zjs/AD_Project/dual_shift_github/outputs/journal/apic_v3_2_screening_mci_ad/r4,43,adni_to_nacc,/zjs/AD_Project/dual_shift_github/outputs/journal/apic_v3_2_screening_mci_ad/r4/seed43/adni_to_nacc/mixstyle_x/journal_metrics.json,mixstyle_x,25,mixstyle,0.031816522511284764,1.4939595465783304,0.5532821824381926,,,,0.031816522511284764,0.0,0.0,0.0,0.0,0.0,0.0,0.0,0.0,0.0,0.0,0.0,,
/zjs/AD_Project/dual_shift_github/outputs/journal/apic_v3_2_screening_mci_ad/r4,43,adni_to_nacc,/zjs/AD_Project/dual_shift_github/outputs/journal/apic_v3_2_screening_mci_ad/r4/seed43/adni_to_nacc/mixstyle_x/journal_metrics.json,mixstyle_x,26,mixstyle,0.014039467454260898,1.473321679985971,0.5507246376811593,,,,0.014039467454260898,0.0,0.0,0.0,0.0,0.0,0.0,0.0,0.0,0.0,0.0,0.0,,
/zjs/AD_Project/dual_shift_github/outputs/journal/apic_v3_2_screening_mci_ad/r4,43,adni_to_nacc,/zjs/AD_Project/dual_shift_github/outputs/journal/apic_v3_2_screening_mci_ad/r4/seed43/adni_to_nacc/mixstyle_x/journal_metrics.json,mixstyle_x,27,mixstyle,0.027010827229616445,1.0983410594694385,0.551150895140665,,,,0.027010827229616445,0.0,0.0,0.0,0.0,0.0,0.0,0.0,0.0,0.0,0.0,0.0,,
/zjs/AD_Project/dual_shift_github/outputs/journal/apic_v3_2_screening_mci_ad/r4,43,adni_to_nacc,/zjs/AD_Project/dual_shift_github/outputs/journal/apic_v3_2_screening_mci_ad/r4/seed43/adni_to_nacc/mixstyle_x/journal_metrics.json,mixstyle_x,28,mixstyle,0.07301615168614829,2.1784665244866437,0.5596760443307759,,,,0.07301615168614829,0.0,0.0,0.0,0.0,0.0,0.0,0.0,0.0,0.0,0.0,0.0,,
/zjs/AD_Project/dual_shift_github/outputs/journal/apic_v3_2_screening_mci_ad/r4,43,adni_to_nacc,/zjs/AD_Project/dual_shift_github/outputs/journal/apic_v3_2_screening_mci_ad/r4/seed43/adni_to_nacc/mixstyle_x/journal_metrics.json,mixstyle_x,29,mixstyle,0.10559715156784595,1.0938783893618016,0.5524296675191817,,,,0.10559715156784595,0.0,0.0,0.0,0.0,0.0,0.0,0.0,0.0,0.0,0.0,0.0,,
/zjs/AD_Project/dual_shift_github/outputs/journal/apic_v3_2_screening_mci_ad/r4,43,adni_to_nacc,/zjs/AD_Project/dual_shift_github/outputs/journal/apic_v3_2_screening_mci_ad/r4/seed43/adni_to_nacc/mixstyle_x/journal_metrics.json,mixstyle_x,30,mixstyle,0.05664955782773213,1.1819725687777913,0.557544757033248,,,,0.05664955782773213,0.0,0.0,0.0,0.0,0.0,0.0,0.0,0.0,0.0,0.0,0.0,,
/zjs/AD_Project/dual_shift_github/outputs/journal/apic_v3_2_screening_mci_ad/r4,43,adni_to_nacc,/zjs/AD_Project/dual_shift_github/outputs/journal/apic_v3_2_screening_mci_ad/r4/seed43/adni_to_nacc/mixstyle_x/journal_metrics.json,mixstyle_x,31,mixstyle,0.09691176096629812,1.1575784016221147,0.5707587382779199,,,,0.09691176096629812,0.0,0.0,0.0,0.0,0.0,0.0,0.0,0.0,0.0,0.0,0.0,,
/zjs/AD_Project/dual_shift_github/outputs/journal/apic_v3_2_screening_mci_ad/r4,43,adni_to_nacc,/zjs/AD_Project/dual_shift_github/outputs/journal/apic_v3_2_screening_mci_ad/r4/seed43/adni_to_nacc/mixstyle_x/journal_metrics.json,mixstyle_x,32,mixstyle,0.06481015820535693,1.114974068802431,0.5895140664961637,,,,0.06481015820535693,0.0,0.0,0.0,0.0,0.0,0.0,0.0,0.0,0.0,0.0,0.0,,
/zjs/AD_Project/dual_shift_github/outputs/journal/apic_v3_2_screening_mci_ad/r4,43,adni_to_nacc,/zjs/AD_Project/dual_shift_github/outputs/journal/apic_v3_2_screening_mci_ad/r4/seed43/adni_to_nacc/mixstyle_x/journal_metrics.json,mixstyle_x,33,mixstyle,0.027499520325327827,1.4236757030070828,0.5912190963341858,,,,0.027499520325327827,0.0,0.0,0.0,0.0,0.0,0.0,0.0,0.0,0.0,0.0,0.0,,
/zjs/AD_Project/dual_shift_github/outputs/journal/apic_v3_2_screening_mci_ad/r4,43,adni_to_nacc,/zjs/AD_Project/dual_shift_github/outputs/journal/apic_v3_2_screening_mci_ad/r4/seed43/adni_to_nacc/mixstyle_x/journal_metrics.json,mixstyle_x,34,mixstyle,0.013840885729169344,1.286793766577446,0.5694799658994033,,,,0.013840885729169344,0.0,0.0,0.0,0.0,0.0,0.0,0.0,0.0,0.0,0.0,0.0,,
/zjs/AD_Project/dual_shift_github/outputs/journal/apic_v3_2_screening_mci_ad/r4,43,adni_to_nacc,/zjs/AD_Project/dual_shift_github/outputs/journal/apic_v3_2_screening_mci_ad/r4/seed43/adni_to_nacc/mixstyle_x/journal_metrics.json,mixstyle_x,35,mixstyle,0.012170008551686689,1.2419680253081364,0.5652173913043478,,,,0.012170008551686689,0.0,0.0,0.0,0.0,0.0,0.0,0.0,0.0,0.0,0.0,0.0,,
/zjs/AD_Project/dual_shift_github/outputs/journal/apic_v3_2_screening_mci_ad/r4,43,adni_to_nacc,/zjs/AD_Project/dual_shift_github/outputs/journal/apic_v3_2_screening_mci_ad/r4/seed43/adni_to_nacc/mixstyle_x/journal_metrics.json,mixstyle_x,36,mixstyle,0.06811549693794396,1.1394279108387033,0.5682011935208866,,,,0.06811549693794396,0.0,0.0,0.0,0.0,0.0,0.0,0.0,0.0,0.0,0.0,0.0,,
/zjs/AD_Project/dual_shift_github/outputs/journal/apic_v3_2_screening_mci_ad/r4,43,adni_to_nacc,/zjs/AD_Project/dual_shift_github/outputs/journal/apic_v3_2_screening_mci_ad/r4/seed43/adni_to_nacc/mixstyle_x/journal_metrics.json,mixstyle_x,37,mixstyle,0.04470912114305579,0.8637457229026141,0.5609548167092925,,,,0.04470912114305579,0.0,0.0,0.0,0.0,0.0,0.0,0.0,0.0,0.0,0.0,0.0,,
/zjs/AD_Project/dual_shift_github/outputs/journal/apic_v3_2_screening_mci_ad/r4,43,adni_to_nacc,/zjs/AD_Project/dual_shift_github/outputs/journal/apic_v3_2_screening_mci_ad/r4/seed43/adni_to_nacc/mixstyle_x/journal_metrics.json,mixstyle_x,38,mixstyle,0.005877801925428027,1.0535218529488652,0.5711849957374254,,,,0.005877801925428027,0.0,0.0,0.0,0.0,0.0,0.0,0.0,0.0,0.0,0.0,0.0,,
/zjs/AD_Project/dual_shift_github/outputs/journal/apic_v3_2_screening_mci_ad/r4,43,adni_to_nacc,/zjs/AD_Project/dual_shift_github/outputs/journal/apic_v3_2_screening_mci_ad/r4/seed43/adni_to_nacc/mixstyle_x/journal_metrics.json,mixstyle_x,39,mixstyle,0.04766138444457544,1.0908121630557974,0.5929241261722079,,,,0.04766138444457544,0.0,0.0,0.0,0.0,0.0,0.0,0.0,0.0,0.0,0.0,0.0,,
/zjs/AD_Project/dual_shift_github/outputs/journal/apic_v3_2_screening_mci_ad/r4,43,adni_to_nacc,/zjs/AD_Project/dual_shift_github/outputs/journal/apic_v3_2_screening_mci_ad/r4/seed43/adni_to_nacc/mixstyle_x/journal_metrics.json,mixstyle_x,40,mixstyle,0.006113738399333238,1.0925905207052418,0.6027280477408354,,,,0.006113738399333238,0.0,0.0,0.0,0.0,0.0,0.0,0.0,0.0,0.0,0.0,0.0,,
/zjs/AD_Project/dual_shift_github/outputs/journal/apic_v3_2_screening_mci_ad/r4,43,adni_to_nacc,/zjs/AD_Project/dual_shift_github/outputs/journal/apic_v3_2_screening_mci_ad/r4/seed43/adni_to_nacc/mixstyle_x/journal_metrics.json,mixstyle_x,41,mixstyle,0.02830162826731875,1.198212168274507,0.5848252344416027,,,,0.02830162826731875,0.0,0.0,0.0,0.0,0.0,0.0,0.0,0.0,0.0,0.0,0.0,,
/zjs/AD_Project/dual_shift_github/outputs/journal/apic_v3_2_screening_mci_ad/r4,43,adni_to_nacc,/zjs/AD_Project/dual_shift_github/outputs/journal/apic_v3_2_screening_mci_ad/r4/seed43/adni_to_nacc/mixstyle_x/journal_metrics.json,mixstyle_x,42,mixstyle,0.05235285916835955,1.151878592242068,0.5954816709292412,,,,0.05235285916835955,0.0,0.0,0.0,0.0,0.0,0.0,0.0,0.0,0.0,0.0,0.0,,
/zjs/AD_Project/dual_shift_github/outputs/journal/apic_v3_2_screening_mci_ad/r4,43,adni_to_nacc,/zjs/AD_Project/dual_shift_github/outputs/journal/apic_v3_2_screening_mci_ad/r4/seed43/adni_to_nacc/mixstyle_x/journal_metrics.json,mixstyle_x,43,mixstyle,0.015387279950289774,1.256879100503417,0.6104006820119352,,,,0.015387279950289774,0.0,0.0,0.0,0.0,0.0,0.0,0.0,0.0,0.0,0.0,0.0,,
/zjs/AD_Project/dual_shift_github/outputs/journal/apic_v3_2_screening_mci_ad/r4,43,adni_to_nacc,/zjs/AD_Project/dual_shift_github/outputs/journal/apic_v3_2_screening_mci_ad/r4/seed43/adni_to_nacc/mixstyle_x/journal_metrics.json,mixstyle_x,44,mixstyle,0.016224405768622486,1.510641443468374,0.6163682864450127,,,,0.016224405768622486,0.0,0.0,0.0,0.0,0.0,0.0,0.0,0.0,0.0,0.0,0.0,,
/zjs/AD_Project/dual_shift_github/outputs/journal/apic_v3_2_screening_mci_ad/r4,43,adni_to_nacc,/zjs/AD_Project/dual_shift_github/outputs/journal/apic_v3_2_screening_mci_ad/r4/seed43/adni_to_nacc/mixstyle_x/journal_metrics.json,mixstyle_x,45,mixstyle,0.00515024592416444,1.307980113057206,0.5916453537936914,,,,0.00515024592416444,0.0,0.0,0.0,0.0,0.0,0.0,0.0,0.0,0.0,0.0,0.0,,
/zjs/AD_Project/dual_shift_github/outputs/journal/apic_v3_2_screening_mci_ad/r4,43,adni_to_nacc,/zjs/AD_Project/dual_shift_github/outputs/journal/apic_v3_2_screening_mci_ad/r4/seed43/adni_to_nacc/mixstyle_x/journal_metrics.json,mixstyle_x,46,mixstyle,0.0031232733487227635,1.287904542813146,0.6010230179028133,,,,0.0031232733487227635,0.0,0.0,0.0,0.0,0.0,0.0,0.0,0.0,0.0,0.0,0.0,,
/zjs/AD_Project/dual_shift_github/outputs/journal/apic_v3_2_screening_mci_ad/r4,43,adni_to_nacc,/zjs/AD_Project/dual_shift_github/outputs/journal/apic_v3_2_screening_mci_ad/r4/seed43/adni_to_nacc/mixstyle_x/journal_metrics.json,mixstyle_x,47,mixstyle,0.0017096316145092138,1.3083732460885535,0.6104006820119353,,,,0.0017096316145092138,0.0,0.0,0.0,0.0,0.0,0.0,0.0,0.0,0.0,0.0,0.0,,
/zjs/AD_Project/dual_shift_github/outputs/journal/apic_v3_2_screening_mci_ad/r4,43,adni_to_nacc,/zjs/AD_Project/dual_shift_github/outputs/journal/apic_v3_2_screening_mci_ad/r4/seed43/adni_to_nacc/mixstyle_x/journal_metrics.json,mixstyle_x,48,mixstyle,0.0012170484459251257,1.3164474164774436,0.6104006820119353,,,,0.0012170484459251257,0.0,0.0,0.0,0.0,0.0,0.0,0.0,0.0,0.0,0.0,0.0,,
/zjs/AD_Project/dual_shift_github/outputs/journal/apic_v3_2_screening_mci_ad/r4,43,adni_to_nacc,/zjs/AD_Project/dual_shift_github/outputs/journal/apic_v3_2_screening_mci_ad/r4/seed43/adni_to_nacc/mixstyle_x/journal_metrics.json,mixstyle_x,49,mixstyle,0.0017335397131697248,2.2481414919191494,0.6018755328218245,,,,0.0017335397131697248,0.0,0.0,0.0,0.0,0.0,0.0,0.0,0.0,0.0,0.0,0.0,,
/zjs/AD_Project/dual_shift_github/outputs/journal/apic_v3_2_screening_mci_ad/r4,43,adni_to_nacc,/zjs/AD_Project/dual_shift_github/outputs/journal/apic_v3_2_screening_mci_ad/r4/seed43/adni_to_nacc/mixstyle_x/journal_metrics.json,mixstyle_x,50,mixstyle,0.022836000715266556,1.5345001070464612,0.5890878090366581,,,,0.022836000715266556,0.0,0.0,0.0,0.0,0.0,0.0,0.0,0.0,0.0,0.0,0.0,,
/zjs/AD_Project/dual_shift_github/outputs/journal/apic_v3_2_screening_mci_ad/r4,43,nacc_to_adni,/zjs/AD_Project/dual_shift_github/outputs/journal/apic_v3_2_screening_mci_ad/r4/seed43/nacc_to_adni/apic_v3_2_x/journal_metrics.json,apic_v3_2_x,1,clean_warmup,0.6090548165987447,1.890992213005578,0.5071428571428571,,,,0.6090548165987447,0.0,0.0,0.0,0.0,0.0,0.0,0.0,0.0,0.0,0.0,0.0,0,0.0
/zjs/AD_Project/dual_shift_github/outputs/journal/apic_v3_2_screening_mci_ad/r4,43,nacc_to_adni,/zjs/AD_Project/dual_shift_github/outputs/journal/apic_v3_2_screening_mci_ad/r4/seed43/nacc_to_adni/apic_v3_2_x/journal_metrics.json,apic_v3_2_x,2,clean_warmup,0.5158649203703576,0.6840440731747706,0.6071428571428572,,,,0.5158649203703576,0.0,0.0,0.0,0.0,0.0,0.0,0.0,0.0,0.0,0.0,0.0,0,0.0
/zjs/AD_Project/dual_shift_github/outputs/journal/apic_v3_2_screening_mci_ad/r4,43,nacc_to_adni,/zjs/AD_Project/dual_shift_github/outputs/journal/apic_v3_2_screening_mci_ad/r4/seed43/nacc_to_adni/apic_v3_2_x/journal_metrics.json,apic_v3_2_x,3,clean_warmup,0.39812616854137983,0.7461948697490239,0.6238095238095238,,,,0.39812616854137983,0.0,0.0,0.0,0.0,0.0,0.0,0.0,0.0,0.0,0.0,0.0,0,0.0
/zjs/AD_Project/dual_shift_github/outputs/journal/apic_v3_2_screening_mci_ad/r4,43,nacc_to_adni,/zjs/AD_Project/dual_shift_github/outputs/journal/apic_v3_2_screening_mci_ad/r4/seed43/nacc_to_adni/apic_v3_2_x/journal_metrics.json,apic_v3_2_x,4,clean_warmup,0.4067634111366321,1.1716691718429775,0.6285714285714286,,,,0.4067634111366321,0.0,0.0,0.0,0.0,0.0,0.0,0.0,0.0,0.0,0.0,0.0,0,0.0
/zjs/AD_Project/dual_shift_github/outputs/journal/apic_v3_2_screening_mci_ad/r4,43,nacc_to_adni,/zjs/AD_Project/dual_shift_github/outputs/journal/apic_v3_2_screening_mci_ad/r4/seed43/nacc_to_adni/apic_v3_2_x/journal_metrics.json,apic_v3_2_x,5,clean_warmup,0.2699658502584573,0.9774542634543452,0.5738095238095239,,,,0.2699658502584573,0.0,0.0,0.0,0.0,0.0,0.0,0.0,0.0,0.0,0.0,0.0,0,0.0
/zjs/AD_Project/dual_shift_github/outputs/journal/apic_v3_2_screening_mci_ad/r4,43,nacc_to_adni,/zjs/AD_Project/dual_shift_github/outputs/journal/apic_v3_2_screening_mci_ad/r4/seed43/nacc_to_adni/apic_v3_2_x/journal_metrics.json,apic_v3_2_x,6,style_bank_build,0.3187970907580991,0.9774542634543452,0.5357142857142857,,,,0.42362973378663976,0.0,0.0,0.0,0.0,0.0,0.0,0.0,0.0,0.0,0.0,0.0,0,0.0
/zjs/AD_Project/dual_shift_github/outputs/journal/apic_v3_2_screening_mci_ad/r4,43,nacc_to_adni,/zjs/AD_Project/dual_shift_github/outputs/journal/apic_v3_2_screening_mci_ad/r4/seed43/nacc_to_adni/apic_v3_2_x/journal_metrics.json,apic_v3_2_x,7,apis_warmup,0.3070649591937047,2.750998844532537,0.5285714285714286,,,,0.3070649591937047,0.0,0.0,0.0,0.0,0.0,0.0,0.0,0.4438783924296959,1.2398916555475595e-05,0.0,0.0,4,185.0
/zjs/AD_Project/dual_shift_github/outputs/journal/apic_v3_2_screening_mci_ad/r4,43,nacc_to_adni,/zjs/AD_Project/dual_shift_github/outputs/journal/apic_v3_2_screening_mci_ad/r4/seed43/nacc_to_adni/apic_v3_2_x/journal_metrics.json,apic_v3_2_x,8,apis_warmup,0.22649365728817036,0.781801372905668,0.5642857142857142,,,,0.22649365728817036,0.0,0.0,0.0,0.0,0.0,0.0,0.0,0.43115065039433154,0.001892942924275028,0.0,0.0,4,185.0
/zjs/AD_Project/dual_shift_github/outputs/journal/apic_v3_2_screening_mci_ad/r4,43,nacc_to_adni,/zjs/AD_Project/dual_shift_github/outputs/journal/apic_v3_2_screening_mci_ad/r4/seed43/nacc_to_adni/apic_v3_2_x/journal_metrics.json,apic_v3_2_x,9,apis_warmup,0.20143123331105278,1.1760494043955165,0.6142857142857142,,,,0.20143123331105278,0.0,0.0,0.0,0.0,0.0,0.0,0.0,0.45676499390110525,7.202557576859054e-08,0.0,0.0,4,185.0
/zjs/AD_Project/dual_shift_github/outputs/journal/apic_v3_2_screening_mci_ad/r4,43,nacc_to_adni,/zjs/AD_Project/dual_shift_github/outputs/journal/apic_v3_2_screening_mci_ad/r4/seed43/nacc_to_adni/apic_v3_2_x/journal_metrics.json,apic_v3_2_x,10,apis_warmup,0.1911937172774264,1.0225938234856367,0.6785714285714285,,,,0.1911937172774264,0.0,0.0,0.0,0.0,0.0,0.0,0.0,0.44206448437012347,1.6497739585789272e-07,0.0,0.0,4,185.0
/zjs/AD_Project/dual_shift_github/outputs/journal/apic_v3_2_screening_mci_ad/r4,43,nacc_to_adni,/zjs/AD_Project/dual_shift_github/outputs/journal/apic_v3_2_screening_mci_ad/r4/seed43/nacc_to_adni/apic_v3_2_x/journal_metrics.json,apic_v3_2_x,11,apis_warmup,0.1816225703661666,0.6073590294988406,0.7023809523809524,,,,0.1816225703661666,0.0,0.0,0.0,0.0,0.0,0.0,0.0,0.4390209639809795,0.0009526763860601045,0.0,0.0,4,185.0
/zjs/AD_Project/dual_shift_github/outputs/journal/apic_v3_2_screening_mci_ad/r4,43,nacc_to_adni,/zjs/AD_Project/dual_shift_github/outputs/journal/apic_v3_2_screening_mci_ad/r4/seed43/nacc_to_adni/apic_v3_2_x/journal_metrics.json,apic_v3_2_x,12,joint,0.08357120390871021,2.8034262988575,0.6428571428571428,,,,0.08357120390871021,0.0,0.0,0.0,0.0,0.0,0.0,0.0,0.4445435845667554,0.000247428293990715,0.0,0.0,4,185.0
/zjs/AD_Project/dual_shift_github/outputs/journal/apic_v3_2_screening_mci_ad/r4,43,nacc_to_adni,/zjs/AD_Project/dual_shift_github/outputs/journal/apic_v3_2_screening_mci_ad/r4/seed43/nacc_to_adni/apic_v3_2_x/journal_metrics.json,apic_v3_2_x,13,joint,0.12394871205492329,0.5411441615201477,0.6428571428571429,,,,0.12394871205492329,0.0,0.0,0.0,0.0,0.0,0.0,0.0,0.46421482621394483,0.00214040345539674,0.0,0.0,4,185.0
/zjs/AD_Project/dual_shift_github/outputs/journal/apic_v3_2_screening_mci_ad/r4,43,nacc_to_adni,/zjs/AD_Project/dual_shift_github/outputs/journal/apic_v3_2_screening_mci_ad/r4/seed43/nacc_to_adni/apic_v3_2_x/journal_metrics.json,apic_v3_2_x,14,joint,0.15177543694393458,0.6873927057149147,0.6333333333333333,,,,0.15177543694393458,0.0,0.0,0.0,0.0,0.0,0.0,0.0,0.4611925301478081,0.0012125027499341574,0.0,0.0,4,185.0
/zjs/AD_Project/dual_shift_github/outputs/journal/apic_v3_2_screening_mci_ad/r4,43,nacc_to_adni,/zjs/AD_Project/dual_shift_github/outputs/journal/apic_v3_2_screening_mci_ad/r4/seed43/nacc_to_adni/apic_v3_2_x/journal_metrics.json,apic_v3_2_x,15,joint,0.07961691732964833,0.9270960485357642,0.6785714285714285,,,,0.07961691732964833,0.0,0.0,0.0,0.0,0.0,0.0,0.0,0.4508147777355823,1.2484028485931547e-05,0.0,0.0,4,185.0
/zjs/AD_Project/dual_shift_github/outputs/journal/apic_v3_2_screening_mci_ad/r4,43,nacc_to_adni,/zjs/AD_Project/dual_shift_github/outputs/journal/apic_v3_2_screening_mci_ad/r4/seed43/nacc_to_adni/apic_v3_2_x/journal_metrics.json,apic_v3_2_x,16,joint,0.03103660967305408,0.8386077964212307,0.6857142857142858,,,,0.03103660967305408,0.0,0.0,0.0,0.0,0.0,0.0,0.0,0.4345837637935717,0.0004949364639316758,0.0,0.0,4,185.0
/zjs/AD_Project/dual_shift_github/outputs/journal/apic_v3_2_screening_mci_ad/r4,43,nacc_to_adni,/zjs/AD_Project/dual_shift_github/outputs/journal/apic_v3_2_screening_mci_ad/r4/seed43/nacc_to_adni/apic_v3_2_x/journal_metrics.json,apic_v3_2_x,17,joint,0.1157743582482805,0.988459805818745,0.6928571428571427,,,,0.1157743582482805,0.0,0.0,0.0,0.0,0.0,0.0,0.0,0.43551516916948496,0.0037611546038644654,0.0,0.0,4,185.0
/zjs/AD_Project/dual_shift_github/outputs/journal/apic_v3_2_screening_mci_ad/r4,43,nacc_to_adni,/zjs/AD_Project/dual_shift_github/outputs/journal/apic_v3_2_screening_mci_ad/r4/seed43/nacc_to_adni/apic_v3_2_x/journal_metrics.json,apic_v3_2_x,18,joint,0.0735715790099666,0.948115796890614,0.707142857142857,,,,0.0735715790099666,0.0,0.0,0.0,0.0,0.0,0.0,0.0,0.4320540077907523,0.0011877058853468894,0.0,0.0,4,185.0
/zjs/AD_Project/dual_shift_github/outputs/journal/apic_v3_2_screening_mci_ad/r4,43,nacc_to_adni,/zjs/AD_Project/dual_shift_github/outputs/journal/apic_v3_2_screening_mci_ad/r4/seed43/nacc_to_adni/apic_v3_2_x/journal_metrics.json,apic_v3_2_x,19,joint,0.1633962058785045,0.6192718246475535,0.7238095238095238,,,,0.1633962058785045,0.0,0.0,0.0,0.0,0.0,0.0,0.0,0.43701626636932805,0.0028332407026459574,0.0,0.0,4,185.0
/zjs/AD_Project/dual_shift_github/outputs/journal/apic_v3_2_screening_mci_ad/r4,43,nacc_to_adni,/zjs/AD_Project/dual_shift_github/outputs/journal/apic_v3_2_screening_mci_ad/r4/seed43/nacc_to_adni/apic_v3_2_x/journal_metrics.json,apic_v3_2_x,20,joint,0.08533958889803245,0.6444350478862574,0.7261904761904762,,,,0.08533958889803245,0.0,0.0,0.0,0.0,0.0,0.0,0.0,0.4710362648841032,0.0009403001795258214,0.0,0.0,4,185.0
/zjs/AD_Project/dual_shift_github/outputs/journal/apic_v3_2_screening_mci_ad/r4,43,nacc_to_adni,/zjs/AD_Project/dual_shift_github/outputs/journal/apic_v3_2_screening_mci_ad/r4/seed43/nacc_to_adni/apic_v3_2_x/journal_metrics.json,apic_v3_2_x,21,joint,0.032471588238192836,0.7130261474232981,0.7285714285714286,,,,0.032471588238192836,0.0,0.0,0.0,0.0,0.0,0.0,0.0,0.4507038955835952,0.0002722161441972669,0.0,0.0,4,185.0
/zjs/AD_Project/dual_shift_github/outputs/journal/apic_v3_2_screening_mci_ad/r4,43,nacc_to_adni,/zjs/AD_Project/dual_shift_github/outputs/journal/apic_v3_2_screening_mci_ad/r4/seed43/nacc_to_adni/apic_v3_2_x/journal_metrics.json,apic_v3_2_x,22,joint,0.032404806215877734,0.7205998235333123,0.7309523809523809,,,,0.032404806215877734,0.0,0.0,0.0,0.0,0.0,0.0,0.0,0.42573027973322525,0.00400857919995162,0.0,0.0,4,185.0
/zjs/AD_Project/dual_shift_github/outputs/journal/apic_v3_2_screening_mci_ad/r4,43,nacc_to_adni,/zjs/AD_Project/dual_shift_github/outputs/journal/apic_v3_2_screening_mci_ad/r4/seed43/nacc_to_adni/apic_v3_2_x/journal_metrics.json,apic_v3_2_x,23,joint,0.009192918733028771,0.8193551040520626,0.7404761904761905,,,,0.009192918733028771,0.0,0.0,0.0,0.0,0.0,0.0,0.0,0.4463676891683303,2.4212801134595303e-10,0.0,0.0,4,185.0
/zjs/AD_Project/dual_shift_github/outputs/journal/apic_v3_2_screening_mci_ad/r4,43,nacc_to_adni,/zjs/AD_Project/dual_shift_github/outputs/journal/apic_v3_2_screening_mci_ad/r4/seed43/nacc_to_adni/apic_v3_2_x/journal_metrics.json,apic_v3_2_x,24,joint,0.006838470014063017,0.8990424486512626,0.7547619047619047,,,,0.006838470014063017,0.0,0.0,0.0,0.0,0.0,0.0,0.0,0.43359015267534357,0.0059015827338671925,0.0,0.0,4,185.0
/zjs/AD_Project/dual_shift_github/outputs/journal/apic_v3_2_screening_mci_ad/r4,43,nacc_to_adni,/zjs/AD_Project/dual_shift_github/outputs/journal/apic_v3_2_screening_mci_ad/r4/seed43/nacc_to_adni/apic_v3_2_x/journal_metrics.json,apic_v3_2_x,25,joint,0.009650044017183335,1.496870370542795,0.7166666666666667,,,,0.009650044017183335,0.0,0.0,0.0,0.0,0.0,0.0,0.0,0.4444548203465865,0.0011878044503889223,0.0,0.0,4,185.0
/zjs/AD_Project/dual_shift_github/outputs/journal/apic_v3_2_screening_mci_ad/r4,43,nacc_to_adni,/zjs/AD_Project/dual_shift_github/outputs/journal/apic_v3_2_screening_mci_ad/r4/seed43/nacc_to_adni/apic_v3_2_x/journal_metrics.json,apic_v3_2_x,26,joint,0.02898767654161142,2.141970933490272,0.6666666666666666,,,,0.02898767654161142,0.0,0.0,0.0,0.0,0.0,0.0,0.0,0.46134663672791315,0.001880676885459008,0.0,0.0,4,185.0
/zjs/AD_Project/dual_shift_github/outputs/journal/apic_v3_2_screening_mci_ad/r4,43,nacc_to_adni,/zjs/AD_Project/dual_shift_github/outputs/journal/apic_v3_2_screening_mci_ad/r4/seed43/nacc_to_adni/apic_v3_2_x/journal_metrics.json,apic_v3_2_x,27,joint,0.022862014088890104,0.8023404202982434,0.6785714285714285,,,,0.022862014088890104,0.0,0.0,0.0,0.0,0.0,0.0,0.0,0.411976816727943,0.0009651135658148679,0.0,0.0,4,185.0
/zjs/AD_Project/dual_shift_github/outputs/journal/apic_v3_2_screening_mci_ad/r4,43,nacc_to_adni,/zjs/AD_Project/dual_shift_github/outputs/journal/apic_v3_2_screening_mci_ad/r4/seed43/nacc_to_adni/apic_v3_2_x/journal_metrics.json,apic_v3_2_x,28,joint,0.046459200531130264,0.7296620242392182,0.6904761904761904,,,,0.046459200531130264,0.0,0.0,0.0,0.0,0.0,0.0,0.0,0.4377030197185339,0.00188055554432871,0.0,0.0,4,185.0
/zjs/AD_Project/dual_shift_github/outputs/journal/apic_v3_2_screening_mci_ad/r4,43,nacc_to_adni,/zjs/AD_Project/dual_shift_github/outputs/journal/apic_v3_2_screening_mci_ad/r4/seed43/nacc_to_adni/apic_v3_2_x/journal_metrics.json,apic_v3_2_x,29,joint,0.005189226908770092,0.7739307298184954,0.7380952380952381,,,,0.005189226908770092,0.0,0.0,0.0,0.0,0.0,0.0,0.0,0.457373324589631,0.0011877169369074142,0.0,0.0,4,185.0
/zjs/AD_Project/dual_shift_github/outputs/journal/apic_v3_2_screening_mci_ad/r4,43,nacc_to_adni,/zjs/AD_Project/dual_shift_github/outputs/journal/apic_v3_2_screening_mci_ad/r4/seed43/nacc_to_adni/apic_v3_2_x/journal_metrics.json,apic_v3_2_x,30,joint,0.0073681733771719365,0.9433248674289562,0.7238095238095239,,,,0.0073681733771719365,0.0,0.0,0.0,0.0,0.0,0.0,0.0,0.4461324256412762,0.003761110846529672,0.0,0.0,4,185.0
/zjs/AD_Project/dual_shift_github/outputs/journal/apic_v3_2_screening_mci_ad/r4,43,nacc_to_adni,/zjs/AD_Project/dual_shift_github/outputs/journal/apic_v3_2_screening_mci_ad/r4/seed43/nacc_to_adni/apic_v3_2_x/journal_metrics.json,apic_v3_2_x,31,joint,0.01250188232032875,0.8065517807897544,0.7190476190476192,,,,0.01250188232032875,0.0,0.0,0.0,0.0,0.0,0.0,0.0,0.44560365363494636,0.0014598681972493406,0.0,0.0,4,185.0
/zjs/AD_Project/dual_shift_github/outputs/journal/apic_v3_2_screening_mci_ad/r4,43,nacc_to_adni,/zjs/AD_Project/dual_shift_github/outputs/journal/apic_v3_2_screening_mci_ad/r4/seed43/nacc_to_adni/apic_v3_2_x/journal_metrics.json,apic_v3_2_x,32,joint,0.0025190022769840145,0.9503476950843273,0.7095238095238096,,,,0.0025190022769840145,0.0,0.0,0.0,0.0,0.0,0.0,0.0,0.46566448291552437,0.002128044206222832,0.0,0.0,4,185.0
/zjs/AD_Project/dual_shift_github/outputs/journal/apic_v3_2_screening_mci_ad/r4,43,nacc_to_adni,/zjs/AD_Project/dual_shift_github/outputs/journal/apic_v3_2_screening_mci_ad/r4/seed43/nacc_to_adni/apic_v3_2_x/journal_metrics.json,apic_v3_2_x,33,joint,0.024984667080210896,1.5738440043391766,0.6999999999999998,,,,0.024984667080210896,0.0,0.0,0.0,0.0,0.0,0.0,0.0,0.4363024552765581,0.0018805557864626159,0.0,0.0,4,185.0
/zjs/AD_Project/dual_shift_github/outputs/journal/apic_v3_2_screening_mci_ad/r4,43,nacc_to_adni,/zjs/AD_Project/dual_shift_github/outputs/journal/apic_v3_2_screening_mci_ad/r4/seed43/nacc_to_adni/apic_v3_2_x/journal_metrics.json,apic_v3_2_x,34,joint,0.13986579814299308,1.3954848873046493,0.6952380952380951,,,,0.13986579814299308,0.0,0.0,0.0,0.0,0.0,0.0,0.0,0.4324455109146452,9.870553964048994e-08,0.0,0.0,4,185.0
/zjs/AD_Project/dual_shift_github/outputs/journal/apic_v3_2_screening_mci_ad/r4,43,nacc_to_adni,/zjs/AD_Project/dual_shift_github/outputs/journal/apic_v3_2_screening_mci_ad/r4/seed43/nacc_to_adni/apic_v3_2_x/journal_metrics.json,apic_v3_2_x,35,joint,0.08003230104624946,1.0428893580243668,0.688095238095238,,,,0.08003230104624946,0.0,0.0,0.0,0.0,0.0,0.0,0.0,0.43233565171969307,0.002128006922806916,0.0,0.0,4,185.0
/zjs/AD_Project/dual_shift_github/outputs/journal/apic_v3_2_screening_mci_ad/r4,43,nacc_to_adni,/zjs/AD_Project/dual_shift_github/outputs/journal/apic_v3_2_screening_mci_ad/r4/seed43/nacc_to_adni/apic_v3_2_x/journal_metrics.json,apic_v3_2_x,36,joint,0.03572894599241896,0.6276068051076052,0.7000000000000001,,,,0.03572894599241896,0.0,0.0,0.0,0.0,0.0,0.0,0.0,0.4584735317021301,0.0009528761238627189,0.0,0.0,4,185.0
/zjs/AD_Project/dual_shift_github/outputs/journal/apic_v3_2_screening_mci_ad/r4,43,nacc_to_adni,/zjs/AD_Project/dual_shift_github/outputs/journal/apic_v3_2_screening_mci_ad/r4/seed43/nacc_to_adni/apic_v3_2_x/journal_metrics.json,apic_v3_2_x,37,joint,0.029620744135547623,0.8908742372317702,0.6857142857142856,,,,0.029620744135547623,0.0,0.0,0.0,0.0,0.0,0.0,0.0,0.436724618691759,0.004008601425327005,0.0,0.0,4,185.0
/zjs/AD_Project/dual_shift_github/outputs/journal/apic_v3_2_screening_mci_ad/r4,43,nacc_to_adni,/zjs/AD_Project/dual_shift_github/outputs/journal/apic_v3_2_screening_mci_ad/r4/seed43/nacc_to_adni/apic_v3_2_x/journal_metrics.json,apic_v3_2_x,38,joint,0.022127357421661296,1.6811807170897395,0.6714285714285714,,,,0.022127357421661296,0.0,0.0,0.0,0.0,0.0,0.0,0.0,0.4666811412142724,0.0009402779545473881,0.0,0.0,4,185.0
/zjs/AD_Project/dual_shift_github/outputs/journal/apic_v3_2_screening_mci_ad/r4,43,nacc_to_adni,/zjs/AD_Project/dual_shift_github/outputs/journal/apic_v3_2_screening_mci_ad/r4/seed43/nacc_to_adni/apic_v3_2_x/journal_metrics.json,apic_v3_2_x,39,joint,0.020520012548791013,1.1362173592520242,0.6666666666666666,,,,0.020520012548791013,0.0,0.0,0.0,0.0,0.0,0.0,0.0,0.42303659482715056,0.0009526650919713135,0.0,0.0,4,185.0
/zjs/AD_Project/dual_shift_github/outputs/journal/apic_v3_2_screening_mci_ad/r4,43,nacc_to_adni,/zjs/AD_Project/dual_shift_github/outputs/journal/apic_v3_2_screening_mci_ad/r4/seed43/nacc_to_adni/apic_v3_2_x/journal_metrics.json,apic_v3_2_x,40,joint,0.01336389019624474,0.820754323732388,0.6761904761904761,,,,0.01336389019624474,0.0,0.0,0.0,0.0,0.0,0.0,0.0,0.4401892889099023,0.0011878066746978395,0.0,0.0,4,185.0
/zjs/AD_Project/dual_shift_github/outputs/journal/apic_v3_2_screening_mci_ad/r4,43,nacc_to_adni,/zjs/AD_Project/dual_shift_github/outputs/journal/apic_v3_2_screening_mci_ad/r4/seed43/nacc_to_adni/apic_v3_2_x/journal_metrics.json,apic_v3_2_x,41,joint,0.026405707154256178,1.0344753357471506,0.6857142857142856,,,,0.026405707154256178,0.0,0.0,0.0,0.0,0.0,0.0,0.0,0.43064626820923124,1.2448111436524403e-05,0.0,0.0,4,185.0
/zjs/AD_Project/dual_shift_github/outputs/journal/apic_v3_2_screening_mci_ad/r4,43,nacc_to_adni,/zjs/AD_Project/dual_shift_github/outputs/journal/apic_v3_2_screening_mci_ad/r4/seed43/nacc_to_adni/apic_v3_2_x/journal_metrics.json,apic_v3_2_x,42,joint,0.016976067788623508,0.8715922907642544,0.669047619047619,,,,0.016976067788623508,0.0,0.0,0.0,0.0,0.0,0.0,0.0,0.44778480480626687,0.0018931714820415717,0.0,0.0,4,185.0
/zjs/AD_Project/dual_shift_github/outputs/journal/apic_v3_2_screening_mci_ad/r4,43,nacc_to_adni,/zjs/AD_Project/dual_shift_github/outputs/journal/apic_v3_2_screening_mci_ad/r4/seed43/nacc_to_adni/apic_v3_2_x/journal_metrics.json,apic_v3_2_x,43,joint,0.0037891441144855672,0.9092096088631814,0.6952380952380953,,,,0.0037891441144855672,0.0,0.0,0.0,0.0,0.0,0.0,0.0,0.4449340788666735,0.0011878671636646545,0.0,0.0,4,185.0
/zjs/AD_Project/dual_shift_github/outputs/journal/apic_v3_2_screening_mci_ad/r4,43,nacc_to_adni,/zjs/AD_Project/dual_shift_github/outputs/journal/apic_v3_2_screening_mci_ad/r4/seed43/nacc_to_adni/apic_v3_2_x/journal_metrics.json,apic_v3_2_x,44,joint,0.009123496939134113,0.9702053760708821,0.6976190476190475,,,,0.009123496939134113,0.0,0.0,0.0,0.0,0.0,0.0,0.0,0.4469599768365781,0.0018807068806989643,0.0,0.0,4,185.0
/zjs/AD_Project/dual_shift_github/outputs/journal/apic_v3_2_screening_mci_ad/r4,43,nacc_to_adni,/zjs/AD_Project/dual_shift_github/outputs/journal/apic_v3_2_screening_mci_ad/r4/seed43/nacc_to_adni/apic_v3_2_x/journal_metrics.json,apic_v3_2_x,45,joint,0.0038359969696534087,0.8638649708906511,0.7095238095238093,,,,0.0038359969696534087,0.0,0.0,0.0,0.0,0.0,0.0,0.0,0.4697441844288836,0.00400851871098284,0.0,0.0,4,185.0
/zjs/AD_Project/dual_shift_github/outputs/journal/apic_v3_2_screening_mci_ad/r4,43,nacc_to_adni,/zjs/AD_Project/dual_shift_github/outputs/journal/apic_v3_2_screening_mci_ad/r4/seed43/nacc_to_adni/apic_v3_2_x/journal_metrics.json,apic_v3_2_x,46,joint,0.0013854383090726992,0.9165954421557962,0.6999999999999998,,,,0.0013854383090726992,0.0,0.0,0.0,0.0,0.0,0.0,0.0,0.42834903391980633,0.00024757271960807034,0.0,0.0,4,185.0
/zjs/AD_Project/dual_shift_github/outputs/journal/apic_v3_2_screening_mci_ad/r4,43,nacc_to_adni,/zjs/AD_Project/dual_shift_github/outputs/journal/apic_v3_2_screening_mci_ad/r4/seed43/nacc_to_adni/apic_v3_2_x/journal_metrics.json,apic_v3_2_x,47,joint,0.0008418269247055467,0.9283550714030582,0.7047619047619046,,,,0.0008418269247055467,0.0,0.0,0.0,0.0,0.0,0.0,0.0,0.4405356940534926,0.0012126418028877229,0.0,0.0,4,185.0
/zjs/AD_Project/dual_shift_github/outputs/journal/apic_v3_2_screening_mci_ad/r4,43,nacc_to_adni,/zjs/AD_Project/dual_shift_github/outputs/journal/apic_v3_2_screening_mci_ad/r4/seed43/nacc_to_adni/apic_v3_2_x/journal_metrics.json,apic_v3_2_x,48,joint,0.0007165997001008232,0.9377213645791215,0.7047619047619046,,,,0.0007165997001008232,0.0,0.0,0.0,0.0,0.0,0.0,0.0,0.46634813866664454,1.2459284850009478e-05,0.0,0.0,4,185.0
/zjs/AD_Project/dual_shift_github/outputs/journal/apic_v3_2_screening_mci_ad/r4,43,nacc_to_adni,/zjs/AD_Project/dual_shift_github/outputs/journal/apic_v3_2_screening_mci_ad/r4/seed43/nacc_to_adni/apic_v3_2_x/journal_metrics.json,apic_v3_2_x,49,joint,0.0019550985587969633,0.9894969152965885,0.719047619047619,,,,0.0019550985587969633,0.0,0.0,0.0,0.0,0.0,0.0,0.0,0.44607704601337,0.001187777304815579,0.0,0.0,4,185.0
/zjs/AD_Project/dual_shift_github/outputs/journal/apic_v3_2_screening_mci_ad/r4,43,nacc_to_adni,/zjs/AD_Project/dual_shift_github/outputs/journal/apic_v3_2_screening_mci_ad/r4/seed43/nacc_to_adni/apic_v3_2_x/journal_metrics.json,apic_v3_2_x,50,joint,0.0013647404280023112,0.9658357055653832,0.7214285714285714,,,,0.0013647404280023112,0.0,0.0,0.0,0.0,0.0,0.0,0.0,0.4378765403609915,0.002833220635911018,0.0,0.0,4,185.0
/zjs/AD_Project/dual_shift_github/outputs/journal/apic_v3_2_screening_mci_ad/r4,43,nacc_to_adni,/zjs/AD_Project/dual_shift_github/outputs/journal/apic_v3_2_screening_mci_ad/r4/seed43/nacc_to_adni/ce_x/journal_metrics.json,ce_x,1,clean,0.6214573953262309,3.375020876993807,0.5,,,,0.6214573953262309,0.0,0.0,0.0,0.0,0.0,0.0,0.0,0.0,0.0,0.0,0.0,,
/zjs/AD_Project/dual_shift_github/outputs/journal/apic_v3_2_screening_mci_ad/r4,43,nacc_to_adni,/zjs/AD_Project/dual_shift_github/outputs/journal/apic_v3_2_screening_mci_ad/r4/seed43/nacc_to_adni/ce_x/journal_metrics.json,ce_x,2,clean,0.5296549514396903,0.6935823925007555,0.5857142857142856,,,,0.5296549514396903,0.0,0.0,0.0,0.0,0.0,0.0,0.0,0.0,0.0,0.0,0.0,,
/zjs/AD_Project/dual_shift_github/outputs/journal/apic_v3_2_screening_mci_ad/r4,43,nacc_to_adni,/zjs/AD_Project/dual_shift_github/outputs/journal/apic_v3_2_screening_mci_ad/r4/seed43/nacc_to_adni/ce_x/journal_metrics.json,ce_x,3,clean,0.3990183200725575,2.7474952408720266,0.5595238095238094,,,,0.3990183200725575,0.0,0.0,0.0,0.0,0.0,0.0,0.0,0.0,0.0,0.0,0.0,,
/zjs/AD_Project/dual_shift_github/outputs/journal/apic_v3_2_screening_mci_ad/r4,43,nacc_to_adni,/zjs/AD_Project/dual_shift_github/outputs/journal/apic_v3_2_screening_mci_ad/r4/seed43/nacc_to_adni/ce_x/journal_metrics.json,ce_x,4,clean,0.405288314523617,0.7014800138995612,0.6119047619047618,,,,0.405288314523617,0.0,0.0,0.0,0.0,0.0,0.0,0.0,0.0,0.0,0.0,0.0,,
/zjs/AD_Project/dual_shift_github/outputs/journal/apic_v3_2_screening_mci_ad/r4,43,nacc_to_adni,/zjs/AD_Project/dual_shift_github/outputs/journal/apic_v3_2_screening_mci_ad/r4/seed43/nacc_to_adni/ce_x/journal_metrics.json,ce_x,5,clean,0.2575828715505981,0.9503154042281938,0.5976190476190476,,,,0.2575828715505981,0.0,0.0,0.0,0.0,0.0,0.0,0.0,0.0,0.0,0.0,0.0,,
/zjs/AD_Project/dual_shift_github/outputs/journal/apic_v3_2_screening_mci_ad/r4,43,nacc_to_adni,/zjs/AD_Project/dual_shift_github/outputs/journal/apic_v3_2_screening_mci_ad/r4/seed43/nacc_to_adni/ce_x/journal_metrics.json,ce_x,6,clean,0.2888637932459104,0.7736667857078233,0.638095238095238,,,,0.2888637932459104,0.0,0.0,0.0,0.0,0.0,0.0,0.0,0.0,0.0,0.0,0.0,,
/zjs/AD_Project/dual_shift_github/outputs/journal/apic_v3_2_screening_mci_ad/r4,43,nacc_to_adni,/zjs/AD_Project/dual_shift_github/outputs/journal/apic_v3_2_screening_mci_ad/r4/seed43/nacc_to_adni/ce_x/journal_metrics.json,ce_x,7,clean,0.27113469008394736,1.1365412711340905,0.6261904761904762,,,,0.27113469008394736,0.0,0.0,0.0,0.0,0.0,0.0,0.0,0.0,0.0,0.0,0.0,,
/zjs/AD_Project/dual_shift_github/outputs/journal/apic_v3_2_screening_mci_ad/r4,43,nacc_to_adni,/zjs/AD_Project/dual_shift_github/outputs/journal/apic_v3_2_screening_mci_ad/r4/seed43/nacc_to_adni/ce_x/journal_metrics.json,ce_x,8,clean,0.24830291050572678,1.3351604383658964,0.5928571428571429,,,,0.24830291050572678,0.0,0.0,0.0,0.0,0.0,0.0,0.0,0.0,0.0,0.0,0.0,,
/zjs/AD_Project/dual_shift_github/outputs/journal/apic_v3_2_screening_mci_ad/r4,43,nacc_to_adni,/zjs/AD_Project/dual_shift_github/outputs/journal/apic_v3_2_screening_mci_ad/r4/seed43/nacc_to_adni/ce_x/journal_metrics.json,ce_x,9,clean,0.16468676583860645,0.6992932854682431,0.6142857142857142,,,,0.16468676583860645,0.0,0.0,0.0,0.0,0.0,0.0,0.0,0.0,0.0,0.0,0.0,,
/zjs/AD_Project/dual_shift_github/outputs/journal/apic_v3_2_screening_mci_ad/r4,43,nacc_to_adni,/zjs/AD_Project/dual_shift_github/outputs/journal/apic_v3_2_screening_mci_ad/r4/seed43/nacc_to_adni/ce_x/journal_metrics.json,ce_x,10,clean,0.15155137391021647,1.9738324799275557,0.5928571428571429,,,,0.15155137391021647,0.0,0.0,0.0,0.0,0.0,0.0,0.0,0.0,0.0,0.0,0.0,,
/zjs/AD_Project/dual_shift_github/outputs/journal/apic_v3_2_screening_mci_ad/r4,43,nacc_to_adni,/zjs/AD_Project/dual_shift_github/outputs/journal/apic_v3_2_screening_mci_ad/r4/seed43/nacc_to_adni/ce_x/journal_metrics.json,ce_x,11,clean,0.14229565749386536,0.6410253367043639,0.6523809523809524,,,,0.14229565749386536,0.0,0.0,0.0,0.0,0.0,0.0,0.0,0.0,0.0,0.0,0.0,,
/zjs/AD_Project/dual_shift_github/outputs/journal/apic_v3_2_screening_mci_ad/r4,43,nacc_to_adni,/zjs/AD_Project/dual_shift_github/outputs/journal/apic_v3_2_screening_mci_ad/r4/seed43/nacc_to_adni/ce_x/journal_metrics.json,ce_x,12,clean,0.11186635004207685,1.5461396397582932,0.6309523809523809,,,,0.11186635004207685,0.0,0.0,0.0,0.0,0.0,0.0,0.0,0.0,0.0,0.0,0.0,,
/zjs/AD_Project/dual_shift_github/outputs/journal/apic_v3_2_screening_mci_ad/r4,43,nacc_to_adni,/zjs/AD_Project/dual_shift_github/outputs/journal/apic_v3_2_screening_mci_ad/r4/seed43/nacc_to_adni/ce_x/journal_metrics.json,ce_x,13,clean,0.09710446194584779,0.8687907041460136,0.6523809523809524,,,,0.09710446194584779,0.0,0.0,0.0,0.0,0.0,0.0,0.0,0.0,0.0,0.0,0.0,,
/zjs/AD_Project/dual_shift_github/outputs/journal/apic_v3_2_screening_mci_ad/r4,43,nacc_to_adni,/zjs/AD_Project/dual_shift_github/outputs/journal/apic_v3_2_screening_mci_ad/r4/seed43/nacc_to_adni/ce_x/journal_metrics.json,ce_x,14,clean,0.13960809293731125,0.699141541310355,0.65,,,,0.13960809293731125,0.0,0.0,0.0,0.0,0.0,0.0,0.0,0.0,0.0,0.0,0.0,,
/zjs/AD_Project/dual_shift_github/outputs/journal/apic_v3_2_screening_mci_ad/r4,43,nacc_to_adni,/zjs/AD_Project/dual_shift_github/outputs/journal/apic_v3_2_screening_mci_ad/r4/seed43/nacc_to_adni/ce_x/journal_metrics.json,ce_x,15,clean,0.07287391390982709,1.243077788091953,0.6357142857142857,,,,0.07287391390982709,0.0,0.0,0.0,0.0,0.0,0.0,0.0,0.0,0.0,0.0,0.0,,
/zjs/AD_Project/dual_shift_github/outputs/journal/apic_v3_2_screening_mci_ad/r4,43,nacc_to_adni,/zjs/AD_Project/dual_shift_github/outputs/journal/apic_v3_2_screening_mci_ad/r4/seed43/nacc_to_adni/ce_x/journal_metrics.json,ce_x,16,clean,0.03536282011581412,0.8372771560627603,0.669047619047619,,,,0.03536282011581412,0.0,0.0,0.0,0.0,0.0,0.0,0.0,0.0,0.0,0.0,0.0,,
/zjs/AD_Project/dual_shift_github/outputs/journal/apic_v3_2_screening_mci_ad/r4,43,nacc_to_adni,/zjs/AD_Project/dual_shift_github/outputs/journal/apic_v3_2_screening_mci_ad/r4/seed43/nacc_to_adni/ce_x/journal_metrics.json,ce_x,17,clean,0.12319193619481028,0.9128724741346826,0.6595238095238095,,,,0.12319193619481028,0.0,0.0,0.0,0.0,0.0,0.0,0.0,0.0,0.0,0.0,0.0,,
/zjs/AD_Project/dual_shift_github/outputs/journal/apic_v3_2_screening_mci_ad/r4,43,nacc_to_adni,/zjs/AD_Project/dual_shift_github/outputs/journal/apic_v3_2_screening_mci_ad/r4/seed43/nacc_to_adni/ce_x/journal_metrics.json,ce_x,18,clean,0.07427573120029471,0.762632851832226,0.6928571428571427,,,,0.07427573120029471,0.0,0.0,0.0,0.0,0.0,0.0,0.0,0.0,0.0,0.0,0.0,,
/zjs/AD_Project/dual_shift_github/outputs/journal/apic_v3_2_screening_mci_ad/r4,43,nacc_to_adni,/zjs/AD_Project/dual_shift_github/outputs/journal/apic_v3_2_screening_mci_ad/r4/seed43/nacc_to_adni/ce_x/journal_metrics.json,ce_x,19,clean,0.06711746910712969,0.7942639890567161,0.688095238095238,,,,0.06711746910712969,0.0,0.0,0.0,0.0,0.0,0.0,0.0,0.0,0.0,0.0,0.0,,
/zjs/AD_Project/dual_shift_github/outputs/journal/apic_v3_2_screening_mci_ad/r4,43,nacc_to_adni,/zjs/AD_Project/dual_shift_github/outputs/journal/apic_v3_2_screening_mci_ad/r4/seed43/nacc_to_adni/ce_x/journal_metrics.json,ce_x,20,clean,0.02601461819752321,0.8525723412184787,0.6857142857142856,,,,0.02601461819752321,0.0,0.0,0.0,0.0,0.0,0.0,0.0,0.0,0.0,0.0,0.0,,
/zjs/AD_Project/dual_shift_github/outputs/journal/apic_v3_2_screening_mci_ad/r4,43,nacc_to_adni,/zjs/AD_Project/dual_shift_github/outputs/journal/apic_v3_2_screening_mci_ad/r4/seed43/nacc_to_adni/ce_x/journal_metrics.json,ce_x,21,clean,0.008075608289800584,0.8477892879006291,0.6833333333333332,,,,0.008075608289800584,0.0,0.0,0.0,0.0,0.0,0.0,0.0,0.0,0.0,0.0,0.0,,
/zjs/AD_Project/dual_shift_github/outputs/journal/apic_v3_2_screening_mci_ad/r4,43,nacc_to_adni,/zjs/AD_Project/dual_shift_github/outputs/journal/apic_v3_2_screening_mci_ad/r4/seed43/nacc_to_adni/ce_x/journal_metrics.json,ce_x,22,clean,0.02141592464290953,0.9619812429637501,0.6809523809523809,,,,0.02141592464290953,0.0,0.0,0.0,0.0,0.0,0.0,0.0,0.0,0.0,0.0,0.0,,
/zjs/AD_Project/dual_shift_github/outputs/journal/apic_v3_2_screening_mci_ad/r4,43,nacc_to_adni,/zjs/AD_Project/dual_shift_github/outputs/journal/apic_v3_2_screening_mci_ad/r4/seed43/nacc_to_adni/ce_x/journal_metrics.json,ce_x,23,clean,0.061537681926658726,1.3932517274559468,0.6809523809523809,,,,0.061537681926658726,0.0,0.0,0.0,0.0,0.0,0.0,0.0,0.0,0.0,0.0,0.0,,
/zjs/AD_Project/dual_shift_github/outputs/journal/apic_v3_2_screening_mci_ad/r4,43,nacc_to_adni,/zjs/AD_Project/dual_shift_github/outputs/journal/apic_v3_2_screening_mci_ad/r4/seed43/nacc_to_adni/ce_x/journal_metrics.json,ce_x,24,clean,0.028135099495669884,1.123253572910772,0.6523809523809524,,,,0.028135099495669884,0.0,0.0,0.0,0.0,0.0,0.0,0.0,0.0,0.0,0.0,0.0,,
/zjs/AD_Project/dual_shift_github/outputs/journal/apic_v3_2_screening_mci_ad/r4,43,nacc_to_adni,/zjs/AD_Project/dual_shift_github/outputs/journal/apic_v3_2_screening_mci_ad/r4/seed43/nacc_to_adni/ce_x/journal_metrics.json,ce_x,25,clean,0.024472441866312214,1.9445982750764954,0.6309523809523809,,,,0.024472441866312214,0.0,0.0,0.0,0.0,0.0,0.0,0.0,0.0,0.0,0.0,0.0,,
/zjs/AD_Project/dual_shift_github/outputs/journal/apic_v3_2_screening_mci_ad/r4,43,nacc_to_adni,/zjs/AD_Project/dual_shift_github/outputs/journal/apic_v3_2_screening_mci_ad/r4/seed43/nacc_to_adni/ce_x/journal_metrics.json,ce_x,26,clean,0.03659380943701631,0.9834378091977293,0.6214285714285714,,,,0.03659380943701631,0.0,0.0,0.0,0.0,0.0,0.0,0.0,0.0,0.0,0.0,0.0,,
/zjs/AD_Project/dual_shift_github/outputs/journal/apic_v3_2_screening_mci_ad/r4,43,nacc_to_adni,/zjs/AD_Project/dual_shift_github/outputs/journal/apic_v3_2_screening_mci_ad/r4/seed43/nacc_to_adni/ce_x/journal_metrics.json,ce_x,27,clean,0.009773419508062419,0.915263787378501,0.6428571428571428,,,,0.009773419508062419,0.0,0.0,0.0,0.0,0.0,0.0,0.0,0.0,0.0,0.0,0.0,,
/zjs/AD_Project/dual_shift_github/outputs/journal/apic_v3_2_screening_mci_ad/r4,43,nacc_to_adni,/zjs/AD_Project/dual_shift_github/outputs/journal/apic_v3_2_screening_mci_ad/r4/seed43/nacc_to_adni/ce_x/journal_metrics.json,ce_x,28,clean,0.004159347852316959,0.933091107312996,0.6642857142857143,,,,0.004159347852316959,0.0,0.0,0.0,0.0,0.0,0.0,0.0,0.0,0.0,0.0,0.0,,
/zjs/AD_Project/dual_shift_github/outputs/journal/apic_v3_2_screening_mci_ad/r4,43,nacc_to_adni,/zjs/AD_Project/dual_shift_github/outputs/journal/apic_v3_2_screening_mci_ad/r4/seed43/nacc_to_adni/ce_x/journal_metrics.json,ce_x,29,clean,0.002309796245547837,0.9224552398563286,0.6857142857142856,,,,0.002309796245547837,0.0,0.0,0.0,0.0,0.0,0.0,0.0,0.0,0.0,0.0,0.0,,
/zjs/AD_Project/dual_shift_github/outputs/journal/apic_v3_2_screening_mci_ad/r4,43,nacc_to_adni,/zjs/AD_Project/dual_shift_github/outputs/journal/apic_v3_2_screening_mci_ad/r4/seed43/nacc_to_adni/ce_x/journal_metrics.json,ce_x,30,clean,0.002902973831970888,1.0161683001740192,0.6999999999999998,,,,0.002902973831970888,0.0,0.0,0.0,0.0,0.0,0.0,0.0,0.0,0.0,0.0,0.0,,
/zjs/AD_Project/dual_shift_github/outputs/journal/apic_v3_2_screening_mci_ad/r4,43,nacc_to_adni,/zjs/AD_Project/dual_shift_github/outputs/journal/apic_v3_2_screening_mci_ad/r4/seed43/nacc_to_adni/ce_x/journal_metrics.json,ce_x,31,clean,0.0034375800856913576,0.9323245837130842,0.6999999999999998,,,,0.0034375800856913576,0.0,0.0,0.0,0.0,0.0,0.0,0.0,0.0,0.0,0.0,0.0,,
/zjs/AD_Project/dual_shift_github/outputs/journal/apic_v3_2_screening_mci_ad/r4,43,nacc_to_adni,/zjs/AD_Project/dual_shift_github/outputs/journal/apic_v3_2_screening_mci_ad/r4/seed43/nacc_to_adni/ce_x/journal_metrics.json,ce_x,32,clean,0.0011619279204526335,0.9553518872454244,0.6952380952380951,,,,0.0011619279204526335,0.0,0.0,0.0,0.0,0.0,0.0,0.0,0.0,0.0,0.0,0.0,,
/zjs/AD_Project/dual_shift_github/outputs/journal/apic_v3_2_screening_mci_ad/r4,43,nacc_to_adni,/zjs/AD_Project/dual_shift_github/outputs/journal/apic_v3_2_screening_mci_ad/r4/seed43/nacc_to_adni/ce_x/journal_metrics.json,ce_x,33,clean,0.03987281126319431,1.1292828114185118,0.6761904761904761,,,,0.03987281126319431,0.0,0.0,0.0,0.0,0.0,0.0,0.0,0.0,0.0,0.0,0.0,,
/zjs/AD_Project/dual_shift_github/outputs/journal/apic_v3_2_screening_mci_ad/r4,43,nacc_to_adni,/zjs/AD_Project/dual_shift_github/outputs/journal/apic_v3_2_screening_mci_ad/r4/seed43/nacc_to_adni/ce_x/journal_metrics.json,ce_x,34,clean,0.2307640485430722,1.3391636385288286,0.6738095238095237,,,,0.2307640485430722,0.0,0.0,0.0,0.0,0.0,0.0,0.0,0.0,0.0,0.0,0.0,,
/zjs/AD_Project/dual_shift_github/outputs/journal/apic_v3_2_screening_mci_ad/r4,43,nacc_to_adni,/zjs/AD_Project/dual_shift_github/outputs/journal/apic_v3_2_screening_mci_ad/r4/seed43/nacc_to_adni/ce_x/journal_metrics.json,ce_x,35,clean,0.1395829984745414,0.9182874392385462,0.6428571428571428,,,,0.1395829984745414,0.0,0.0,0.0,0.0,0.0,0.0,0.0,0.0,0.0,0.0,0.0,,
/zjs/AD_Project/dual_shift_github/outputs/journal/apic_v3_2_screening_mci_ad/r4,43,nacc_to_adni,/zjs/AD_Project/dual_shift_github/outputs/journal/apic_v3_2_screening_mci_ad/r4/seed43/nacc_to_adni/ce_x/journal_metrics.json,ce_x,36,clean,0.10204027478640765,0.6362964120112303,0.669047619047619,,,,0.10204027478640765,0.0,0.0,0.0,0.0,0.0,0.0,0.0,0.0,0.0,0.0,0.0,,
/zjs/AD_Project/dual_shift_github/outputs/journal/apic_v3_2_screening_mci_ad/r4,43,nacc_to_adni,/zjs/AD_Project/dual_shift_github/outputs/journal/apic_v3_2_screening_mci_ad/r4/seed43/nacc_to_adni/ce_x/journal_metrics.json,ce_x,37,clean,0.1160599098879287,0.8873071264444073,0.6761904761904761,,,,0.1160599098879287,0.0,0.0,0.0,0.0,0.0,0.0,0.0,0.0,0.0,0.0,0.0,,
/zjs/AD_Project/dual_shift_github/outputs/journal/apic_v3_2_screening_mci_ad/r4,43,nacc_to_adni,/zjs/AD_Project/dual_shift_github/outputs/journal/apic_v3_2_screening_mci_ad/r4/seed43/nacc_to_adni/ce_x/journal_metrics.json,ce_x,38,clean,0.024553937241002993,0.9292904530517071,0.7214285714285714,,,,0.024553937241002993,0.0,0.0,0.0,0.0,0.0,0.0,0.0,0.0,0.0,0.0,0.0,,
/zjs/AD_Project/dual_shift_github/outputs/journal/apic_v3_2_screening_mci_ad/r4,43,nacc_to_adni,/zjs/AD_Project/dual_shift_github/outputs/journal/apic_v3_2_screening_mci_ad/r4/seed43/nacc_to_adni/ce_x/journal_metrics.json,ce_x,39,clean,0.015449371171476723,0.9905155603703868,0.7166666666666667,,,,0.015449371171476723,0.0,0.0,0.0,0.0,0.0,0.0,0.0,0.0,0.0,0.0,0.0,,
/zjs/AD_Project/dual_shift_github/outputs/journal/apic_v3_2_screening_mci_ad/r4,43,nacc_to_adni,/zjs/AD_Project/dual_shift_github/outputs/journal/apic_v3_2_screening_mci_ad/r4/seed43/nacc_to_adni/ce_x/journal_metrics.json,ce_x,40,clean,0.05617748834981857,1.1065680869588894,0.7142857142857143,,,,0.05617748834981857,0.0,0.0,0.0,0.0,0.0,0.0,0.0,0.0,0.0,0.0,0.0,,
/zjs/AD_Project/dual_shift_github/outputs/journal/apic_v3_2_screening_mci_ad/r4,43,nacc_to_adni,/zjs/AD_Project/dual_shift_github/outputs/journal/apic_v3_2_screening_mci_ad/r4/seed43/nacc_to_adni/ce_x/journal_metrics.json,ce_x,41,clean,0.0222520252490793,1.200050053967485,0.6976190476190475,,,,0.0222520252490793,0.0,0.0,0.0,0.0,0.0,0.0,0.0,0.0,0.0,0.0,0.0,,
/zjs/AD_Project/dual_shift_github/outputs/journal/apic_v3_2_screening_mci_ad/r4,43,nacc_to_adni,/zjs/AD_Project/dual_shift_github/outputs/journal/apic_v3_2_screening_mci_ad/r4/seed43/nacc_to_adni/ce_x/journal_metrics.json,ce_x,42,clean,0.05953138496756155,1.2135514444934161,0.6761904761904761,,,,0.05953138496756155,0.0,0.0,0.0,0.0,0.0,0.0,0.0,0.0,0.0,0.0,0.0,,
/zjs/AD_Project/dual_shift_github/outputs/journal/apic_v3_2_screening_mci_ad/r4,43,nacc_to_adni,/zjs/AD_Project/dual_shift_github/outputs/journal/apic_v3_2_screening_mci_ad/r4/seed43/nacc_to_adni/ce_x/journal_metrics.json,ce_x,43,clean,0.013536260452195905,1.0020351811746289,0.6619047619047619,,,,0.013536260452195905,0.0,0.0,0.0,0.0,0.0,0.0,0.0,0.0,0.0,0.0,0.0,,
/zjs/AD_Project/dual_shift_github/outputs/journal/apic_v3_2_screening_mci_ad/r4,43,nacc_to_adni,/zjs/AD_Project/dual_shift_github/outputs/journal/apic_v3_2_screening_mci_ad/r4/seed43/nacc_to_adni/ce_x/journal_metrics.json,ce_x,44,clean,0.009376444175753012,1.0433319168081296,0.6642857142857143,,,,0.009376444175753012,0.0,0.0,0.0,0.0,0.0,0.0,0.0,0.0,0.0,0.0,0.0,,
/zjs/AD_Project/dual_shift_github/outputs/journal/apic_v3_2_screening_mci_ad/r4,43,nacc_to_adni,/zjs/AD_Project/dual_shift_github/outputs/journal/apic_v3_2_screening_mci_ad/r4/seed43/nacc_to_adni/ce_x/journal_metrics.json,ce_x,45,clean,0.013265391982150907,1.219583747412395,0.6904761904761906,,,,0.013265391982150907,0.0,0.0,0.0,0.0,0.0,0.0,0.0,0.0,0.0,0.0,0.0,,
/zjs/AD_Project/dual_shift_github/outputs/journal/apic_v3_2_screening_mci_ad/r4,43,nacc_to_adni,/zjs/AD_Project/dual_shift_github/outputs/journal/apic_v3_2_screening_mci_ad/r4/seed43/nacc_to_adni/ce_x/journal_metrics.json,ce_x,46,clean,0.004160953346446646,1.0435931305492934,0.7023809523809522,,,,0.004160953346446646,0.0,0.0,0.0,0.0,0.0,0.0,0.0,0.0,0.0,0.0,0.0,,
/zjs/AD_Project/dual_shift_github/outputs/journal/apic_v3_2_screening_mci_ad/r4,43,nacc_to_adni,/zjs/AD_Project/dual_shift_github/outputs/journal/apic_v3_2_screening_mci_ad/r4/seed43/nacc_to_adni/ce_x/journal_metrics.json,ce_x,47,clean,0.0017305270447809796,1.137329593708492,0.7047619047619046,,,,0.0017305270447809796,0.0,0.0,0.0,0.0,0.0,0.0,0.0,0.0,0.0,0.0,0.0,,
/zjs/AD_Project/dual_shift_github/outputs/journal/apic_v3_2_screening_mci_ad/r4,43,nacc_to_adni,/zjs/AD_Project/dual_shift_github/outputs/journal/apic_v3_2_screening_mci_ad/r4/seed43/nacc_to_adni/ce_x/journal_metrics.json,ce_x,48,clean,0.02362671855581473,1.1063630678003857,0.6928571428571427,,,,0.02362671855581473,0.0,0.0,0.0,0.0,0.0,0.0,0.0,0.0,0.0,0.0,0.0,,
/zjs/AD_Project/dual_shift_github/outputs/journal/apic_v3_2_screening_mci_ad/r4,43,nacc_to_adni,/zjs/AD_Project/dual_shift_github/outputs/journal/apic_v3_2_screening_mci_ad/r4/seed43/nacc_to_adni/ce_x/journal_metrics.json,ce_x,49,clean,0.005503038526887731,1.079228177720933,0.6904761904761904,,,,0.005503038526887731,0.0,0.0,0.0,0.0,0.0,0.0,0.0,0.0,0.0,0.0,0.0,,
/zjs/AD_Project/dual_shift_github/outputs/journal/apic_v3_2_screening_mci_ad/r4,43,nacc_to_adni,/zjs/AD_Project/dual_shift_github/outputs/journal/apic_v3_2_screening_mci_ad/r4/seed43/nacc_to_adni/ce_x/journal_metrics.json,ce_x,50,clean,0.002326281566863529,1.1368066955172225,0.6809523809523809,,,,0.002326281566863529,0.0,0.0,0.0,0.0,0.0,0.0,0.0,0.0,0.0,0.0,0.0,,
/zjs/AD_Project/dual_shift_github/outputs/journal/apic_v3_2_screening_mci_ad/r4,43,nacc_to_adni,/zjs/AD_Project/dual_shift_github/outputs/journal/apic_v3_2_screening_mci_ad/r4/seed43/nacc_to_adni/mixstyle_x/journal_metrics.json,mixstyle_x,1,mixstyle,0.6338216368992304,0.7197870556125068,0.5,,,,0.6338216368992304,0.0,0.0,0.0,0.0,0.0,0.0,0.0,0.0,0.0,0.0,0.0,,
/zjs/AD_Project/dual_shift_github/outputs/journal/apic_v3_2_screening_mci_ad/r4,43,nacc_to_adni,/zjs/AD_Project/dual_shift_github/outputs/journal/apic_v3_2_screening_mci_ad/r4/seed43/nacc_to_adni/mixstyle_x/journal_metrics.json,mixstyle_x,2,mixstyle,0.5176966899295443,0.6841192900350219,0.5857142857142857,,,,0.5176966899295443,0.0,0.0,0.0,0.0,0.0,0.0,0.0,0.0,0.0,0.0,0.0,,
/zjs/AD_Project/dual_shift_github/outputs/journal/apic_v3_2_screening_mci_ad/r4,43,nacc_to_adni,/zjs/AD_Project/dual_shift_github/outputs/journal/apic_v3_2_screening_mci_ad/r4/seed43/nacc_to_adni/mixstyle_x/journal_metrics.json,mixstyle_x,3,mixstyle,0.389186741457772,1.3579931020762077,0.6142857142857143,,,,0.389186741457772,0.0,0.0,0.0,0.0,0.0,0.0,0.0,0.0,0.0,0.0,0.0,,
/zjs/AD_Project/dual_shift_github/outputs/journal/apic_v3_2_screening_mci_ad/r4,43,nacc_to_adni,/zjs/AD_Project/dual_shift_github/outputs/journal/apic_v3_2_screening_mci_ad/r4/seed43/nacc_to_adni/mixstyle_x/journal_metrics.json,mixstyle_x,4,mixstyle,0.4216050733572122,0.7812146036360497,0.6547619047619048,,,,0.4216050733572122,0.0,0.0,0.0,0.0,0.0,0.0,0.0,0.0,0.0,0.0,0.0,,
/zjs/AD_Project/dual_shift_github/outputs/journal/apic_v3_2_screening_mci_ad/r4,43,nacc_to_adni,/zjs/AD_Project/dual_shift_github/outputs/journal/apic_v3_2_screening_mci_ad/r4/seed43/nacc_to_adni/mixstyle_x/journal_metrics.json,mixstyle_x,5,mixstyle,0.23768101218300536,1.7121075088157922,0.619047619047619,,,,0.23768101218300536,0.0,0.0,0.0,0.0,0.0,0.0,0.0,0.0,0.0,0.0,0.0,,
/zjs/AD_Project/dual_shift_github/outputs/journal/apic_v3_2_screening_mci_ad/r4,43,nacc_to_adni,/zjs/AD_Project/dual_shift_github/outputs/journal/apic_v3_2_screening_mci_ad/r4/seed43/nacc_to_adni/mixstyle_x/journal_metrics.json,mixstyle_x,6,mixstyle,0.2681533868338183,0.8196896167771358,0.611904761904762,,,,0.2681533868338183,0.0,0.0,0.0,0.0,0.0,0.0,0.0,0.0,0.0,0.0,0.0,,
/zjs/AD_Project/dual_shift_github/outputs/journal/apic_v3_2_screening_mci_ad/r4,43,nacc_to_adni,/zjs/AD_Project/dual_shift_github/outputs/journal/apic_v3_2_screening_mci_ad/r4/seed43/nacc_to_adni/mixstyle_x/journal_metrics.json,mixstyle_x,7,mixstyle,0.2707253574806544,1.6906899464092588,0.5785714285714286,,,,0.2707253574806544,0.0,0.0,0.0,0.0,0.0,0.0,0.0,0.0,0.0,0.0,0.0,,
/zjs/AD_Project/dual_shift_github/outputs/journal/apic_v3_2_screening_mci_ad/r4,43,nacc_to_adni,/zjs/AD_Project/dual_shift_github/outputs/journal/apic_v3_2_screening_mci_ad/r4/seed43/nacc_to_adni/mixstyle_x/journal_metrics.json,mixstyle_x,8,mixstyle,0.22878780570745313,0.7329027962125138,0.6190476190476191,,,,0.22878780570745313,0.0,0.0,0.0,0.0,0.0,0.0,0.0,0.0,0.0,0.0,0.0,,
/zjs/AD_Project/dual_shift_github/outputs/journal/apic_v3_2_screening_mci_ad/r4,43,nacc_to_adni,/zjs/AD_Project/dual_shift_github/outputs/journal/apic_v3_2_screening_mci_ad/r4/seed43/nacc_to_adni/mixstyle_x/journal_metrics.json,mixstyle_x,9,mixstyle,0.1525785992037236,0.9767758249212406,0.6404761904761905,,,,0.1525785992037236,0.0,0.0,0.0,0.0,0.0,0.0,0.0,0.0,0.0,0.0,0.0,,
/zjs/AD_Project/dual_shift_github/outputs/journal/apic_v3_2_screening_mci_ad/r4,43,nacc_to_adni,/zjs/AD_Project/dual_shift_github/outputs/journal/apic_v3_2_screening_mci_ad/r4/seed43/nacc_to_adni/mixstyle_x/journal_metrics.json,mixstyle_x,10,mixstyle,0.15342724596428656,1.3058283059175924,0.6999999999999998,,,,0.15342724596428656,0.0,0.0,0.0,0.0,0.0,0.0,0.0,0.0,0.0,0.0,0.0,,
/zjs/AD_Project/dual_shift_github/outputs/journal/apic_v3_2_screening_mci_ad/r4,43,nacc_to_adni,/zjs/AD_Project/dual_shift_github/outputs/journal/apic_v3_2_screening_mci_ad/r4/seed43/nacc_to_adni/mixstyle_x/journal_metrics.json,mixstyle_x,11,mixstyle,0.1790675321238634,0.6282921187961265,0.7047619047619046,,,,0.1790675321238634,0.0,0.0,0.0,0.0,0.0,0.0,0.0,0.0,0.0,0.0,0.0,,
/zjs/AD_Project/dual_shift_github/outputs/journal/apic_v3_2_screening_mci_ad/r4,43,nacc_to_adni,/zjs/AD_Project/dual_shift_github/outputs/journal/apic_v3_2_screening_mci_ad/r4/seed43/nacc_to_adni/mixstyle_x/journal_metrics.json,mixstyle_x,12,mixstyle,0.0963365977279573,0.7012128922344304,0.7095238095238096,,,,0.0963365977279573,0.0,0.0,0.0,0.0,0.0,0.0,0.0,0.0,0.0,0.0,0.0,,
/zjs/AD_Project/dual_shift_github/outputs/journal/apic_v3_2_screening_mci_ad/r4,43,nacc_to_adni,/zjs/AD_Project/dual_shift_github/outputs/journal/apic_v3_2_screening_mci_ad/r4/seed43/nacc_to_adni/mixstyle_x/journal_metrics.json,mixstyle_x,13,mixstyle,0.10790992672579151,0.5402378783442248,0.7023809523809524,,,,0.10790992672579151,0.0,0.0,0.0,0.0,0.0,0.0,0.0,0.0,0.0,0.0,0.0,,
/zjs/AD_Project/dual_shift_github/outputs/journal/apic_v3_2_screening_mci_ad/r4,43,nacc_to_adni,/zjs/AD_Project/dual_shift_github/outputs/journal/apic_v3_2_screening_mci_ad/r4/seed43/nacc_to_adni/mixstyle_x/journal_metrics.json,mixstyle_x,14,mixstyle,0.13897312229460815,0.6818868967046247,0.7023809523809524,,,,0.13897312229460815,0.0,0.0,0.0,0.0,0.0,0.0,0.0,0.0,0.0,0.0,0.0,,
/zjs/AD_Project/dual_shift_github/outputs/journal/apic_v3_2_screening_mci_ad/r4,43,nacc_to_adni,/zjs/AD_Project/dual_shift_github/outputs/journal/apic_v3_2_screening_mci_ad/r4/seed43/nacc_to_adni/mixstyle_x/journal_metrics.json,mixstyle_x,15,mixstyle,0.1205483174441171,0.6904201991886734,0.7000000000000001,,,,0.1205483174441171,0.0,0.0,0.0,0.0,0.0,0.0,0.0,0.0,0.0,0.0,0.0,,
/zjs/AD_Project/dual_shift_github/outputs/journal/apic_v3_2_screening_mci_ad/r4,43,nacc_to_adni,/zjs/AD_Project/dual_shift_github/outputs/journal/apic_v3_2_screening_mci_ad/r4/seed43/nacc_to_adni/mixstyle_x/journal_metrics.json,mixstyle_x,16,mixstyle,0.06164687550530683,0.8140885118949595,0.707142857142857,,,,0.06164687550530683,0.0,0.0,0.0,0.0,0.0,0.0,0.0,0.0,0.0,0.0,0.0,,
/zjs/AD_Project/dual_shift_github/outputs/journal/apic_v3_2_screening_mci_ad/r4,43,nacc_to_adni,/zjs/AD_Project/dual_shift_github/outputs/journal/apic_v3_2_screening_mci_ad/r4/seed43/nacc_to_adni/mixstyle_x/journal_metrics.json,mixstyle_x,17,mixstyle,0.13264885953310684,0.7164399915499984,0.7095238095238096,,,,0.13264885953310684,0.0,0.0,0.0,0.0,0.0,0.0,0.0,0.0,0.0,0.0,0.0,,
/zjs/AD_Project/dual_shift_github/outputs/journal/apic_v3_2_screening_mci_ad/r4,43,nacc_to_adni,/zjs/AD_Project/dual_shift_github/outputs/journal/apic_v3_2_screening_mci_ad/r4/seed43/nacc_to_adni/mixstyle_x/journal_metrics.json,mixstyle_x,18,mixstyle,0.04493668412708092,0.9247822902122463,0.7095238095238096,,,,0.04493668412708092,0.0,0.0,0.0,0.0,0.0,0.0,0.0,0.0,0.0,0.0,0.0,,
/zjs/AD_Project/dual_shift_github/outputs/journal/apic_v3_2_screening_mci_ad/r4,43,nacc_to_adni,/zjs/AD_Project/dual_shift_github/outputs/journal/apic_v3_2_screening_mci_ad/r4/seed43/nacc_to_adni/mixstyle_x/journal_metrics.json,mixstyle_x,19,mixstyle,0.10862958708540392,1.308374009841766,0.6833333333333332,,,,0.10862958708540392,0.0,0.0,0.0,0.0,0.0,0.0,0.0,0.0,0.0,0.0,0.0,,
/zjs/AD_Project/dual_shift_github/outputs/journal/apic_v3_2_screening_mci_ad/r4,43,nacc_to_adni,/zjs/AD_Project/dual_shift_github/outputs/journal/apic_v3_2_screening_mci_ad/r4/seed43/nacc_to_adni/mixstyle_x/journal_metrics.json,mixstyle_x,20,mixstyle,0.10593088596732807,0.809055254046273,0.669047619047619,,,,0.10593088596732807,0.0,0.0,0.0,0.0,0.0,0.0,0.0,0.0,0.0,0.0,0.0,,
/zjs/AD_Project/dual_shift_github/outputs/journal/apic_v3_2_screening_mci_ad/r4,43,nacc_to_adni,/zjs/AD_Project/dual_shift_github/outputs/journal/apic_v3_2_screening_mci_ad/r4/seed43/nacc_to_adni/mixstyle_x/journal_metrics.json,mixstyle_x,21,mixstyle,0.03516048050459148,0.7589018573140711,0.6666666666666666,,,,0.03516048050459148,0.0,0.0,0.0,0.0,0.0,0.0,0.0,0.0,0.0,0.0,0.0,,
/zjs/AD_Project/dual_shift_github/outputs/journal/apic_v3_2_screening_mci_ad/r4,43,nacc_to_adni,/zjs/AD_Project/dual_shift_github/outputs/journal/apic_v3_2_screening_mci_ad/r4/seed43/nacc_to_adni/mixstyle_x/journal_metrics.json,mixstyle_x,22,mixstyle,0.042675283522952405,1.0882788542241502,0.7023809523809524,,,,0.042675283522952405,0.0,0.0,0.0,0.0,0.0,0.0,0.0,0.0,0.0,0.0,0.0,,
/zjs/AD_Project/dual_shift_github/outputs/journal/apic_v3_2_screening_mci_ad/r4,43,nacc_to_adni,/zjs/AD_Project/dual_shift_github/outputs/journal/apic_v3_2_screening_mci_ad/r4/seed43/nacc_to_adni/mixstyle_x/journal_metrics.json,mixstyle_x,23,mixstyle,0.02732397730074602,1.0622467717412496,0.7095238095238096,,,,0.02732397730074602,0.0,0.0,0.0,0.0,0.0,0.0,0.0,0.0,0.0,0.0,0.0,,
/zjs/AD_Project/dual_shift_github/outputs/journal/apic_v3_2_screening_mci_ad/r4,43,nacc_to_adni,/zjs/AD_Project/dual_shift_github/outputs/journal/apic_v3_2_screening_mci_ad/r4/seed43/nacc_to_adni/mixstyle_x/journal_metrics.json,mixstyle_x,24,mixstyle,0.013573555848273189,0.7067854452170992,0.6976190476190475,,,,0.013573555848273189,0.0,0.0,0.0,0.0,0.0,0.0,0.0,0.0,0.0,0.0,0.0,,
/zjs/AD_Project/dual_shift_github/outputs/journal/apic_v3_2_screening_mci_ad/r4,43,nacc_to_adni,/zjs/AD_Project/dual_shift_github/outputs/journal/apic_v3_2_screening_mci_ad/r4/seed43/nacc_to_adni/mixstyle_x/journal_metrics.json,mixstyle_x,25,mixstyle,0.005223468567734373,0.848429663902012,0.6809523809523809,,,,0.005223468567734373,0.0,0.0,0.0,0.0,0.0,0.0,0.0,0.0,0.0,0.0,0.0,,
/zjs/AD_Project/dual_shift_github/outputs/journal/apic_v3_2_screening_mci_ad/r4,43,nacc_to_adni,/zjs/AD_Project/dual_shift_github/outputs/journal/apic_v3_2_screening_mci_ad/r4/seed43/nacc_to_adni/mixstyle_x/journal_metrics.json,mixstyle_x,26,mixstyle,0.020603965729662246,1.3861878822799212,0.6809523809523809,,,,0.020603965729662246,0.0,0.0,0.0,0.0,0.0,0.0,0.0,0.0,0.0,0.0,0.0,,
/zjs/AD_Project/dual_shift_github/outputs/journal/apic_v3_2_screening_mci_ad/r4,43,nacc_to_adni,/zjs/AD_Project/dual_shift_github/outputs/journal/apic_v3_2_screening_mci_ad/r4/seed43/nacc_to_adni/mixstyle_x/journal_metrics.json,mixstyle_x,27,mixstyle,0.0056266915959248456,0.8186439793991079,0.6833333333333332,,,,0.0056266915959248456,0.0,0.0,0.0,0.0,0.0,0.0,0.0,0.0,0.0,0.0,0.0,,
/zjs/AD_Project/dual_shift_github/outputs/journal/apic_v3_2_screening_mci_ad/r4,43,nacc_to_adni,/zjs/AD_Project/dual_shift_github/outputs/journal/apic_v3_2_screening_mci_ad/r4/seed43/nacc_to_adni/mixstyle_x/journal_metrics.json,mixstyle_x,28,mixstyle,0.0026758317090030855,0.8764872813485283,0.6785714285714285,,,,0.0026758317090030855,0.0,0.0,0.0,0.0,0.0,0.0,0.0,0.0,0.0,0.0,0.0,,
/zjs/AD_Project/dual_shift_github/outputs/journal/apic_v3_2_screening_mci_ad/r4,43,nacc_to_adni,/zjs/AD_Project/dual_shift_github/outputs/journal/apic_v3_2_screening_mci_ad/r4/seed43/nacc_to_adni/mixstyle_x/journal_metrics.json,mixstyle_x,29,mixstyle,0.0017208733938552784,0.8912111514495664,0.6785714285714285,,,,0.0017208733938552784,0.0,0.0,0.0,0.0,0.0,0.0,0.0,0.0,0.0,0.0,0.0,,
/zjs/AD_Project/dual_shift_github/outputs/journal/apic_v3_2_screening_mci_ad/r4,43,nacc_to_adni,/zjs/AD_Project/dual_shift_github/outputs/journal/apic_v3_2_screening_mci_ad/r4/seed43/nacc_to_adni/mixstyle_x/journal_metrics.json,mixstyle_x,30,mixstyle,0.00339041466183526,1.0073481412390877,0.6761904761904761,,,,0.00339041466183526,0.0,0.0,0.0,0.0,0.0,0.0,0.0,0.0,0.0,0.0,0.0,,
/zjs/AD_Project/dual_shift_github/outputs/journal/apic_v3_2_screening_mci_ad/r4,43,nacc_to_adni,/zjs/AD_Project/dual_shift_github/outputs/journal/apic_v3_2_screening_mci_ad/r4/seed43/nacc_to_adni/mixstyle_x/journal_metrics.json,mixstyle_x,31,mixstyle,0.0033416599786861984,1.0445321546267907,0.6857142857142856,,,,0.0033416599786861984,0.0,0.0,0.0,0.0,0.0,0.0,0.0,0.0,0.0,0.0,0.0,,
/zjs/AD_Project/dual_shift_github/outputs/journal/apic_v3_2_screening_mci_ad/r4,43,nacc_to_adni,/zjs/AD_Project/dual_shift_github/outputs/journal/apic_v3_2_screening_mci_ad/r4/seed43/nacc_to_adni/mixstyle_x/journal_metrics.json,mixstyle_x,32,mixstyle,0.0012831930770207504,1.0439872599495277,0.688095238095238,,,,0.0012831930770207504,0.0,0.0,0.0,0.0,0.0,0.0,0.0,0.0,0.0,0.0,0.0,,
/zjs/AD_Project/dual_shift_github/outputs/journal/apic_v3_2_screening_mci_ad/r4,43,nacc_to_adni,/zjs/AD_Project/dual_shift_github/outputs/journal/apic_v3_2_screening_mci_ad/r4/seed43/nacc_to_adni/mixstyle_x/journal_metrics.json,mixstyle_x,33,mixstyle,0.004062098312490505,1.0501061219400796,0.7000000000000001,,,,0.004062098312490505,0.0,0.0,0.0,0.0,0.0,0.0,0.0,0.0,0.0,0.0,0.0,,
/zjs/AD_Project/dual_shift_github/outputs/journal/apic_v3_2_screening_mci_ad/r4,43,nacc_to_adni,/zjs/AD_Project/dual_shift_github/outputs/journal/apic_v3_2_screening_mci_ad/r4/seed43/nacc_to_adni/mixstyle_x/journal_metrics.json,mixstyle_x,34,mixstyle,0.014942035447900933,0.8652026354699812,0.7047619047619046,,,,0.014942035447900933,0.0,0.0,0.0,0.0,0.0,0.0,0.0,0.0,0.0,0.0,0.0,,
/zjs/AD_Project/dual_shift_github/outputs/journal/apic_v3_2_screening_mci_ad/r4,43,nacc_to_adni,/zjs/AD_Project/dual_shift_github/outputs/journal/apic_v3_2_screening_mci_ad/r4/seed43/nacc_to_adni/mixstyle_x/journal_metrics.json,mixstyle_x,35,mixstyle,0.1494629358627939,4.169517016420205,0.6404761904761904,,,,0.1494629358627939,0.0,0.0,0.0,0.0,0.0,0.0,0.0,0.0,0.0,0.0,0.0,,
/zjs/AD_Project/dual_shift_github/outputs/journal/apic_v3_2_screening_mci_ad/r4,43,nacc_to_adni,/zjs/AD_Project/dual_shift_github/outputs/journal/apic_v3_2_screening_mci_ad/r4/seed43/nacc_to_adni/mixstyle_x/journal_metrics.json,mixstyle_x,36,mixstyle,0.19892305224538617,0.6849073385994854,0.6333333333333333,,,,0.19892305224538617,0.0,0.0,0.0,0.0,0.0,0.0,0.0,0.0,0.0,0.0,0.0,,
/zjs/AD_Project/dual_shift_github/outputs/journal/apic_v3_2_screening_mci_ad/r4,43,nacc_to_adni,/zjs/AD_Project/dual_shift_github/outputs/journal/apic_v3_2_screening_mci_ad/r4/seed43/nacc_to_adni/mixstyle_x/journal_metrics.json,mixstyle_x,37,mixstyle,0.025415738207436905,0.9686448301794357,0.6404761904761905,,,,0.025415738207436905,0.0,0.0,0.0,0.0,0.0,0.0,0.0,0.0,0.0,0.0,0.0,,
/zjs/AD_Project/dual_shift_github/outputs/journal/apic_v3_2_screening_mci_ad/r4,43,nacc_to_adni,/zjs/AD_Project/dual_shift_github/outputs/journal/apic_v3_2_screening_mci_ad/r4/seed43/nacc_to_adni/mixstyle_x/journal_metrics.json,mixstyle_x,38,mixstyle,0.01193560401761434,1.4956650622461483,0.6904761904761906,,,,0.01193560401761434,0.0,0.0,0.0,0.0,0.0,0.0,0.0,0.0,0.0,0.0,0.0,,
/zjs/AD_Project/dual_shift_github/outputs/journal/apic_v3_2_screening_mci_ad/r4,43,nacc_to_adni,/zjs/AD_Project/dual_shift_github/outputs/journal/apic_v3_2_screening_mci_ad/r4/seed43/nacc_to_adni/mixstyle_x/journal_metrics.json,mixstyle_x,39,mixstyle,0.014040080278982245,0.9737838686665317,0.7023809523809524,,,,0.014040080278982245,0.0,0.0,0.0,0.0,0.0,0.0,0.0,0.0,0.0,0.0,0.0,,
/zjs/AD_Project/dual_shift_github/outputs/journal/apic_v3_2_screening_mci_ad/r4,43,nacc_to_adni,/zjs/AD_Project/dual_shift_github/outputs/journal/apic_v3_2_screening_mci_ad/r4/seed43/nacc_to_adni/mixstyle_x/journal_metrics.json,mixstyle_x,40,mixstyle,0.019292809921568836,1.004082612298548,0.7000000000000001,,,,0.019292809921568836,0.0,0.0,0.0,0.0,0.0,0.0,0.0,0.0,0.0,0.0,0.0,,
/zjs/AD_Project/dual_shift_github/outputs/journal/apic_v3_2_screening_mci_ad/r4,43,nacc_to_adni,/zjs/AD_Project/dual_shift_github/outputs/journal/apic_v3_2_screening_mci_ad/r4/seed43/nacc_to_adni/mixstyle_x/journal_metrics.json,mixstyle_x,41,mixstyle,0.0025756651095772336,0.9637810026376011,0.7214285714285715,,,,0.0025756651095772336,0.0,0.0,0.0,0.0,0.0,0.0,0.0,0.0,0.0,0.0,0.0,,
/zjs/AD_Project/dual_shift_github/outputs/journal/apic_v3_2_screening_mci_ad/r4,43,nacc_to_adni,/zjs/AD_Project/dual_shift_github/outputs/journal/apic_v3_2_screening_mci_ad/r4/seed43/nacc_to_adni/mixstyle_x/journal_metrics.json,mixstyle_x,42,mixstyle,0.003642316830084064,0.9820335537875317,0.719047619047619,,,,0.003642316830084064,0.0,0.0,0.0,0.0,0.0,0.0,0.0,0.0,0.0,0.0,0.0,,
/zjs/AD_Project/dual_shift_github/outputs/journal/apic_v3_2_screening_mci_ad/r4,43,nacc_to_adni,/zjs/AD_Project/dual_shift_github/outputs/journal/apic_v3_2_screening_mci_ad/r4/seed43/nacc_to_adni/mixstyle_x/journal_metrics.json,mixstyle_x,43,mixstyle,0.0017762212174255688,0.9755557980248355,0.7214285714285715,,,,0.0017762212174255688,0.0,0.0,0.0,0.0,0.0,0.0,0.0,0.0,0.0,0.0,0.0,,
/zjs/AD_Project/dual_shift_github/outputs/journal/apic_v3_2_screening_mci_ad/r4,43,nacc_to_adni,/zjs/AD_Project/dual_shift_github/outputs/journal/apic_v3_2_screening_mci_ad/r4/seed43/nacc_to_adni/mixstyle_x/journal_metrics.json,mixstyle_x,44,mixstyle,0.0026277883101186294,1.0447456835024234,0.7238095238095239,,,,0.0026277883101186294,0.0,0.0,0.0,0.0,0.0,0.0,0.0,0.0,0.0,0.0,0.0,,
/zjs/AD_Project/dual_shift_github/outputs/journal/apic_v3_2_screening_mci_ad/r4,43,nacc_to_adni,/zjs/AD_Project/dual_shift_github/outputs/journal/apic_v3_2_screening_mci_ad/r4/seed43/nacc_to_adni/mixstyle_x/journal_metrics.json,mixstyle_x,45,mixstyle,0.0014779050027370721,1.0254101620081557,0.7285714285714286,,,,0.0014779050027370721,0.0,0.0,0.0,0.0,0.0,0.0,0.0,0.0,0.0,0.0,0.0,,
/zjs/AD_Project/dual_shift_github/outputs/journal/apic_v3_2_screening_mci_ad/r4,43,nacc_to_adni,/zjs/AD_Project/dual_shift_github/outputs/journal/apic_v3_2_screening_mci_ad/r4/seed43/nacc_to_adni/mixstyle_x/journal_metrics.json,mixstyle_x,46,mixstyle,0.0014512015817316067,1.0323702333711877,0.7285714285714286,,,,0.0014512015817316067,0.0,0.0,0.0,0.0,0.0,0.0,0.0,0.0,0.0,0.0,0.0,,
/zjs/AD_Project/dual_shift_github/outputs/journal/apic_v3_2_screening_mci_ad/r4,43,nacc_to_adni,/zjs/AD_Project/dual_shift_github/outputs/journal/apic_v3_2_screening_mci_ad/r4/seed43/nacc_to_adni/mixstyle_x/journal_metrics.json,mixstyle_x,47,mixstyle,0.0008437581939116293,1.0404610811303592,0.7261904761904763,,,,0.0008437581939116293,0.0,0.0,0.0,0.0,0.0,0.0,0.0,0.0,0.0,0.0,0.0,,
/zjs/AD_Project/dual_shift_github/outputs/journal/apic_v3_2_screening_mci_ad/r4,43,nacc_to_adni,/zjs/AD_Project/dual_shift_github/outputs/journal/apic_v3_2_screening_mci_ad/r4/seed43/nacc_to_adni/mixstyle_x/journal_metrics.json,mixstyle_x,48,mixstyle,0.0006695708163027392,1.0371053765582172,0.7214285714285715,,,,0.0006695708163027392,0.0,0.0,0.0,0.0,0.0,0.0,0.0,0.0,0.0,0.0,0.0,,
/zjs/AD_Project/dual_shift_github/outputs/journal/apic_v3_2_screening_mci_ad/r4,43,nacc_to_adni,/zjs/AD_Project/dual_shift_github/outputs/journal/apic_v3_2_screening_mci_ad/r4/seed43/nacc_to_adni/mixstyle_x/journal_metrics.json,mixstyle_x,49,mixstyle,0.001571184103800219,1.0722293979756374,0.7214285714285715,,,,0.001571184103800219,0.0,0.0,0.0,0.0,0.0,0.0,0.0,0.0,0.0,0.0,0.0,,
/zjs/AD_Project/dual_shift_github/outputs/journal/apic_v3_2_screening_mci_ad/r4,43,nacc_to_adni,/zjs/AD_Project/dual_shift_github/outputs/journal/apic_v3_2_screening_mci_ad/r4/seed43/nacc_to_adni/mixstyle_x/journal_metrics.json,mixstyle_x,50,mixstyle,0.0010435251807421925,1.040669425360025,0.7238095238095239,,,,0.0010435251807421925,0.0,0.0,0.0,0.0,0.0,0.0,0.0,0.0,0.0,0.0,0.0,,
