artifact_root,seed,direction,metrics_path,variant,epoch,phase,train_loss,val_loss,val_auc,val_balanced_accuracy,selection_eligible,selection_reasons,clean_ce,shift_ce,js,feature_consistency,intervention_penalty,apis_coefficient_l2,valid_intervention_frac,apis_feature_strength,style_confidence,style_entropy,style_delta,condition_gate,style_memory_valid_slots,style_memory_total_assignments
/zjs/AD_Project/dual_shift_github/outputs/journal/apic_v3_screening_mci_ad/s1,42,adni_to_nacc,/zjs/AD_Project/dual_shift_github/outputs/journal/apic_v3_screening_mci_ad/s1/seed42/adni_to_nacc/apic_v3_x/journal_metrics.json,apic_v3_x,1,clean_warmup,0.618806396675582,1.023781316884614,0.6634977518393328,,,,,,,,,0.0,0.0,0.0,0.0,0.0,0.0,0.0,0,0.0
/zjs/AD_Project/dual_shift_github/outputs/journal/apic_v3_screening_mci_ad/s1,42,adni_to_nacc,/zjs/AD_Project/dual_shift_github/outputs/journal/apic_v3_screening_mci_ad/s1/seed42/adni_to_nacc/apic_v3_x/journal_metrics.json,apic_v3_x,2,clean_warmup,0.511586756141174,1.8892269313950605,0.6140747417091796,,,,,,,,,0.0,0.0,0.0,0.0,0.0,0.0,0.0,0,0.0
/zjs/AD_Project/dual_shift_github/outputs/journal/apic_v3_screening_mci_ad/s1,42,adni_to_nacc,/zjs/AD_Project/dual_shift_github/outputs/journal/apic_v3_screening_mci_ad/s1/seed42/adni_to_nacc/apic_v3_x/journal_metrics.json,apic_v3_x,3,clean_warmup,0.4436380917409269,0.8049630355944327,0.6988523436675291,,,,,,,,,0.0,0.0,0.0,0.0,0.0,0.0,0.0,0,0.0
/zjs/AD_Project/dual_shift_github/outputs/journal/apic_v3_screening_mci_ad/s1,42,adni_to_nacc,/zjs/AD_Project/dual_shift_github/outputs/journal/apic_v3_screening_mci_ad/s1/seed42/adni_to_nacc/apic_v3_x/journal_metrics.json,apic_v3_x,4,clean_warmup,0.3931608512850091,0.9123434261034388,0.7383462487480921,,,,,,,,,0.0,0.0,0.0,0.0,0.0,0.0,0.0,0,0.0
/zjs/AD_Project/dual_shift_github/outputs/journal/apic_v3_screening_mci_ad/s1,42,adni_to_nacc,/zjs/AD_Project/dual_shift_github/outputs/journal/apic_v3_screening_mci_ad/s1/seed42/adni_to_nacc/apic_v3_x/journal_metrics.json,apic_v3_x,5,clean_warmup,0.3450549571120208,0.7533524832730993,0.7436519472497851,,,,,,,,,0.0,0.0,0.0,0.0,0.0,0.0,0.0,0,0.0
/zjs/AD_Project/dual_shift_github/outputs/journal/apic_v3_screening_mci_ad/s1,42,adni_to_nacc,/zjs/AD_Project/dual_shift_github/outputs/journal/apic_v3_screening_mci_ad/s1/seed42/adni_to_nacc/apic_v3_x/journal_metrics.json,apic_v3_x,6,apis_warmup,0.811558630557196,0.899987336897522,0.8368876438011879,,,,,,,,,1.9167261096317636e-05,1.0,2.3412934499835484e-08,0.3010010375539855,0.9435470363881329,0.1531341696471566,0.05587718117576424,8,404.0
/zjs/AD_Project/dual_shift_github/outputs/journal/apic_v3_screening_mci_ad/s1,42,adni_to_nacc,/zjs/AD_Project/dual_shift_github/outputs/journal/apic_v3_screening_mci_ad/s1/seed42/adni_to_nacc/apic_v3_x/journal_metrics.json,apic_v3_x,7,apis_warmup,0.6932987689344895,0.9436519094016573,0.6810625224075382,,,,,,,,,2.8993743698454564e-06,1.0,2.3702673671984015e-08,0.2611381780393053,0.9644597007496523,0.13301433165474694,0.0452792662573923,8,808.0
/zjs/AD_Project/dual_shift_github/outputs/journal/apic_v3_screening_mci_ad/s1,42,adni_to_nacc,/zjs/AD_Project/dual_shift_github/outputs/journal/apic_v3_screening_mci_ad/s1/seed42/adni_to_nacc/apic_v3_x/journal_metrics.json,apic_v3_x,8,apis_warmup,0.7564984811562123,0.9313939141468444,0.7602138062486239,,,,,,,,,4.272011275282572e-06,1.0,4.903099525508293e-08,0.24643894956253543,0.9712177934032855,0.1220951913902075,0.0418814642373288,8,1212.0
/zjs/AD_Project/dual_shift_github/outputs/journal/apic_v3_screening_mci_ad/s1,42,adni_to_nacc,/zjs/AD_Project/dual_shift_github/outputs/journal/apic_v3_screening_mci_ad/s1/seed42/adni_to_nacc/apic_v3_x/journal_metrics.json,apic_v3_x,9,apis_warmup,0.7101651222841574,1.064001629052154,0.7188200568831828,,,,,,,,,5.785460032684839e-06,1.0,9.2445358387074e-08,0.22024182016306584,0.9812751182235113,0.10371275150244778,0.0363204593189282,8,1616.0
/zjs/AD_Project/dual_shift_github/outputs/journal/apic_v3_screening_mci_ad/s1,42,adni_to_nacc,/zjs/AD_Project/dual_shift_github/outputs/journal/apic_v3_screening_mci_ad/s1/seed42/adni_to_nacc/apic_v3_x/journal_metrics.json,apic_v3_x,10,apis_warmup,0.5539305146304098,0.8728615402355107,0.7220481363383116,,,,,,,,,5.873503427534557e-06,1.0,1.5317730000139935e-07,0.21273317195401334,0.9832979228236888,0.09842296121734204,0.03491248350848656,8,2020.0
/zjs/AD_Project/dual_shift_github/outputs/journal/apic_v3_screening_mci_ad/s1,42,adni_to_nacc,/zjs/AD_Project/dual_shift_github/outputs/journal/apic_v3_screening_mci_ad/s1/seed42/adni_to_nacc/apic_v3_x/journal_metrics.json,apic_v3_x,11,joint,0.45847427535175095,1.0639837074238774,0.7331043402721245,,,,,,,,,5.725298465357368e-06,1.0,1.364422205493737e-07,0.1815164984747915,0.9915760743736041,0.07142009670929153,0.029040759189589187,8,2424.0
/zjs/AD_Project/dual_shift_github/outputs/journal/apic_v3_screening_mci_ad/s1,42,adni_to_nacc,/zjs/AD_Project/dual_shift_github/outputs/journal/apic_v3_screening_mci_ad/s1/seed42/adni_to_nacc/apic_v3_x/journal_metrics.json,apic_v3_x,12,joint,0.5175182598615342,0.9681638097817745,0.7267206065555871,,,,,,,,,8.901305607038678e-06,1.0,1.7967725395098146e-07,0.19747370378215715,0.9877643614712328,0.08572329547588188,0.03196312529542068,8,2828.0
/zjs/AD_Project/dual_shift_github/outputs/journal/apic_v3_screening_mci_ad/s1,42,adni_to_nacc,/zjs/AD_Project/dual_shift_github/outputs/journal/apic_v3_screening_mci_ad/s1/seed42/adni_to_nacc/apic_v3_x/journal_metrics.json,apic_v3_x,13,joint,0.4265526897356947,1.0103734757306926,0.6973767428104692,,,,,,,,,5.573590749801303e-06,1.0,1.5864353157878825e-07,0.180086083341353,0.992154575220429,0.06992570959990567,0.028711986202414674,8,3232.0
/zjs/AD_Project/dual_shift_github/outputs/journal/apic_v3_screening_mci_ad/s1,42,adni_to_nacc,/zjs/AD_Project/dual_shift_github/outputs/journal/apic_v3_screening_mci_ad/s1/seed42/adni_to_nacc/apic_v3_x/journal_metrics.json,apic_v3_x,14,joint,0.43032181170759815,0.8669174234254644,0.722031396947939,,,,,,,,,4.257580734823626e-06,1.0,1.4398632091688296e-07,0.18061829247687122,0.9928654219844554,0.06446135364989243,0.028729012383535358,8,3636.0
/zjs/AD_Project/dual_shift_github/outputs/journal/apic_v3_screening_mci_ad/s1,42,adni_to_nacc,/zjs/AD_Project/dual_shift_github/outputs/journal/apic_v3_screening_mci_ad/s1/seed42/adni_to_nacc/apic_v3_x/journal_metrics.json,apic_v3_x,15,joint,0.28559212914050214,0.831419217477151,0.7313444010178061,,,,,,,,,3.920388358343225e-06,1.0,1.3762129263246644e-07,0.180531245352018,0.9916983907765681,0.06985666226632524,0.028800460961785648,8,4040.0
/zjs/AD_Project/dual_shift_github/outputs/journal/apic_v3_screening_mci_ad/s1,42,adni_to_nacc,/zjs/AD_Project/dual_shift_github/outputs/journal/apic_v3_screening_mci_ad/s1/seed42/adni_to_nacc/apic_v3_x/journal_metrics.json,apic_v3_x,16,joint,0.30837996079042407,1.0307657533077472,0.672216540959817,,,,,,,,,4.3016081188415955e-06,1.0,1.552978955201655e-07,0.18243891163037554,0.9915819958885117,0.07122313983664655,0.029086338171716963,8,4444.0
/zjs/AD_Project/dual_shift_github/outputs/journal/apic_v3_screening_mci_ad/s1,42,adni_to_nacc,/zjs/AD_Project/dual_shift_github/outputs/journal/apic_v3_screening_mci_ad/s1/seed42/adni_to_nacc/apic_v3_x/journal_metrics.json,apic_v3_x,17,joint,0.24180363867394994,1.046323828177031,0.731104570247843,,,,,,,,,4.177305464229966e-06,1.0,1.3870045044728108e-07,0.16356796159012482,0.9957680053049975,0.050898284383929605,0.025736940711146534,8,4848.0
/zjs/AD_Project/dual_shift_github/outputs/journal/apic_v3_screening_mci_ad/s1,42,adni_to_nacc,/zjs/AD_Project/dual_shift_github/outputs/journal/apic_v3_screening_mci_ad/s1/seed42/adni_to_nacc/apic_v3_x/journal_metrics.json,apic_v3_x,18,joint,0.2423426138449202,0.8065314595032176,0.730750991301271,,,,,,,,,5.3329727412383006e-06,1.0,1.6237507057298043e-07,0.1793464436979577,0.9924599911906932,0.06450947510576484,0.028491121025221184,8,5252.0
/zjs/AD_Project/dual_shift_github/outputs/journal/apic_v3_screening_mci_ad/s1,42,adni_to_nacc,/zjs/AD_Project/dual_shift_github/outputs/journal/apic_v3_screening_mci_ad/s1/seed42/adni_to_nacc/apic_v3_x/journal_metrics.json,apic_v3_x,19,joint,0.1749024288682728,1.311828720203917,0.6958625909122508,,,,,,,,,4.784179036685619e-06,1.0,1.5400812481848424e-07,0.16644651553418377,0.9948733525701089,0.05329346531393504,0.026246090816094143,8,5656.0
/zjs/AD_Project/dual_shift_github/outputs/journal/apic_v3_screening_mci_ad/s1,42,adni_to_nacc,/zjs/AD_Project/dual_shift_github/outputs/journal/apic_v3_screening_mci_ad/s1/seed42/adni_to_nacc/apic_v3_x/journal_metrics.json,apic_v3_x,20,joint,0.23537891184782037,1.268536721381846,0.7469697974351075,,,,,,,,,9.262633644575183e-06,1.0,2.8506584731031123e-07,0.18142115037039955,0.9908213821968229,0.06993244027737344,0.028996457982033787,8,6060.0
/zjs/AD_Project/dual_shift_github/outputs/journal/apic_v3_screening_mci_ad/s1,42,adni_to_nacc,/zjs/AD_Project/dual_shift_github/outputs/journal/apic_v3_screening_mci_ad/s1/seed42/adni_to_nacc/apic_v3_x/journal_metrics.json,apic_v3_x,21,joint,0.17693649193889802,1.2733433512167647,0.650044286979987,,,,,,,,,1.0584437337222493e-05,1.0,2.9995123909857555e-07,0.21323792946220624,0.9825203690198389,0.0989081754837886,0.03485734264670622,8,6464.0
/zjs/AD_Project/dual_shift_github/outputs/journal/apic_v3_screening_mci_ad/s1,42,adni_to_nacc,/zjs/AD_Project/dual_shift_github/outputs/journal/apic_v3_screening_mci_ad/s1/seed42/adni_to_nacc/apic_v3_x/journal_metrics.json,apic_v3_x,22,joint,0.11689911143725167,1.21450978295382,0.7040660902106284,,,,,,,,,1.6050619602664132e-05,1.0,4.5064681129102014e-07,0.23680992099908318,0.972138241376027,0.11127323199911873,0.04015478394040377,8,6868.0
/zjs/AD_Project/dual_shift_github/outputs/journal/apic_v3_screening_mci_ad/s1,42,adni_to_nacc,/zjs/AD_Project/dual_shift_github/outputs/journal/apic_v3_screening_mci_ad/s1/seed42/adni_to_nacc/apic_v3_x/journal_metrics.json,apic_v3_x,23,joint,0.17419314903142577,1.2896925613215757,0.7026232902146073,,,,,,,,,4.316145967293616e-06,1.0,1.8522531479560496e-07,0.16802169780920048,0.9954664689479488,0.051353744793646405,0.026362126139868602,8,7272.0
/zjs/AD_Project/dual_shift_github/outputs/journal/apic_v3_screening_mci_ad/s1,42,adni_to_nacc,/zjs/AD_Project/dual_shift_github/outputs/journal/apic_v3_screening_mci_ad/s1/seed42/adni_to_nacc/apic_v3_x/journal_metrics.json,apic_v3_x,24,joint,0.19497286496305893,1.2031500463570477,0.7171428692394007,,,,,,,,,3.7988054125637768e-06,1.0,2.0722997475115678e-07,0.19520128835545908,0.9896538523164126,0.07747628045554208,0.03117508940988838,8,7676.0
/zjs/AD_Project/dual_shift_github/outputs/journal/apic_v3_screening_mci_ad/s1,42,adni_to_nacc,/zjs/AD_Project/dual_shift_github/outputs/journal/apic_v3_screening_mci_ad/s1/seed42/adni_to_nacc/apic_v3_x/journal_metrics.json,apic_v3_x,25,joint,0.08773842510896375,1.388734882629109,0.7558656438326663,,,,,,,,,2.029254490858731e-06,1.0,1.4594005289616168e-07,0.18282037398012557,0.9926433433400522,0.06557262478636043,0.028902108273883856,8,8080.0
/zjs/AD_Project/dual_shift_github/outputs/journal/apic_v3_screening_mci_ad/s1,42,adni_to_nacc,/zjs/AD_Project/dual_shift_github/outputs/journal/apic_v3_screening_mci_ad/s1/seed42/adni_to_nacc/apic_v3_x/journal_metrics.json,apic_v3_x,26,joint,0.14077436286347486,1.8033391268530843,0.6880593753394129,,,,,,,,,2.9249463757356116e-06,1.0,1.4923796369869408e-07,0.1732696390683108,0.9946138109311019,0.058077176719313804,0.0272212687990453,8,8484.0
/zjs/AD_Project/dual_shift_github/outputs/journal/apic_v3_screening_mci_ad/s1,42,adni_to_nacc,/zjs/AD_Project/dual_shift_github/outputs/journal/apic_v3_screening_mci_ad/s1/seed42/adni_to_nacc/apic_v3_x/journal_metrics.json,apic_v3_x,27,joint,0.11894940148282906,1.0792514661139032,0.7848699727052142,,,,,,,,,5.897221435228822e-06,1.0,1.894229945175746e-07,0.16394757368777058,0.9953161489845502,0.04681789771755143,0.02570858020519856,8,8888.0
/zjs/AD_Project/dual_shift_github/outputs/journal/apic_v3_screening_mci_ad/s1,42,adni_to_nacc,/zjs/AD_Project/dual_shift_github/outputs/journal/apic_v3_screening_mci_ad/s1/seed42/adni_to_nacc/apic_v3_x/journal_metrics.json,apic_v3_x,28,joint,0.0695663896103454,1.2584058362307078,0.7526939218027546,,,,,,,,,1.5335599426738429e-06,1.0,1.1402807748853243e-07,0.16052261835867815,0.9967403388259435,0.042774627925735886,0.025046351227429833,8,9292.0
/zjs/AD_Project/dual_shift_github/outputs/journal/apic_v3_screening_mci_ad/s1,42,adni_to_nacc,/zjs/AD_Project/dual_shift_github/outputs/journal/apic_v3_screening_mci_ad/s1/seed42/adni_to_nacc/apic_v3_x/journal_metrics.json,apic_v3_x,29,joint,0.035663528635286455,1.4162760423069154,0.7527741882454865,,,,,,,,,5.420625327171437e-07,1.0,6.518167289963422e-08,0.15672357129578543,0.9965500985041703,0.03851683548476437,0.024459047667165792,8,9696.0
/zjs/AD_Project/dual_shift_github/outputs/journal/apic_v3_screening_mci_ad/s1,42,adni_to_nacc,/zjs/AD_Project/dual_shift_github/outputs/journal/apic_v3_screening_mci_ad/s1/seed42/adni_to_nacc/apic_v3_x/journal_metrics.json,apic_v3_x,30,joint,0.04377489190232839,1.4553696409277959,0.728927028513167,,,,,,,,,8.757503132617578e-07,1.0,6.725487687116817e-08,0.15666123752546782,0.9968818685796001,0.0374109029474825,0.024422618846344477,8,10100.0
/zjs/AD_Project/dual_shift_github/outputs/journal/apic_v3_screening_mci_ad/s1,42,adni_to_nacc,/zjs/AD_Project/dual_shift_github/outputs/journal/apic_v3_screening_mci_ad/s1/seed42/adni_to_nacc/apic_v3_x/journal_metrics.json,apic_v3_x,31,joint,0.012278699346340842,1.3757758915014224,0.7470012937966483,,,,,,,,,5.881868003875256e-07,1.0,5.966808463381763e-08,0.15524684453364646,0.9972824914620655,0.03474875344055714,0.024169750917370957,8,10504.0
/zjs/AD_Project/dual_shift_github/outputs/journal/apic_v3_screening_mci_ad/s1,42,adni_to_nacc,/zjs/AD_Project/dual_shift_github/outputs/journal/apic_v3_screening_mci_ad/s1/seed42/adni_to_nacc/apic_v3_x/journal_metrics.json,apic_v3_x,32,joint,0.1666580207627451,0.9667517503535529,0.7461820598849391,,,,,,,,,2.4553357480352015e-06,1.0,1.1539419621822342e-07,0.15921114429388897,0.9957717751512433,0.04195978064643274,0.02491554403954213,8,10908.0
/zjs/AD_Project/dual_shift_github/outputs/journal/apic_v3_screening_mci_ad/s1,42,adni_to_nacc,/zjs/AD_Project/dual_shift_github/outputs/journal/apic_v3_screening_mci_ad/s1/seed42/adni_to_nacc/apic_v3_x/journal_metrics.json,apic_v3_x,33,joint,0.14536816072143097,1.270825669066895,0.7057848302083743,,,,,,,,,3.426906187537542e-06,1.0,1.8052384796259737e-07,0.17390022330945082,0.9938512881203453,0.05774685185365748,0.02735708524832631,8,11312.0
/zjs/AD_Project/dual_shift_github/outputs/journal/apic_v3_screening_mci_ad/s1,42,adni_to_nacc,/zjs/AD_Project/dual_shift_github/outputs/journal/apic_v3_screening_mci_ad/s1/seed42/adni_to_nacc/apic_v3_x/journal_metrics.json,apic_v3_x,34,joint,0.023606738744137604,2.101293207411099,0.7149703065646871,,,,,,,,,1.1708551820145945e-06,1.0,9.409565678446156e-08,0.15911237039778492,0.9963782600837179,0.040876229911452476,0.024809224162213872,8,11716.0
/zjs/AD_Project/dual_shift_github/outputs/journal/apic_v3_screening_mci_ad/s1,42,adni_to_nacc,/zjs/AD_Project/dual_shift_github/outputs/journal/apic_v3_screening_mci_ad/s1/seed42/adni_to_nacc/apic_v3_x/journal_metrics.json,apic_v3_x,35,joint,0.1736191989897778,1.2724453510050107,0.6801807099108349,,,,,,,,,6.2789154792043705e-06,1.0,2.1280477979119738e-07,0.16787586176749503,0.994545830948518,0.05528671759189946,0.0263133087186235,8,12120.0
/zjs/AD_Project/dual_shift_github/outputs/journal/apic_v3_screening_mci_ad/s1,42,adni_to_nacc,/zjs/AD_Project/dual_shift_github/outputs/journal/apic_v3_screening_mci_ad/s1/seed42/adni_to_nacc/apic_v3_x/journal_metrics.json,apic_v3_x,36,joint,0.1755305145622812,1.309149059543916,0.7421494585516092,,,,,,,,,8.804861170232254e-06,1.0,2.787636209787517e-07,0.1807539314031601,0.9903075158005894,0.06625708247912993,0.02887082229008769,8,12524.0
/zjs/AD_Project/dual_shift_github/outputs/journal/apic_v3_screening_mci_ad/s1,42,adni_to_nacc,/zjs/AD_Project/dual_shift_github/outputs/journal/apic_v3_screening_mci_ad/s1/seed42/adni_to_nacc/apic_v3_x/journal_metrics.json,apic_v3_x,37,joint,0.21042951433412213,1.0619834650718016,0.7015155065027672,,,,,,,,,1.6308906782400622e-05,1.0,4.954019155912638e-07,0.22136308267565058,0.9771074528741365,0.10381158876537096,0.03665576854923574,8,12928.0
/zjs/AD_Project/dual_shift_github/outputs/journal/apic_v3_screening_mci_ad/s1,42,adni_to_nacc,/zjs/AD_Project/dual_shift_github/outputs/journal/apic_v3_screening_mci_ad/s1/seed42/adni_to_nacc/apic_v3_x/journal_metrics.json,apic_v3_x,38,joint,0.11401194271788297,1.1524755958331014,0.7765772819054371,,,,,,,,,9.374600596298605e-06,1.0,3.7272163364049096e-07,0.21408250883664234,0.9788564762266556,0.0793860478713961,0.035094803955295295,8,13332.0
/zjs/AD_Project/dual_shift_github/outputs/journal/apic_v3_screening_mci_ad/s1,42,adni_to_nacc,/zjs/AD_Project/dual_shift_github/outputs/journal/apic_v3_screening_mci_ad/s1/seed42/adni_to_nacc/apic_v3_x/journal_metrics.json,apic_v3_x,39,joint,0.0929438424599818,1.3977908719023433,0.7015036571347877,,,,,,,,,8.041518557016244e-06,1.0,3.535583458653833e-07,0.20184079417497805,0.9836809528936253,0.07084719943675664,0.032514383057408995,8,13736.0
/zjs/AD_Project/dual_shift_github/outputs/journal/apic_v3_screening_mci_ad/s1,42,adni_to_nacc,/zjs/AD_Project/dual_shift_github/outputs/journal/apic_v3_screening_mci_ad/s1/seed42/adni_to_nacc/apic_v3_x/journal_metrics.json,apic_v3_x,40,joint,0.01045040225628579,1.5075339497656588,0.7524157519196617,,,,,,,,,1.0649471705889509e-06,1.0,1.1885772911545255e-07,0.197877039413641,0.9842575676370375,0.06428923671788508,0.03181687856812288,8,14140.0
/zjs/AD_Project/dual_shift_github/outputs/journal/apic_v3_screening_mci_ad/s1,42,adni_to_nacc,/zjs/AD_Project/dual_shift_github/outputs/journal/apic_v3_screening_mci_ad/s1/seed42/adni_to_nacc/apic_v3_x/journal_metrics.json,apic_v3_x,41,joint,0.007361095858562627,1.46154568035053,0.7351547087256626,,,,,,,,,1.2997816972781246e-07,1.0,4.02464394396432e-08,0.2010214066151345,0.9827029250635959,0.06649715202574683,0.03246365747608171,8,14544.0
/zjs/AD_Project/dual_shift_github/outputs/journal/apic_v3_screening_mci_ad/s1,42,adni_to_nacc,/zjs/AD_Project/dual_shift_github/outputs/journal/apic_v3_screening_mci_ad/s1/seed42/adni_to_nacc/apic_v3_x/journal_metrics.json,apic_v3_x,42,joint,0.005951635124874163,1.5500604788678776,0.7276830648145592,,,,,,,,,7.04535713201958e-08,1.0,3.262273793676975e-08,0.20246819782965253,0.982523516853257,0.06710782735654623,0.03271149842086995,8,14948.0
/zjs/AD_Project/dual_shift_github/outputs/journal/apic_v3_screening_mci_ad/s1,42,adni_to_nacc,/zjs/AD_Project/dual_shift_github/outputs/journal/apic_v3_screening_mci_ad/s1/seed42/adni_to_nacc/apic_v3_x/journal_metrics.json,apic_v3_x,43,joint,0.0045737217731962885,1.5193585895958843,0.7495715795971046,,,,,,,,,1.3847136893664446e-07,1.0,4.6990503105798826e-08,0.20153989237133818,0.9827253617862663,0.06635571330195607,0.03254433846709752,8,15352.0
/zjs/AD_Project/dual_shift_github/outputs/journal/apic_v3_screening_mci_ad/s1,42,adni_to_nacc,/zjs/AD_Project/dual_shift_github/outputs/journal/apic_v3_screening_mci_ad/s1/seed42/adni_to_nacc/apic_v3_x/journal_metrics.json,apic_v3_x,44,joint,0.003236161212386139,1.6367685774580465,0.741853356541036,,,,,,,,,7.16016761217442e-08,1.0,3.2672857704291896e-08,0.19831638052912043,0.9837738322739554,0.06456946408247004,0.03193163936312246,8,15756.0
/zjs/AD_Project/dual_shift_github/outputs/journal/apic_v3_screening_mci_ad/s1,42,adni_to_nacc,/zjs/AD_Project/dual_shift_github/outputs/journal/apic_v3_screening_mci_ad/s1/seed42/adni_to_nacc/apic_v3_x/journal_metrics.json,apic_v3_x,45,joint,0.00541173236612876,1.625237520553445,0.7354362631442718,,,,,,,,,6.153000119534136e-08,1.0,2.8931552317784385e-08,0.19706399768295854,0.9843246553203847,0.06393475915388305,0.031680954214517436,8,16160.0
/zjs/AD_Project/dual_shift_github/outputs/journal/apic_v3_screening_mci_ad/s1,42,adni_to_nacc,/zjs/AD_Project/dual_shift_github/outputs/journal/apic_v3_screening_mci_ad/s1/seed42/adni_to_nacc/apic_v3_x/journal_metrics.json,apic_v3_x,46,joint,0.0024082642751699773,1.680259201556034,0.7335802062825167,,,,,,,,,5.03961627808618e-08,1.0,2.5459085348151493e-08,0.19726901007170725,0.9844833712766666,0.06401126676856882,0.03169774411633463,8,16564.0
/zjs/AD_Project/dual_shift_github/outputs/journal/apic_v3_screening_mci_ad/s1,42,adni_to_nacc,/zjs/AD_Project/dual_shift_github/outputs/journal/apic_v3_screening_mci_ad/s1/seed42/adni_to_nacc/apic_v3_x/journal_metrics.json,apic_v3_x,47,joint,0.0025070671710798902,1.6964010463583223,0.7397094804646402,,,,,,,,,3.57711287565485e-08,1.0,2.14053986241251e-08,0.19790307174224664,0.9842556089457899,0.06382524447128324,0.03182048728634225,8,16968.0
/zjs/AD_Project/dual_shift_github/outputs/journal/apic_v3_screening_mci_ad/s1,42,adni_to_nacc,/zjs/AD_Project/dual_shift_github/outputs/journal/apic_v3_screening_mci_ad/s1/seed42/adni_to_nacc/apic_v3_x/journal_metrics.json,apic_v3_x,48,joint,0.003051462963898897,1.667591452743824,0.7577754058632491,,,,,,,,,4.966640397082535e-08,1.0,2.677815206099429e-08,0.19804566833052303,0.9840503824819432,0.06408110533905502,0.03186044677870699,8,17372.0
/zjs/AD_Project/dual_shift_github/outputs/journal/apic_v3_screening_mci_ad/s1,42,adni_to_nacc,/zjs/AD_Project/dual_shift_github/outputs/journal/apic_v3_screening_mci_ad/s1/seed42/adni_to_nacc/apic_v3_x/journal_metrics.json,apic_v3_x,49,joint,0.0018478248338676105,1.7402252932933562,0.7495963866127996,,,,,,,,,3.303978175319227e-08,1.0,2.0540966472303312e-08,0.19744718133813083,0.9843547161262814,0.06345666273690687,0.0317355500036242,8,17776.0
/zjs/AD_Project/dual_shift_github/outputs/journal/apic_v3_screening_mci_ad/s1,42,adni_to_nacc,/zjs/AD_Project/dual_shift_github/outputs/journal/apic_v3_screening_mci_ad/s1/seed42/adni_to_nacc/apic_v3_x/journal_metrics.json,apic_v3_x,50,joint,0.004047568547014968,1.749162188382956,0.739450005591705,,,,,,,,,4.8067377563391816e-08,1.0,2.3184770363186408e-08,0.19696922482240317,0.9846222099691334,0.06318264236987227,0.03163492288624886,8,18180.0
/zjs/AD_Project/dual_shift_github/outputs/journal/apic_v3_screening_mci_ad/s1,42,adni_to_nacc,/zjs/AD_Project/dual_shift_github/outputs/journal/apic_v3_screening_mci_ad/s1/seed42/adni_to_nacc/ce_x/journal_metrics.json,ce_x,1,clean,0.6319067889806067,0.8887806840992849,0.6423891457368198,,,,,,,,,0.0,0.0,0.0,0.0,0.0,0.0,0.0,,
/zjs/AD_Project/dual_shift_github/outputs/journal/apic_v3_screening_mci_ad/s1,42,adni_to_nacc,/zjs/AD_Project/dual_shift_github/outputs/journal/apic_v3_screening_mci_ad/s1/seed42/adni_to_nacc/ce_x/journal_metrics.json,ce_x,2,clean,0.5195160233000717,2.1907307065707213,0.6519370862829191,,,,,,,,,0.0,0.0,0.0,0.0,0.0,0.0,0.0,,
/zjs/AD_Project/dual_shift_github/outputs/journal/apic_v3_screening_mci_ad/s1,42,adni_to_nacc,/zjs/AD_Project/dual_shift_github/outputs/journal/apic_v3_screening_mci_ad/s1/seed42/adni_to_nacc/ce_x/journal_metrics.json,ce_x,3,clean,0.4641910934507257,1.3798707056910209,0.7295749063852083,,,,,,,,,0.0,0.0,0.0,0.0,0.0,0.0,0.0,,
/zjs/AD_Project/dual_shift_github/outputs/journal/apic_v3_screening_mci_ad/s1,42,adni_to_nacc,/zjs/AD_Project/dual_shift_github/outputs/journal/apic_v3_screening_mci_ad/s1/seed42/adni_to_nacc/ce_x/journal_metrics.json,ce_x,4,clean,0.4012961382839349,1.0559752680310006,0.7302117084714627,,,,,,,,,0.0,0.0,0.0,0.0,0.0,0.0,0.0,,
/zjs/AD_Project/dual_shift_github/outputs/journal/apic_v3_screening_mci_ad/s1,42,adni_to_nacc,/zjs/AD_Project/dual_shift_github/outputs/journal/apic_v3_screening_mci_ad/s1/seed42/adni_to_nacc/ce_x/journal_metrics.json,ce_x,5,clean,0.37542371651028644,0.9050370972911153,0.6717774762977847,,,,,,,,,0.0,0.0,0.0,0.0,0.0,0.0,0.0,,
/zjs/AD_Project/dual_shift_github/outputs/journal/apic_v3_screening_mci_ad/s1,42,adni_to_nacc,/zjs/AD_Project/dual_shift_github/outputs/journal/apic_v3_screening_mci_ad/s1/seed42/adni_to_nacc/ce_x/journal_metrics.json,ce_x,6,clean,0.3410619625471311,2.1212112219799137,0.6799187339224779,,,,,,,,,0.0,0.0,0.0,0.0,0.0,0.0,0.0,,
/zjs/AD_Project/dual_shift_github/outputs/journal/apic_v3_screening_mci_ad/s1,42,adni_to_nacc,/zjs/AD_Project/dual_shift_github/outputs/journal/apic_v3_screening_mci_ad/s1/seed42/adni_to_nacc/ce_x/journal_metrics.json,ce_x,7,clean,0.2726025440462745,0.9534260400254791,0.6784913140144295,,,,,,,,,0.0,0.0,0.0,0.0,0.0,0.0,0.0,,
/zjs/AD_Project/dual_shift_github/outputs/journal/apic_v3_screening_mci_ad/s1,42,adni_to_nacc,/zjs/AD_Project/dual_shift_github/outputs/journal/apic_v3_screening_mci_ad/s1/seed42/adni_to_nacc/ce_x/journal_metrics.json,ce_x,8,clean,0.3375988249749978,0.8251138611807736,0.7556762367619585,,,,,,,,,0.0,0.0,0.0,0.0,0.0,0.0,0.0,,
/zjs/AD_Project/dual_shift_github/outputs/journal/apic_v3_screening_mci_ad/s1,42,adni_to_nacc,/zjs/AD_Project/dual_shift_github/outputs/journal/apic_v3_screening_mci_ad/s1/seed42/adni_to_nacc/ce_x/journal_metrics.json,ce_x,9,clean,0.325077548014498,1.0297293810498551,0.6900644600387671,,,,,,,,,0.0,0.0,0.0,0.0,0.0,0.0,0.0,,
/zjs/AD_Project/dual_shift_github/outputs/journal/apic_v3_screening_mci_ad/s1,42,adni_to_nacc,/zjs/AD_Project/dual_shift_github/outputs/journal/apic_v3_screening_mci_ad/s1/seed42/adni_to_nacc/ce_x/journal_metrics.json,ce_x,10,clean,0.29163322657217633,0.96391687384986,0.647444061448392,,,,,,,,,0.0,0.0,0.0,0.0,0.0,0.0,0.0,,
/zjs/AD_Project/dual_shift_github/outputs/journal/apic_v3_screening_mci_ad/s1,42,adni_to_nacc,/zjs/AD_Project/dual_shift_github/outputs/journal/apic_v3_screening_mci_ad/s1/seed42/adni_to_nacc/ce_x/journal_metrics.json,ce_x,11,clean,0.2326256242663701,2.018131771422079,0.637806495173517,,,,,,,,,0.0,0.0,0.0,0.0,0.0,0.0,0.0,,
/zjs/AD_Project/dual_shift_github/outputs/journal/apic_v3_screening_mci_ad/s1,42,adni_to_nacc,/zjs/AD_Project/dual_shift_github/outputs/journal/apic_v3_screening_mci_ad/s1/seed42/adni_to_nacc/ce_x/journal_metrics.json,ce_x,12,clean,0.2624968124258489,1.6546089619124702,0.5573480561763745,,,,,,,,,0.0,0.0,0.0,0.0,0.0,0.0,0.0,,
/zjs/AD_Project/dual_shift_github/outputs/journal/apic_v3_screening_mci_ad/s1,42,adni_to_nacc,/zjs/AD_Project/dual_shift_github/outputs/journal/apic_v3_screening_mci_ad/s1/seed42/adni_to_nacc/ce_x/journal_metrics.json,ce_x,13,clean,0.2532069421382529,0.8502131603453138,0.6375194783928683,,,,,,,,,0.0,0.0,0.0,0.0,0.0,0.0,0.0,,
/zjs/AD_Project/dual_shift_github/outputs/journal/apic_v3_screening_mci_ad/s1,42,adni_to_nacc,/zjs/AD_Project/dual_shift_github/outputs/journal/apic_v3_screening_mci_ad/s1/seed42/adni_to_nacc/ce_x/journal_metrics.json,ce_x,14,clean,0.2208746330591269,0.8691840899099997,0.680636700512777,,,,,,,,,0.0,0.0,0.0,0.0,0.0,0.0,0.0,,
/zjs/AD_Project/dual_shift_github/outputs/journal/apic_v3_screening_mci_ad/s1,42,adni_to_nacc,/zjs/AD_Project/dual_shift_github/outputs/journal/apic_v3_screening_mci_ad/s1/seed42/adni_to_nacc/ce_x/journal_metrics.json,ce_x,15,clean,0.14812417178055143,1.2886424661366218,0.5645151452617831,,,,,,,,,0.0,0.0,0.0,0.0,0.0,0.0,0.0,,
/zjs/AD_Project/dual_shift_github/outputs/journal/apic_v3_screening_mci_ad/s1,42,adni_to_nacc,/zjs/AD_Project/dual_shift_github/outputs/journal/apic_v3_screening_mci_ad/s1/seed42/adni_to_nacc/ce_x/journal_metrics.json,ce_x,16,clean,0.19439375612626572,1.1346180196851492,0.693367392962779,,,,,,,,,0.0,0.0,0.0,0.0,0.0,0.0,0.0,,
/zjs/AD_Project/dual_shift_github/outputs/journal/apic_v3_screening_mci_ad/s1,42,adni_to_nacc,/zjs/AD_Project/dual_shift_github/outputs/journal/apic_v3_screening_mci_ad/s1/seed42/adni_to_nacc/ce_x/journal_metrics.json,ce_x,17,clean,0.13229068388729034,1.1749288661046586,0.6655263803571212,,,,,,,,,0.0,0.0,0.0,0.0,0.0,0.0,0.0,,
/zjs/AD_Project/dual_shift_github/outputs/journal/apic_v3_screening_mci_ad/s1,42,adni_to_nacc,/zjs/AD_Project/dual_shift_github/outputs/journal/apic_v3_screening_mci_ad/s1/seed42/adni_to_nacc/ce_x/journal_metrics.json,ce_x,18,clean,0.15386273558389876,1.037387617453591,0.7261747282998908,,,,,,,,,0.0,0.0,0.0,0.0,0.0,0.0,0.0,,
/zjs/AD_Project/dual_shift_github/outputs/journal/apic_v3_screening_mci_ad/s1,42,adni_to_nacc,/zjs/AD_Project/dual_shift_github/outputs/journal/apic_v3_screening_mci_ad/s1/seed42/adni_to_nacc/ce_x/journal_metrics.json,ce_x,19,clean,0.09316013387916149,1.3523996853474698,0.7198111481154696,,,,,,,,,0.0,0.0,0.0,0.0,0.0,0.0,0.0,,
/zjs/AD_Project/dual_shift_github/outputs/journal/apic_v3_screening_mci_ad/s1,42,adni_to_nacc,/zjs/AD_Project/dual_shift_github/outputs/journal/apic_v3_screening_mci_ad/s1/seed42/adni_to_nacc/ce_x/journal_metrics.json,ce_x,20,clean,0.11689464907659826,1.053284974666227,0.696186199188054,,,,,,,,,0.0,0.0,0.0,0.0,0.0,0.0,0.0,,
/zjs/AD_Project/dual_shift_github/outputs/journal/apic_v3_screening_mci_ad/s1,42,adni_to_nacc,/zjs/AD_Project/dual_shift_github/outputs/journal/apic_v3_screening_mci_ad/s1/seed42/adni_to_nacc/ce_x/journal_metrics.json,ce_x,21,clean,0.08909952168186924,1.1880349632557652,0.6636121723597338,,,,,,,,,0.0,0.0,0.0,0.0,0.0,0.0,0.0,,
/zjs/AD_Project/dual_shift_github/outputs/journal/apic_v3_screening_mci_ad/s1,42,adni_to_nacc,/zjs/AD_Project/dual_shift_github/outputs/journal/apic_v3_screening_mci_ad/s1/seed42/adni_to_nacc/ce_x/journal_metrics.json,ce_x,22,clean,0.11621495616151997,1.0183425532363424,0.7370467782831288,,,,,,,,,0.0,0.0,0.0,0.0,0.0,0.0,0.0,,
/zjs/AD_Project/dual_shift_github/outputs/journal/apic_v3_screening_mci_ad/s1,42,adni_to_nacc,/zjs/AD_Project/dual_shift_github/outputs/journal/apic_v3_screening_mci_ad/s1/seed42/adni_to_nacc/ce_x/journal_metrics.json,ce_x,23,clean,0.09310941620139719,1.1741483959822205,0.7416270584754091,,,,,,,,,0.0,0.0,0.0,0.0,0.0,0.0,0.0,,
/zjs/AD_Project/dual_shift_github/outputs/journal/apic_v3_screening_mci_ad/s1,42,adni_to_nacc,/zjs/AD_Project/dual_shift_github/outputs/journal/apic_v3_screening_mci_ad/s1/seed42/adni_to_nacc/ce_x/journal_metrics.json,ce_x,24,clean,0.08473144052780722,1.0137067095658512,0.7525496553415454,,,,,,,,,0.0,0.0,0.0,0.0,0.0,0.0,0.0,,
/zjs/AD_Project/dual_shift_github/outputs/journal/apic_v3_screening_mci_ad/s1,42,adni_to_nacc,/zjs/AD_Project/dual_shift_github/outputs/journal/apic_v3_screening_mci_ad/s1/seed42/adni_to_nacc/ce_x/journal_metrics.json,ce_x,25,clean,0.03548260818011967,1.3083871236506748,0.7576711021280611,,,,,,,,,0.0,0.0,0.0,0.0,0.0,0.0,0.0,,
/zjs/AD_Project/dual_shift_github/outputs/journal/apic_v3_screening_mci_ad/s1,42,adni_to_nacc,/zjs/AD_Project/dual_shift_github/outputs/journal/apic_v3_screening_mci_ad/s1/seed42/adni_to_nacc/ce_x/journal_metrics.json,ce_x,26,clean,0.04084350228756851,1.5579863703989107,0.6243289375123664,,,,,,,,,0.0,0.0,0.0,0.0,0.0,0.0,0.0,,
/zjs/AD_Project/dual_shift_github/outputs/journal/apic_v3_screening_mci_ad/s1,42,adni_to_nacc,/zjs/AD_Project/dual_shift_github/outputs/journal/apic_v3_screening_mci_ad/s1/seed42/adni_to_nacc/ce_x/journal_metrics.json,ce_x,27,clean,0.06055445741806732,1.3659561489358407,0.6559588584101389,,,,,,,,,0.0,0.0,0.0,0.0,0.0,0.0,0.0,,
/zjs/AD_Project/dual_shift_github/outputs/journal/apic_v3_screening_mci_ad/s1,42,adni_to_nacc,/zjs/AD_Project/dual_shift_github/outputs/journal/apic_v3_screening_mci_ad/s1/seed42/adni_to_nacc/ce_x/journal_metrics.json,ce_x,28,clean,0.08478118035605749,1.4816791583963353,0.7306228671401579,,,,,,,,,0.0,0.0,0.0,0.0,0.0,0.0,0.0,,
/zjs/AD_Project/dual_shift_github/outputs/journal/apic_v3_screening_mci_ad/s1,42,adni_to_nacc,/zjs/AD_Project/dual_shift_github/outputs/journal/apic_v3_screening_mci_ad/s1/seed42/adni_to_nacc/ce_x/journal_metrics.json,ce_x,29,clean,0.09394035421226561,1.5175245281526768,0.6701177028436118,,,,,,,,,0.0,0.0,0.0,0.0,0.0,0.0,0.0,,
/zjs/AD_Project/dual_shift_github/outputs/journal/apic_v3_screening_mci_ad/s1,42,adni_to_nacc,/zjs/AD_Project/dual_shift_github/outputs/journal/apic_v3_screening_mci_ad/s1/seed42/adni_to_nacc/ce_x/journal_metrics.json,ce_x,30,clean,0.10868952494451205,1.196424130794652,0.6650661175228997,,,,,,,,,0.0,0.0,0.0,0.0,0.0,0.0,0.0,,
/zjs/AD_Project/dual_shift_github/outputs/journal/apic_v3_screening_mci_ad/s1,42,adni_to_nacc,/zjs/AD_Project/dual_shift_github/outputs/journal/apic_v3_screening_mci_ad/s1/seed42/adni_to_nacc/ce_x/journal_metrics.json,ce_x,31,clean,0.12666968440655435,1.553368411522461,0.7337967100075196,,,,,,,,,0.0,0.0,0.0,0.0,0.0,0.0,0.0,,
/zjs/AD_Project/dual_shift_github/outputs/journal/apic_v3_screening_mci_ad/s1,42,adni_to_nacc,/zjs/AD_Project/dual_shift_github/outputs/journal/apic_v3_screening_mci_ad/s1/seed42/adni_to_nacc/ce_x/journal_metrics.json,ce_x,32,clean,0.08584850506008704,1.1421522390473327,0.7083518264842662,,,,,,,,,0.0,0.0,0.0,0.0,0.0,0.0,0.0,,
/zjs/AD_Project/dual_shift_github/outputs/journal/apic_v3_screening_mci_ad/s1,42,adni_to_nacc,/zjs/AD_Project/dual_shift_github/outputs/journal/apic_v3_screening_mci_ad/s1/seed42/adni_to_nacc/ce_x/journal_metrics.json,ce_x,33,clean,0.06145146925297409,1.3070617998104304,0.7239244259589118,,,,,,,,,0.0,0.0,0.0,0.0,0.0,0.0,0.0,,
/zjs/AD_Project/dual_shift_github/outputs/journal/apic_v3_screening_mci_ad/s1,42,adni_to_nacc,/zjs/AD_Project/dual_shift_github/outputs/journal/apic_v3_screening_mci_ad/s1/seed42/adni_to_nacc/ce_x/journal_metrics.json,ce_x,34,clean,0.04879710485693067,2.035840806005781,0.6862094613819412,,,,,,,,,0.0,0.0,0.0,0.0,0.0,0.0,0.0,,
/zjs/AD_Project/dual_shift_github/outputs/journal/apic_v3_screening_mci_ad/s1,42,adni_to_nacc,/zjs/AD_Project/dual_shift_github/outputs/journal/apic_v3_screening_mci_ad/s1/seed42/adni_to_nacc/ce_x/journal_metrics.json,ce_x,35,clean,0.039994419312639404,1.4567723435289952,0.6677239936175597,,,,,,,,,0.0,0.0,0.0,0.0,0.0,0.0,0.0,,
/zjs/AD_Project/dual_shift_github/outputs/journal/apic_v3_screening_mci_ad/s1,42,adni_to_nacc,/zjs/AD_Project/dual_shift_github/outputs/journal/apic_v3_screening_mci_ad/s1/seed42/adni_to_nacc/ce_x/journal_metrics.json,ce_x,36,clean,0.02399463363575039,1.41264335055827,0.711602457679731,,,,,,,,,0.0,0.0,0.0,0.0,0.0,0.0,0.0,,
/zjs/AD_Project/dual_shift_github/outputs/journal/apic_v3_screening_mci_ad/s1,42,adni_to_nacc,/zjs/AD_Project/dual_shift_github/outputs/journal/apic_v3_screening_mci_ad/s1/seed42/adni_to_nacc/ce_x/journal_metrics.json,ce_x,37,clean,0.006762210684563356,1.5005653377776162,0.6852977935038094,,,,,,,,,0.0,0.0,0.0,0.0,0.0,0.0,0.0,,
/zjs/AD_Project/dual_shift_github/outputs/journal/apic_v3_screening_mci_ad/s1,42,adni_to_nacc,/zjs/AD_Project/dual_shift_github/outputs/journal/apic_v3_screening_mci_ad/s1/seed42/adni_to_nacc/ce_x/journal_metrics.json,ce_x,38,clean,0.054749778362963866,1.2633602563633557,0.7736981948364818,,,,,,,,,0.0,0.0,0.0,0.0,0.0,0.0,0.0,,
/zjs/AD_Project/dual_shift_github/outputs/journal/apic_v3_screening_mci_ad/s1,42,adni_to_nacc,/zjs/AD_Project/dual_shift_github/outputs/journal/apic_v3_screening_mci_ad/s1/seed42/adni_to_nacc/ce_x/journal_metrics.json,ce_x,39,clean,0.01387556774586688,1.382285565481769,0.7665727173424374,,,,,,,,,0.0,0.0,0.0,0.0,0.0,0.0,0.0,,
/zjs/AD_Project/dual_shift_github/outputs/journal/apic_v3_screening_mci_ad/s1,42,adni_to_nacc,/zjs/AD_Project/dual_shift_github/outputs/journal/apic_v3_screening_mci_ad/s1/seed42/adni_to_nacc/ce_x/journal_metrics.json,ce_x,40,clean,0.02420897410789477,1.4785035733312983,0.761393076106152,,,,,,,,,0.0,0.0,0.0,0.0,0.0,0.0,0.0,,
/zjs/AD_Project/dual_shift_github/outputs/journal/apic_v3_screening_mci_ad/s1,42,adni_to_nacc,/zjs/AD_Project/dual_shift_github/outputs/journal/apic_v3_screening_mci_ad/s1/seed42/adni_to_nacc/ce_x/journal_metrics.json,ce_x,41,clean,0.006147259782214815,1.463457437725567,0.7459458526012392,,,,,,,,,0.0,0.0,0.0,0.0,0.0,0.0,0.0,,
/zjs/AD_Project/dual_shift_github/outputs/journal/apic_v3_screening_mci_ad/s1,42,adni_to_nacc,/zjs/AD_Project/dual_shift_github/outputs/journal/apic_v3_screening_mci_ad/s1/seed42/adni_to_nacc/ce_x/journal_metrics.json,ce_x,42,clean,0.0039947865372938615,1.5768028155434877,0.7394332776338821,,,,,,,,,0.0,0.0,0.0,0.0,0.0,0.0,0.0,,
/zjs/AD_Project/dual_shift_github/outputs/journal/apic_v3_screening_mci_ad/s1,42,adni_to_nacc,/zjs/AD_Project/dual_shift_github/outputs/journal/apic_v3_screening_mci_ad/s1/seed42/adni_to_nacc/ce_x/journal_metrics.json,ce_x,43,clean,0.06518400280239604,1.310450819958591,0.7883980881447465,,,,,,,,,0.0,0.0,0.0,0.0,0.0,0.0,0.0,,
/zjs/AD_Project/dual_shift_github/outputs/journal/apic_v3_screening_mci_ad/s1,42,adni_to_nacc,/zjs/AD_Project/dual_shift_github/outputs/journal/apic_v3_screening_mci_ad/s1/seed42/adni_to_nacc/ce_x/journal_metrics.json,ce_x,44,clean,0.11977304158430306,1.0026009655600294,0.7506199983977639,,,,,,,,,0.0,0.0,0.0,0.0,0.0,0.0,0.0,,
/zjs/AD_Project/dual_shift_github/outputs/journal/apic_v3_screening_mci_ad/s1,42,adni_to_nacc,/zjs/AD_Project/dual_shift_github/outputs/journal/apic_v3_screening_mci_ad/s1/seed42/adni_to_nacc/ce_x/journal_metrics.json,ce_x,45,clean,0.03877780858097635,1.5133641559177788,0.7219189752908768,,,,,,,,,0.0,0.0,0.0,0.0,0.0,0.0,0.0,,
/zjs/AD_Project/dual_shift_github/outputs/journal/apic_v3_screening_mci_ad/s1,42,adni_to_nacc,/zjs/AD_Project/dual_shift_github/outputs/journal/apic_v3_screening_mci_ad/s1/seed42/adni_to_nacc/ce_x/journal_metrics.json,ce_x,46,clean,0.034540425837938996,1.4550655549797955,0.7475025167627665,,,,,,,,,0.0,0.0,0.0,0.0,0.0,0.0,0.0,,
/zjs/AD_Project/dual_shift_github/outputs/journal/apic_v3_screening_mci_ad/s1,42,adni_to_nacc,/zjs/AD_Project/dual_shift_github/outputs/journal/apic_v3_screening_mci_ad/s1/seed42/adni_to_nacc/ce_x/journal_metrics.json,ce_x,47,clean,0.03830804529433867,1.3438419083201694,0.7648760566527139,,,,,,,,,0.0,0.0,0.0,0.0,0.0,0.0,0.0,,
/zjs/AD_Project/dual_shift_github/outputs/journal/apic_v3_screening_mci_ad/s1,42,adni_to_nacc,/zjs/AD_Project/dual_shift_github/outputs/journal/apic_v3_screening_mci_ad/s1/seed42/adni_to_nacc/ce_x/journal_metrics.json,ce_x,48,clean,0.06091716786786582,1.2279621415275979,0.7664636299770168,,,,,,,,,0.0,0.0,0.0,0.0,0.0,0.0,0.0,,
/zjs/AD_Project/dual_shift_github/outputs/journal/apic_v3_screening_mci_ad/s1,42,adni_to_nacc,/zjs/AD_Project/dual_shift_github/outputs/journal/apic_v3_screening_mci_ad/s1/seed42/adni_to_nacc/ce_x/journal_metrics.json,ce_x,49,clean,0.010091371947235547,1.267816350703478,0.810256524870577,,,,,,,,,0.0,0.0,0.0,0.0,0.0,0.0,0.0,,
/zjs/AD_Project/dual_shift_github/outputs/journal/apic_v3_screening_mci_ad/s1,42,adni_to_nacc,/zjs/AD_Project/dual_shift_github/outputs/journal/apic_v3_screening_mci_ad/s1/seed42/adni_to_nacc/ce_x/journal_metrics.json,ce_x,50,clean,0.01609829727198357,2.2840409716099943,0.7127487327441726,,,,,,,,,0.0,0.0,0.0,0.0,0.0,0.0,0.0,,
/zjs/AD_Project/dual_shift_github/outputs/journal/apic_v3_screening_mci_ad/s1,42,adni_to_nacc,/zjs/AD_Project/dual_shift_github/outputs/journal/apic_v3_screening_mci_ad/s1/seed42/adni_to_nacc/mixstyle_x/journal_metrics.json,mixstyle_x,1,mixstyle,0.6217244763185482,0.9254082103661441,0.7224665584057149,,,,,,,,,0.0,0.0,0.0,0.0,0.0,0.0,0.0,,
/zjs/AD_Project/dual_shift_github/outputs/journal/apic_v3_screening_mci_ad/s1,42,adni_to_nacc,/zjs/AD_Project/dual_shift_github/outputs/journal/apic_v3_screening_mci_ad/s1/seed42/adni_to_nacc/mixstyle_x/journal_metrics.json,mixstyle_x,2,mixstyle,0.5322243863403207,0.7763289662949536,0.6217471475432326,,,,,,,,,0.0,0.0,0.0,0.0,0.0,0.0,0.0,,
/zjs/AD_Project/dual_shift_github/outputs/journal/apic_v3_screening_mci_ad/s1,42,adni_to_nacc,/zjs/AD_Project/dual_shift_github/outputs/journal/apic_v3_screening_mci_ad/s1/seed42/adni_to_nacc/mixstyle_x/journal_metrics.json,mixstyle_x,3,mixstyle,0.44087281616607515,0.6661110717222232,0.7552320787131034,,,,,,,,,0.0,0.0,0.0,0.0,0.0,0.0,0.0,,
/zjs/AD_Project/dual_shift_github/outputs/journal/apic_v3_screening_mci_ad/s1,42,adni_to_nacc,/zjs/AD_Project/dual_shift_github/outputs/journal/apic_v3_screening_mci_ad/s1/seed42/adni_to_nacc/mixstyle_x/journal_metrics.json,mixstyle_x,4,mixstyle,0.41983313626139473,1.4149267744324212,0.6904963281770481,,,,,,,,,0.0,0.0,0.0,0.0,0.0,0.0,0.0,,
/zjs/AD_Project/dual_shift_github/outputs/journal/apic_v3_screening_mci_ad/s1,42,adni_to_nacc,/zjs/AD_Project/dual_shift_github/outputs/journal/apic_v3_screening_mci_ad/s1/seed42/adni_to_nacc/mixstyle_x/journal_metrics.json,mixstyle_x,5,mixstyle,0.3679218278035964,1.016032309297028,0.7038689471632903,,,,,,,,,0.0,0.0,0.0,0.0,0.0,0.0,0.0,,
/zjs/AD_Project/dual_shift_github/outputs/journal/apic_v3_screening_mci_ad/s1,42,adni_to_nacc,/zjs/AD_Project/dual_shift_github/outputs/journal/apic_v3_screening_mci_ad/s1/seed42/adni_to_nacc/mixstyle_x/journal_metrics.json,mixstyle_x,6,mixstyle,0.32735897735277614,1.1383890389302456,0.8086913444395928,,,,,,,,,0.0,0.0,0.0,0.0,0.0,0.0,0.0,,
/zjs/AD_Project/dual_shift_github/outputs/journal/apic_v3_screening_mci_ad/s1,42,adni_to_nacc,/zjs/AD_Project/dual_shift_github/outputs/journal/apic_v3_screening_mci_ad/s1/seed42/adni_to_nacc/mixstyle_x/journal_metrics.json,mixstyle_x,7,mixstyle,0.2745651225328888,1.1544890109142032,0.6295877786570823,,,,,,,,,0.0,0.0,0.0,0.0,0.0,0.0,0.0,,
/zjs/AD_Project/dual_shift_github/outputs/journal/apic_v3_screening_mci_ad/s1,42,adni_to_nacc,/zjs/AD_Project/dual_shift_github/outputs/journal/apic_v3_screening_mci_ad/s1/seed42/adni_to_nacc/mixstyle_x/journal_metrics.json,mixstyle_x,8,mixstyle,0.32700731250282267,0.9184850955023132,0.633436800126048,,,,,,,,,0.0,0.0,0.0,0.0,0.0,0.0,0.0,,
/zjs/AD_Project/dual_shift_github/outputs/journal/apic_v3_screening_mci_ad/s1,42,adni_to_nacc,/zjs/AD_Project/dual_shift_github/outputs/journal/apic_v3_screening_mci_ad/s1/seed42/adni_to_nacc/mixstyle_x/journal_metrics.json,mixstyle_x,9,mixstyle,0.3278017391699671,0.881355596313236,0.6980089445487206,,,,,,,,,0.0,0.0,0.0,0.0,0.0,0.0,0.0,,
/zjs/AD_Project/dual_shift_github/outputs/journal/apic_v3_screening_mci_ad/s1,42,adni_to_nacc,/zjs/AD_Project/dual_shift_github/outputs/journal/apic_v3_screening_mci_ad/s1/seed42/adni_to_nacc/mixstyle_x/journal_metrics.json,mixstyle_x,10,mixstyle,0.2717711637995326,0.7764988118833905,0.7607287009950352,,,,,,,,,0.0,0.0,0.0,0.0,0.0,0.0,0.0,,
/zjs/AD_Project/dual_shift_github/outputs/journal/apic_v3_screening_mci_ad/s1,42,adni_to_nacc,/zjs/AD_Project/dual_shift_github/outputs/journal/apic_v3_screening_mci_ad/s1/seed42/adni_to_nacc/mixstyle_x/journal_metrics.json,mixstyle_x,11,mixstyle,0.22624699262865255,1.414048732839388,0.7067228566088473,,,,,,,,,0.0,0.0,0.0,0.0,0.0,0.0,0.0,,
/zjs/AD_Project/dual_shift_github/outputs/journal/apic_v3_screening_mci_ad/s1,42,adni_to_nacc,/zjs/AD_Project/dual_shift_github/outputs/journal/apic_v3_screening_mci_ad/s1/seed42/adni_to_nacc/mixstyle_x/journal_metrics.json,mixstyle_x,12,mixstyle,0.2641450897559966,1.024091657054602,0.724852322042825,,,,,,,,,0.0,0.0,0.0,0.0,0.0,0.0,0.0,,
/zjs/AD_Project/dual_shift_github/outputs/journal/apic_v3_screening_mci_ad/s1,42,adni_to_nacc,/zjs/AD_Project/dual_shift_github/outputs/journal/apic_v3_screening_mci_ad/s1/seed42/adni_to_nacc/mixstyle_x/journal_metrics.json,mixstyle_x,13,mixstyle,0.1800792242335801,1.139534223072846,0.6473062649076518,,,,,,,,,0.0,0.0,0.0,0.0,0.0,0.0,0.0,,
/zjs/AD_Project/dual_shift_github/outputs/journal/apic_v3_screening_mci_ad/s1,42,adni_to_nacc,/zjs/AD_Project/dual_shift_github/outputs/journal/apic_v3_screening_mci_ad/s1/seed42/adni_to_nacc/mixstyle_x/journal_metrics.json,mixstyle_x,14,mixstyle,0.1807978262774425,0.7150277436599819,0.8327519453300086,,,,,,,,,0.0,0.0,0.0,0.0,0.0,0.0,0.0,,
/zjs/AD_Project/dual_shift_github/outputs/journal/apic_v3_screening_mci_ad/s1,42,adni_to_nacc,/zjs/AD_Project/dual_shift_github/outputs/journal/apic_v3_screening_mci_ad/s1/seed42/adni_to_nacc/mixstyle_x/journal_metrics.json,mixstyle_x,15,mixstyle,0.13642172593309884,0.7294021191400125,0.7651576574081841,,,,,,,,,0.0,0.0,0.0,0.0,0.0,0.0,0.0,,
/zjs/AD_Project/dual_shift_github/outputs/journal/apic_v3_screening_mci_ad/s1,42,adni_to_nacc,/zjs/AD_Project/dual_shift_github/outputs/journal/apic_v3_screening_mci_ad/s1/seed42/adni_to_nacc/mixstyle_x/journal_metrics.json,mixstyle_x,16,mixstyle,0.16304931856027924,0.8057930825637021,0.7773774568476034,,,,,,,,,0.0,0.0,0.0,0.0,0.0,0.0,0.0,,
/zjs/AD_Project/dual_shift_github/outputs/journal/apic_v3_screening_mci_ad/s1,42,adni_to_nacc,/zjs/AD_Project/dual_shift_github/outputs/journal/apic_v3_screening_mci_ad/s1/seed42/adni_to_nacc/mixstyle_x/journal_metrics.json,mixstyle_x,17,mixstyle,0.09859829081342288,0.944987748920439,0.7763773806329568,,,,,,,,,0.0,0.0,0.0,0.0,0.0,0.0,0.0,,
/zjs/AD_Project/dual_shift_github/outputs/journal/apic_v3_screening_mci_ad/s1,42,adni_to_nacc,/zjs/AD_Project/dual_shift_github/outputs/journal/apic_v3_screening_mci_ad/s1/seed42/adni_to_nacc/mixstyle_x/journal_metrics.json,mixstyle_x,18,mixstyle,0.1506448954154765,0.8275353138873337,0.7026010446251877,,,,,,,,,0.0,0.0,0.0,0.0,0.0,0.0,0.0,,
/zjs/AD_Project/dual_shift_github/outputs/journal/apic_v3_screening_mci_ad/s1,42,adni_to_nacc,/zjs/AD_Project/dual_shift_github/outputs/journal/apic_v3_screening_mci_ad/s1/seed42/adni_to_nacc/mixstyle_x/journal_metrics.json,mixstyle_x,19,mixstyle,0.07420450928713204,1.2755798640908724,0.6665401843579022,,,,,,,,,0.0,0.0,0.0,0.0,0.0,0.0,0.0,,
/zjs/AD_Project/dual_shift_github/outputs/journal/apic_v3_screening_mci_ad/s1,42,adni_to_nacc,/zjs/AD_Project/dual_shift_github/outputs/journal/apic_v3_screening_mci_ad/s1/seed42/adni_to_nacc/mixstyle_x/journal_metrics.json,mixstyle_x,20,mixstyle,0.07278234375834391,1.2238657830641904,0.6988422368824284,,,,,,,,,0.0,0.0,0.0,0.0,0.0,0.0,0.0,,
/zjs/AD_Project/dual_shift_github/outputs/journal/apic_v3_screening_mci_ad/s1,42,adni_to_nacc,/zjs/AD_Project/dual_shift_github/outputs/journal/apic_v3_screening_mci_ad/s1/seed42/adni_to_nacc/mixstyle_x/journal_metrics.json,mixstyle_x,21,mixstyle,0.10335052354113743,1.1740184649857137,0.5668833018579849,,,,,,,,,0.0,0.0,0.0,0.0,0.0,0.0,0.0,,
/zjs/AD_Project/dual_shift_github/outputs/journal/apic_v3_screening_mci_ad/s1,42,adni_to_nacc,/zjs/AD_Project/dual_shift_github/outputs/journal/apic_v3_screening_mci_ad/s1/seed42/adni_to_nacc/mixstyle_x/journal_metrics.json,mixstyle_x,22,mixstyle,0.07167908745370621,0.8487841870396509,0.7451252078990328,,,,,,,,,0.0,0.0,0.0,0.0,0.0,0.0,0.0,,
/zjs/AD_Project/dual_shift_github/outputs/journal/apic_v3_screening_mci_ad/s1,42,adni_to_nacc,/zjs/AD_Project/dual_shift_github/outputs/journal/apic_v3_screening_mci_ad/s1/seed42/adni_to_nacc/mixstyle_x/journal_metrics.json,mixstyle_x,23,mixstyle,0.07798470732281076,1.4988870650739194,0.6681556325310661,,,,,,,,,0.0,0.0,0.0,0.0,0.0,0.0,0.0,,
/zjs/AD_Project/dual_shift_github/outputs/journal/apic_v3_screening_mci_ad/s1,42,adni_to_nacc,/zjs/AD_Project/dual_shift_github/outputs/journal/apic_v3_screening_mci_ad/s1/seed42/adni_to_nacc/mixstyle_x/journal_metrics.json,mixstyle_x,24,mixstyle,0.07498639798031585,1.010794086973482,0.7616411611908666,,,,,,,,,0.0,0.0,0.0,0.0,0.0,0.0,0.0,,
/zjs/AD_Project/dual_shift_github/outputs/journal/apic_v3_screening_mci_ad/s1,42,adni_to_nacc,/zjs/AD_Project/dual_shift_github/outputs/journal/apic_v3_screening_mci_ad/s1/seed42/adni_to_nacc/mixstyle_x/journal_metrics.json,mixstyle_x,25,mixstyle,0.029073751185753262,0.9520598048314349,0.8174159744874832,,,,,,,,,0.0,0.0,0.0,0.0,0.0,0.0,0.0,,
/zjs/AD_Project/dual_shift_github/outputs/journal/apic_v3_screening_mci_ad/s1,42,adni_to_nacc,/zjs/AD_Project/dual_shift_github/outputs/journal/apic_v3_screening_mci_ad/s1/seed42/adni_to_nacc/mixstyle_x/journal_metrics.json,mixstyle_x,26,mixstyle,0.055719923478145486,1.130317140883262,0.6242707823976014,,,,,,,,,0.0,0.0,0.0,0.0,0.0,0.0,0.0,,
/zjs/AD_Project/dual_shift_github/outputs/journal/apic_v3_screening_mci_ad/s1,42,adni_to_nacc,/zjs/AD_Project/dual_shift_github/outputs/journal/apic_v3_screening_mci_ad/s1/seed42/adni_to_nacc/mixstyle_x/journal_metrics.json,mixstyle_x,27,mixstyle,0.040643814235400075,1.491856616964444,0.6424327004488931,,,,,,,,,0.0,0.0,0.0,0.0,0.0,0.0,0.0,,
/zjs/AD_Project/dual_shift_github/outputs/journal/apic_v3_screening_mci_ad/s1,42,adni_to_nacc,/zjs/AD_Project/dual_shift_github/outputs/journal/apic_v3_screening_mci_ad/s1/seed42/adni_to_nacc/mixstyle_x/journal_metrics.json,mixstyle_x,28,mixstyle,0.014429010548813287,1.3281622580765242,0.7048111332639199,,,,,,,,,0.0,0.0,0.0,0.0,0.0,0.0,0.0,,
/zjs/AD_Project/dual_shift_github/outputs/journal/apic_v3_screening_mci_ad/s1,42,adni_to_nacc,/zjs/AD_Project/dual_shift_github/outputs/journal/apic_v3_screening_mci_ad/s1/seed42/adni_to_nacc/mixstyle_x/journal_metrics.json,mixstyle_x,29,mixstyle,0.024723544830368777,1.4248962649651546,0.6919786883294939,,,,,,,,,0.0,0.0,0.0,0.0,0.0,0.0,0.0,,
/zjs/AD_Project/dual_shift_github/outputs/journal/apic_v3_screening_mci_ad/s1,42,adni_to_nacc,/zjs/AD_Project/dual_shift_github/outputs/journal/apic_v3_screening_mci_ad/s1/seed42/adni_to_nacc/mixstyle_x/journal_metrics.json,mixstyle_x,30,mixstyle,0.006994768837409205,1.3345510477110436,0.6864090309932213,,,,,,,,,0.0,0.0,0.0,0.0,0.0,0.0,0.0,,
/zjs/AD_Project/dual_shift_github/outputs/journal/apic_v3_screening_mci_ad/s1,42,adni_to_nacc,/zjs/AD_Project/dual_shift_github/outputs/journal/apic_v3_screening_mci_ad/s1/seed42/adni_to_nacc/mixstyle_x/journal_metrics.json,mixstyle_x,31,mixstyle,0.0028535808614653414,1.4050965015776455,0.6996997456878682,,,,,,,,,0.0,0.0,0.0,0.0,0.0,0.0,0.0,,
/zjs/AD_Project/dual_shift_github/outputs/journal/apic_v3_screening_mci_ad/s1,42,adni_to_nacc,/zjs/AD_Project/dual_shift_github/outputs/journal/apic_v3_screening_mci_ad/s1/seed42/adni_to_nacc/mixstyle_x/journal_metrics.json,mixstyle_x,32,mixstyle,0.05952856820024836,0.9773835224535213,0.7418713342882266,,,,,,,,,0.0,0.0,0.0,0.0,0.0,0.0,0.0,,
/zjs/AD_Project/dual_shift_github/outputs/journal/apic_v3_screening_mci_ad/s1,42,adni_to_nacc,/zjs/AD_Project/dual_shift_github/outputs/journal/apic_v3_screening_mci_ad/s1/seed42/adni_to_nacc/mixstyle_x/journal_metrics.json,mixstyle_x,33,mixstyle,0.06910005647119706,1.5541466893713682,0.73237381394089,,,,,,,,,0.0,0.0,0.0,0.0,0.0,0.0,0.0,,
/zjs/AD_Project/dual_shift_github/outputs/journal/apic_v3_screening_mci_ad/s1,42,adni_to_nacc,/zjs/AD_Project/dual_shift_github/outputs/journal/apic_v3_screening_mci_ad/s1/seed42/adni_to_nacc/mixstyle_x/journal_metrics.json,mixstyle_x,34,mixstyle,0.0998061953140146,1.2037895819120998,0.7210982162754582,,,,,,,,,0.0,0.0,0.0,0.0,0.0,0.0,0.0,,
/zjs/AD_Project/dual_shift_github/outputs/journal/apic_v3_screening_mci_ad/s1,42,adni_to_nacc,/zjs/AD_Project/dual_shift_github/outputs/journal/apic_v3_screening_mci_ad/s1/seed42/adni_to_nacc/mixstyle_x/journal_metrics.json,mixstyle_x,35,mixstyle,0.1498555107673833,1.2811247047737515,0.6413047675037544,,,,,,,,,0.0,0.0,0.0,0.0,0.0,0.0,0.0,,
/zjs/AD_Project/dual_shift_github/outputs/journal/apic_v3_screening_mci_ad/s1,42,adni_to_nacc,/zjs/AD_Project/dual_shift_github/outputs/journal/apic_v3_screening_mci_ad/s1/seed42/adni_to_nacc/mixstyle_x/journal_metrics.json,mixstyle_x,36,mixstyle,0.04660387162123761,0.9644053719826726,0.775406226035908,,,,,,,,,0.0,0.0,0.0,0.0,0.0,0.0,0.0,,
/zjs/AD_Project/dual_shift_github/outputs/journal/apic_v3_screening_mci_ad/s1,42,adni_to_nacc,/zjs/AD_Project/dual_shift_github/outputs/journal/apic_v3_screening_mci_ad/s1/seed42/adni_to_nacc/mixstyle_x/journal_metrics.json,mixstyle_x,37,mixstyle,0.0773080122509584,1.094000028104547,0.6633963787349481,,,,,,,,,0.0,0.0,0.0,0.0,0.0,0.0,0.0,,
/zjs/AD_Project/dual_shift_github/outputs/journal/apic_v3_screening_mci_ad/s1,42,adni_to_nacc,/zjs/AD_Project/dual_shift_github/outputs/journal/apic_v3_screening_mci_ad/s1/seed42/adni_to_nacc/mixstyle_x/journal_metrics.json,mixstyle_x,38,mixstyle,0.06608328571437055,1.1499025647041448,0.7004223564251854,,,,,,,,,0.0,0.0,0.0,0.0,0.0,0.0,0.0,,
/zjs/AD_Project/dual_shift_github/outputs/journal/apic_v3_screening_mci_ad/s1,42,adni_to_nacc,/zjs/AD_Project/dual_shift_github/outputs/journal/apic_v3_screening_mci_ad/s1/seed42/adni_to_nacc/mixstyle_x/journal_metrics.json,mixstyle_x,39,mixstyle,0.03283414799756933,1.1565287251521004,0.7159585337010613,,,,,,,,,0.0,0.0,0.0,0.0,0.0,0.0,0.0,,
/zjs/AD_Project/dual_shift_github/outputs/journal/apic_v3_screening_mci_ad/s1,42,adni_to_nacc,/zjs/AD_Project/dual_shift_github/outputs/journal/apic_v3_screening_mci_ad/s1/seed42/adni_to_nacc/mixstyle_x/journal_metrics.json,mixstyle_x,40,mixstyle,0.014997963930162056,1.0893409907168479,0.6960817045494065,,,,,,,,,0.0,0.0,0.0,0.0,0.0,0.0,0.0,,
/zjs/AD_Project/dual_shift_github/outputs/journal/apic_v3_screening_mci_ad/s1,42,adni_to_nacc,/zjs/AD_Project/dual_shift_github/outputs/journal/apic_v3_screening_mci_ad/s1/seed42/adni_to_nacc/mixstyle_x/journal_metrics.json,mixstyle_x,41,mixstyle,0.005227956464710083,1.0384164041574668,0.7349174777210369,,,,,,,,,0.0,0.0,0.0,0.0,0.0,0.0,0.0,,
/zjs/AD_Project/dual_shift_github/outputs/journal/apic_v3_screening_mci_ad/s1,42,adni_to_nacc,/zjs/AD_Project/dual_shift_github/outputs/journal/apic_v3_screening_mci_ad/s1/seed42/adni_to_nacc/mixstyle_x/journal_metrics.json,mixstyle_x,42,mixstyle,0.006554285957625523,1.9279829626475726,0.6537412904630518,,,,,,,,,0.0,0.0,0.0,0.0,0.0,0.0,0.0,,
/zjs/AD_Project/dual_shift_github/outputs/journal/apic_v3_screening_mci_ad/s1,42,adni_to_nacc,/zjs/AD_Project/dual_shift_github/outputs/journal/apic_v3_screening_mci_ad/s1/seed42/adni_to_nacc/mixstyle_x/journal_metrics.json,mixstyle_x,43,mixstyle,0.0027188314423184047,1.2886944317062377,0.7373946283381011,,,,,,,,,0.0,0.0,0.0,0.0,0.0,0.0,0.0,,
/zjs/AD_Project/dual_shift_github/outputs/journal/apic_v3_screening_mci_ad/s1,42,adni_to_nacc,/zjs/AD_Project/dual_shift_github/outputs/journal/apic_v3_screening_mci_ad/s1/seed42/adni_to_nacc/mixstyle_x/journal_metrics.json,mixstyle_x,44,mixstyle,0.031002884843221883,1.2924487744244413,0.7600950084255769,,,,,,,,,0.0,0.0,0.0,0.0,0.0,0.0,0.0,,
/zjs/AD_Project/dual_shift_github/outputs/journal/apic_v3_screening_mci_ad/s1,42,adni_to_nacc,/zjs/AD_Project/dual_shift_github/outputs/journal/apic_v3_screening_mci_ad/s1/seed42/adni_to_nacc/mixstyle_x/journal_metrics.json,mixstyle_x,45,mixstyle,0.02496880937268552,1.39642816512854,0.6644554264692405,,,,,,,,,0.0,0.0,0.0,0.0,0.0,0.0,0.0,,
/zjs/AD_Project/dual_shift_github/outputs/journal/apic_v3_screening_mci_ad/s1,42,adni_to_nacc,/zjs/AD_Project/dual_shift_github/outputs/journal/apic_v3_screening_mci_ad/s1/seed42/adni_to_nacc/mixstyle_x/journal_metrics.json,mixstyle_x,46,mixstyle,0.02062867476465411,1.922126987181901,0.7006262697899462,,,,,,,,,0.0,0.0,0.0,0.0,0.0,0.0,0.0,,
/zjs/AD_Project/dual_shift_github/outputs/journal/apic_v3_screening_mci_ad/s1,42,adni_to_nacc,/zjs/AD_Project/dual_shift_github/outputs/journal/apic_v3_screening_mci_ad/s1/seed42/adni_to_nacc/mixstyle_x/journal_metrics.json,mixstyle_x,47,mixstyle,0.09965189076190133,1.016383411003909,0.694831314999177,,,,,,,,,0.0,0.0,0.0,0.0,0.0,0.0,0.0,,
/zjs/AD_Project/dual_shift_github/outputs/journal/apic_v3_screening_mci_ad/s1,42,adni_to_nacc,/zjs/AD_Project/dual_shift_github/outputs/journal/apic_v3_screening_mci_ad/s1/seed42/adni_to_nacc/mixstyle_x/journal_metrics.json,mixstyle_x,48,mixstyle,0.18748818348752022,1.060624784525108,0.7155946924649553,,,,,,,,,0.0,0.0,0.0,0.0,0.0,0.0,0.0,,
/zjs/AD_Project/dual_shift_github/outputs/journal/apic_v3_screening_mci_ad/s1,42,adni_to_nacc,/zjs/AD_Project/dual_shift_github/outputs/journal/apic_v3_screening_mci_ad/s1/seed42/adni_to_nacc/mixstyle_x/journal_metrics.json,mixstyle_x,49,mixstyle,0.026539080549206694,1.5248445778649402,0.6789063980045055,,,,,,,,,0.0,0.0,0.0,0.0,0.0,0.0,0.0,,
/zjs/AD_Project/dual_shift_github/outputs/journal/apic_v3_screening_mci_ad/s1,42,adni_to_nacc,/zjs/AD_Project/dual_shift_github/outputs/journal/apic_v3_screening_mci_ad/s1/seed42/adni_to_nacc/mixstyle_x/journal_metrics.json,mixstyle_x,50,mixstyle,0.023237907423091463,1.2061543092815155,0.690550109033936,,,,,,,,,0.0,0.0,0.0,0.0,0.0,0.0,0.0,,
/zjs/AD_Project/dual_shift_github/outputs/journal/apic_v3_screening_mci_ad/s1,42,nacc_to_adni,/zjs/AD_Project/dual_shift_github/outputs/journal/apic_v3_screening_mci_ad/s1/seed42/nacc_to_adni/apic_v3_x/journal_metrics.json,apic_v3_x,1,clean_warmup,0.5525491130106228,1.222468676619736,0.7246726248619645,,,,,,,,,0.0,0.0,0.0,0.0,0.0,0.0,0.0,0,0.0
/zjs/AD_Project/dual_shift_github/outputs/journal/apic_v3_screening_mci_ad/s1,42,nacc_to_adni,/zjs/AD_Project/dual_shift_github/outputs/journal/apic_v3_screening_mci_ad/s1/seed42/nacc_to_adni/apic_v3_x/journal_metrics.json,apic_v3_x,2,clean_warmup,0.49298817625979785,0.8495685805503587,0.7977993515506172,,,,,,,,,0.0,0.0,0.0,0.0,0.0,0.0,0.0,0,0.0
/zjs/AD_Project/dual_shift_github/outputs/journal/apic_v3_screening_mci_ad/s1,42,nacc_to_adni,/zjs/AD_Project/dual_shift_github/outputs/journal/apic_v3_screening_mci_ad/s1/seed42/nacc_to_adni/apic_v3_x/journal_metrics.json,apic_v3_x,3,clean_warmup,0.4355939521463876,0.793135504280322,0.9159290304685279,,,,,,,,,0.0,0.0,0.0,0.0,0.0,0.0,0.0,0,0.0
/zjs/AD_Project/dual_shift_github/outputs/journal/apic_v3_screening_mci_ad/s1,42,nacc_to_adni,/zjs/AD_Project/dual_shift_github/outputs/journal/apic_v3_screening_mci_ad/s1/seed42/nacc_to_adni/apic_v3_x/journal_metrics.json,apic_v3_x,4,clean_warmup,0.34041088944320214,0.5713169053196907,0.9530696776640256,,,,,,,,,0.0,0.0,0.0,0.0,0.0,0.0,0.0,0,0.0
/zjs/AD_Project/dual_shift_github/outputs/journal/apic_v3_screening_mci_ad/s1,42,nacc_to_adni,/zjs/AD_Project/dual_shift_github/outputs/journal/apic_v3_screening_mci_ad/s1/seed42/nacc_to_adni/apic_v3_x/journal_metrics.json,apic_v3_x,5,clean_warmup,0.3149035408824068,1.1545487838636215,0.7990912738903333,,,,,,,,,0.0,0.0,0.0,0.0,0.0,0.0,0.0,0,0.0
/zjs/AD_Project/dual_shift_github/outputs/journal/apic_v3_screening_mci_ad/s1,42,nacc_to_adni,/zjs/AD_Project/dual_shift_github/outputs/journal/apic_v3_screening_mci_ad/s1/seed42/nacc_to_adni/apic_v3_x/journal_metrics.json,apic_v3_x,6,apis_warmup,0.722630206735555,0.8624646276186564,0.8732771182322708,,,,,,,,,2.1182700361374165e-05,1.0,2.1835123464188302e-08,0.27252993356321276,0.959231757626091,0.1372421468156822,0.0482528464695842,8,388.0
/zjs/AD_Project/dual_shift_github/outputs/journal/apic_v3_screening_mci_ad/s1,42,nacc_to_adni,/zjs/AD_Project/dual_shift_github/outputs/journal/apic_v3_screening_mci_ad/s1/seed42/nacc_to_adni/apic_v3_x/journal_metrics.json,apic_v3_x,7,apis_warmup,0.6458017337376002,0.7256465788275928,0.8332079358760421,,,,,,,,,5.177812341248073e-06,1.0,3.5330604201694486e-08,0.30889139286021594,0.941679148329902,0.1650085059023395,0.056934999206016974,8,776.0
/zjs/AD_Project/dual_shift_github/outputs/journal/apic_v3_screening_mci_ad/s1,42,nacc_to_adni,/zjs/AD_Project/dual_shift_github/outputs/journal/apic_v3_screening_mci_ad/s1/seed42/nacc_to_adni/apic_v3_x/journal_metrics.json,apic_v3_x,8,apis_warmup,0.6978582697968507,0.7678718296180767,0.9006109295814909,,,,,,,,,8.704404627238059e-06,1.0,9.194434435346114e-08,0.24402447075573439,0.9715896912456787,0.12663903463747084,0.04158159919543979,8,1164.0
/zjs/AD_Project/dual_shift_github/outputs/journal/apic_v3_screening_mci_ad/s1,42,nacc_to_adni,/zjs/AD_Project/dual_shift_github/outputs/journal/apic_v3_screening_mci_ad/s1/seed42/nacc_to_adni/apic_v3_x/journal_metrics.json,apic_v3_x,9,apis_warmup,0.4028257459171654,0.6410374365277812,0.9388630012906323,,,,,,,,,5.428999223877514e-06,1.0,9.475083337860007e-08,0.2003588289329686,0.9874500976395362,0.0942965485539633,0.03246922940783894,8,1552.0
/zjs/AD_Project/dual_shift_github/outputs/journal/apic_v3_screening_mci_ad/s1,42,nacc_to_adni,/zjs/AD_Project/dual_shift_github/outputs/journal/apic_v3_screening_mci_ad/s1/seed42/nacc_to_adni/apic_v3_x/journal_metrics.json,apic_v3_x,10,apis_warmup,0.39389937637450617,0.6273792246846777,0.9566878640591718,,,,,,,,,8.213326420502067e-06,1.0,1.5352929070563873e-07,0.1874086391372779,0.9910036989094055,0.08242320614991729,0.030037452860437717,8,1940.0
/zjs/AD_Project/dual_shift_github/outputs/journal/apic_v3_screening_mci_ad/s1,42,nacc_to_adni,/zjs/AD_Project/dual_shift_github/outputs/journal/apic_v3_screening_mci_ad/s1/seed42/nacc_to_adni/apic_v3_x/journal_metrics.json,apic_v3_x,11,joint,0.3053651008390121,0.7912708843456007,0.8911934772889282,,,,,,,,,8.569300167934117e-06,1.0,1.4314411572220556e-07,0.1629078641687472,0.9957015827759025,0.05989771213420888,0.025721137018240605,8,2328.0
/zjs/AD_Project/dual_shift_github/outputs/journal/apic_v3_screening_mci_ad/s1,42,nacc_to_adni,/zjs/AD_Project/dual_shift_github/outputs/journal/apic_v3_screening_mci_ad/s1/seed42/nacc_to_adni/apic_v3_x/journal_metrics.json,apic_v3_x,12,joint,0.4250695667200789,0.6656910305863765,0.9380509498980896,,,,,,,,,9.378138874754514e-06,1.0,1.7521244789521136e-07,0.1779564129015834,0.9929494323189726,0.07233410989193573,0.028310247360891903,8,2716.0
/zjs/AD_Project/dual_shift_github/outputs/journal/apic_v3_screening_mci_ad/s1,42,nacc_to_adni,/zjs/AD_Project/dual_shift_github/outputs/journal/apic_v3_screening_mci_ad/s1/seed42/nacc_to_adni/apic_v3_x/journal_metrics.json,apic_v3_x,13,joint,0.19742125877150402,0.735471448518819,0.9417076896335973,,,,,,,,,4.4385351945502685e-06,1.0,1.252743710737021e-07,0.18481140483900443,0.9919053869149119,0.07220929062243589,0.02946120095391249,8,3104.0
/zjs/AD_Project/dual_shift_github/outputs/journal/apic_v3_screening_mci_ad/s1,42,nacc_to_adni,/zjs/AD_Project/dual_shift_github/outputs/journal/apic_v3_screening_mci_ad/s1/seed42/nacc_to_adni/apic_v3_x/journal_metrics.json,apic_v3_x,14,joint,0.11877602942230314,0.9449142184680944,0.9374966032070292,,,,,,,,,3.841105720630835e-06,1.0,1.1303149943168155e-07,0.1649791770374652,0.9946318072142061,0.054431670143739466,0.026091466052937752,8,3492.0
/zjs/AD_Project/dual_shift_github/outputs/journal/apic_v3_screening_mci_ad/s1,42,nacc_to_adni,/zjs/AD_Project/dual_shift_github/outputs/journal/apic_v3_screening_mci_ad/s1/seed42/nacc_to_adni/apic_v3_x/journal_metrics.json,apic_v3_x,15,joint,0.17138466876979494,0.8930142693378248,0.9152032136330773,,,,,,,,,3.0258119232178044e-06,1.0,9.708495026004748e-08,0.15916332479604742,0.9957495319474604,0.04052267344572495,0.025065105216404825,8,3880.0
/zjs/AD_Project/dual_shift_github/outputs/journal/apic_v3_screening_mci_ad/s1,42,nacc_to_adni,/zjs/AD_Project/dual_shift_github/outputs/journal/apic_v3_screening_mci_ad/s1/seed42/nacc_to_adni/apic_v3_x/journal_metrics.json,apic_v3_x,16,joint,0.18873615001241878,1.6487698046151043,0.8405078976374178,,,,,,,,,4.7398384600858935e-06,1.0,1.188614956929213e-07,0.16355772193559667,0.994826166285682,0.04956710350114046,0.025829550243683698,8,4268.0
/zjs/AD_Project/dual_shift_github/outputs/journal/apic_v3_screening_mci_ad/s1,42,nacc_to_adni,/zjs/AD_Project/dual_shift_github/outputs/journal/apic_v3_screening_mci_ad/s1/seed42/nacc_to_adni/apic_v3_x/journal_metrics.json,apic_v3_x,17,joint,0.2575677557267517,0.7923162526217346,0.9479688999407446,,,,,,,,,8.947631650914549e-06,1.0,2.0544578081830174e-07,0.18655469614205902,0.9890123052695363,0.07400170652215014,0.029975302421401458,8,4656.0
/zjs/AD_Project/dual_shift_github/outputs/journal/apic_v3_screening_mci_ad/s1,42,nacc_to_adni,/zjs/AD_Project/dual_shift_github/outputs/journal/apic_v3_screening_mci_ad/s1/seed42/nacc_to_adni/apic_v3_x/journal_metrics.json,apic_v3_x,18,joint,0.09749586859324313,0.8997421717924184,0.953949511320004,,,,,,,,,3.379123969943507e-06,1.0,1.3906317043603812e-07,0.1930166083512847,0.9888608443368342,0.07648715822352577,0.03101004494987812,8,5044.0
/zjs/AD_Project/dual_shift_github/outputs/journal/apic_v3_screening_mci_ad/s1,42,nacc_to_adni,/zjs/AD_Project/dual_shift_github/outputs/journal/apic_v3_screening_mci_ad/s1/seed42/nacc_to_adni/apic_v3_x/journal_metrics.json,apic_v3_x,19,joint,0.189601826039863,0.7244763047910554,0.9724861348046528,,,,,,,,,5.538216438375476e-06,1.0,1.44427278329302e-07,0.1760238115627741,0.9912081201051929,0.06580215062677246,0.02806957676699481,8,5432.0
/zjs/AD_Project/dual_shift_github/outputs/journal/apic_v3_screening_mci_ad/s1,42,nacc_to_adni,/zjs/AD_Project/dual_shift_github/outputs/journal/apic_v3_screening_mci_ad/s1/seed42/nacc_to_adni/apic_v3_x/journal_metrics.json,apic_v3_x,20,joint,0.1268952900133355,1.0442881950289837,0.95445861502304,,,,,,,,,8.981367244880098e-06,1.0,2.0887654360785277e-07,0.18191629940087034,0.9872209564926698,0.07011510070758997,0.029361570983664275,8,5820.0
/zjs/AD_Project/dual_shift_github/outputs/journal/apic_v3_screening_mci_ad/s1,42,nacc_to_adni,/zjs/AD_Project/dual_shift_github/outputs/journal/apic_v3_screening_mci_ad/s1/seed42/nacc_to_adni/apic_v3_x/journal_metrics.json,apic_v3_x,21,joint,0.0641607136139166,0.8180436397516658,0.9347509996658464,,,,,,,,,4.705004788395376e-06,1.0,1.5737851445408653e-07,0.18069748856972173,0.9900664416785093,0.05542067307786843,0.02889383903022894,8,6208.0
/zjs/AD_Project/dual_shift_github/outputs/journal/apic_v3_screening_mci_ad/s1,42,nacc_to_adni,/zjs/AD_Project/dual_shift_github/outputs/journal/apic_v3_screening_mci_ad/s1/seed42/nacc_to_adni/apic_v3_x/journal_metrics.json,apic_v3_x,22,joint,0.050399222111775895,1.1233065852728414,0.9295115804056152,,,,,,,,,2.294866864639113e-06,1.0,1.0445009442927932e-07,0.1994792444189799,0.9848709819243127,0.07683008340830655,0.032395853651399464,8,6596.0
/zjs/AD_Project/dual_shift_github/outputs/journal/apic_v3_screening_mci_ad/s1,42,nacc_to_adni,/zjs/AD_Project/dual_shift_github/outputs/journal/apic_v3_screening_mci_ad/s1/seed42/nacc_to_adni/apic_v3_x/journal_metrics.json,apic_v3_x,23,joint,0.06616816362702124,0.8702068711750042,0.938937108250827,,,,,,,,,5.750480809605431e-06,1.0,1.7897999600146464e-07,0.1805827072293488,0.9904577971733722,0.05866447187115237,0.028829606307536056,8,6984.0
/zjs/AD_Project/dual_shift_github/outputs/journal/apic_v3_screening_mci_ad/s1,42,nacc_to_adni,/zjs/AD_Project/dual_shift_github/outputs/journal/apic_v3_screening_mci_ad/s1/seed42/nacc_to_adni/apic_v3_x/journal_metrics.json,apic_v3_x,24,joint,0.12405343426597909,0.8790395765913707,0.9053621517600636,,,,,,,,,4.873568253894996e-06,1.0,1.752265626801536e-07,0.19894247386873382,0.9821102232048192,0.07657702935417902,0.03268513726742612,8,7372.0
/zjs/AD_Project/dual_shift_github/outputs/journal/apic_v3_screening_mci_ad/s1,42,nacc_to_adni,/zjs/AD_Project/dual_shift_github/outputs/journal/apic_v3_screening_mci_ad/s1/seed42/nacc_to_adni/apic_v3_x/journal_metrics.json,apic_v3_x,25,joint,0.051779213782097454,1.1334699941107556,0.9209408357462346,,,,,,,,,1.474551467155609e-06,1.0,1.007418621742259e-07,0.22060935229984754,0.9749334663459935,0.08551537867673893,0.036814935543795224,8,7760.0
/zjs/AD_Project/dual_shift_github/outputs/journal/apic_v3_screening_mci_ad/s1,42,nacc_to_adni,/zjs/AD_Project/dual_shift_github/outputs/journal/apic_v3_screening_mci_ad/s1/seed42/nacc_to_adni/apic_v3_x/journal_metrics.json,apic_v3_x,26,joint,0.08839446221137438,0.8512582011587385,0.9111692695091034,,,,,,,,,6.596608833187367e-06,1.0,2.1669209821684303e-07,0.1824650515600578,0.9897868424346766,0.0546778129778572,0.029170157695093107,8,8148.0
/zjs/AD_Project/dual_shift_github/outputs/journal/apic_v3_screening_mci_ad/s1,42,nacc_to_adni,/zjs/AD_Project/dual_shift_github/outputs/journal/apic_v3_screening_mci_ad/s1/seed42/nacc_to_adni/apic_v3_x/journal_metrics.json,apic_v3_x,27,joint,0.02868900211112689,0.8531280732608604,0.916864124938072,,,,,,,,,9.659818799976625e-07,1.0,7.305016468017505e-08,0.1746132037381536,0.9919495349077835,0.04092331902728867,0.027722412585904917,8,8536.0
/zjs/AD_Project/dual_shift_github/outputs/journal/apic_v3_screening_mci_ad/s1,42,nacc_to_adni,/zjs/AD_Project/dual_shift_github/outputs/journal/apic_v3_screening_mci_ad/s1/seed42/nacc_to_adni/apic_v3_x/journal_metrics.json,apic_v3_x,28,joint,0.024556239153565744,0.877068023445939,0.9062791322010461,,,,,,,,,1.9614302256797467e-06,1.0,1.1389294020148686e-07,0.18289327483201764,0.9883391297969621,0.05394941487724019,0.029347355755948528,8,8924.0
/zjs/AD_Project/dual_shift_github/outputs/journal/apic_v3_screening_mci_ad/s1,42,nacc_to_adni,/zjs/AD_Project/dual_shift_github/outputs/journal/apic_v3_screening_mci_ad/s1/seed42/nacc_to_adni/apic_v3_x/journal_metrics.json,apic_v3_x,29,joint,0.015907878233191855,0.9999746413511063,0.9196732240671052,,,,,,,,,5.285452614410218e-07,1.0,5.089971363979446e-08,0.1769691661153872,0.9904922972020415,0.04323575941404117,0.02820759537370549,8,9312.0
/zjs/AD_Project/dual_shift_github/outputs/journal/apic_v3_screening_mci_ad/s1,42,nacc_to_adni,/zjs/AD_Project/dual_shift_github/outputs/journal/apic_v3_screening_mci_ad/s1/seed42/nacc_to_adni/apic_v3_x/journal_metrics.json,apic_v3_x,30,joint,0.004570944639482084,1.038458135002424,0.9146071556247949,,,,,,,,,1.4023198034629252e-07,1.0,2.5329754147530845e-08,0.17612392171142027,0.9912645104005164,0.04070446632572056,0.02800803625783355,8,9700.0
/zjs/AD_Project/dual_shift_github/outputs/journal/apic_v3_screening_mci_ad/s1,42,nacc_to_adni,/zjs/AD_Project/dual_shift_github/outputs/journal/apic_v3_screening_mci_ad/s1/seed42/nacc_to_adni/apic_v3_x/journal_metrics.json,apic_v3_x,31,joint,0.0070481769087695585,1.3309797898059206,0.8937267489795512,,,,,,,,,1.2142320677444145e-07,1.0,2.360941579236907e-08,0.17556884516145765,0.9908622202185011,0.03962196432745334,0.027950723703528187,8,10088.0
/zjs/AD_Project/dual_shift_github/outputs/journal/apic_v3_screening_mci_ad/s1,42,nacc_to_adni,/zjs/AD_Project/dual_shift_github/outputs/journal/apic_v3_screening_mci_ad/s1/seed42/nacc_to_adni/apic_v3_x/journal_metrics.json,apic_v3_x,32,joint,0.004520140450865452,0.9797555069334952,0.9225094108387447,,,,,,,,,1.5823347910299227e-07,1.0,2.7887864718554127e-08,0.17577083869693205,0.9899040061173979,0.039181124822227,0.028060259892768467,8,10476.0
/zjs/AD_Project/dual_shift_github/outputs/journal/apic_v3_screening_mci_ad/s1,42,nacc_to_adni,/zjs/AD_Project/dual_shift_github/outputs/journal/apic_v3_screening_mci_ad/s1/seed42/nacc_to_adni/apic_v3_x/journal_metrics.json,apic_v3_x,33,joint,0.003375973736389646,0.9981258057169021,0.9162998263557682,,,,,,,,,1.0350205941338188e-07,1.0,2.1203608582562917e-08,0.17559894796499273,0.9892523731153036,0.03678078352252847,0.02808660449287326,8,10864.0
/zjs/AD_Project/dual_shift_github/outputs/journal/apic_v3_screening_mci_ad/s1,42,nacc_to_adni,/zjs/AD_Project/dual_shift_github/outputs/journal/apic_v3_screening_mci_ad/s1/seed42/nacc_to_adni/apic_v3_x/journal_metrics.json,apic_v3_x,34,joint,0.0019131067668606248,1.0444247178434434,0.9157380349597093,,,,,,,,,9.655723562745968e-08,1.0,2.0739432778240366e-08,0.1743261892463743,0.9892360494308865,0.03529012347235508,0.027882833091407707,8,11252.0
/zjs/AD_Project/dual_shift_github/outputs/journal/apic_v3_screening_mci_ad/s1,42,nacc_to_adni,/zjs/AD_Project/dual_shift_github/outputs/journal/apic_v3_screening_mci_ad/s1/seed42/nacc_to_adni/apic_v3_x/journal_metrics.json,apic_v3_x,35,joint,0.004781104827248107,1.0563558104009931,0.9111055648907465,,,,,,,,,9.113044647424243e-08,1.0,2.0461208599149662e-08,0.17459143606043354,0.9893662831217972,0.03607271118185569,0.027916682500046554,8,11640.0
/zjs/AD_Project/dual_shift_github/outputs/journal/apic_v3_screening_mci_ad/s1,42,nacc_to_adni,/zjs/AD_Project/dual_shift_github/outputs/journal/apic_v3_screening_mci_ad/s1/seed42/nacc_to_adni/apic_v3_x/journal_metrics.json,apic_v3_x,36,joint,0.0016877709972832986,1.147008341105998,0.9005756465500189,,,,,,,,,8.090466085849299e-08,1.0,1.9524941480332842e-08,0.17391388256525256,0.9894384637321394,0.034764201466723814,0.027800372043221267,8,12028.0
/zjs/AD_Project/dual_shift_github/outputs/journal/apic_v3_screening_mci_ad/s1,42,nacc_to_adni,/zjs/AD_Project/dual_shift_github/outputs/journal/apic_v3_screening_mci_ad/s1/seed42/nacc_to_adni/apic_v3_x/journal_metrics.json,apic_v3_x,37,joint,0.0013974917503181826,1.1087605226495,0.9116081955004206,,,,,,,,,7.993323741280015e-08,1.0,1.9076918042968565e-08,0.17486327840495355,0.989546322945467,0.03536556202188595,0.027944114904121024,8,12416.0
/zjs/AD_Project/dual_shift_github/outputs/journal/apic_v3_screening_mci_ad/s1,42,nacc_to_adni,/zjs/AD_Project/dual_shift_github/outputs/journal/apic_v3_screening_mci_ad/s1/seed42/nacc_to_adni/apic_v3_x/journal_metrics.json,apic_v3_x,38,joint,0.003198812490979632,1.139285692732424,0.9019547183723942,,,,,,,,,6.911067803262484e-08,1.0,1.8233229249455417e-08,0.17364952966724476,0.9895901729151145,0.03454014923922794,0.02774541654153583,8,12804.0
/zjs/AD_Project/dual_shift_github/outputs/journal/apic_v3_screening_mci_ad/s1,42,nacc_to_adni,/zjs/AD_Project/dual_shift_github/outputs/journal/apic_v3_screening_mci_ad/s1/seed42/nacc_to_adni/apic_v3_x/journal_metrics.json,apic_v3_x,39,joint,0.0031303251929522356,1.1655914096452324,0.8954983889247186,,,,,,,,,5.57383923208916e-08,1.0,1.6397963143129007e-08,0.1735569848534987,0.9893642012605962,0.03415326501444443,0.02774808955254014,8,13192.0
/zjs/AD_Project/dual_shift_github/outputs/journal/apic_v3_screening_mci_ad/s1,42,nacc_to_adni,/zjs/AD_Project/dual_shift_github/outputs/journal/apic_v3_screening_mci_ad/s1/seed42/nacc_to_adni/apic_v3_x/journal_metrics.json,apic_v3_x,40,joint,0.0030113016562740387,1.1437611721978607,0.88995006489392,,,,,,,,,6.026459507369481e-08,1.0,1.7274259081575893e-08,0.1736406593285885,0.9894992678435808,0.0341359462934671,0.027751142908002912,8,13580.0
/zjs/AD_Project/dual_shift_github/outputs/journal/apic_v3_screening_mci_ad/s1,42,nacc_to_adni,/zjs/AD_Project/dual_shift_github/outputs/journal/apic_v3_screening_mci_ad/s1/seed42/nacc_to_adni/apic_v3_x/journal_metrics.json,apic_v3_x,41,joint,0.0025489091786607553,1.2648575794158758,0.8949401594690712,,,,,,,,,6.238105887058334e-08,1.0,1.7614451221784152e-08,0.17381476418873698,0.9896837479060459,0.03400137043106802,0.027763803710335308,8,13968.0
/zjs/AD_Project/dual_shift_github/outputs/journal/apic_v3_screening_mci_ad/s1,42,nacc_to_adni,/zjs/AD_Project/dual_shift_github/outputs/journal/apic_v3_screening_mci_ad/s1/seed42/nacc_to_adni/apic_v3_x/journal_metrics.json,apic_v3_x,42,joint,0.002183540547119583,1.081232823548673,0.9011489054182534,,,,,,,,,5.5258333295141386e-08,1.0,1.6582459547537287e-08,0.17407647021038017,0.9896004599394258,0.0342157758657158,0.02781241915198331,8,14356.0
/zjs/AD_Project/dual_shift_github/outputs/journal/apic_v3_screening_mci_ad/s1,42,nacc_to_adni,/zjs/AD_Project/dual_shift_github/outputs/journal/apic_v3_screening_mci_ad/s1/seed42/nacc_to_adni/apic_v3_x/journal_metrics.json,apic_v3_x,43,joint,0.00262406093882128,1.1992425771760125,0.8973067017462062,,,,,,,,,5.942743877751969e-08,1.0,1.74981640128269e-08,0.1732207596609273,0.9898566284130529,0.03274516331166336,0.027654682986975945,8,14744.0
/zjs/AD_Project/dual_shift_github/outputs/journal/apic_v3_screening_mci_ad/s1,42,nacc_to_adni,/zjs/AD_Project/dual_shift_github/outputs/journal/apic_v3_screening_mci_ad/s1/seed42/nacc_to_adni/apic_v3_x/journal_metrics.json,apic_v3_x,44,joint,0.0020058064738927004,1.1564491408431983,0.9040082075768421,,,,,,,,,5.145649196083703e-08,1.0,1.6182465621812334e-08,0.17289576103392335,0.99006102134272,0.03339382138141652,0.027587305005524577,8,15132.0
/zjs/AD_Project/dual_shift_github/outputs/journal/apic_v3_screening_mci_ad/s1,42,nacc_to_adni,/zjs/AD_Project/dual_shift_github/outputs/journal/apic_v3_screening_mci_ad/s1/seed42/nacc_to_adni/apic_v3_x/journal_metrics.json,apic_v3_x,45,joint,0.0013221364531194378,1.1414622977990665,0.9112679977205709,,,,,,,,,4.821154812830009e-08,1.0,1.573240322896022e-08,0.17292777579469779,0.9900254662503901,0.03385379708842518,0.02759570430618586,8,15520.0
/zjs/AD_Project/dual_shift_github/outputs/journal/apic_v3_screening_mci_ad/s1,42,nacc_to_adni,/zjs/AD_Project/dual_shift_github/outputs/journal/apic_v3_screening_mci_ad/s1/seed42/nacc_to_adni/apic_v3_x/journal_metrics.json,apic_v3_x,46,joint,0.0030201775420603543,1.1905337976343418,0.9156777830786474,,,,,,,,,6.423466082521334e-08,1.0,1.815980821845935e-08,0.17373959720134735,0.9896103776607317,0.034414260734602346,0.027758619200783905,8,15908.0
/zjs/AD_Project/dual_shift_github/outputs/journal/apic_v3_screening_mci_ad/s1,42,nacc_to_adni,/zjs/AD_Project/dual_shift_github/outputs/journal/apic_v3_screening_mci_ad/s1/seed42/nacc_to_adni/apic_v3_x/journal_metrics.json,apic_v3_x,47,joint,0.0017708932008617079,1.237266367903991,0.901160311409019,,,,,,,,,5.982112052909357e-08,1.0,1.7359121141681175e-08,0.17546641550113246,0.9882084727287292,0.03638484622783882,0.028149737294801733,8,16296.0
/zjs/AD_Project/dual_shift_github/outputs/journal/apic_v3_screening_mci_ad/s1,42,nacc_to_adni,/zjs/AD_Project/dual_shift_github/outputs/journal/apic_v3_screening_mci_ad/s1/seed42/nacc_to_adni/apic_v3_x/journal_metrics.json,apic_v3_x,48,joint,0.002145846549405947,1.223668794136729,0.8907929106386344,,,,,,,,,4.6739878313651014e-08,1.0,1.5925551319837688e-08,0.17599459852754457,0.9882236461049503,0.037096446399221716,0.0282341818488443,8,16684.0
/zjs/AD_Project/dual_shift_github/outputs/journal/apic_v3_screening_mci_ad/s1,42,nacc_to_adni,/zjs/AD_Project/dual_shift_github/outputs/journal/apic_v3_screening_mci_ad/s1/seed42/nacc_to_adni/apic_v3_x/journal_metrics.json,apic_v3_x,49,joint,0.0014176187231868492,1.2278758964754721,0.8962684484750378,,,,,,,,,3.472890954425139e-08,1.0,1.3550030266203263e-08,0.1758726538763833,0.9878562774854837,0.0360325465228447,0.028244780453363646,8,17072.0
/zjs/AD_Project/dual_shift_github/outputs/journal/apic_v3_screening_mci_ad/s1,42,nacc_to_adni,/zjs/AD_Project/dual_shift_github/outputs/journal/apic_v3_screening_mci_ad/s1/seed42/nacc_to_adni/apic_v3_x/journal_metrics.json,apic_v3_x,50,joint,0.0009441914016767358,1.3948650881118505,0.8922161655026261,,,,,,,,,3.3419173270634546e-08,1.0,1.350535398520097e-08,0.1755851517940305,0.9875631356976696,0.03603945668671549,0.028221518185335335,8,17460.0
/zjs/AD_Project/dual_shift_github/outputs/journal/apic_v3_screening_mci_ad/s1,42,nacc_to_adni,/zjs/AD_Project/dual_shift_github/outputs/journal/apic_v3_screening_mci_ad/s1/seed42/nacc_to_adni/ce_x/journal_metrics.json,ce_x,1,clean,0.548174423808904,1.197256459833536,0.7570881648995197,,,,,,,,,0.0,0.0,0.0,0.0,0.0,0.0,0.0,,
/zjs/AD_Project/dual_shift_github/outputs/journal/apic_v3_screening_mci_ad/s1,42,nacc_to_adni,/zjs/AD_Project/dual_shift_github/outputs/journal/apic_v3_screening_mci_ad/s1/seed42/nacc_to_adni/ce_x/journal_metrics.json,ce_x,2,clean,0.48014340257828997,1.0366543506209116,0.824401729354551,,,,,,,,,0.0,0.0,0.0,0.0,0.0,0.0,0.0,,
/zjs/AD_Project/dual_shift_github/outputs/journal/apic_v3_screening_mci_ad/s1,42,nacc_to_adni,/zjs/AD_Project/dual_shift_github/outputs/journal/apic_v3_screening_mci_ad/s1/seed42/nacc_to_adni/ce_x/journal_metrics.json,ce_x,3,clean,0.4269828462646794,0.6376601820601556,0.9127313316638317,,,,,,,,,0.0,0.0,0.0,0.0,0.0,0.0,0.0,,
/zjs/AD_Project/dual_shift_github/outputs/journal/apic_v3_screening_mci_ad/s1,42,nacc_to_adni,/zjs/AD_Project/dual_shift_github/outputs/journal/apic_v3_screening_mci_ad/s1/seed42/nacc_to_adni/ce_x/journal_metrics.json,ce_x,4,clean,0.3167210852669686,0.9235353628523592,0.892812680327283,,,,,,,,,0.0,0.0,0.0,0.0,0.0,0.0,0.0,,
/zjs/AD_Project/dual_shift_github/outputs/journal/apic_v3_screening_mci_ad/s1,42,nacc_to_adni,/zjs/AD_Project/dual_shift_github/outputs/journal/apic_v3_screening_mci_ad/s1/seed42/nacc_to_adni/ce_x/journal_metrics.json,ce_x,5,clean,0.34512862722514215,0.8289275778863663,0.9268878212317286,,,,,,,,,0.0,0.0,0.0,0.0,0.0,0.0,0.0,,
/zjs/AD_Project/dual_shift_github/outputs/journal/apic_v3_screening_mci_ad/s1,42,nacc_to_adni,/zjs/AD_Project/dual_shift_github/outputs/journal/apic_v3_screening_mci_ad/s1/seed42/nacc_to_adni/ce_x/journal_metrics.json,ce_x,6,clean,0.2900834722809263,0.8138757858887539,0.9289681901347313,,,,,,,,,0.0,0.0,0.0,0.0,0.0,0.0,0.0,,
/zjs/AD_Project/dual_shift_github/outputs/journal/apic_v3_screening_mci_ad/s1,42,nacc_to_adni,/zjs/AD_Project/dual_shift_github/outputs/journal/apic_v3_screening_mci_ad/s1/seed42/nacc_to_adni/ce_x/journal_metrics.json,ce_x,7,clean,0.24499133523054345,0.6799582796647472,0.9561590656186911,,,,,,,,,0.0,0.0,0.0,0.0,0.0,0.0,0.0,,
/zjs/AD_Project/dual_shift_github/outputs/journal/apic_v3_screening_mci_ad/s1,42,nacc_to_adni,/zjs/AD_Project/dual_shift_github/outputs/journal/apic_v3_screening_mci_ad/s1/seed42/nacc_to_adni/ce_x/journal_metrics.json,ce_x,8,clean,0.24185164645314217,1.2339992970464526,0.9043243977701745,,,,,,,,,0.0,0.0,0.0,0.0,0.0,0.0,0.0,,
/zjs/AD_Project/dual_shift_github/outputs/journal/apic_v3_screening_mci_ad/s1,42,nacc_to_adni,/zjs/AD_Project/dual_shift_github/outputs/journal/apic_v3_screening_mci_ad/s1/seed42/nacc_to_adni/ce_x/journal_metrics.json,ce_x,9,clean,0.17766340744211195,0.8668748735891361,0.8940798949731122,,,,,,,,,0.0,0.0,0.0,0.0,0.0,0.0,0.0,,
/zjs/AD_Project/dual_shift_github/outputs/journal/apic_v3_screening_mci_ad/s1,42,nacc_to_adni,/zjs/AD_Project/dual_shift_github/outputs/journal/apic_v3_screening_mci_ad/s1/seed42/nacc_to_adni/ce_x/journal_metrics.json,ce_x,10,clean,0.19414747947078084,0.6548103618477576,0.9695564726402205,,,,,,,,,0.0,0.0,0.0,0.0,0.0,0.0,0.0,,
/zjs/AD_Project/dual_shift_github/outputs/journal/apic_v3_screening_mci_ad/s1,42,nacc_to_adni,/zjs/AD_Project/dual_shift_github/outputs/journal/apic_v3_screening_mci_ad/s1/seed42/nacc_to_adni/ce_x/journal_metrics.json,ce_x,11,clean,0.14148672314879207,0.8818409416261759,0.9484596225936957,,,,,,,,,0.0,0.0,0.0,0.0,0.0,0.0,0.0,,
/zjs/AD_Project/dual_shift_github/outputs/journal/apic_v3_screening_mci_ad/s1,42,nacc_to_adni,/zjs/AD_Project/dual_shift_github/outputs/journal/apic_v3_screening_mci_ad/s1/seed42/nacc_to_adni/ce_x/journal_metrics.json,ce_x,12,clean,0.11273284958070624,0.7553387356368839,0.9730302601253485,,,,,,,,,0.0,0.0,0.0,0.0,0.0,0.0,0.0,,
/zjs/AD_Project/dual_shift_github/outputs/journal/apic_v3_screening_mci_ad/s1,42,nacc_to_adni,/zjs/AD_Project/dual_shift_github/outputs/journal/apic_v3_screening_mci_ad/s1/seed42/nacc_to_adni/ce_x/journal_metrics.json,ce_x,13,clean,0.10368911607656628,1.1790224650601857,0.9232715642143832,,,,,,,,,0.0,0.0,0.0,0.0,0.0,0.0,0.0,,
/zjs/AD_Project/dual_shift_github/outputs/journal/apic_v3_screening_mci_ad/s1,42,nacc_to_adni,/zjs/AD_Project/dual_shift_github/outputs/journal/apic_v3_screening_mci_ad/s1/seed42/nacc_to_adni/ce_x/journal_metrics.json,ce_x,14,clean,0.10263873464259866,1.4599416050889278,0.8973082357246573,,,,,,,,,0.0,0.0,0.0,0.0,0.0,0.0,0.0,,
/zjs/AD_Project/dual_shift_github/outputs/journal/apic_v3_screening_mci_ad/s1,42,nacc_to_adni,/zjs/AD_Project/dual_shift_github/outputs/journal/apic_v3_screening_mci_ad/s1/seed42/nacc_to_adni/ce_x/journal_metrics.json,ce_x,15,clean,0.11565753116185978,0.9037712522753063,0.9312429423221763,,,,,,,,,0.0,0.0,0.0,0.0,0.0,0.0,0.0,,
/zjs/AD_Project/dual_shift_github/outputs/journal/apic_v3_screening_mci_ad/s1,42,nacc_to_adni,/zjs/AD_Project/dual_shift_github/outputs/journal/apic_v3_screening_mci_ad/s1/seed42/nacc_to_adni/ce_x/journal_metrics.json,ce_x,16,clean,0.09382403053381701,0.83223505688243,0.9156312501030603,,,,,,,,,0.0,0.0,0.0,0.0,0.0,0.0,0.0,,
/zjs/AD_Project/dual_shift_github/outputs/journal/apic_v3_screening_mci_ad/s1,42,nacc_to_adni,/zjs/AD_Project/dual_shift_github/outputs/journal/apic_v3_screening_mci_ad/s1/seed42/nacc_to_adni/ce_x/journal_metrics.json,ce_x,17,clean,0.07253251974854964,0.8248980834211846,0.9315350316629885,,,,,,,,,0.0,0.0,0.0,0.0,0.0,0.0,0.0,,
/zjs/AD_Project/dual_shift_github/outputs/journal/apic_v3_screening_mci_ad/s1,42,nacc_to_adni,/zjs/AD_Project/dual_shift_github/outputs/journal/apic_v3_screening_mci_ad/s1/seed42/nacc_to_adni/ce_x/journal_metrics.json,ce_x,18,clean,0.02124299008528865,0.8916081010225698,0.9497085284772502,,,,,,,,,0.0,0.0,0.0,0.0,0.0,0.0,0.0,,
/zjs/AD_Project/dual_shift_github/outputs/journal/apic_v3_screening_mci_ad/s1,42,nacc_to_adni,/zjs/AD_Project/dual_shift_github/outputs/journal/apic_v3_screening_mci_ad/s1/seed42/nacc_to_adni/ce_x/journal_metrics.json,ce_x,19,clean,0.06192611245985728,1.0307353491003404,0.943384487342317,,,,,,,,,0.0,0.0,0.0,0.0,0.0,0.0,0.0,,
/zjs/AD_Project/dual_shift_github/outputs/journal/apic_v3_screening_mci_ad/s1,42,nacc_to_adni,/zjs/AD_Project/dual_shift_github/outputs/journal/apic_v3_screening_mci_ad/s1/seed42/nacc_to_adni/ce_x/journal_metrics.json,ce_x,20,clean,0.10277958320256937,1.1563991624050112,0.9316289758777154,,,,,,,,,0.0,0.0,0.0,0.0,0.0,0.0,0.0,,
/zjs/AD_Project/dual_shift_github/outputs/journal/apic_v3_screening_mci_ad/s1,42,nacc_to_adni,/zjs/AD_Project/dual_shift_github/outputs/journal/apic_v3_screening_mci_ad/s1/seed42/nacc_to_adni/ce_x/journal_metrics.json,ce_x,21,clean,0.053129449896586425,0.8071368627908423,0.9479150217695135,,,,,,,,,0.0,0.0,0.0,0.0,0.0,0.0,0.0,,
/zjs/AD_Project/dual_shift_github/outputs/journal/apic_v3_screening_mci_ad/s1,42,nacc_to_adni,/zjs/AD_Project/dual_shift_github/outputs/journal/apic_v3_screening_mci_ad/s1/seed42/nacc_to_adni/ce_x/journal_metrics.json,ce_x,22,clean,0.02071076487887113,0.9851080573187888,0.9680340461142274,,,,,,,,,0.0,0.0,0.0,0.0,0.0,0.0,0.0,,
/zjs/AD_Project/dual_shift_github/outputs/journal/apic_v3_screening_mci_ad/s1,42,nacc_to_adni,/zjs/AD_Project/dual_shift_github/outputs/journal/apic_v3_screening_mci_ad/s1/seed42/nacc_to_adni/ce_x/journal_metrics.json,ce_x,23,clean,0.004841254078951117,0.952220561382837,0.9639327939261225,,,,,,,,,0.0,0.0,0.0,0.0,0.0,0.0,0.0,,
/zjs/AD_Project/dual_shift_github/outputs/journal/apic_v3_screening_mci_ad/s1,42,nacc_to_adni,/zjs/AD_Project/dual_shift_github/outputs/journal/apic_v3_screening_mci_ad/s1/seed42/nacc_to_adni/ce_x/journal_metrics.json,ce_x,24,clean,0.015640988131953863,0.8419360449796724,0.9402320532304205,,,,,,,,,0.0,0.0,0.0,0.0,0.0,0.0,0.0,,
/zjs/AD_Project/dual_shift_github/outputs/journal/apic_v3_screening_mci_ad/s1,42,nacc_to_adni,/zjs/AD_Project/dual_shift_github/outputs/journal/apic_v3_screening_mci_ad/s1/seed42/nacc_to_adni/ce_x/journal_metrics.json,ce_x,25,clean,0.02320012108188185,1.9794806555478968,0.8148196139274925,,,,,,,,,0.0,0.0,0.0,0.0,0.0,0.0,0.0,,
/zjs/AD_Project/dual_shift_github/outputs/journal/apic_v3_screening_mci_ad/s1,42,nacc_to_adni,/zjs/AD_Project/dual_shift_github/outputs/journal/apic_v3_screening_mci_ad/s1/seed42/nacc_to_adni/ce_x/journal_metrics.json,ce_x,26,clean,0.04181613932908561,0.779037981318604,0.9836423709669951,,,,,,,,,0.0,0.0,0.0,0.0,0.0,0.0,0.0,,
/zjs/AD_Project/dual_shift_github/outputs/journal/apic_v3_screening_mci_ad/s1,42,nacc_to_adni,/zjs/AD_Project/dual_shift_github/outputs/journal/apic_v3_screening_mci_ad/s1/seed42/nacc_to_adni/ce_x/journal_metrics.json,ce_x,27,clean,0.026098569162002736,1.1113413726622974,0.951133792847514,,,,,,,,,0.0,0.0,0.0,0.0,0.0,0.0,0.0,,
/zjs/AD_Project/dual_shift_github/outputs/journal/apic_v3_screening_mci_ad/s1,42,nacc_to_adni,/zjs/AD_Project/dual_shift_github/outputs/journal/apic_v3_screening_mci_ad/s1/seed42/nacc_to_adni/ce_x/journal_metrics.json,ce_x,28,clean,0.024708480998146414,1.3526749211324982,0.8964564681951948,,,,,,,,,0.0,0.0,0.0,0.0,0.0,0.0,0.0,,
/zjs/AD_Project/dual_shift_github/outputs/journal/apic_v3_screening_mci_ad/s1,42,nacc_to_adni,/zjs/AD_Project/dual_shift_github/outputs/journal/apic_v3_screening_mci_ad/s1/seed42/nacc_to_adni/ce_x/journal_metrics.json,ce_x,29,clean,0.04631137531718777,0.8469820059695863,0.9526174889253213,,,,,,,,,0.0,0.0,0.0,0.0,0.0,0.0,0.0,,
/zjs/AD_Project/dual_shift_github/outputs/journal/apic_v3_screening_mci_ad/s1,42,nacc_to_adni,/zjs/AD_Project/dual_shift_github/outputs/journal/apic_v3_screening_mci_ad/s1/seed42/nacc_to_adni/ce_x/journal_metrics.json,ce_x,30,clean,0.03883758786772906,1.0572728354985392,0.9486963922531655,,,,,,,,,0.0,0.0,0.0,0.0,0.0,0.0,0.0,,
/zjs/AD_Project/dual_shift_github/outputs/journal/apic_v3_screening_mci_ad/s1,42,nacc_to_adni,/zjs/AD_Project/dual_shift_github/outputs/journal/apic_v3_screening_mci_ad/s1/seed42/nacc_to_adni/ce_x/journal_metrics.json,ce_x,31,clean,0.03747646909893596,0.7179362466208693,0.9613461527378753,,,,,,,,,0.0,0.0,0.0,0.0,0.0,0.0,0.0,,
/zjs/AD_Project/dual_shift_github/outputs/journal/apic_v3_screening_mci_ad/s1,42,nacc_to_adni,/zjs/AD_Project/dual_shift_github/outputs/journal/apic_v3_screening_mci_ad/s1/seed42/nacc_to_adni/ce_x/journal_metrics.json,ce_x,32,clean,0.010596351580425482,0.8577121845350244,0.9892122425789159,,,,,,,,,0.0,0.0,0.0,0.0,0.0,0.0,0.0,,
/zjs/AD_Project/dual_shift_github/outputs/journal/apic_v3_screening_mci_ad/s1,42,nacc_to_adni,/zjs/AD_Project/dual_shift_github/outputs/journal/apic_v3_screening_mci_ad/s1/seed42/nacc_to_adni/ce_x/journal_metrics.json,ce_x,33,clean,0.0035586907899189625,0.8903083103429701,0.986859276803843,,,,,,,,,0.0,0.0,0.0,0.0,0.0,0.0,0.0,,
/zjs/AD_Project/dual_shift_github/outputs/journal/apic_v3_screening_mci_ad/s1,42,nacc_to_adni,/zjs/AD_Project/dual_shift_github/outputs/journal/apic_v3_screening_mci_ad/s1/seed42/nacc_to_adni/ce_x/journal_metrics.json,ce_x,34,clean,0.001656152466108024,0.9157892065262772,0.9903682905263629,,,,,,,,,0.0,0.0,0.0,0.0,0.0,0.0,0.0,,
/zjs/AD_Project/dual_shift_github/outputs/journal/apic_v3_screening_mci_ad/s1,42,nacc_to_adni,/zjs/AD_Project/dual_shift_github/outputs/journal/apic_v3_screening_mci_ad/s1/seed42/nacc_to_adni/ce_x/journal_metrics.json,ce_x,35,clean,0.0032827496068364914,0.9599060789236442,0.9871633305061869,,,,,,,,,0.0,0.0,0.0,0.0,0.0,0.0,0.0,,
/zjs/AD_Project/dual_shift_github/outputs/journal/apic_v3_screening_mci_ad/s1,42,nacc_to_adni,/zjs/AD_Project/dual_shift_github/outputs/journal/apic_v3_screening_mci_ad/s1/seed42/nacc_to_adni/ce_x/journal_metrics.json,ce_x,36,clean,0.0016702849256803676,0.9592236632429136,0.9922170045910295,,,,,,,,,0.0,0.0,0.0,0.0,0.0,0.0,0.0,,
/zjs/AD_Project/dual_shift_github/outputs/journal/apic_v3_screening_mci_ad/s1,42,nacc_to_adni,/zjs/AD_Project/dual_shift_github/outputs/journal/apic_v3_screening_mci_ad/s1/seed42/nacc_to_adni/ce_x/journal_metrics.json,ce_x,37,clean,0.000913206482118298,1.0171396862109334,0.9897960506709922,,,,,,,,,0.0,0.0,0.0,0.0,0.0,0.0,0.0,,
/zjs/AD_Project/dual_shift_github/outputs/journal/apic_v3_screening_mci_ad/s1,42,nacc_to_adni,/zjs/AD_Project/dual_shift_github/outputs/journal/apic_v3_screening_mci_ad/s1/seed42/nacc_to_adni/ce_x/journal_metrics.json,ce_x,38,clean,0.001963740620133827,1.01443190720454,0.9955000598989685,,,,,,,,,0.0,0.0,0.0,0.0,0.0,0.0,0.0,,
/zjs/AD_Project/dual_shift_github/outputs/journal/apic_v3_screening_mci_ad/s1,42,nacc_to_adni,/zjs/AD_Project/dual_shift_github/outputs/journal/apic_v3_screening_mci_ad/s1/seed42/nacc_to_adni/ce_x/journal_metrics.json,ce_x,39,clean,0.0021631256508438117,0.9979839149712194,0.9898710260202755,,,,,,,,,0.0,0.0,0.0,0.0,0.0,0.0,0.0,,
/zjs/AD_Project/dual_shift_github/outputs/journal/apic_v3_screening_mci_ad/s1,42,nacc_to_adni,/zjs/AD_Project/dual_shift_github/outputs/journal/apic_v3_screening_mci_ad/s1/seed42/nacc_to_adni/ce_x/journal_metrics.json,ce_x,40,clean,0.0018744358924018295,1.0424180167847088,0.9797403276647513,,,,,,,,,0.0,0.0,0.0,0.0,0.0,0.0,0.0,,
/zjs/AD_Project/dual_shift_github/outputs/journal/apic_v3_screening_mci_ad/s1,42,nacc_to_adni,/zjs/AD_Project/dual_shift_github/outputs/journal/apic_v3_screening_mci_ad/s1/seed42/nacc_to_adni/ce_x/journal_metrics.json,ce_x,41,clean,0.0016778446229135128,1.0667561877414293,0.9864389255341555,,,,,,,,,0.0,0.0,0.0,0.0,0.0,0.0,0.0,,
/zjs/AD_Project/dual_shift_github/outputs/journal/apic_v3_screening_mci_ad/s1,42,nacc_to_adni,/zjs/AD_Project/dual_shift_github/outputs/journal/apic_v3_screening_mci_ad/s1/seed42/nacc_to_adni/ce_x/journal_metrics.json,ce_x,42,clean,0.0010592282316755485,1.061567985245046,0.9920193007041681,,,,,,,,,0.0,0.0,0.0,0.0,0.0,0.0,0.0,,
/zjs/AD_Project/dual_shift_github/outputs/journal/apic_v3_screening_mci_ad/s1,42,nacc_to_adni,/zjs/AD_Project/dual_shift_github/outputs/journal/apic_v3_screening_mci_ad/s1/seed42/nacc_to_adni/ce_x/journal_metrics.json,ce_x,43,clean,0.0030419765058730865,1.0917623552241664,0.9788554320910363,,,,,,,,,0.0,0.0,0.0,0.0,0.0,0.0,0.0,,
/zjs/AD_Project/dual_shift_github/outputs/journal/apic_v3_screening_mci_ad/s1,42,nacc_to_adni,/zjs/AD_Project/dual_shift_github/outputs/journal/apic_v3_screening_mci_ad/s1/seed42/nacc_to_adni/ce_x/journal_metrics.json,ce_x,44,clean,0.0013800556012357288,1.0708585817082803,0.9827318204159463,,,,,,,,,0.0,0.0,0.0,0.0,0.0,0.0,0.0,,
/zjs/AD_Project/dual_shift_github/outputs/journal/apic_v3_screening_mci_ad/s1,42,nacc_to_adni,/zjs/AD_Project/dual_shift_github/outputs/journal/apic_v3_screening_mci_ad/s1/seed42/nacc_to_adni/ce_x/journal_metrics.json,ce_x,45,clean,0.0009133983506957914,1.0892725351205947,0.9797647551961517,,,,,,,,,0.0,0.0,0.0,0.0,0.0,0.0,0.0,,
/zjs/AD_Project/dual_shift_github/outputs/journal/apic_v3_screening_mci_ad/s1,42,nacc_to_adni,/zjs/AD_Project/dual_shift_github/outputs/journal/apic_v3_screening_mci_ad/s1/seed42/nacc_to_adni/ce_x/journal_metrics.json,ce_x,46,clean,0.12497590937342352,6.2120780649004805,0.6310702164086706,,,,,,,,,0.0,0.0,0.0,0.0,0.0,0.0,0.0,,
/zjs/AD_Project/dual_shift_github/outputs/journal/apic_v3_screening_mci_ad/s1,42,nacc_to_adni,/zjs/AD_Project/dual_shift_github/outputs/journal/apic_v3_screening_mci_ad/s1/seed42/nacc_to_adni/ce_x/journal_metrics.json,ce_x,47,clean,0.3560874186331387,0.613338246472404,0.9158805804157041,,,,,,,,,0.0,0.0,0.0,0.0,0.0,0.0,0.0,,
/zjs/AD_Project/dual_shift_github/outputs/journal/apic_v3_screening_mci_ad/s1,42,nacc_to_adni,/zjs/AD_Project/dual_shift_github/outputs/journal/apic_v3_screening_mci_ad/s1/seed42/nacc_to_adni/ce_x/journal_metrics.json,ce_x,48,clean,0.25290099699914304,0.6063556348750914,0.9035967636353928,,,,,,,,,0.0,0.0,0.0,0.0,0.0,0.0,0.0,,
/zjs/AD_Project/dual_shift_github/outputs/journal/apic_v3_screening_mci_ad/s1,42,nacc_to_adni,/zjs/AD_Project/dual_shift_github/outputs/journal/apic_v3_screening_mci_ad/s1/seed42/nacc_to_adni/ce_x/journal_metrics.json,ce_x,49,clean,0.1351127154613874,1.6843649508202663,0.8128114691459983,,,,,,,,,0.0,0.0,0.0,0.0,0.0,0.0,0.0,,
/zjs/AD_Project/dual_shift_github/outputs/journal/apic_v3_screening_mci_ad/s1,42,nacc_to_adni,/zjs/AD_Project/dual_shift_github/outputs/journal/apic_v3_screening_mci_ad/s1/seed42/nacc_to_adni/ce_x/journal_metrics.json,ce_x,50,clean,0.07576966079248394,0.764930114069957,0.929105254575895,,,,,,,,,0.0,0.0,0.0,0.0,0.0,0.0,0.0,,
/zjs/AD_Project/dual_shift_github/outputs/journal/apic_v3_screening_mci_ad/s1,42,nacc_to_adni,/zjs/AD_Project/dual_shift_github/outputs/journal/apic_v3_screening_mci_ad/s1/seed42/nacc_to_adni/mixstyle_x/journal_metrics.json,mixstyle_x,1,mixstyle,0.5445920735904851,4.002151048974956,0.6617233437108447,,,,,,,,,0.0,0.0,0.0,0.0,0.0,0.0,0.0,,
/zjs/AD_Project/dual_shift_github/outputs/journal/apic_v3_screening_mci_ad/s1,42,nacc_to_adni,/zjs/AD_Project/dual_shift_github/outputs/journal/apic_v3_screening_mci_ad/s1/seed42/nacc_to_adni/mixstyle_x/journal_metrics.json,mixstyle_x,2,mixstyle,0.4965236942792676,2.5620109455281854,0.6172065587842798,,,,,,,,,0.0,0.0,0.0,0.0,0.0,0.0,0.0,,
/zjs/AD_Project/dual_shift_github/outputs/journal/apic_v3_screening_mci_ad/s1,42,nacc_to_adni,/zjs/AD_Project/dual_shift_github/outputs/journal/apic_v3_screening_mci_ad/s1/seed42/nacc_to_adni/mixstyle_x/journal_metrics.json,mixstyle_x,3,mixstyle,0.4417907009573327,0.6585849731096199,0.9193204155852663,,,,,,,,,0.0,0.0,0.0,0.0,0.0,0.0,0.0,,
/zjs/AD_Project/dual_shift_github/outputs/journal/apic_v3_screening_mci_ad/s1,42,nacc_to_adni,/zjs/AD_Project/dual_shift_github/outputs/journal/apic_v3_screening_mci_ad/s1/seed42/nacc_to_adni/mixstyle_x/journal_metrics.json,mixstyle_x,4,mixstyle,0.3320739947873907,0.7991198691070304,0.9115530911288701,,,,,,,,,0.0,0.0,0.0,0.0,0.0,0.0,0.0,,
/zjs/AD_Project/dual_shift_github/outputs/journal/apic_v3_screening_mci_ad/s1,42,nacc_to_adni,/zjs/AD_Project/dual_shift_github/outputs/journal/apic_v3_screening_mci_ad/s1/seed42/nacc_to_adni/mixstyle_x/journal_metrics.json,mixstyle_x,5,mixstyle,0.3627348833035716,0.5992508061314211,0.9337418611052726,,,,,,,,,0.0,0.0,0.0,0.0,0.0,0.0,0.0,,
/zjs/AD_Project/dual_shift_github/outputs/journal/apic_v3_screening_mci_ad/s1,42,nacc_to_adni,/zjs/AD_Project/dual_shift_github/outputs/journal/apic_v3_screening_mci_ad/s1/seed42/nacc_to_adni/mixstyle_x/journal_metrics.json,mixstyle_x,6,mixstyle,0.32615027305929317,0.9957509005925429,0.9032371153198903,,,,,,,,,0.0,0.0,0.0,0.0,0.0,0.0,0.0,,
/zjs/AD_Project/dual_shift_github/outputs/journal/apic_v3_screening_mci_ad/s1,42,nacc_to_adni,/zjs/AD_Project/dual_shift_github/outputs/journal/apic_v3_screening_mci_ad/s1/seed42/nacc_to_adni/mixstyle_x/journal_metrics.json,mixstyle_x,7,mixstyle,0.2535237543496121,0.6563303927222225,0.9576095955033195,,,,,,,,,0.0,0.0,0.0,0.0,0.0,0.0,0.0,,
/zjs/AD_Project/dual_shift_github/outputs/journal/apic_v3_screening_mci_ad/s1,42,nacc_to_adni,/zjs/AD_Project/dual_shift_github/outputs/journal/apic_v3_screening_mci_ad/s1/seed42/nacc_to_adni/mixstyle_x/journal_metrics.json,mixstyle_x,8,mixstyle,0.26391535769840796,1.684199464286715,0.8680163793788654,,,,,,,,,0.0,0.0,0.0,0.0,0.0,0.0,0.0,,
/zjs/AD_Project/dual_shift_github/outputs/journal/apic_v3_screening_mci_ad/s1,42,nacc_to_adni,/zjs/AD_Project/dual_shift_github/outputs/journal/apic_v3_screening_mci_ad/s1/seed42/nacc_to_adni/mixstyle_x/journal_metrics.json,mixstyle_x,9,mixstyle,0.16417351702573835,0.5917020948197609,0.9424006182652049,,,,,,,,,0.0,0.0,0.0,0.0,0.0,0.0,0.0,,
/zjs/AD_Project/dual_shift_github/outputs/journal/apic_v3_screening_mci_ad/s1,42,nacc_to_adni,/zjs/AD_Project/dual_shift_github/outputs/journal/apic_v3_screening_mci_ad/s1/seed42/nacc_to_adni/mixstyle_x/journal_metrics.json,mixstyle_x,10,mixstyle,0.19402838433545427,0.6686632542247722,0.938058147494151,,,,,,,,,0.0,0.0,0.0,0.0,0.0,0.0,0.0,,
/zjs/AD_Project/dual_shift_github/outputs/journal/apic_v3_screening_mci_ad/s1,42,nacc_to_adni,/zjs/AD_Project/dual_shift_github/outputs/journal/apic_v3_screening_mci_ad/s1/seed42/nacc_to_adni/mixstyle_x/journal_metrics.json,mixstyle_x,11,mixstyle,0.17938334752143043,0.7364752979006415,0.977834527587808,,,,,,,,,0.0,0.0,0.0,0.0,0.0,0.0,0.0,,
/zjs/AD_Project/dual_shift_github/outputs/journal/apic_v3_screening_mci_ad/s1,42,nacc_to_adni,/zjs/AD_Project/dual_shift_github/outputs/journal/apic_v3_screening_mci_ad/s1/seed42/nacc_to_adni/mixstyle_x/journal_metrics.json,mixstyle_x,12,mixstyle,0.16295960084199138,0.6801796993792155,0.9619974621474406,,,,,,,,,0.0,0.0,0.0,0.0,0.0,0.0,0.0,,
/zjs/AD_Project/dual_shift_github/outputs/journal/apic_v3_screening_mci_ad/s1,42,nacc_to_adni,/zjs/AD_Project/dual_shift_github/outputs/journal/apic_v3_screening_mci_ad/s1/seed42/nacc_to_adni/mixstyle_x/journal_metrics.json,mixstyle_x,13,mixstyle,0.10673441992803794,0.6964632708750423,0.9723844931858797,,,,,,,,,0.0,0.0,0.0,0.0,0.0,0.0,0.0,,
/zjs/AD_Project/dual_shift_github/outputs/journal/apic_v3_screening_mci_ad/s1,42,nacc_to_adni,/zjs/AD_Project/dual_shift_github/outputs/journal/apic_v3_screening_mci_ad/s1/seed42/nacc_to_adni/mixstyle_x/journal_metrics.json,mixstyle_x,14,mixstyle,0.07428505272153266,1.208430458541655,0.9293143999046574,,,,,,,,,0.0,0.0,0.0,0.0,0.0,0.0,0.0,,
/zjs/AD_Project/dual_shift_github/outputs/journal/apic_v3_screening_mci_ad/s1,42,nacc_to_adni,/zjs/AD_Project/dual_shift_github/outputs/journal/apic_v3_screening_mci_ad/s1/seed42/nacc_to_adni/mixstyle_x/journal_metrics.json,mixstyle_x,15,mixstyle,0.15528061233470505,0.8732532467237932,0.929619691418978,,,,,,,,,0.0,0.0,0.0,0.0,0.0,0.0,0.0,,
/zjs/AD_Project/dual_shift_github/outputs/journal/apic_v3_screening_mci_ad/s1,42,nacc_to_adni,/zjs/AD_Project/dual_shift_github/outputs/journal/apic_v3_screening_mci_ad/s1/seed42/nacc_to_adni/mixstyle_x/journal_metrics.json,mixstyle_x,16,mixstyle,0.10434809163784052,1.5866546296915898,0.8921802405609036,,,,,,,,,0.0,0.0,0.0,0.0,0.0,0.0,0.0,,
/zjs/AD_Project/dual_shift_github/outputs/journal/apic_v3_screening_mci_ad/s1,42,nacc_to_adni,/zjs/AD_Project/dual_shift_github/outputs/journal/apic_v3_screening_mci_ad/s1/seed42/nacc_to_adni/mixstyle_x/journal_metrics.json,mixstyle_x,17,mixstyle,0.07876465255370575,0.7603101523490657,0.9821630551872798,,,,,,,,,0.0,0.0,0.0,0.0,0.0,0.0,0.0,,
/zjs/AD_Project/dual_shift_github/outputs/journal/apic_v3_screening_mci_ad/s1,42,nacc_to_adni,/zjs/AD_Project/dual_shift_github/outputs/journal/apic_v3_screening_mci_ad/s1/seed42/nacc_to_adni/mixstyle_x/journal_metrics.json,mixstyle_x,18,mixstyle,0.03496222457003578,0.7945760510594031,0.9553147625507912,,,,,,,,,0.0,0.0,0.0,0.0,0.0,0.0,0.0,,
/zjs/AD_Project/dual_shift_github/outputs/journal/apic_v3_screening_mci_ad/s1,42,nacc_to_adni,/zjs/AD_Project/dual_shift_github/outputs/journal/apic_v3_screening_mci_ad/s1/seed42/nacc_to_adni/mixstyle_x/journal_metrics.json,mixstyle_x,19,mixstyle,0.10758794378009193,0.7817637905587015,0.959091736021448,,,,,,,,,0.0,0.0,0.0,0.0,0.0,0.0,0.0,,
/zjs/AD_Project/dual_shift_github/outputs/journal/apic_v3_screening_mci_ad/s1,42,nacc_to_adni,/zjs/AD_Project/dual_shift_github/outputs/journal/apic_v3_screening_mci_ad/s1/seed42/nacc_to_adni/mixstyle_x/journal_metrics.json,mixstyle_x,20,mixstyle,0.05198171971841072,1.0032299738527228,0.9691700581622964,,,,,,,,,0.0,0.0,0.0,0.0,0.0,0.0,0.0,,
/zjs/AD_Project/dual_shift_github/outputs/journal/apic_v3_screening_mci_ad/s1,42,nacc_to_adni,/zjs/AD_Project/dual_shift_github/outputs/journal/apic_v3_screening_mci_ad/s1/seed42/nacc_to_adni/mixstyle_x/journal_metrics.json,mixstyle_x,21,mixstyle,0.049688768768131004,0.8241384193927918,0.9529789193864785,,,,,,,,,0.0,0.0,0.0,0.0,0.0,0.0,0.0,,
/zjs/AD_Project/dual_shift_github/outputs/journal/apic_v3_screening_mci_ad/s1,42,nacc_to_adni,/zjs/AD_Project/dual_shift_github/outputs/journal/apic_v3_screening_mci_ad/s1/seed42/nacc_to_adni/mixstyle_x/journal_metrics.json,mixstyle_x,22,mixstyle,0.02207251445428689,0.729712428092034,0.9593762704392793,,,,,,,,,0.0,0.0,0.0,0.0,0.0,0.0,0.0,,
/zjs/AD_Project/dual_shift_github/outputs/journal/apic_v3_screening_mci_ad/s1,42,nacc_to_adni,/zjs/AD_Project/dual_shift_github/outputs/journal/apic_v3_screening_mci_ad/s1/seed42/nacc_to_adni/mixstyle_x/journal_metrics.json,mixstyle_x,23,mixstyle,0.007904999346361909,0.842478946759453,0.9714580808105824,,,,,,,,,0.0,0.0,0.0,0.0,0.0,0.0,0.0,,
/zjs/AD_Project/dual_shift_github/outputs/journal/apic_v3_screening_mci_ad/s1,42,nacc_to_adni,/zjs/AD_Project/dual_shift_github/outputs/journal/apic_v3_screening_mci_ad/s1/seed42/nacc_to_adni/mixstyle_x/journal_metrics.json,mixstyle_x,24,mixstyle,0.007998476764151212,0.9801603841193369,0.9463953056276398,,,,,,,,,0.0,0.0,0.0,0.0,0.0,0.0,0.0,,
/zjs/AD_Project/dual_shift_github/outputs/journal/apic_v3_screening_mci_ad/s1,42,nacc_to_adni,/zjs/AD_Project/dual_shift_github/outputs/journal/apic_v3_screening_mci_ad/s1/seed42/nacc_to_adni/mixstyle_x/journal_metrics.json,mixstyle_x,25,mixstyle,0.021264253489789553,1.3594744128448175,0.9138683576757713,,,,,,,,,0.0,0.0,0.0,0.0,0.0,0.0,0.0,,
/zjs/AD_Project/dual_shift_github/outputs/journal/apic_v3_screening_mci_ad/s1,42,nacc_to_adni,/zjs/AD_Project/dual_shift_github/outputs/journal/apic_v3_screening_mci_ad/s1/seed42/nacc_to_adni/mixstyle_x/journal_metrics.json,mixstyle_x,26,mixstyle,0.06416198584375922,0.834609283741364,0.9328489443661862,,,,,,,,,0.0,0.0,0.0,0.0,0.0,0.0,0.0,,
/zjs/AD_Project/dual_shift_github/outputs/journal/apic_v3_screening_mci_ad/s1,42,nacc_to_adni,/zjs/AD_Project/dual_shift_github/outputs/journal/apic_v3_screening_mci_ad/s1/seed42/nacc_to_adni/mixstyle_x/journal_metrics.json,mixstyle_x,27,mixstyle,0.02735913348622433,3.0006417401319165,0.8329769536356846,,,,,,,,,0.0,0.0,0.0,0.0,0.0,0.0,0.0,,
/zjs/AD_Project/dual_shift_github/outputs/journal/apic_v3_screening_mci_ad/s1,42,nacc_to_adni,/zjs/AD_Project/dual_shift_github/outputs/journal/apic_v3_screening_mci_ad/s1/seed42/nacc_to_adni/mixstyle_x/journal_metrics.json,mixstyle_x,28,mixstyle,0.20316593716228284,0.5571500329555474,0.9782272609513537,,,,,,,,,0.0,0.0,0.0,0.0,0.0,0.0,0.0,,
/zjs/AD_Project/dual_shift_github/outputs/journal/apic_v3_screening_mci_ad/s1,42,nacc_to_adni,/zjs/AD_Project/dual_shift_github/outputs/journal/apic_v3_screening_mci_ad/s1/seed42/nacc_to_adni/mixstyle_x/journal_metrics.json,mixstyle_x,29,mixstyle,0.04793088786428813,1.0102066524568385,0.9318438326745487,,,,,,,,,0.0,0.0,0.0,0.0,0.0,0.0,0.0,,
/zjs/AD_Project/dual_shift_github/outputs/journal/apic_v3_screening_mci_ad/s1,42,nacc_to_adni,/zjs/AD_Project/dual_shift_github/outputs/journal/apic_v3_screening_mci_ad/s1/seed42/nacc_to_adni/mixstyle_x/journal_metrics.json,mixstyle_x,30,mixstyle,0.018328155822075,0.8007112839911308,0.9590646999970575,,,,,,,,,0.0,0.0,0.0,0.0,0.0,0.0,0.0,,
/zjs/AD_Project/dual_shift_github/outputs/journal/apic_v3_screening_mci_ad/s1,42,nacc_to_adni,/zjs/AD_Project/dual_shift_github/outputs/journal/apic_v3_screening_mci_ad/s1/seed42/nacc_to_adni/mixstyle_x/journal_metrics.json,mixstyle_x,31,mixstyle,0.013658822254582606,0.9309677586390084,0.9610831602449004,,,,,,,,,0.0,0.0,0.0,0.0,0.0,0.0,0.0,,
/zjs/AD_Project/dual_shift_github/outputs/journal/apic_v3_screening_mci_ad/s1,42,nacc_to_adni,/zjs/AD_Project/dual_shift_github/outputs/journal/apic_v3_screening_mci_ad/s1/seed42/nacc_to_adni/mixstyle_x/journal_metrics.json,mixstyle_x,32,mixstyle,0.006999662980382072,0.8438499860567937,0.9659557930994606,,,,,,,,,0.0,0.0,0.0,0.0,0.0,0.0,0.0,,
/zjs/AD_Project/dual_shift_github/outputs/journal/apic_v3_screening_mci_ad/s1,42,nacc_to_adni,/zjs/AD_Project/dual_shift_github/outputs/journal/apic_v3_screening_mci_ad/s1/seed42/nacc_to_adni/mixstyle_x/journal_metrics.json,mixstyle_x,33,mixstyle,0.005877946100807413,1.4255016067383033,0.9045838826309655,,,,,,,,,0.0,0.0,0.0,0.0,0.0,0.0,0.0,,
/zjs/AD_Project/dual_shift_github/outputs/journal/apic_v3_screening_mci_ad/s1,42,nacc_to_adni,/zjs/AD_Project/dual_shift_github/outputs/journal/apic_v3_screening_mci_ad/s1/seed42/nacc_to_adni/mixstyle_x/journal_metrics.json,mixstyle_x,34,mixstyle,0.004380192046042306,1.0241580597834865,0.9544310459224881,,,,,,,,,0.0,0.0,0.0,0.0,0.0,0.0,0.0,,
/zjs/AD_Project/dual_shift_github/outputs/journal/apic_v3_screening_mci_ad/s1,42,nacc_to_adni,/zjs/AD_Project/dual_shift_github/outputs/journal/apic_v3_screening_mci_ad/s1/seed42/nacc_to_adni/mixstyle_x/journal_metrics.json,mixstyle_x,35,mixstyle,0.005625916852858206,1.0257940683218465,0.9551663373125934,,,,,,,,,0.0,0.0,0.0,0.0,0.0,0.0,0.0,,
/zjs/AD_Project/dual_shift_github/outputs/journal/apic_v3_screening_mci_ad/s1,42,nacc_to_adni,/zjs/AD_Project/dual_shift_github/outputs/journal/apic_v3_screening_mci_ad/s1/seed42/nacc_to_adni/mixstyle_x/journal_metrics.json,mixstyle_x,36,mixstyle,0.0016968920337847558,0.9606509648821022,0.9613226301152126,,,,,,,,,0.0,0.0,0.0,0.0,0.0,0.0,0.0,,
/zjs/AD_Project/dual_shift_github/outputs/journal/apic_v3_screening_mci_ad/s1,42,nacc_to_adni,/zjs/AD_Project/dual_shift_github/outputs/journal/apic_v3_screening_mci_ad/s1/seed42/nacc_to_adni/mixstyle_x/journal_metrics.json,mixstyle_x,37,mixstyle,0.0013710980622527505,1.0122724605802556,0.9654535420250981,,,,,,,,,0.0,0.0,0.0,0.0,0.0,0.0,0.0,,
/zjs/AD_Project/dual_shift_github/outputs/journal/apic_v3_screening_mci_ad/s1,42,nacc_to_adni,/zjs/AD_Project/dual_shift_github/outputs/journal/apic_v3_screening_mci_ad/s1/seed42/nacc_to_adni/mixstyle_x/journal_metrics.json,mixstyle_x,38,mixstyle,0.0042237630886561,0.9598742228999639,0.9666865232787901,,,,,,,,,0.0,0.0,0.0,0.0,0.0,0.0,0.0,,
/zjs/AD_Project/dual_shift_github/outputs/journal/apic_v3_screening_mci_ad/s1,42,nacc_to_adni,/zjs/AD_Project/dual_shift_github/outputs/journal/apic_v3_screening_mci_ad/s1/seed42/nacc_to_adni/mixstyle_x/journal_metrics.json,mixstyle_x,39,mixstyle,0.004406612904558736,0.9748611540806696,0.9572196248853736,,,,,,,,,0.0,0.0,0.0,0.0,0.0,0.0,0.0,,
/zjs/AD_Project/dual_shift_github/outputs/journal/apic_v3_screening_mci_ad/s1,42,nacc_to_adni,/zjs/AD_Project/dual_shift_github/outputs/journal/apic_v3_screening_mci_ad/s1/seed42/nacc_to_adni/mixstyle_x/journal_metrics.json,mixstyle_x,40,mixstyle,0.0038201167338501336,1.0753223717787532,0.9596946954195789,,,,,,,,,0.0,0.0,0.0,0.0,0.0,0.0,0.0,,
/zjs/AD_Project/dual_shift_github/outputs/journal/apic_v3_screening_mci_ad/s1,42,nacc_to_adni,/zjs/AD_Project/dual_shift_github/outputs/journal/apic_v3_screening_mci_ad/s1/seed42/nacc_to_adni/mixstyle_x/journal_metrics.json,mixstyle_x,41,mixstyle,0.0029730189901586985,1.240849520603004,0.9532250614286512,,,,,,,,,0.0,0.0,0.0,0.0,0.0,0.0,0.0,,
/zjs/AD_Project/dual_shift_github/outputs/journal/apic_v3_screening_mci_ad/s1,42,nacc_to_adni,/zjs/AD_Project/dual_shift_github/outputs/journal/apic_v3_screening_mci_ad/s1/seed42/nacc_to_adni/mixstyle_x/journal_metrics.json,mixstyle_x,42,mixstyle,0.1434478884402779,0.6396525884327248,0.9678481668808072,,,,,,,,,0.0,0.0,0.0,0.0,0.0,0.0,0.0,,
/zjs/AD_Project/dual_shift_github/outputs/journal/apic_v3_screening_mci_ad/s1,42,nacc_to_adni,/zjs/AD_Project/dual_shift_github/outputs/journal/apic_v3_screening_mci_ad/s1/seed42/nacc_to_adni/mixstyle_x/journal_metrics.json,mixstyle_x,43,mixstyle,0.1630475052065917,1.1894231848166925,0.9316985425432153,,,,,,,,,0.0,0.0,0.0,0.0,0.0,0.0,0.0,,
/zjs/AD_Project/dual_shift_github/outputs/journal/apic_v3_screening_mci_ad/s1,42,nacc_to_adni,/zjs/AD_Project/dual_shift_github/outputs/journal/apic_v3_screening_mci_ad/s1/seed42/nacc_to_adni/mixstyle_x/journal_metrics.json,mixstyle_x,44,mixstyle,0.1231815053447697,0.7426078740045204,0.9511476798477934,,,,,,,,,0.0,0.0,0.0,0.0,0.0,0.0,0.0,,
/zjs/AD_Project/dual_shift_github/outputs/journal/apic_v3_screening_mci_ad/s1,42,nacc_to_adni,/zjs/AD_Project/dual_shift_github/outputs/journal/apic_v3_screening_mci_ad/s1/seed42/nacc_to_adni/mixstyle_x/journal_metrics.json,mixstyle_x,45,mixstyle,0.04420675633813629,0.8927728550366819,0.9357204892414666,,,,,,,,,0.0,0.0,0.0,0.0,0.0,0.0,0.0,,
/zjs/AD_Project/dual_shift_github/outputs/journal/apic_v3_screening_mci_ad/s1,42,nacc_to_adni,/zjs/AD_Project/dual_shift_github/outputs/journal/apic_v3_screening_mci_ad/s1/seed42/nacc_to_adni/mixstyle_x/journal_metrics.json,mixstyle_x,46,mixstyle,0.03073590656516824,1.0040573612769323,0.9346398897186243,,,,,,,,,0.0,0.0,0.0,0.0,0.0,0.0,0.0,,
/zjs/AD_Project/dual_shift_github/outputs/journal/apic_v3_screening_mci_ad/s1,42,nacc_to_adni,/zjs/AD_Project/dual_shift_github/outputs/journal/apic_v3_screening_mci_ad/s1/seed42/nacc_to_adni/mixstyle_x/journal_metrics.json,mixstyle_x,47,mixstyle,0.012603228087849031,1.0080306678677775,0.9293700606452506,,,,,,,,,0.0,0.0,0.0,0.0,0.0,0.0,0.0,,
/zjs/AD_Project/dual_shift_github/outputs/journal/apic_v3_screening_mci_ad/s1,42,nacc_to_adni,/zjs/AD_Project/dual_shift_github/outputs/journal/apic_v3_screening_mci_ad/s1/seed42/nacc_to_adni/mixstyle_x/journal_metrics.json,mixstyle_x,48,mixstyle,0.005556765422597048,1.0590102759245048,0.9546130910566224,,,,,,,,,0.0,0.0,0.0,0.0,0.0,0.0,0.0,,
/zjs/AD_Project/dual_shift_github/outputs/journal/apic_v3_screening_mci_ad/s1,42,nacc_to_adni,/zjs/AD_Project/dual_shift_github/outputs/journal/apic_v3_screening_mci_ad/s1/seed42/nacc_to_adni/mixstyle_x/journal_metrics.json,mixstyle_x,49,mixstyle,0.0034604037625201468,1.2030989815648627,0.9482574384028639,,,,,,,,,0.0,0.0,0.0,0.0,0.0,0.0,0.0,,
/zjs/AD_Project/dual_shift_github/outputs/journal/apic_v3_screening_mci_ad/s1,42,nacc_to_adni,/zjs/AD_Project/dual_shift_github/outputs/journal/apic_v3_screening_mci_ad/s1/seed42/nacc_to_adni/mixstyle_x/journal_metrics.json,mixstyle_x,50,mixstyle,0.0026271750485301307,1.148256516781254,0.9651273768852866,,,,,,,,,0.0,0.0,0.0,0.0,0.0,0.0,0.0,,
/zjs/AD_Project/dual_shift_github/outputs/journal/apic_v3_screening_mci_ad/s1,43,adni_to_nacc,/zjs/AD_Project/dual_shift_github/outputs/journal/apic_v3_screening_mci_ad/s1/seed43/adni_to_nacc/apic_v3_x/journal_metrics.json,apic_v3_x,1,clean_warmup,0.5753756040467484,0.8324170690200744,0.8045806967841405,,,,,,,,,0.0,0.0,0.0,0.0,0.0,0.0,0.0,0,0.0
/zjs/AD_Project/dual_shift_github/outputs/journal/apic_v3_screening_mci_ad/s1,43,adni_to_nacc,/zjs/AD_Project/dual_shift_github/outputs/journal/apic_v3_screening_mci_ad/s1/seed43/adni_to_nacc/apic_v3_x/journal_metrics.json,apic_v3_x,2,clean_warmup,0.4553300988039758,1.0005147276668374,0.699019768684276,,,,,,,,,0.0,0.0,0.0,0.0,0.0,0.0,0.0,0,0.0
/zjs/AD_Project/dual_shift_github/outputs/journal/apic_v3_screening_mci_ad/s1,43,adni_to_nacc,/zjs/AD_Project/dual_shift_github/outputs/journal/apic_v3_screening_mci_ad/s1/seed43/adni_to_nacc/apic_v3_x/journal_metrics.json,apic_v3_x,3,clean_warmup,0.4319198890266442,1.419127190707747,0.6374682586490369,,,,,,,,,0.0,0.0,0.0,0.0,0.0,0.0,0.0,0,0.0
/zjs/AD_Project/dual_shift_github/outputs/journal/apic_v3_screening_mci_ad/s1,43,adni_to_nacc,/zjs/AD_Project/dual_shift_github/outputs/journal/apic_v3_screening_mci_ad/s1/seed43/adni_to_nacc/apic_v3_x/journal_metrics.json,apic_v3_x,4,clean_warmup,0.4405754222580702,0.7882424998994267,0.7230224286491495,,,,,,,,,0.0,0.0,0.0,0.0,0.0,0.0,0.0,0,0.0
/zjs/AD_Project/dual_shift_github/outputs/journal/apic_v3_screening_mci_ad/s1,43,adni_to_nacc,/zjs/AD_Project/dual_shift_github/outputs/journal/apic_v3_screening_mci_ad/s1/seed43/adni_to_nacc/apic_v3_x/journal_metrics.json,apic_v3_x,5,clean_warmup,0.3180715726540968,1.1980009198940675,0.6122544133501648,,,,,,,,,0.0,0.0,0.0,0.0,0.0,0.0,0.0,0,0.0
/zjs/AD_Project/dual_shift_github/outputs/journal/apic_v3_screening_mci_ad/s1,43,adni_to_nacc,/zjs/AD_Project/dual_shift_github/outputs/journal/apic_v3_screening_mci_ad/s1/seed43/adni_to_nacc/apic_v3_x/journal_metrics.json,apic_v3_x,6,apis_warmup,0.746331346709982,0.9910064599040999,0.7467713228888795,,,,,,,,,1.018441477893671e-05,1.0,1.5707730289188977e-08,0.21272088159428965,0.984862495176863,0.09692109012884079,0.03479290646639201,8,404.0
/zjs/AD_Project/dual_shift_github/outputs/journal/apic_v3_screening_mci_ad/s1,43,adni_to_nacc,/zjs/AD_Project/dual_shift_github/outputs/journal/apic_v3_screening_mci_ad/s1/seed43/adni_to_nacc/apic_v3_x/journal_metrics.json,apic_v3_x,7,apis_warmup,0.8561794046165034,1.0913504184044283,0.5530893893473415,,,,,,,,,2.7497922126325884e-06,1.0,2.291181732347792e-08,0.23501936279901184,0.976804534987648,0.1145809514097648,0.03928878180461355,8,808.0
/zjs/AD_Project/dual_shift_github/outputs/journal/apic_v3_screening_mci_ad/s1,43,adni_to_nacc,/zjs/AD_Project/dual_shift_github/outputs/journal/apic_v3_screening_mci_ad/s1/seed43/adni_to_nacc/apic_v3_x/journal_metrics.json,apic_v3_x,8,apis_warmup,0.82053939127686,0.9096412894170766,0.6953655437067484,,,,,,,,,5.019240492996201e-06,1.0,5.651943958395854e-08,0.2292644779871006,0.9787349075374037,0.11264318766275255,0.03812021518697833,8,1212.0
/zjs/AD_Project/dual_shift_github/outputs/journal/apic_v3_screening_mci_ad/s1,43,adni_to_nacc,/zjs/AD_Project/dual_shift_github/outputs/journal/apic_v3_screening_mci_ad/s1/seed43/adni_to_nacc/apic_v3_x/journal_metrics.json,apic_v3_x,9,apis_warmup,0.6934442821484391,0.9207147693415301,0.7024307490338115,,,,,,,,,3.4216834243431214e-06,1.0,6.649735695418713e-08,0.2019145394315814,0.9876679335490312,0.08821021463021193,0.03269479136065681,8,1616.0
/zjs/AD_Project/dual_shift_github/outputs/journal/apic_v3_screening_mci_ad/s1,43,adni_to_nacc,/zjs/AD_Project/dual_shift_github/outputs/journal/apic_v3_screening_mci_ad/s1/seed43/adni_to_nacc/apic_v3_x/journal_metrics.json,apic_v3_x,10,apis_warmup,0.6304487331890234,0.7772813977485676,0.7343857280296437,,,,,,,,,1.1356693502790169e-05,1.0,2.0596258628635347e-07,0.21428247312508006,0.9835695541731202,0.10536527707435117,0.035136607872082455,8,2020.0
/zjs/AD_Project/dual_shift_github/outputs/journal/apic_v3_screening_mci_ad/s1,43,adni_to_nacc,/zjs/AD_Project/dual_shift_github/outputs/journal/apic_v3_screening_mci_ad/s1/seed43/adni_to_nacc/apic_v3_x/journal_metrics.json,apic_v3_x,11,joint,0.49960947314295734,0.9091722609799936,0.7627024276197816,,,,,,,,,2.2018169892641647e-05,1.0,3.6392936403944534e-07,0.23443315937967585,0.9764228888077311,0.11750109434717952,0.03921526611441433,8,2424.0
/zjs/AD_Project/dual_shift_github/outputs/journal/apic_v3_screening_mci_ad/s1,43,adni_to_nacc,/zjs/AD_Project/dual_shift_github/outputs/journal/apic_v3_screening_mci_ad/s1/seed43/adni_to_nacc/apic_v3_x/journal_metrics.json,apic_v3_x,12,joint,0.4853005594029875,1.2242348985148406,0.6677555668408742,,,,,,,,,8.98016673550001e-06,1.0,2.2227492411669272e-07,0.21577874268635666,0.9829263061580091,0.09978748135047384,0.03537593110658155,8,2828.0
/zjs/AD_Project/dual_shift_github/outputs/journal/apic_v3_screening_mci_ad/s1,43,adni_to_nacc,/zjs/AD_Project/dual_shift_github/outputs/journal/apic_v3_screening_mci_ad/s1/seed43/adni_to_nacc/apic_v3_x/journal_metrics.json,apic_v3_x,13,joint,0.35867588991981625,0.8196288228991928,0.7800781211630139,,,,,,,,,8.607450682926482e-06,1.0,2.484652300846518e-07,0.20696885647750138,0.9858046250768228,0.09420429192262121,0.03360620994895402,8,3232.0
/zjs/AD_Project/dual_shift_github/outputs/journal/apic_v3_screening_mci_ad/s1,43,adni_to_nacc,/zjs/AD_Project/dual_shift_github/outputs/journal/apic_v3_screening_mci_ad/s1/seed43/adni_to_nacc/apic_v3_x/journal_metrics.json,apic_v3_x,14,joint,0.3886811350389282,1.4221331199733627,0.7412435240318074,,,,,,,,,1.2830620819093581e-05,1.0,3.2561030743838975e-07,0.19184750628353345,0.9900938461322596,0.08666315032999114,0.030684028244992292,8,3636.0
/zjs/AD_Project/dual_shift_github/outputs/journal/apic_v3_screening_mci_ad/s1,43,adni_to_nacc,/zjs/AD_Project/dual_shift_github/outputs/journal/apic_v3_screening_mci_ad/s1/seed43/adni_to_nacc/apic_v3_x/journal_metrics.json,apic_v3_x,15,joint,0.33517045819080704,0.8657289020238667,0.7833033538460699,,,,,,,,,8.434138761562154e-06,1.0,2.5042795517821456e-07,0.18205311805895058,0.992259659389458,0.07431136307739976,0.028906370835876702,8,4040.0
/zjs/AD_Project/dual_shift_github/outputs/journal/apic_v3_screening_mci_ad/s1,43,adni_to_nacc,/zjs/AD_Project/dual_shift_github/outputs/journal/apic_v3_screening_mci_ad/s1/seed43/adni_to_nacc/apic_v3_x/journal_metrics.json,apic_v3_x,16,joint,0.32776703671229507,0.8750233909268992,0.7849316272607623,,,,,,,,,1.2507788268170644e-05,1.0,3.367081040386717e-07,0.18406537942367024,0.9914583817566975,0.07844651958877498,0.029335587737288806,8,4444.0
/zjs/AD_Project/dual_shift_github/outputs/journal/apic_v3_screening_mci_ad/s1,43,adni_to_nacc,/zjs/AD_Project/dual_shift_github/outputs/journal/apic_v3_screening_mci_ad/s1/seed43/adni_to_nacc/apic_v3_x/journal_metrics.json,apic_v3_x,17,joint,0.4340508486891147,0.8986181630112162,0.7672728142624972,,,,,,,,,1.1011653853502408e-05,1.0,3.411831709915379e-07,0.18186065023488338,0.9922246714629749,0.07975802002566876,0.028838711929055724,8,4848.0
/zjs/AD_Project/dual_shift_github/outputs/journal/apic_v3_screening_mci_ad/s1,43,adni_to_nacc,/zjs/AD_Project/dual_shift_github/outputs/journal/apic_v3_screening_mci_ad/s1/seed43/adni_to_nacc/apic_v3_x/journal_metrics.json,apic_v3_x,18,joint,0.2545861237138362,1.0722539333985486,0.7310425582313652,,,,,,,,,6.530768109994392e-06,1.0,2.549103818061064e-07,0.18610077727549146,0.9921242081292785,0.07464931835189904,0.0294592306202296,8,5252.0
/zjs/AD_Project/dual_shift_github/outputs/journal/apic_v3_screening_mci_ad/s1,43,adni_to_nacc,/zjs/AD_Project/dual_shift_github/outputs/journal/apic_v3_screening_mci_ad/s1/seed43/adni_to_nacc/apic_v3_x/journal_metrics.json,apic_v3_x,19,joint,0.17176113085876596,0.6944128117190862,0.8615714131987844,,,,,,,,,7.259658282732339e-06,1.0,2.816462236325768e-07,0.17002388097272061,0.9948286732824723,0.060183993181084645,0.02668467650909235,8,5656.0
/zjs/AD_Project/dual_shift_github/outputs/journal/apic_v3_screening_mci_ad/s1,43,adni_to_nacc,/zjs/AD_Project/dual_shift_github/outputs/journal/apic_v3_screening_mci_ad/s1/seed43/adni_to_nacc/apic_v3_x/journal_metrics.json,apic_v3_x,20,joint,0.17529858320739378,0.8997437153865985,0.7849596496619796,,,,,,,,,6.499132493922618e-06,1.0,2.551734364051119e-07,0.17106205313512596,0.9947073967149942,0.061922613125626406,0.026841959851508092,8,6060.0
/zjs/AD_Project/dual_shift_github/outputs/journal/apic_v3_screening_mci_ad/s1,43,adni_to_nacc,/zjs/AD_Project/dual_shift_github/outputs/journal/apic_v3_screening_mci_ad/s1/seed43/adni_to_nacc/apic_v3_x/journal_metrics.json,apic_v3_x,21,joint,0.15121855735686598,1.5420618226095915,0.7033992170050762,,,,,,,,,4.844895581507192e-06,1.0,1.9741373399361997e-07,0.16941117384646198,0.995159647842445,0.05881587725759733,0.026533505445954824,8,6464.0
/zjs/AD_Project/dual_shift_github/outputs/journal/apic_v3_screening_mci_ad/s1,43,adni_to_nacc,/zjs/AD_Project/dual_shift_github/outputs/journal/apic_v3_screening_mci_ad/s1/seed43/adni_to_nacc/apic_v3_x/journal_metrics.json,apic_v3_x,22,joint,0.267483240283915,1.137264592931905,0.7145933647645307,,,,,,,,,7.264967167645976e-06,1.0,3.423553862668798e-07,0.18900542403801834,0.9902293263095441,0.07649812128136654,0.030088222225998888,8,6868.0
/zjs/AD_Project/dual_shift_github/outputs/journal/apic_v3_screening_mci_ad/s1,43,adni_to_nacc,/zjs/AD_Project/dual_shift_github/outputs/journal/apic_v3_screening_mci_ad/s1/seed43/adni_to_nacc/apic_v3_x/journal_metrics.json,apic_v3_x,23,joint,0.12667051431870474,1.024968789525142,0.7673679336584812,,,,,,,,,1.8134110475086957e-05,1.0,6.829926284205279e-07,0.2312758972149084,0.977342688801265,0.1116588686657424,0.03815681476256635,8,7272.0
/zjs/AD_Project/dual_shift_github/outputs/journal/apic_v3_screening_mci_ad/s1,43,adni_to_nacc,/zjs/AD_Project/dual_shift_github/outputs/journal/apic_v3_screening_mci_ad/s1/seed43/adni_to_nacc/apic_v3_x/journal_metrics.json,apic_v3_x,24,joint,0.11198709477522954,0.8072350935651622,0.8308909135056807,,,,,,,,,9.420764858801514e-06,1.0,4.336009481849573e-07,0.21565830958361673,0.9824666729067811,0.10319857646038036,0.03511393125547041,8,7676.0
/zjs/AD_Project/dual_shift_github/outputs/journal/apic_v3_screening_mci_ad/s1,43,adni_to_nacc,/zjs/AD_Project/dual_shift_github/outputs/journal/apic_v3_screening_mci_ad/s1/seed43/adni_to_nacc/apic_v3_x/journal_metrics.json,apic_v3_x,25,joint,0.03868233707576695,1.0170624514682851,0.7780907426467439,,,,,,,,,1.1463081603319597e-06,1.0,1.5167508827784837e-07,0.1905912196282113,0.9910042675414888,0.07539919453977358,0.03012706444478861,8,8080.0
/zjs/AD_Project/dual_shift_github/outputs/journal/apic_v3_screening_mci_ad/s1,43,adni_to_nacc,/zjs/AD_Project/dual_shift_github/outputs/journal/apic_v3_screening_mci_ad/s1/seed43/adni_to_nacc/apic_v3_x/journal_metrics.json,apic_v3_x,26,joint,0.026515368909326077,1.0839729747957114,0.8386622474831892,,,,,,,,,1.3921825076959248e-06,1.0,1.6005423967917882e-07,0.19241331916044255,0.9904278711517258,0.07932683987782733,0.030464802490602627,8,8484.0
/zjs/AD_Project/dual_shift_github/outputs/journal/apic_v3_screening_mci_ad/s1,43,adni_to_nacc,/zjs/AD_Project/dual_shift_github/outputs/journal/apic_v3_screening_mci_ad/s1/seed43/adni_to_nacc/apic_v3_x/journal_metrics.json,apic_v3_x,27,joint,0.055665356389161584,0.8337846451114282,0.8766597673243495,,,,,,,,,4.537160076450722e-06,1.0,2.4250316799749936e-07,0.18079881960212593,0.9929131776979654,0.07021293276459864,0.02841114973889129,8,8888.0
/zjs/AD_Project/dual_shift_github/outputs/journal/apic_v3_screening_mci_ad/s1,43,adni_to_nacc,/zjs/AD_Project/dual_shift_github/outputs/journal/apic_v3_screening_mci_ad/s1/seed43/adni_to_nacc/apic_v3_x/journal_metrics.json,apic_v3_x,28,joint,0.11275306196380776,1.22731539150465,0.7606314063883076,,,,,,,,,7.657888171805926e-06,1.0,2.900448486183684e-07,0.16845774458776605,0.9949903989782428,0.06045880176053189,0.026309057203407336,8,9292.0
/zjs/AD_Project/dual_shift_github/outputs/journal/apic_v3_screening_mci_ad/s1,43,adni_to_nacc,/zjs/AD_Project/dual_shift_github/outputs/journal/apic_v3_screening_mci_ad/s1/seed43/adni_to_nacc/apic_v3_x/journal_metrics.json,apic_v3_x,29,joint,0.12651729420297733,1.2162364822120295,0.6469083482369247,,,,,,,,,3.4050245577049335e-06,1.0,2.0683143808434247e-07,0.17417976525750492,0.9943562793259574,0.06371178411611236,0.027238449542829307,8,9696.0
/zjs/AD_Project/dual_shift_github/outputs/journal/apic_v3_screening_mci_ad/s1,43,adni_to_nacc,/zjs/AD_Project/dual_shift_github/outputs/journal/apic_v3_screening_mci_ad/s1/seed43/adni_to_nacc/apic_v3_x/journal_metrics.json,apic_v3_x,30,joint,0.35495043089521106,0.9449966120311495,0.7347352027246999,,,,,,,,,3.6218184583625467e-06,1.0,2.2890730617059535e-07,0.16503183956783596,0.9951863495430143,0.05878200662313121,0.025725923201972895,8,10100.0
/zjs/AD_Project/dual_shift_github/outputs/journal/apic_v3_screening_mci_ad/s1,43,adni_to_nacc,/zjs/AD_Project/dual_shift_github/outputs/journal/apic_v3_screening_mci_ad/s1/seed43/adni_to_nacc/apic_v3_x/journal_metrics.json,apic_v3_x,31,joint,0.18079454287204264,1.0567700772828192,0.6875071827648821,,,,,,,,,8.958868823419204e-06,1.0,4.737334641972531e-07,0.17950137785755763,0.9923740967665569,0.06894786231736146,0.028191017448016914,8,10504.0
/zjs/AD_Project/dual_shift_github/outputs/journal/apic_v3_screening_mci_ad/s1,43,adni_to_nacc,/zjs/AD_Project/dual_shift_github/outputs/journal/apic_v3_screening_mci_ad/s1/seed43/adni_to_nacc/apic_v3_x/journal_metrics.json,apic_v3_x,32,joint,0.09410657695872654,0.8160790085040648,0.773239147694508,,,,,,,,,3.1774309162405063e-06,1.0,1.954821620835005e-07,0.1669308348457412,0.9953603000924138,0.055301455688653606,0.025963312254683808,8,10908.0
/zjs/AD_Project/dual_shift_github/outputs/journal/apic_v3_screening_mci_ad/s1,43,adni_to_nacc,/zjs/AD_Project/dual_shift_github/outputs/journal/apic_v3_screening_mci_ad/s1/seed43/adni_to_nacc/apic_v3_x/journal_metrics.json,apic_v3_x,33,joint,0.04115800983456913,1.0020760710205916,0.7889454752147974,,,,,,,,,2.97541098231056e-06,1.0,2.0491870987310148e-07,0.20029457975732218,0.9871021745228531,0.08354022103075934,0.03192178722434115,8,11312.0
/zjs/AD_Project/dual_shift_github/outputs/journal/apic_v3_screening_mci_ad/s1,43,adni_to_nacc,/zjs/AD_Project/dual_shift_github/outputs/journal/apic_v3_screening_mci_ad/s1/seed43/adni_to_nacc/apic_v3_x/journal_metrics.json,apic_v3_x,34,joint,0.027200278227844526,1.3595798816713462,0.7655070285691575,,,,,,,,,1.7624248720053266e-06,1.0,1.8336274330362591e-07,0.19892486310241245,0.9870880777292913,0.08160131845143762,0.031692642331270886,8,11716.0
/zjs/AD_Project/dual_shift_github/outputs/journal/apic_v3_screening_mci_ad/s1,43,adni_to_nacc,/zjs/AD_Project/dual_shift_github/outputs/journal/apic_v3_screening_mci_ad/s1/seed43/adni_to_nacc/apic_v3_x/journal_metrics.json,apic_v3_x,35,joint,0.012705534172710031,0.945490871723784,0.8113171519285914,,,,,,,,,1.2242529796349298e-06,1.0,1.3796469325833335e-07,0.17581820591251449,0.9911891074463872,0.05458942007752928,0.027664425035957063,8,12120.0
/zjs/AD_Project/dual_shift_github/outputs/journal/apic_v3_screening_mci_ad/s1,43,adni_to_nacc,/zjs/AD_Project/dual_shift_github/outputs/journal/apic_v3_screening_mci_ad/s1/seed43/adni_to_nacc/apic_v3_x/journal_metrics.json,apic_v3_x,36,joint,0.0070760122671525115,1.102052191729495,0.780975874846925,,,,,,,,,2.2288632721645823e-07,1.0,5.106461724755835e-08,0.17307245510049385,0.9915357745519959,0.050487855283340606,0.027205949796750995,8,12524.0
/zjs/AD_Project/dual_shift_github/outputs/journal/apic_v3_screening_mci_ad/s1,43,adni_to_nacc,/zjs/AD_Project/dual_shift_github/outputs/journal/apic_v3_screening_mci_ad/s1/seed43/adni_to_nacc/apic_v3_x/journal_metrics.json,apic_v3_x,37,joint,0.006938809308795129,1.0022044231401706,0.7900218159634051,,,,,,,,,1.8586334418290393e-07,1.0,4.883324343796126e-08,0.1719628573939352,0.9914298016246003,0.04853927170728693,0.027038434040870998,8,12928.0
/zjs/AD_Project/dual_shift_github/outputs/journal/apic_v3_screening_mci_ad/s1,43,adni_to_nacc,/zjs/AD_Project/dual_shift_github/outputs/journal/apic_v3_screening_mci_ad/s1/seed43/adni_to_nacc/apic_v3_x/journal_metrics.json,apic_v3_x,38,joint,0.004192802598895874,1.0325178843239373,0.7996523561148703,,,,,,,,,1.5230795061244304e-07,1.0,4.302316329379115e-08,0.16743577338091217,0.9925209454970785,0.04345608366155388,0.026233621494899884,8,13332.0
/zjs/AD_Project/dual_shift_github/outputs/journal/apic_v3_screening_mci_ad/s1,43,adni_to_nacc,/zjs/AD_Project/dual_shift_github/outputs/journal/apic_v3_screening_mci_ad/s1/seed43/adni_to_nacc/apic_v3_x/journal_metrics.json,apic_v3_x,39,joint,0.004372952883719642,1.131790028749367,0.8176964825546721,,,,,,,,,1.382929188370628e-07,1.0,4.0692216628182974e-08,0.16779135949540847,0.9922790916839449,0.0434174894696415,0.026308560836138112,8,13736.0
/zjs/AD_Project/dual_shift_github/outputs/journal/apic_v3_screening_mci_ad/s1,43,adni_to_nacc,/zjs/AD_Project/dual_shift_github/outputs/journal/apic_v3_screening_mci_ad/s1/seed43/adni_to_nacc/apic_v3_x/journal_metrics.json,apic_v3_x,40,joint,0.004459620151140884,1.1133413045291165,0.786126158871879,,,,,,,,,1.6276148777264871e-07,1.0,4.37854209127521e-08,0.16402250749639946,0.9927901885297039,0.03898999718303728,0.02567863357391688,8,14140.0
/zjs/AD_Project/dual_shift_github/outputs/journal/apic_v3_screening_mci_ad/s1,43,adni_to_nacc,/zjs/AD_Project/dual_shift_github/outputs/journal/apic_v3_screening_mci_ad/s1/seed43/adni_to_nacc/apic_v3_x/journal_metrics.json,apic_v3_x,41,joint,0.00226788192000217,1.1361857391984647,0.811471071575715,,,,,,,,,1.0128647000985578e-07,1.0,3.3303533238091126e-08,0.16355276520889583,0.9920900723721722,0.03818718141110817,0.025654891487395408,8,14544.0
/zjs/AD_Project/dual_shift_github/outputs/journal/apic_v3_screening_mci_ad/s1,43,adni_to_nacc,/zjs/AD_Project/dual_shift_github/outputs/journal/apic_v3_screening_mci_ad/s1/seed43/adni_to_nacc/apic_v3_x/journal_metrics.json,apic_v3_x,42,joint,0.0032927822978650726,1.1847887256016116,0.7806511053177094,,,,,,,,,1.1227778869454423e-07,1.0,3.493933289663551e-08,0.16367335396237892,0.9922145640495981,0.037915518230730944,0.025666576081720908,8,14948.0
/zjs/AD_Project/dual_shift_github/outputs/journal/apic_v3_screening_mci_ad/s1,43,adni_to_nacc,/zjs/AD_Project/dual_shift_github/outputs/journal/apic_v3_screening_mci_ad/s1/seed43/adni_to_nacc/apic_v3_x/journal_metrics.json,apic_v3_x,43,joint,0.0036708037250808966,1.222923351814885,0.773550156677863,,,,,,,,,1.1812666242312078e-07,1.0,3.7556753728964476e-08,0.163250598872062,0.9922062784138292,0.037271151226936,0.02560200920273172,8,15352.0
/zjs/AD_Project/dual_shift_github/outputs/journal/apic_v3_screening_mci_ad/s1,43,adni_to_nacc,/zjs/AD_Project/dual_shift_github/outputs/journal/apic_v3_screening_mci_ad/s1/seed43/adni_to_nacc/apic_v3_x/journal_metrics.json,apic_v3_x,44,joint,0.0028101140682212085,1.200443211799795,0.8261633858956706,,,,,,,,,1.057245687784326e-07,1.0,3.539853449747215e-08,0.16243753855181212,0.9926950305995375,0.03673385463581227,0.02543722041467629,8,15756.0
/zjs/AD_Project/dual_shift_github/outputs/journal/apic_v3_screening_mci_ad/s1,43,adni_to_nacc,/zjs/AD_Project/dual_shift_github/outputs/journal/apic_v3_screening_mci_ad/s1/seed43/adni_to_nacc/apic_v3_x/journal_metrics.json,apic_v3_x,45,joint,0.0030838501318945725,1.2565943506362618,0.7758947064382402,,,,,,,,,1.026531575606646e-07,1.0,3.347170859072294e-08,0.16189001146519538,0.9931006083394042,0.03626038056641522,0.02532181392728102,8,16160.0
/zjs/AD_Project/dual_shift_github/outputs/journal/apic_v3_screening_mci_ad/s1,43,adni_to_nacc,/zjs/AD_Project/dual_shift_github/outputs/journal/apic_v3_screening_mci_ad/s1/seed43/adni_to_nacc/apic_v3_x/journal_metrics.json,apic_v3_x,46,joint,0.0019344304616091598,1.1997108716634368,0.8045569618327663,,,,,,,,,9.643078156446985e-08,1.0,3.198067293054703e-08,0.16148972835871253,0.9933881612107305,0.03582300159084325,0.025238114197065335,8,16564.0
/zjs/AD_Project/dual_shift_github/outputs/journal/apic_v3_screening_mci_ad/s1,43,adni_to_nacc,/zjs/AD_Project/dual_shift_github/outputs/journal/apic_v3_screening_mci_ad/s1/seed43/adni_to_nacc/apic_v3_x/journal_metrics.json,apic_v3_x,47,joint,0.0015366184302590704,1.2537600548720038,0.7840798070543916,,,,,,,,,9.229808901326046e-08,1.0,3.108177934172088e-08,0.1606090391921525,0.9936967515709376,0.03560423010056562,0.025076697294664854,8,16968.0
/zjs/AD_Project/dual_shift_github/outputs/journal/apic_v3_screening_mci_ad/s1,43,adni_to_nacc,/zjs/AD_Project/dual_shift_github/outputs/journal/apic_v3_screening_mci_ad/s1/seed43/adni_to_nacc/apic_v3_x/journal_metrics.json,apic_v3_x,48,joint,0.0015149194141215931,1.208980565335294,0.7972966254860273,,,,,,,,,7.558435201379253e-08,1.0,2.847281815381803e-08,0.15995260645257364,0.993818735722268,0.034450490949767654,0.024962941203081963,8,17372.0
/zjs/AD_Project/dual_shift_github/outputs/journal/apic_v3_screening_mci_ad/s1,43,adni_to_nacc,/zjs/AD_Project/dual_shift_github/outputs/journal/apic_v3_screening_mci_ad/s1/seed43/adni_to_nacc/apic_v3_x/journal_metrics.json,apic_v3_x,49,joint,0.0014437465216171476,1.2615911888712676,0.7971134932709819,,,,,,,,,8.258557513099754e-08,1.0,2.9637320681227848e-08,0.15959253936710924,0.993921945000639,0.034472359473457434,0.024899878308619602,8,17776.0
/zjs/AD_Project/dual_shift_github/outputs/journal/apic_v3_screening_mci_ad/s1,43,adni_to_nacc,/zjs/AD_Project/dual_shift_github/outputs/journal/apic_v3_screening_mci_ad/s1/seed43/adni_to_nacc/apic_v3_x/journal_metrics.json,apic_v3_x,50,joint,0.0011850671598769603,1.274463062569656,0.8125971217125116,,,,,,,,,7.219338302963754e-08,1.0,2.792761354188801e-08,0.15977608434634633,0.9940267565226791,0.03438230432422444,0.02491996182811142,8,18180.0
/zjs/AD_Project/dual_shift_github/outputs/journal/apic_v3_screening_mci_ad/s1,43,adni_to_nacc,/zjs/AD_Project/dual_shift_github/outputs/journal/apic_v3_screening_mci_ad/s1/seed43/adni_to_nacc/ce_x/journal_metrics.json,ce_x,1,clean,0.5792545161329874,1.0108461128120576,0.6649169666355029,,,,,,,,,0.0,0.0,0.0,0.0,0.0,0.0,0.0,,
/zjs/AD_Project/dual_shift_github/outputs/journal/apic_v3_screening_mci_ad/s1,43,adni_to_nacc,/zjs/AD_Project/dual_shift_github/outputs/journal/apic_v3_screening_mci_ad/s1/seed43/adni_to_nacc/ce_x/journal_metrics.json,ce_x,2,clean,0.4655227956942993,0.7694878113379172,0.7433541938895296,,,,,,,,,0.0,0.0,0.0,0.0,0.0,0.0,0.0,,
/zjs/AD_Project/dual_shift_github/outputs/journal/apic_v3_screening_mci_ad/s1,43,adni_to_nacc,/zjs/AD_Project/dual_shift_github/outputs/journal/apic_v3_screening_mci_ad/s1/seed43/adni_to_nacc/ce_x/journal_metrics.json,ce_x,3,clean,0.42970662066104387,2.421904194258461,0.5693832200759601,,,,,,,,,0.0,0.0,0.0,0.0,0.0,0.0,0.0,,
/zjs/AD_Project/dual_shift_github/outputs/journal/apic_v3_screening_mci_ad/s1,43,adni_to_nacc,/zjs/AD_Project/dual_shift_github/outputs/journal/apic_v3_screening_mci_ad/s1/seed43/adni_to_nacc/ce_x/journal_metrics.json,ce_x,4,clean,0.4673181379785632,0.7178155476347022,0.8010977436412501,,,,,,,,,0.0,0.0,0.0,0.0,0.0,0.0,0.0,,
/zjs/AD_Project/dual_shift_github/outputs/journal/apic_v3_screening_mci_ad/s1,43,adni_to_nacc,/zjs/AD_Project/dual_shift_github/outputs/journal/apic_v3_screening_mci_ad/s1/seed43/adni_to_nacc/ce_x/journal_metrics.json,ce_x,5,clean,0.3208496669252025,1.1859681072362929,0.6378456326787418,,,,,,,,,0.0,0.0,0.0,0.0,0.0,0.0,0.0,,
/zjs/AD_Project/dual_shift_github/outputs/journal/apic_v3_screening_mci_ad/s1,43,adni_to_nacc,/zjs/AD_Project/dual_shift_github/outputs/journal/apic_v3_screening_mci_ad/s1/seed43/adni_to_nacc/ce_x/journal_metrics.json,ce_x,6,clean,0.26167152783289405,1.3668156359187187,0.7132180228630696,,,,,,,,,0.0,0.0,0.0,0.0,0.0,0.0,0.0,,
/zjs/AD_Project/dual_shift_github/outputs/journal/apic_v3_screening_mci_ad/s1,43,adni_to_nacc,/zjs/AD_Project/dual_shift_github/outputs/journal/apic_v3_screening_mci_ad/s1/seed43/adni_to_nacc/ce_x/journal_metrics.json,ce_x,7,clean,0.3660836395724575,2.3500282424267107,0.6782082613550225,,,,,,,,,0.0,0.0,0.0,0.0,0.0,0.0,0.0,,
/zjs/AD_Project/dual_shift_github/outputs/journal/apic_v3_screening_mci_ad/s1,43,adni_to_nacc,/zjs/AD_Project/dual_shift_github/outputs/journal/apic_v3_screening_mci_ad/s1/seed43/adni_to_nacc/ce_x/journal_metrics.json,ce_x,8,clean,0.3217478009807591,1.125188406710641,0.63904323074863,,,,,,,,,0.0,0.0,0.0,0.0,0.0,0.0,0.0,,
/zjs/AD_Project/dual_shift_github/outputs/journal/apic_v3_screening_mci_ad/s1,43,adni_to_nacc,/zjs/AD_Project/dual_shift_github/outputs/journal/apic_v3_screening_mci_ad/s1/seed43/adni_to_nacc/ce_x/journal_metrics.json,ce_x,9,clean,0.29081071103637174,1.2993215424854547,0.7444451173101743,,,,,,,,,0.0,0.0,0.0,0.0,0.0,0.0,0.0,,
/zjs/AD_Project/dual_shift_github/outputs/journal/apic_v3_screening_mci_ad/s1,43,adni_to_nacc,/zjs/AD_Project/dual_shift_github/outputs/journal/apic_v3_screening_mci_ad/s1/seed43/adni_to_nacc/ce_x/journal_metrics.json,ce_x,10,clean,0.2431033387466675,0.8184630127875733,0.7941518523047818,,,,,,,,,0.0,0.0,0.0,0.0,0.0,0.0,0.0,,
/zjs/AD_Project/dual_shift_github/outputs/journal/apic_v3_screening_mci_ad/s1,43,adni_to_nacc,/zjs/AD_Project/dual_shift_github/outputs/journal/apic_v3_screening_mci_ad/s1/seed43/adni_to_nacc/ce_x/journal_metrics.json,ce_x,11,clean,0.19258318175700043,0.8243908320271641,0.7198396364409626,,,,,,,,,0.0,0.0,0.0,0.0,0.0,0.0,0.0,,
/zjs/AD_Project/dual_shift_github/outputs/journal/apic_v3_screening_mci_ad/s1,43,adni_to_nacc,/zjs/AD_Project/dual_shift_github/outputs/journal/apic_v3_screening_mci_ad/s1/seed43/adni_to_nacc/ce_x/journal_metrics.json,ce_x,12,clean,0.16859388208053638,1.1677560161119924,0.7325833197804912,,,,,,,,,0.0,0.0,0.0,0.0,0.0,0.0,0.0,,
/zjs/AD_Project/dual_shift_github/outputs/journal/apic_v3_screening_mci_ad/s1,43,adni_to_nacc,/zjs/AD_Project/dual_shift_github/outputs/journal/apic_v3_screening_mci_ad/s1/seed43/adni_to_nacc/ce_x/journal_metrics.json,ce_x,13,clean,0.1563260144194459,0.9261842564842023,0.7553680920427381,,,,,,,,,0.0,0.0,0.0,0.0,0.0,0.0,0.0,,
/zjs/AD_Project/dual_shift_github/outputs/journal/apic_v3_screening_mci_ad/s1,43,adni_to_nacc,/zjs/AD_Project/dual_shift_github/outputs/journal/apic_v3_screening_mci_ad/s1/seed43/adni_to_nacc/ce_x/journal_metrics.json,ce_x,14,clean,0.18656412806214379,1.0301156697640999,0.7408766392820147,,,,,,,,,0.0,0.0,0.0,0.0,0.0,0.0,0.0,,
/zjs/AD_Project/dual_shift_github/outputs/journal/apic_v3_screening_mci_ad/s1,43,adni_to_nacc,/zjs/AD_Project/dual_shift_github/outputs/journal/apic_v3_screening_mci_ad/s1/seed43/adni_to_nacc/ce_x/journal_metrics.json,ce_x,15,clean,0.13553077034596908,0.9569741683849774,0.7583847349385016,,,,,,,,,0.0,0.0,0.0,0.0,0.0,0.0,0.0,,
/zjs/AD_Project/dual_shift_github/outputs/journal/apic_v3_screening_mci_ad/s1,43,adni_to_nacc,/zjs/AD_Project/dual_shift_github/outputs/journal/apic_v3_screening_mci_ad/s1/seed43/adni_to_nacc/ce_x/journal_metrics.json,ce_x,16,clean,0.09289807900740295,1.2691053041831564,0.7347589445981473,,,,,,,,,0.0,0.0,0.0,0.0,0.0,0.0,0.0,,
/zjs/AD_Project/dual_shift_github/outputs/journal/apic_v3_screening_mci_ad/s1,43,adni_to_nacc,/zjs/AD_Project/dual_shift_github/outputs/journal/apic_v3_screening_mci_ad/s1/seed43/adni_to_nacc/ce_x/journal_metrics.json,ce_x,17,clean,0.2290346667511702,0.9994304255932707,0.7598944741124514,,,,,,,,,0.0,0.0,0.0,0.0,0.0,0.0,0.0,,
/zjs/AD_Project/dual_shift_github/outputs/journal/apic_v3_screening_mci_ad/s1,43,adni_to_nacc,/zjs/AD_Project/dual_shift_github/outputs/journal/apic_v3_screening_mci_ad/s1/seed43/adni_to_nacc/ce_x/journal_metrics.json,ce_x,18,clean,0.10216262842537743,1.5724043482423273,0.685373966339049,,,,,,,,,0.0,0.0,0.0,0.0,0.0,0.0,0.0,,
/zjs/AD_Project/dual_shift_github/outputs/journal/apic_v3_screening_mci_ad/s1,43,adni_to_nacc,/zjs/AD_Project/dual_shift_github/outputs/journal/apic_v3_screening_mci_ad/s1/seed43/adni_to_nacc/ce_x/journal_metrics.json,ce_x,19,clean,0.09384630713266053,0.8408981104372838,0.7859719480313851,,,,,,,,,0.0,0.0,0.0,0.0,0.0,0.0,0.0,,
/zjs/AD_Project/dual_shift_github/outputs/journal/apic_v3_screening_mci_ad/s1,43,adni_to_nacc,/zjs/AD_Project/dual_shift_github/outputs/journal/apic_v3_screening_mci_ad/s1/seed43/adni_to_nacc/ce_x/journal_metrics.json,ce_x,20,clean,0.048461952799986496,1.1776583602293096,0.6965006729286931,,,,,,,,,0.0,0.0,0.0,0.0,0.0,0.0,0.0,,
/zjs/AD_Project/dual_shift_github/outputs/journal/apic_v3_screening_mci_ad/s1,43,adni_to_nacc,/zjs/AD_Project/dual_shift_github/outputs/journal/apic_v3_screening_mci_ad/s1/seed43/adni_to_nacc/ce_x/journal_metrics.json,ce_x,21,clean,0.07126602156451986,1.172119328079301,0.7189785010782541,,,,,,,,,0.0,0.0,0.0,0.0,0.0,0.0,0.0,,
/zjs/AD_Project/dual_shift_github/outputs/journal/apic_v3_screening_mci_ad/s1,43,adni_to_nacc,/zjs/AD_Project/dual_shift_github/outputs/journal/apic_v3_screening_mci_ad/s1/seed43/adni_to_nacc/ce_x/journal_metrics.json,ce_x,22,clean,0.09241702360686578,1.0216660507091688,0.6186711509190366,,,,,,,,,0.0,0.0,0.0,0.0,0.0,0.0,0.0,,
/zjs/AD_Project/dual_shift_github/outputs/journal/apic_v3_screening_mci_ad/s1,43,adni_to_nacc,/zjs/AD_Project/dual_shift_github/outputs/journal/apic_v3_screening_mci_ad/s1/seed43/adni_to_nacc/ce_x/journal_metrics.json,ce_x,23,clean,0.04647944612419325,1.1438901614303778,0.6909811545733612,,,,,,,,,0.0,0.0,0.0,0.0,0.0,0.0,0.0,,
/zjs/AD_Project/dual_shift_github/outputs/journal/apic_v3_screening_mci_ad/s1,43,adni_to_nacc,/zjs/AD_Project/dual_shift_github/outputs/journal/apic_v3_screening_mci_ad/s1/seed43/adni_to_nacc/ce_x/journal_metrics.json,ce_x,24,clean,0.06629350836651565,0.795097294169555,0.8121862297511389,,,,,,,,,0.0,0.0,0.0,0.0,0.0,0.0,0.0,,
/zjs/AD_Project/dual_shift_github/outputs/journal/apic_v3_screening_mci_ad/s1,43,adni_to_nacc,/zjs/AD_Project/dual_shift_github/outputs/journal/apic_v3_screening_mci_ad/s1/seed43/adni_to_nacc/ce_x/journal_metrics.json,ce_x,25,clean,0.04287744778448181,1.4455010960681722,0.7506210213665424,,,,,,,,,0.0,0.0,0.0,0.0,0.0,0.0,0.0,,
/zjs/AD_Project/dual_shift_github/outputs/journal/apic_v3_screening_mci_ad/s1,43,adni_to_nacc,/zjs/AD_Project/dual_shift_github/outputs/journal/apic_v3_screening_mci_ad/s1/seed43/adni_to_nacc/ce_x/journal_metrics.json,ce_x,26,clean,0.02722928407117909,1.0319877010898306,0.7608663659431525,,,,,,,,,0.0,0.0,0.0,0.0,0.0,0.0,0.0,,
/zjs/AD_Project/dual_shift_github/outputs/journal/apic_v3_screening_mci_ad/s1,43,adni_to_nacc,/zjs/AD_Project/dual_shift_github/outputs/journal/apic_v3_screening_mci_ad/s1/seed43/adni_to_nacc/ce_x/journal_metrics.json,ce_x,27,clean,0.056548338196998796,1.504095758499424,0.6475299200757594,,,,,,,,,0.0,0.0,0.0,0.0,0.0,0.0,0.0,,
/zjs/AD_Project/dual_shift_github/outputs/journal/apic_v3_screening_mci_ad/s1,43,adni_to_nacc,/zjs/AD_Project/dual_shift_github/outputs/journal/apic_v3_screening_mci_ad/s1/seed43/adni_to_nacc/ce_x/journal_metrics.json,ce_x,28,clean,0.05389422013673304,0.9614669619034122,0.7433587654300928,,,,,,,,,0.0,0.0,0.0,0.0,0.0,0.0,0.0,,
/zjs/AD_Project/dual_shift_github/outputs/journal/apic_v3_screening_mci_ad/s1,43,adni_to_nacc,/zjs/AD_Project/dual_shift_github/outputs/journal/apic_v3_screening_mci_ad/s1/seed43/adni_to_nacc/ce_x/journal_metrics.json,ce_x,29,clean,0.027901633591898303,0.9242929116536547,0.7612664263663337,,,,,,,,,0.0,0.0,0.0,0.0,0.0,0.0,0.0,,
/zjs/AD_Project/dual_shift_github/outputs/journal/apic_v3_screening_mci_ad/s1,43,adni_to_nacc,/zjs/AD_Project/dual_shift_github/outputs/journal/apic_v3_screening_mci_ad/s1/seed43/adni_to_nacc/ce_x/journal_metrics.json,ce_x,30,clean,0.03027611471237707,0.9957469491151358,0.7859451566719243,,,,,,,,,0.0,0.0,0.0,0.0,0.0,0.0,0.0,,
/zjs/AD_Project/dual_shift_github/outputs/journal/apic_v3_screening_mci_ad/s1,43,adni_to_nacc,/zjs/AD_Project/dual_shift_github/outputs/journal/apic_v3_screening_mci_ad/s1/seed43/adni_to_nacc/ce_x/journal_metrics.json,ce_x,31,clean,0.03864161289034245,1.0241098759969303,0.781443527779907,,,,,,,,,0.0,0.0,0.0,0.0,0.0,0.0,0.0,,
/zjs/AD_Project/dual_shift_github/outputs/journal/apic_v3_screening_mci_ad/s1,43,adni_to_nacc,/zjs/AD_Project/dual_shift_github/outputs/journal/apic_v3_screening_mci_ad/s1/seed43/adni_to_nacc/ce_x/journal_metrics.json,ce_x,32,clean,0.006799965665795573,1.3131471529449208,0.7446556814669745,,,,,,,,,0.0,0.0,0.0,0.0,0.0,0.0,0.0,,
/zjs/AD_Project/dual_shift_github/outputs/journal/apic_v3_screening_mci_ad/s1,43,adni_to_nacc,/zjs/AD_Project/dual_shift_github/outputs/journal/apic_v3_screening_mci_ad/s1/seed43/adni_to_nacc/ce_x/journal_metrics.json,ce_x,33,clean,0.0028213389260500744,1.1435390163016497,0.7865276993234779,,,,,,,,,0.0,0.0,0.0,0.0,0.0,0.0,0.0,,
/zjs/AD_Project/dual_shift_github/outputs/journal/apic_v3_screening_mci_ad/s1,43,adni_to_nacc,/zjs/AD_Project/dual_shift_github/outputs/journal/apic_v3_screening_mci_ad/s1/seed43/adni_to_nacc/ce_x/journal_metrics.json,ce_x,34,clean,0.012692859434951466,1.2558330648638514,0.7354653049831981,,,,,,,,,0.0,0.0,0.0,0.0,0.0,0.0,0.0,,
/zjs/AD_Project/dual_shift_github/outputs/journal/apic_v3_screening_mci_ad/s1,43,adni_to_nacc,/zjs/AD_Project/dual_shift_github/outputs/journal/apic_v3_screening_mci_ad/s1/seed43/adni_to_nacc/ce_x/journal_metrics.json,ce_x,35,clean,0.003508993534551067,1.3122933207660776,0.767238516919501,,,,,,,,,0.0,0.0,0.0,0.0,0.0,0.0,0.0,,
/zjs/AD_Project/dual_shift_github/outputs/journal/apic_v3_screening_mci_ad/s1,43,adni_to_nacc,/zjs/AD_Project/dual_shift_github/outputs/journal/apic_v3_screening_mci_ad/s1/seed43/adni_to_nacc/ce_x/journal_metrics.json,ce_x,36,clean,0.0030202879347103087,1.3658310098129265,0.7581457702734903,,,,,,,,,0.0,0.0,0.0,0.0,0.0,0.0,0.0,,
/zjs/AD_Project/dual_shift_github/outputs/journal/apic_v3_screening_mci_ad/s1,43,adni_to_nacc,/zjs/AD_Project/dual_shift_github/outputs/journal/apic_v3_screening_mci_ad/s1/seed43/adni_to_nacc/ce_x/journal_metrics.json,ce_x,37,clean,0.001635668997677034,1.4063557064365766,0.7542166187532169,,,,,,,,,0.0,0.0,0.0,0.0,0.0,0.0,0.0,,
/zjs/AD_Project/dual_shift_github/outputs/journal/apic_v3_screening_mci_ad/s1,43,adni_to_nacc,/zjs/AD_Project/dual_shift_github/outputs/journal/apic_v3_screening_mci_ad/s1/seed43/adni_to_nacc/ce_x/journal_metrics.json,ce_x,38,clean,0.001577961948365411,1.4446979471196104,0.7515424280313071,,,,,,,,,0.0,0.0,0.0,0.0,0.0,0.0,0.0,,
/zjs/AD_Project/dual_shift_github/outputs/journal/apic_v3_screening_mci_ad/s1,43,adni_to_nacc,/zjs/AD_Project/dual_shift_github/outputs/journal/apic_v3_screening_mci_ad/s1/seed43/adni_to_nacc/ce_x/journal_metrics.json,ce_x,39,clean,0.0011929908353405414,1.4696077850899325,0.7651582215690584,,,,,,,,,0.0,0.0,0.0,0.0,0.0,0.0,0.0,,
/zjs/AD_Project/dual_shift_github/outputs/journal/apic_v3_screening_mci_ad/s1,43,adni_to_nacc,/zjs/AD_Project/dual_shift_github/outputs/journal/apic_v3_screening_mci_ad/s1/seed43/adni_to_nacc/ce_x/journal_metrics.json,ce_x,40,clean,0.0013239693048174982,1.5038573415309122,0.7308758444206259,,,,,,,,,0.0,0.0,0.0,0.0,0.0,0.0,0.0,,
/zjs/AD_Project/dual_shift_github/outputs/journal/apic_v3_screening_mci_ad/s1,43,adni_to_nacc,/zjs/AD_Project/dual_shift_github/outputs/journal/apic_v3_screening_mci_ad/s1/seed43/adni_to_nacc/ce_x/journal_metrics.json,ce_x,41,clean,0.0007494802259388241,1.4943200824974499,0.7553721112051477,,,,,,,,,0.0,0.0,0.0,0.0,0.0,0.0,0.0,,
/zjs/AD_Project/dual_shift_github/outputs/journal/apic_v3_screening_mci_ad/s1,43,adni_to_nacc,/zjs/AD_Project/dual_shift_github/outputs/journal/apic_v3_screening_mci_ad/s1/seed43/adni_to_nacc/ce_x/journal_metrics.json,ce_x,42,clean,0.0010810298403571728,1.6118010961271207,0.7249655995418399,,,,,,,,,0.0,0.0,0.0,0.0,0.0,0.0,0.0,,
/zjs/AD_Project/dual_shift_github/outputs/journal/apic_v3_screening_mci_ad/s1,43,adni_to_nacc,/zjs/AD_Project/dual_shift_github/outputs/journal/apic_v3_screening_mci_ad/s1/seed43/adni_to_nacc/ce_x/journal_metrics.json,ce_x,43,clean,0.001957980618202116,1.643469763879126,0.7020116994661681,,,,,,,,,0.0,0.0,0.0,0.0,0.0,0.0,0.0,,
/zjs/AD_Project/dual_shift_github/outputs/journal/apic_v3_screening_mci_ad/s1,43,adni_to_nacc,/zjs/AD_Project/dual_shift_github/outputs/journal/apic_v3_screening_mci_ad/s1/seed43/adni_to_nacc/ce_x/journal_metrics.json,ce_x,44,clean,0.001283135690359228,1.5306553720601261,0.7045137515855833,,,,,,,,,0.0,0.0,0.0,0.0,0.0,0.0,0.0,,
/zjs/AD_Project/dual_shift_github/outputs/journal/apic_v3_screening_mci_ad/s1,43,adni_to_nacc,/zjs/AD_Project/dual_shift_github/outputs/journal/apic_v3_screening_mci_ad/s1/seed43/adni_to_nacc/ce_x/journal_metrics.json,ce_x,45,clean,0.0012592343133868474,1.4856528890673755,0.7104335677306213,,,,,,,,,0.0,0.0,0.0,0.0,0.0,0.0,0.0,,
/zjs/AD_Project/dual_shift_github/outputs/journal/apic_v3_screening_mci_ad/s1,43,adni_to_nacc,/zjs/AD_Project/dual_shift_github/outputs/journal/apic_v3_screening_mci_ad/s1/seed43/adni_to_nacc/ce_x/journal_metrics.json,ce_x,46,clean,0.0006943651402468844,1.5795577214454053,0.7296477820419008,,,,,,,,,0.0,0.0,0.0,0.0,0.0,0.0,0.0,,
/zjs/AD_Project/dual_shift_github/outputs/journal/apic_v3_screening_mci_ad/s1,43,adni_to_nacc,/zjs/AD_Project/dual_shift_github/outputs/journal/apic_v3_screening_mci_ad/s1/seed43/adni_to_nacc/ce_x/journal_metrics.json,ce_x,47,clean,0.0005753844134143028,1.579848637627096,0.7191681459826269,,,,,,,,,0.0,0.0,0.0,0.0,0.0,0.0,0.0,,
/zjs/AD_Project/dual_shift_github/outputs/journal/apic_v3_screening_mci_ad/s1,43,adni_to_nacc,/zjs/AD_Project/dual_shift_github/outputs/journal/apic_v3_screening_mci_ad/s1/seed43/adni_to_nacc/ce_x/journal_metrics.json,ce_x,48,clean,0.0005422186334519463,1.6202927858103067,0.7240429761501077,,,,,,,,,0.0,0.0,0.0,0.0,0.0,0.0,0.0,,
/zjs/AD_Project/dual_shift_github/outputs/journal/apic_v3_screening_mci_ad/s1,43,adni_to_nacc,/zjs/AD_Project/dual_shift_github/outputs/journal/apic_v3_screening_mci_ad/s1/seed43/adni_to_nacc/ce_x/journal_metrics.json,ce_x,49,clean,0.0005768160299699993,1.6775989454595261,0.7233165428928464,,,,,,,,,0.0,0.0,0.0,0.0,0.0,0.0,0.0,,
/zjs/AD_Project/dual_shift_github/outputs/journal/apic_v3_screening_mci_ad/s1,43,adni_to_nacc,/zjs/AD_Project/dual_shift_github/outputs/journal/apic_v3_screening_mci_ad/s1/seed43/adni_to_nacc/ce_x/journal_metrics.json,ce_x,50,clean,0.00046087719551500826,1.6417437114602236,0.7456619309057673,,,,,,,,,0.0,0.0,0.0,0.0,0.0,0.0,0.0,,
/zjs/AD_Project/dual_shift_github/outputs/journal/apic_v3_screening_mci_ad/s1,43,adni_to_nacc,/zjs/AD_Project/dual_shift_github/outputs/journal/apic_v3_screening_mci_ad/s1/seed43/adni_to_nacc/mixstyle_x/journal_metrics.json,mixstyle_x,1,mixstyle,0.5766250420324873,1.404513174898649,0.6445203026000428,,,,,,,,,0.0,0.0,0.0,0.0,0.0,0.0,0.0,,
/zjs/AD_Project/dual_shift_github/outputs/journal/apic_v3_screening_mci_ad/s1,43,adni_to_nacc,/zjs/AD_Project/dual_shift_github/outputs/journal/apic_v3_screening_mci_ad/s1/seed43/adni_to_nacc/mixstyle_x/journal_metrics.json,mixstyle_x,2,mixstyle,0.46653235906569085,0.7788401088856776,0.6915210419628773,,,,,,,,,0.0,0.0,0.0,0.0,0.0,0.0,0.0,,
/zjs/AD_Project/dual_shift_github/outputs/journal/apic_v3_screening_mci_ad/s1,43,adni_to_nacc,/zjs/AD_Project/dual_shift_github/outputs/journal/apic_v3_screening_mci_ad/s1/seed43/adni_to_nacc/mixstyle_x/journal_metrics.json,mixstyle_x,3,mixstyle,0.44523379287802345,1.5098513576689117,0.6487976559376173,,,,,,,,,0.0,0.0,0.0,0.0,0.0,0.0,0.0,,
/zjs/AD_Project/dual_shift_github/outputs/journal/apic_v3_screening_mci_ad/s1,43,adni_to_nacc,/zjs/AD_Project/dual_shift_github/outputs/journal/apic_v3_screening_mci_ad/s1/seed43/adni_to_nacc/mixstyle_x/journal_metrics.json,mixstyle_x,4,mixstyle,0.4442096061746378,0.8133412138174433,0.7278271245925582,,,,,,,,,0.0,0.0,0.0,0.0,0.0,0.0,0.0,,
/zjs/AD_Project/dual_shift_github/outputs/journal/apic_v3_screening_mci_ad/s1,43,adni_to_nacc,/zjs/AD_Project/dual_shift_github/outputs/journal/apic_v3_screening_mci_ad/s1/seed43/adni_to_nacc/mixstyle_x/journal_metrics.json,mixstyle_x,5,mixstyle,0.3188418312791255,1.2874364607963165,0.6417394623889953,,,,,,,,,0.0,0.0,0.0,0.0,0.0,0.0,0.0,,
/zjs/AD_Project/dual_shift_github/outputs/journal/apic_v3_screening_mci_ad/s1,43,adni_to_nacc,/zjs/AD_Project/dual_shift_github/outputs/journal/apic_v3_screening_mci_ad/s1/seed43/adni_to_nacc/mixstyle_x/journal_metrics.json,mixstyle_x,6,mixstyle,0.31645002158008295,1.9543221131033357,0.545613029259725,,,,,,,,,0.0,0.0,0.0,0.0,0.0,0.0,0.0,,
/zjs/AD_Project/dual_shift_github/outputs/journal/apic_v3_screening_mci_ad/s1,43,adni_to_nacc,/zjs/AD_Project/dual_shift_github/outputs/journal/apic_v3_screening_mci_ad/s1/seed43/adni_to_nacc/mixstyle_x/journal_metrics.json,mixstyle_x,7,mixstyle,0.4070118388880302,1.2131882024194123,0.6746404938067223,,,,,,,,,0.0,0.0,0.0,0.0,0.0,0.0,0.0,,
/zjs/AD_Project/dual_shift_github/outputs/journal/apic_v3_screening_mci_ad/s1,43,adni_to_nacc,/zjs/AD_Project/dual_shift_github/outputs/journal/apic_v3_screening_mci_ad/s1/seed43/adni_to_nacc/mixstyle_x/journal_metrics.json,mixstyle_x,8,mixstyle,0.31036762887667313,1.0668762199273076,0.6817385933188512,,,,,,,,,0.0,0.0,0.0,0.0,0.0,0.0,0.0,,
/zjs/AD_Project/dual_shift_github/outputs/journal/apic_v3_screening_mci_ad/s1,43,adni_to_nacc,/zjs/AD_Project/dual_shift_github/outputs/journal/apic_v3_screening_mci_ad/s1/seed43/adni_to_nacc/mixstyle_x/journal_metrics.json,mixstyle_x,9,mixstyle,0.2917209307266639,1.150004528360356,0.6858245430130745,,,,,,,,,0.0,0.0,0.0,0.0,0.0,0.0,0.0,,
/zjs/AD_Project/dual_shift_github/outputs/journal/apic_v3_screening_mci_ad/s1,43,adni_to_nacc,/zjs/AD_Project/dual_shift_github/outputs/journal/apic_v3_screening_mci_ad/s1/seed43/adni_to_nacc/mixstyle_x/journal_metrics.json,mixstyle_x,10,mixstyle,0.29039622478113314,1.1323504597632164,0.6328837512382326,,,,,,,,,0.0,0.0,0.0,0.0,0.0,0.0,0.0,,
/zjs/AD_Project/dual_shift_github/outputs/journal/apic_v3_screening_mci_ad/s1,43,adni_to_nacc,/zjs/AD_Project/dual_shift_github/outputs/journal/apic_v3_screening_mci_ad/s1/seed43/adni_to_nacc/mixstyle_x/journal_metrics.json,mixstyle_x,11,mixstyle,0.19332178221960175,1.4241013195271681,0.7382294892225395,,,,,,,,,0.0,0.0,0.0,0.0,0.0,0.0,0.0,,
/zjs/AD_Project/dual_shift_github/outputs/journal/apic_v3_screening_mci_ad/s1,43,adni_to_nacc,/zjs/AD_Project/dual_shift_github/outputs/journal/apic_v3_screening_mci_ad/s1/seed43/adni_to_nacc/mixstyle_x/journal_metrics.json,mixstyle_x,12,mixstyle,0.17295626467923716,1.172440044231576,0.696841197128511,,,,,,,,,0.0,0.0,0.0,0.0,0.0,0.0,0.0,,
/zjs/AD_Project/dual_shift_github/outputs/journal/apic_v3_screening_mci_ad/s1,43,adni_to_nacc,/zjs/AD_Project/dual_shift_github/outputs/journal/apic_v3_screening_mci_ad/s1/seed43/adni_to_nacc/mixstyle_x/journal_metrics.json,mixstyle_x,13,mixstyle,0.14968851253408755,1.0293512327613634,0.6468269807064906,,,,,,,,,0.0,0.0,0.0,0.0,0.0,0.0,0.0,,
/zjs/AD_Project/dual_shift_github/outputs/journal/apic_v3_screening_mci_ad/s1,43,adni_to_nacc,/zjs/AD_Project/dual_shift_github/outputs/journal/apic_v3_screening_mci_ad/s1/seed43/adni_to_nacc/mixstyle_x/journal_metrics.json,mixstyle_x,14,mixstyle,0.17017357091022894,1.2698819595773558,0.7080674142941576,,,,,,,,,0.0,0.0,0.0,0.0,0.0,0.0,0.0,,
/zjs/AD_Project/dual_shift_github/outputs/journal/apic_v3_screening_mci_ad/s1,43,adni_to_nacc,/zjs/AD_Project/dual_shift_github/outputs/journal/apic_v3_screening_mci_ad/s1/seed43/adni_to_nacc/mixstyle_x/journal_metrics.json,mixstyle_x,15,mixstyle,0.143829556864382,1.0227078607374238,0.6659561192323491,,,,,,,,,0.0,0.0,0.0,0.0,0.0,0.0,0.0,,
/zjs/AD_Project/dual_shift_github/outputs/journal/apic_v3_screening_mci_ad/s1,43,adni_to_nacc,/zjs/AD_Project/dual_shift_github/outputs/journal/apic_v3_screening_mci_ad/s1/seed43/adni_to_nacc/mixstyle_x/journal_metrics.json,mixstyle_x,16,mixstyle,0.09162378310119862,1.229214358579265,0.7629510995816873,,,,,,,,,0.0,0.0,0.0,0.0,0.0,0.0,0.0,,
/zjs/AD_Project/dual_shift_github/outputs/journal/apic_v3_screening_mci_ad/s1,43,adni_to_nacc,/zjs/AD_Project/dual_shift_github/outputs/journal/apic_v3_screening_mci_ad/s1/seed43/adni_to_nacc/mixstyle_x/journal_metrics.json,mixstyle_x,17,mixstyle,0.1735227201963858,1.4530907155638304,0.6674941098906322,,,,,,,,,0.0,0.0,0.0,0.0,0.0,0.0,0.0,,
/zjs/AD_Project/dual_shift_github/outputs/journal/apic_v3_screening_mci_ad/s1,43,adni_to_nacc,/zjs/AD_Project/dual_shift_github/outputs/journal/apic_v3_screening_mci_ad/s1/seed43/adni_to_nacc/mixstyle_x/journal_metrics.json,mixstyle_x,18,mixstyle,0.08766651668558174,1.6451441528651556,0.6402880827692242,,,,,,,,,0.0,0.0,0.0,0.0,0.0,0.0,0.0,,
/zjs/AD_Project/dual_shift_github/outputs/journal/apic_v3_screening_mci_ad/s1,43,adni_to_nacc,/zjs/AD_Project/dual_shift_github/outputs/journal/apic_v3_screening_mci_ad/s1/seed43/adni_to_nacc/mixstyle_x/journal_metrics.json,mixstyle_x,19,mixstyle,0.06641509070863376,1.1868115820742529,0.7225244583470866,,,,,,,,,0.0,0.0,0.0,0.0,0.0,0.0,0.0,,
/zjs/AD_Project/dual_shift_github/outputs/journal/apic_v3_screening_mci_ad/s1,43,adni_to_nacc,/zjs/AD_Project/dual_shift_github/outputs/journal/apic_v3_screening_mci_ad/s1/seed43/adni_to_nacc/mixstyle_x/journal_metrics.json,mixstyle_x,20,mixstyle,0.08904468095492535,1.1826028815991836,0.692370275598354,,,,,,,,,0.0,0.0,0.0,0.0,0.0,0.0,0.0,,
/zjs/AD_Project/dual_shift_github/outputs/journal/apic_v3_screening_mci_ad/s1,43,adni_to_nacc,/zjs/AD_Project/dual_shift_github/outputs/journal/apic_v3_screening_mci_ad/s1/seed43/adni_to_nacc/mixstyle_x/journal_metrics.json,mixstyle_x,21,mixstyle,0.0715394653933178,1.3255589296699528,0.6327957921529206,,,,,,,,,0.0,0.0,0.0,0.0,0.0,0.0,0.0,,
/zjs/AD_Project/dual_shift_github/outputs/journal/apic_v3_screening_mci_ad/s1,43,adni_to_nacc,/zjs/AD_Project/dual_shift_github/outputs/journal/apic_v3_screening_mci_ad/s1/seed43/adni_to_nacc/mixstyle_x/journal_metrics.json,mixstyle_x,22,mixstyle,0.11300233922585255,1.1064276310418724,0.6578964181006725,,,,,,,,,0.0,0.0,0.0,0.0,0.0,0.0,0.0,,
/zjs/AD_Project/dual_shift_github/outputs/journal/apic_v3_screening_mci_ad/s1,43,adni_to_nacc,/zjs/AD_Project/dual_shift_github/outputs/journal/apic_v3_screening_mci_ad/s1/seed43/adni_to_nacc/mixstyle_x/journal_metrics.json,mixstyle_x,23,mixstyle,0.04646259935406765,1.3180957562375575,0.7238628424193714,,,,,,,,,0.0,0.0,0.0,0.0,0.0,0.0,0.0,,
/zjs/AD_Project/dual_shift_github/outputs/journal/apic_v3_screening_mci_ad/s1,43,adni_to_nacc,/zjs/AD_Project/dual_shift_github/outputs/journal/apic_v3_screening_mci_ad/s1/seed43/adni_to_nacc/mixstyle_x/journal_metrics.json,mixstyle_x,24,mixstyle,0.08402361871679268,0.9121193330854588,0.8070202009284959,,,,,,,,,0.0,0.0,0.0,0.0,0.0,0.0,0.0,,
/zjs/AD_Project/dual_shift_github/outputs/journal/apic_v3_screening_mci_ad/s1,43,adni_to_nacc,/zjs/AD_Project/dual_shift_github/outputs/journal/apic_v3_screening_mci_ad/s1/seed43/adni_to_nacc/mixstyle_x/journal_metrics.json,mixstyle_x,25,mixstyle,0.057061529705660544,1.0921948899882377,0.6374850551712702,,,,,,,,,0.0,0.0,0.0,0.0,0.0,0.0,0.0,,
/zjs/AD_Project/dual_shift_github/outputs/journal/apic_v3_screening_mci_ad/s1,43,adni_to_nacc,/zjs/AD_Project/dual_shift_github/outputs/journal/apic_v3_screening_mci_ad/s1/seed43/adni_to_nacc/mixstyle_x/journal_metrics.json,mixstyle_x,26,mixstyle,0.025295298153506868,1.1023842633163574,0.6624982068032514,,,,,,,,,0.0,0.0,0.0,0.0,0.0,0.0,0.0,,
/zjs/AD_Project/dual_shift_github/outputs/journal/apic_v3_screening_mci_ad/s1,43,adni_to_nacc,/zjs/AD_Project/dual_shift_github/outputs/journal/apic_v3_screening_mci_ad/s1/seed43/adni_to_nacc/mixstyle_x/journal_metrics.json,mixstyle_x,27,mixstyle,0.007557128973899981,1.149460244958007,0.6780057434221685,,,,,,,,,0.0,0.0,0.0,0.0,0.0,0.0,0.0,,
/zjs/AD_Project/dual_shift_github/outputs/journal/apic_v3_screening_mci_ad/s1,43,adni_to_nacc,/zjs/AD_Project/dual_shift_github/outputs/journal/apic_v3_screening_mci_ad/s1/seed43/adni_to_nacc/mixstyle_x/journal_metrics.json,mixstyle_x,28,mixstyle,0.06843220086602292,1.2466679718687173,0.6340211407881198,,,,,,,,,0.0,0.0,0.0,0.0,0.0,0.0,0.0,,
/zjs/AD_Project/dual_shift_github/outputs/journal/apic_v3_screening_mci_ad/s1,43,adni_to_nacc,/zjs/AD_Project/dual_shift_github/outputs/journal/apic_v3_screening_mci_ad/s1/seed43/adni_to_nacc/mixstyle_x/journal_metrics.json,mixstyle_x,29,mixstyle,0.0253320325224771,1.281772575999072,0.6821036677110339,,,,,,,,,0.0,0.0,0.0,0.0,0.0,0.0,0.0,,
/zjs/AD_Project/dual_shift_github/outputs/journal/apic_v3_screening_mci_ad/s1,43,adni_to_nacc,/zjs/AD_Project/dual_shift_github/outputs/journal/apic_v3_screening_mci_ad/s1/seed43/adni_to_nacc/mixstyle_x/journal_metrics.json,mixstyle_x,30,mixstyle,0.04415935632141104,1.094796975365404,0.6908428667093448,,,,,,,,,0.0,0.0,0.0,0.0,0.0,0.0,0.0,,
/zjs/AD_Project/dual_shift_github/outputs/journal/apic_v3_screening_mci_ad/s1,43,adni_to_nacc,/zjs/AD_Project/dual_shift_github/outputs/journal/apic_v3_screening_mci_ad/s1/seed43/adni_to_nacc/mixstyle_x/journal_metrics.json,mixstyle_x,31,mixstyle,0.055200647955788024,1.337155074293409,0.7762079996124446,,,,,,,,,0.0,0.0,0.0,0.0,0.0,0.0,0.0,,
/zjs/AD_Project/dual_shift_github/outputs/journal/apic_v3_screening_mci_ad/s1,43,adni_to_nacc,/zjs/AD_Project/dual_shift_github/outputs/journal/apic_v3_screening_mci_ad/s1/seed43/adni_to_nacc/mixstyle_x/journal_metrics.json,mixstyle_x,32,mixstyle,0.08384140160587146,1.5771491693860398,0.7134876424632597,,,,,,,,,0.0,0.0,0.0,0.0,0.0,0.0,0.0,,
/zjs/AD_Project/dual_shift_github/outputs/journal/apic_v3_screening_mci_ad/s1,43,adni_to_nacc,/zjs/AD_Project/dual_shift_github/outputs/journal/apic_v3_screening_mci_ad/s1/seed43/adni_to_nacc/mixstyle_x/journal_metrics.json,mixstyle_x,33,mixstyle,0.13084573133233104,1.1150615760242704,0.7196081794289763,,,,,,,,,0.0,0.0,0.0,0.0,0.0,0.0,0.0,,
/zjs/AD_Project/dual_shift_github/outputs/journal/apic_v3_screening_mci_ad/s1,43,adni_to_nacc,/zjs/AD_Project/dual_shift_github/outputs/journal/apic_v3_screening_mci_ad/s1/seed43/adni_to_nacc/mixstyle_x/journal_metrics.json,mixstyle_x,34,mixstyle,0.09416616974066537,1.2072725320457045,0.7200625345412771,,,,,,,,,0.0,0.0,0.0,0.0,0.0,0.0,0.0,,
/zjs/AD_Project/dual_shift_github/outputs/journal/apic_v3_screening_mci_ad/s1,43,adni_to_nacc,/zjs/AD_Project/dual_shift_github/outputs/journal/apic_v3_screening_mci_ad/s1/seed43/adni_to_nacc/mixstyle_x/journal_metrics.json,mixstyle_x,35,mixstyle,0.05005666288076946,1.126340539356984,0.6864734042439958,,,,,,,,,0.0,0.0,0.0,0.0,0.0,0.0,0.0,,
/zjs/AD_Project/dual_shift_github/outputs/journal/apic_v3_screening_mci_ad/s1,43,adni_to_nacc,/zjs/AD_Project/dual_shift_github/outputs/journal/apic_v3_screening_mci_ad/s1/seed43/adni_to_nacc/mixstyle_x/journal_metrics.json,mixstyle_x,36,mixstyle,0.0757377069595611,1.2747229205491448,0.6613712568615002,,,,,,,,,0.0,0.0,0.0,0.0,0.0,0.0,0.0,,
/zjs/AD_Project/dual_shift_github/outputs/journal/apic_v3_screening_mci_ad/s1,43,adni_to_nacc,/zjs/AD_Project/dual_shift_github/outputs/journal/apic_v3_screening_mci_ad/s1/seed43/adni_to_nacc/mixstyle_x/journal_metrics.json,mixstyle_x,37,mixstyle,0.0688249846865045,1.1826866742889952,0.6930443374370913,,,,,,,,,0.0,0.0,0.0,0.0,0.0,0.0,0.0,,
/zjs/AD_Project/dual_shift_github/outputs/journal/apic_v3_screening_mci_ad/s1,43,adni_to_nacc,/zjs/AD_Project/dual_shift_github/outputs/journal/apic_v3_screening_mci_ad/s1/seed43/adni_to_nacc/mixstyle_x/journal_metrics.json,mixstyle_x,38,mixstyle,0.010675008382791156,1.2320398793367824,0.7173754581395667,,,,,,,,,0.0,0.0,0.0,0.0,0.0,0.0,0.0,,
/zjs/AD_Project/dual_shift_github/outputs/journal/apic_v3_screening_mci_ad/s1,43,adni_to_nacc,/zjs/AD_Project/dual_shift_github/outputs/journal/apic_v3_screening_mci_ad/s1/seed43/adni_to_nacc/mixstyle_x/journal_metrics.json,mixstyle_x,39,mixstyle,0.012287782156484958,1.27169513408257,0.7032973894305846,,,,,,,,,0.0,0.0,0.0,0.0,0.0,0.0,0.0,,
/zjs/AD_Project/dual_shift_github/outputs/journal/apic_v3_screening_mci_ad/s1,43,adni_to_nacc,/zjs/AD_Project/dual_shift_github/outputs/journal/apic_v3_screening_mci_ad/s1/seed43/adni_to_nacc/mixstyle_x/journal_metrics.json,mixstyle_x,40,mixstyle,0.0037185509711052155,1.344250818983643,0.7021687132784258,,,,,,,,,0.0,0.0,0.0,0.0,0.0,0.0,0.0,,
/zjs/AD_Project/dual_shift_github/outputs/journal/apic_v3_screening_mci_ad/s1,43,adni_to_nacc,/zjs/AD_Project/dual_shift_github/outputs/journal/apic_v3_screening_mci_ad/s1/seed43/adni_to_nacc/mixstyle_x/journal_metrics.json,mixstyle_x,41,mixstyle,0.002701842407194556,1.4548670913502915,0.6879646216057972,,,,,,,,,0.0,0.0,0.0,0.0,0.0,0.0,0.0,,
/zjs/AD_Project/dual_shift_github/outputs/journal/apic_v3_screening_mci_ad/s1,43,adni_to_nacc,/zjs/AD_Project/dual_shift_github/outputs/journal/apic_v3_screening_mci_ad/s1/seed43/adni_to_nacc/mixstyle_x/journal_metrics.json,mixstyle_x,42,mixstyle,0.004310804186821085,1.657389821066551,0.7026980339282972,,,,,,,,,0.0,0.0,0.0,0.0,0.0,0.0,0.0,,
/zjs/AD_Project/dual_shift_github/outputs/journal/apic_v3_screening_mci_ad/s1,43,adni_to_nacc,/zjs/AD_Project/dual_shift_github/outputs/journal/apic_v3_screening_mci_ad/s1/seed43/adni_to_nacc/mixstyle_x/journal_metrics.json,mixstyle_x,43,mixstyle,0.027332106030443545,1.1692901874311405,0.721563772723749,,,,,,,,,0.0,0.0,0.0,0.0,0.0,0.0,0.0,,
/zjs/AD_Project/dual_shift_github/outputs/journal/apic_v3_screening_mci_ad/s1,43,adni_to_nacc,/zjs/AD_Project/dual_shift_github/outputs/journal/apic_v3_screening_mci_ad/s1/seed43/adni_to_nacc/mixstyle_x/journal_metrics.json,mixstyle_x,44,mixstyle,0.08974547257720686,2.3027940170472028,0.5509472746939956,,,,,,,,,0.0,0.0,0.0,0.0,0.0,0.0,0.0,,
/zjs/AD_Project/dual_shift_github/outputs/journal/apic_v3_screening_mci_ad/s1,43,adni_to_nacc,/zjs/AD_Project/dual_shift_github/outputs/journal/apic_v3_screening_mci_ad/s1/seed43/adni_to_nacc/mixstyle_x/journal_metrics.json,mixstyle_x,45,mixstyle,0.07723182878263368,1.46157545688639,0.7027670091785515,,,,,,,,,0.0,0.0,0.0,0.0,0.0,0.0,0.0,,
/zjs/AD_Project/dual_shift_github/outputs/journal/apic_v3_screening_mci_ad/s1,43,adni_to_nacc,/zjs/AD_Project/dual_shift_github/outputs/journal/apic_v3_screening_mci_ad/s1/seed43/adni_to_nacc/mixstyle_x/journal_metrics.json,mixstyle_x,46,mixstyle,0.06548122037778434,1.003004429434691,0.7828521791095769,,,,,,,,,0.0,0.0,0.0,0.0,0.0,0.0,0.0,,
/zjs/AD_Project/dual_shift_github/outputs/journal/apic_v3_screening_mci_ad/s1,43,adni_to_nacc,/zjs/AD_Project/dual_shift_github/outputs/journal/apic_v3_screening_mci_ad/s1/seed43/adni_to_nacc/mixstyle_x/journal_metrics.json,mixstyle_x,47,mixstyle,0.057653267834437,1.0162540833474298,0.8027931789313818,,,,,,,,,0.0,0.0,0.0,0.0,0.0,0.0,0.0,,
/zjs/AD_Project/dual_shift_github/outputs/journal/apic_v3_screening_mci_ad/s1,43,adni_to_nacc,/zjs/AD_Project/dual_shift_github/outputs/journal/apic_v3_screening_mci_ad/s1/seed43/adni_to_nacc/mixstyle_x/journal_metrics.json,mixstyle_x,48,mixstyle,0.012953173281857744,1.311542672720319,0.7494362781116235,,,,,,,,,0.0,0.0,0.0,0.0,0.0,0.0,0.0,,
/zjs/AD_Project/dual_shift_github/outputs/journal/apic_v3_screening_mci_ad/s1,43,adni_to_nacc,/zjs/AD_Project/dual_shift_github/outputs/journal/apic_v3_screening_mci_ad/s1/seed43/adni_to_nacc/mixstyle_x/journal_metrics.json,mixstyle_x,49,mixstyle,0.0038488453813415886,1.3842582466041267,0.7455857554058506,,,,,,,,,0.0,0.0,0.0,0.0,0.0,0.0,0.0,,
/zjs/AD_Project/dual_shift_github/outputs/journal/apic_v3_screening_mci_ad/s1,43,adni_to_nacc,/zjs/AD_Project/dual_shift_github/outputs/journal/apic_v3_screening_mci_ad/s1/seed43/adni_to_nacc/mixstyle_x/journal_metrics.json,mixstyle_x,50,mixstyle,0.0026992748158356857,1.452782970644884,0.7357807956725111,,,,,,,,,0.0,0.0,0.0,0.0,0.0,0.0,0.0,,
/zjs/AD_Project/dual_shift_github/outputs/journal/apic_v3_screening_mci_ad/s1,43,nacc_to_adni,/zjs/AD_Project/dual_shift_github/outputs/journal/apic_v3_screening_mci_ad/s1/seed43/nacc_to_adni/apic_v3_x/journal_metrics.json,apic_v3_x,1,clean_warmup,0.6134354355408973,3.6687221485995374,0.614007508504083,,,,,,,,,0.0,0.0,0.0,0.0,0.0,0.0,0.0,0,0.0
/zjs/AD_Project/dual_shift_github/outputs/journal/apic_v3_screening_mci_ad/s1,43,nacc_to_adni,/zjs/AD_Project/dual_shift_github/outputs/journal/apic_v3_screening_mci_ad/s1/seed43/nacc_to_adni/apic_v3_x/journal_metrics.json,apic_v3_x,2,clean_warmup,0.5273713676892605,1.4175174262329124,0.7770369362466011,,,,,,,,,0.0,0.0,0.0,0.0,0.0,0.0,0.0,0,0.0
/zjs/AD_Project/dual_shift_github/outputs/journal/apic_v3_screening_mci_ad/s1,43,nacc_to_adni,/zjs/AD_Project/dual_shift_github/outputs/journal/apic_v3_screening_mci_ad/s1/seed43/nacc_to_adni/apic_v3_x/journal_metrics.json,apic_v3_x,3,clean_warmup,0.40587846708205555,0.8920519621552605,0.8482771713553269,,,,,,,,,0.0,0.0,0.0,0.0,0.0,0.0,0.0,0,0.0
/zjs/AD_Project/dual_shift_github/outputs/journal/apic_v3_screening_mci_ad/s1,43,nacc_to_adni,/zjs/AD_Project/dual_shift_github/outputs/journal/apic_v3_screening_mci_ad/s1/seed43/nacc_to_adni/apic_v3_x/journal_metrics.json,apic_v3_x,4,clean_warmup,0.431170517866759,0.7995767149149924,0.8136145068802718,,,,,,,,,0.0,0.0,0.0,0.0,0.0,0.0,0.0,0,0.0
/zjs/AD_Project/dual_shift_github/outputs/journal/apic_v3_screening_mci_ad/s1,43,nacc_to_adni,/zjs/AD_Project/dual_shift_github/outputs/journal/apic_v3_screening_mci_ad/s1/seed43/nacc_to_adni/apic_v3_x/journal_metrics.json,apic_v3_x,5,clean_warmup,0.2592258636561251,0.8079826193266457,0.8861490044757152,,,,,,,,,0.0,0.0,0.0,0.0,0.0,0.0,0.0,0,0.0
/zjs/AD_Project/dual_shift_github/outputs/journal/apic_v3_screening_mci_ad/s1,43,nacc_to_adni,/zjs/AD_Project/dual_shift_github/outputs/journal/apic_v3_screening_mci_ad/s1/seed43/nacc_to_adni/apic_v3_x/journal_metrics.json,apic_v3_x,6,apis_warmup,0.7293869441701579,0.6072528071603492,0.8619713320694965,,,,,,,,,7.63432932292266e-06,1.0,1.3273863991932767e-08,0.2104345089995984,0.9855722072198219,0.09457672660037414,0.034331285289114284,8,388.0
/zjs/AD_Project/dual_shift_github/outputs/journal/apic_v3_screening_mci_ad/s1,43,nacc_to_adni,/zjs/AD_Project/dual_shift_github/outputs/journal/apic_v3_screening_mci_ad/s1/seed43/nacc_to_adni/apic_v3_x/journal_metrics.json,apic_v3_x,7,apis_warmup,0.8474773284547108,1.3920353489080655,0.8097136456360694,,,,,,,,,4.297946509151311e-06,1.0,3.074092287941138e-08,0.20697239532913128,0.9849824493693322,0.09638516059548584,0.03387242117800664,8,776.0
/zjs/AD_Project/dual_shift_github/outputs/journal/apic_v3_screening_mci_ad/s1,43,nacc_to_adni,/zjs/AD_Project/dual_shift_github/outputs/journal/apic_v3_screening_mci_ad/s1/seed43/nacc_to_adni/apic_v3_x/journal_metrics.json,apic_v3_x,8,apis_warmup,0.6115132194473264,0.7301415262999419,0.9436645468423661,,,,,,,,,1.271825032379582e-05,1.0,9.564278078800243e-08,0.20643699461037351,0.9859644020955587,0.09698052389412812,0.03360612244950127,8,1164.0
/zjs/AD_Project/dual_shift_github/outputs/journal/apic_v3_screening_mci_ad/s1,43,nacc_to_adni,/zjs/AD_Project/dual_shift_github/outputs/journal/apic_v3_screening_mci_ad/s1/seed43/nacc_to_adni/apic_v3_x/journal_metrics.json,apic_v3_x,9,apis_warmup,0.4652640119041364,0.6975048148682467,0.8817335625570851,,,,,,,,,3.8161954528066454e-05,1.0,3.793443563761253e-07,0.24629979711217978,0.9719286235337404,0.1305191675873147,0.0417815534225137,8,1552.0
/zjs/AD_Project/dual_shift_github/outputs/journal/apic_v3_screening_mci_ad/s1,43,nacc_to_adni,/zjs/AD_Project/dual_shift_github/outputs/journal/apic_v3_screening_mci_ad/s1/seed43/nacc_to_adni/apic_v3_x/journal_metrics.json,apic_v3_x,10,apis_warmup,0.36798450215383594,0.7622409683115662,0.9372295742507343,,,,,,,,,2.9439238525960672e-05,1.0,5.433057949466809e-07,0.26803343612508673,0.9627902833456846,0.13804001975612543,0.046644194224446094,8,1940.0
/zjs/AD_Project/dual_shift_github/outputs/journal/apic_v3_screening_mci_ad/s1,43,nacc_to_adni,/zjs/AD_Project/dual_shift_github/outputs/journal/apic_v3_screening_mci_ad/s1/seed43/nacc_to_adni/apic_v3_x/journal_metrics.json,apic_v3_x,11,joint,0.3386810125168605,0.7636550911991066,0.9395434226132409,,,,,,,,,3.662609376463188e-05,1.0,6.825117687234637e-07,0.24616997543069505,0.9723830899012458,0.12256564053985261,0.041593039350718564,8,2328.0
/zjs/AD_Project/dual_shift_github/outputs/journal/apic_v3_screening_mci_ad/s1,43,nacc_to_adni,/zjs/AD_Project/dual_shift_github/outputs/journal/apic_v3_screening_mci_ad/s1/seed43/nacc_to_adni/apic_v3_x/journal_metrics.json,apic_v3_x,12,joint,0.2229046749920805,0.7624044025516403,1.0134711415101967,,,,,,,,,4.880679236671265e-06,1.0,2.086630454402542e-07,0.1958966146117633,0.989445262348529,0.07766776954390339,0.031409761378752815,8,2716.0
/zjs/AD_Project/dual_shift_github/outputs/journal/apic_v3_screening_mci_ad/s1,43,nacc_to_adni,/zjs/AD_Project/dual_shift_github/outputs/journal/apic_v3_screening_mci_ad/s1/seed43/nacc_to_adni/apic_v3_x/journal_metrics.json,apic_v3_x,13,joint,0.2261859785342954,0.7176484176714001,0.9452264534956305,,,,,,,,,6.57071297338035e-06,1.0,2.4575554640560044e-07,0.20925248130080626,0.9860367559895074,0.09001949583132242,0.03389166641173903,8,3104.0
/zjs/AD_Project/dual_shift_github/outputs/journal/apic_v3_screening_mci_ad/s1,43,nacc_to_adni,/zjs/AD_Project/dual_shift_github/outputs/journal/apic_v3_screening_mci_ad/s1/seed43/nacc_to_adni/apic_v3_x/journal_metrics.json,apic_v3_x,14,joint,0.23920998488524065,0.6065191004943467,0.9711726544718529,,,,,,,,,6.504217612318732e-06,1.0,2.0496249140523077e-07,0.1910167932510376,0.9908744471589315,0.07497990749699553,0.030510030014766862,8,3492.0
/zjs/AD_Project/dual_shift_github/outputs/journal/apic_v3_screening_mci_ad/s1,43,nacc_to_adni,/zjs/AD_Project/dual_shift_github/outputs/journal/apic_v3_screening_mci_ad/s1/seed43/nacc_to_adni/apic_v3_x/journal_metrics.json,apic_v3_x,15,joint,0.15843165631540426,0.7063440319452228,0.966551268475174,,,,,,,,,8.759131661304074e-06,1.0,3.0991150528322024e-07,0.2185099694839458,0.9832278766582921,0.09553536288824278,0.035664918227601296,8,3880.0
/zjs/AD_Project/dual_shift_github/outputs/journal/apic_v3_screening_mci_ad/s1,43,nacc_to_adni,/zjs/AD_Project/dual_shift_github/outputs/journal/apic_v3_screening_mci_ad/s1/seed43/nacc_to_adni/apic_v3_x/journal_metrics.json,apic_v3_x,16,joint,0.040653359074116754,0.873176764211262,0.96047503808182,,,,,,,,,2.613922174884099e-06,1.0,1.391268793092666e-07,0.18555244404016083,0.9923816913181973,0.06672413240081256,0.029468855465349462,8,4268.0
/zjs/AD_Project/dual_shift_github/outputs/journal/apic_v3_screening_mci_ad/s1,43,nacc_to_adni,/zjs/AD_Project/dual_shift_github/outputs/journal/apic_v3_screening_mci_ad/s1/seed43/nacc_to_adni/apic_v3_x/journal_metrics.json,apic_v3_x,17,joint,0.18511961379626132,0.7918105985824004,0.8871637519935486,,,,,,,,,1.0005427264838273e-05,1.0,2.9508905610909254e-07,0.19570164459267841,0.9899041683403487,0.07856454369948082,0.03131778375005599,8,4656.0
/zjs/AD_Project/dual_shift_github/outputs/journal/apic_v3_screening_mci_ad/s1,43,nacc_to_adni,/zjs/AD_Project/dual_shift_github/outputs/journal/apic_v3_screening_mci_ad/s1/seed43/nacc_to_adni/apic_v3_x/journal_metrics.json,apic_v3_x,18,joint,0.07956768487689335,0.8942687924565306,0.9374039727919932,,,,,,,,,4.259421361964378e-06,1.0,1.7950623054423315e-07,0.19231574099088453,0.9907157187609329,0.07514575715224768,0.030697297880944517,8,5044.0
/zjs/AD_Project/dual_shift_github/outputs/journal/apic_v3_screening_mci_ad/s1,43,nacc_to_adni,/zjs/AD_Project/dual_shift_github/outputs/journal/apic_v3_screening_mci_ad/s1/seed43/nacc_to_adni/apic_v3_x/journal_metrics.json,apic_v3_x,19,joint,0.15425342099246636,1.6762845214304016,0.8429482684999793,,,,,,,,,6.6590143161220955e-06,1.0,2.1068894562097169e-07,0.17801410343843638,0.9940568263997737,0.06387941715950818,0.028112670502711816,8,5432.0
/zjs/AD_Project/dual_shift_github/outputs/journal/apic_v3_screening_mci_ad/s1,43,nacc_to_adni,/zjs/AD_Project/dual_shift_github/outputs/journal/apic_v3_screening_mci_ad/s1/seed43/nacc_to_adni/apic_v3_x/journal_metrics.json,apic_v3_x,20,joint,0.2659010080387816,0.7300865570835146,0.9410578941350622,,,,,,,,,6.973808666836853e-06,1.0,2.240575833367103e-07,0.1730201800459439,0.9945989066792518,0.0623509204495199,0.027266615003193776,8,5820.0
/zjs/AD_Project/dual_shift_github/outputs/journal/apic_v3_screening_mci_ad/s1,43,nacc_to_adni,/zjs/AD_Project/dual_shift_github/outputs/journal/apic_v3_screening_mci_ad/s1/seed43/nacc_to_adni/apic_v3_x/journal_metrics.json,apic_v3_x,21,joint,0.06924909351155949,0.8667731315870875,0.9483193267767678,,,,,,,,,4.840135858037534e-06,1.0,2.1126205833060967e-07,0.1988332465137403,0.9886605616697332,0.08030531455561057,0.03187230031591715,8,6208.0
/zjs/AD_Project/dual_shift_github/outputs/journal/apic_v3_screening_mci_ad/s1,43,nacc_to_adni,/zjs/AD_Project/dual_shift_github/outputs/journal/apic_v3_screening_mci_ad/s1/seed43/nacc_to_adni/apic_v3_x/journal_metrics.json,apic_v3_x,22,joint,0.0862418860407095,0.7353181272055394,0.948067424535689,,,,,,,,,6.277606077027176e-06,1.0,2.5707391378982155e-07,0.1842460933419847,0.9927379292311128,0.0680401814506226,0.029157405354313014,8,6596.0
/zjs/AD_Project/dual_shift_github/outputs/journal/apic_v3_screening_mci_ad/s1,43,nacc_to_adni,/zjs/AD_Project/dual_shift_github/outputs/journal/apic_v3_screening_mci_ad/s1/seed43/nacc_to_adni/apic_v3_x/journal_metrics.json,apic_v3_x,23,joint,0.0616330528864637,0.9121485982498126,0.9392156969874486,,,,,,,,,7.777617630620522e-06,1.0,2.828216647726643e-07,0.1961585641214528,0.9897011260396427,0.07801776509924033,0.03133054204361955,8,6984.0
/zjs/AD_Project/dual_shift_github/outputs/journal/apic_v3_screening_mci_ad/s1,43,nacc_to_adni,/zjs/AD_Project/dual_shift_github/outputs/journal/apic_v3_screening_mci_ad/s1/seed43/nacc_to_adni/apic_v3_x/journal_metrics.json,apic_v3_x,24,joint,0.01635194914001424,0.8903758240324494,0.923699666596449,,,,,,,,,9.585568741046053e-07,1.0,1.0590411132242124e-07,0.1849093741362857,0.99244509775614,0.06657308785571266,0.029292291491148398,8,7372.0
/zjs/AD_Project/dual_shift_github/outputs/journal/apic_v3_screening_mci_ad/s1,43,nacc_to_adni,/zjs/AD_Project/dual_shift_github/outputs/journal/apic_v3_screening_mci_ad/s1/seed43/nacc_to_adni/apic_v3_x/journal_metrics.json,apic_v3_x,25,joint,0.027262691145261135,1.312080509986035,0.904439810972184,,,,,,,,,6.070332087989468e-07,1.0,7.607952905922521e-08,0.17850181153140118,0.993928040425802,0.06046295972521772,0.028149541717061063,8,7760.0
/zjs/AD_Project/dual_shift_github/outputs/journal/apic_v3_screening_mci_ad/s1,43,nacc_to_adni,/zjs/AD_Project/dual_shift_github/outputs/journal/apic_v3_screening_mci_ad/s1/seed43/nacc_to_adni/apic_v3_x/journal_metrics.json,apic_v3_x,26,joint,0.037103492063326166,0.8776401764226559,0.9344008329671417,,,,,,,,,1.1488355284265857e-06,1.0,1.1106366784328127e-07,0.17141854286808328,0.9952389806816259,0.05424638468887388,0.02692379180303554,8,8148.0
/zjs/AD_Project/dual_shift_github/outputs/journal/apic_v3_screening_mci_ad/s1,43,nacc_to_adni,/zjs/AD_Project/dual_shift_github/outputs/journal/apic_v3_screening_mci_ad/s1/seed43/nacc_to_adni/apic_v3_x/journal_metrics.json,apic_v3_x,27,joint,0.01037995185830256,0.9180259654942647,0.9570225774339955,,,,,,,,,6.747812044019043e-07,1.0,6.916307219036575e-08,0.1645231386742641,0.9965143510975789,0.04780374448170367,0.025733026781493855,8,8536.0
/zjs/AD_Project/dual_shift_github/outputs/journal/apic_v3_screening_mci_ad/s1,43,nacc_to_adni,/zjs/AD_Project/dual_shift_github/outputs/journal/apic_v3_screening_mci_ad/s1/seed43/nacc_to_adni/apic_v3_x/journal_metrics.json,apic_v3_x,28,joint,0.016630874959315107,0.9661285498466595,0.9436845288673462,,,,,,,,,8.360101691330539e-07,1.0,7.963053564079009e-08,0.1616263377297785,0.9969243056995353,0.046346741930111165,0.025249953276103305,8,8924.0
/zjs/AD_Project/dual_shift_github/outputs/journal/apic_v3_screening_mci_ad/s1,43,nacc_to_adni,/zjs/AD_Project/dual_shift_github/outputs/journal/apic_v3_screening_mci_ad/s1/seed43/nacc_to_adni/apic_v3_x/journal_metrics.json,apic_v3_x,29,joint,0.0035491541984248617,0.8676199740517965,0.9559015381743023,,,,,,,,,2.0799925015347577e-07,1.0,3.7897671878107354e-08,0.15949438235808894,0.9972424537865157,0.043530573549958845,0.024889360133980968,8,9312.0
/zjs/AD_Project/dual_shift_github/outputs/journal/apic_v3_screening_mci_ad/s1,43,nacc_to_adni,/zjs/AD_Project/dual_shift_github/outputs/journal/apic_v3_screening_mci_ad/s1/seed43/nacc_to_adni/apic_v3_x/journal_metrics.json,apic_v3_x,30,joint,0.004814925016241253,0.9431494021747976,0.9598918180007843,,,,,,,,,1.9360996079664106e-07,1.0,3.6578071101232744e-08,0.1586618274450302,0.9972832178332142,0.04243890368907722,0.02475648096849009,8,9700.0
/zjs/AD_Project/dual_shift_github/outputs/journal/apic_v3_screening_mci_ad/s1,43,nacc_to_adni,/zjs/AD_Project/dual_shift_github/outputs/journal/apic_v3_screening_mci_ad/s1/seed43/nacc_to_adni/apic_v3_x/journal_metrics.json,apic_v3_x,31,joint,0.005717140511572409,0.963926906941224,0.9531143622169708,,,,,,,,,2.6958927538455157e-07,1.0,4.450961122694663e-08,0.1573239839875821,0.9972408063632926,0.040486765852601254,0.02454922336739363,8,10088.0
/zjs/AD_Project/dual_shift_github/outputs/journal/apic_v3_screening_mci_ad/s1,43,nacc_to_adni,/zjs/AD_Project/dual_shift_github/outputs/journal/apic_v3_screening_mci_ad/s1/seed43/nacc_to_adni/apic_v3_x/journal_metrics.json,apic_v3_x,32,joint,0.0020859227496254516,0.9043509237121623,0.9512076274233556,,,,,,,,,2.0328000385388898e-07,1.0,3.78584438575046e-08,0.15902128523772524,0.9963000293859502,0.04035912830497801,0.02488425873296777,8,10476.0
/zjs/AD_Project/dual_shift_github/outputs/journal/apic_v3_screening_mci_ad/s1,43,nacc_to_adni,/zjs/AD_Project/dual_shift_github/outputs/journal/apic_v3_screening_mci_ad/s1/seed43/nacc_to_adni/apic_v3_x/journal_metrics.json,apic_v3_x,33,joint,0.0034022896455183204,0.934540112712508,0.9500772423527917,,,,,,,,,1.5474517718533995e-07,1.0,3.2509648526455486e-08,0.15989326724072092,0.9954754630314935,0.04028159053516142,0.02508251084802077,8,10864.0
/zjs/AD_Project/dual_shift_github/outputs/journal/apic_v3_screening_mci_ad/s1,43,nacc_to_adni,/zjs/AD_Project/dual_shift_github/outputs/journal/apic_v3_screening_mci_ad/s1/seed43/nacc_to_adni/apic_v3_x/journal_metrics.json,apic_v3_x,34,joint,0.01900260966690017,0.8355887850538191,0.9483259954024443,,,,,,,,,8.446211063059797e-07,1.0,6.232302582371588e-08,0.16488431301928058,0.9948768879949432,0.046521489575658874,0.025910862654293935,8,11252.0
/zjs/AD_Project/dual_shift_github/outputs/journal/apic_v3_screening_mci_ad/s1,43,nacc_to_adni,/zjs/AD_Project/dual_shift_github/outputs/journal/apic_v3_screening_mci_ad/s1/seed43/nacc_to_adni/apic_v3_x/journal_metrics.json,apic_v3_x,35,joint,0.0040520493642633455,0.9077626947760827,0.9516139411149737,,,,,,,,,1.5368317854968716e-07,1.0,3.1684214143525686e-08,0.16360327586070778,0.9947401414212492,0.044153476652410845,0.02571689082098376,8,11640.0
/zjs/AD_Project/dual_shift_github/outputs/journal/apic_v3_screening_mci_ad/s1,43,nacc_to_adni,/zjs/AD_Project/dual_shift_github/outputs/journal/apic_v3_screening_mci_ad/s1/seed43/nacc_to_adni/apic_v3_x/journal_metrics.json,apic_v3_x,36,joint,0.0030531804005317774,0.9065617515950173,0.9540762618165413,,,,,,,,,1.4374719795240866e-07,1.0,3.243732500013533e-08,0.16517056494029528,0.9940494323514172,0.04502231739077371,0.026016424842102013,8,12028.0
/zjs/AD_Project/dual_shift_github/outputs/journal/apic_v3_screening_mci_ad/s1,43,nacc_to_adni,/zjs/AD_Project/dual_shift_github/outputs/journal/apic_v3_screening_mci_ad/s1/seed43/nacc_to_adni/apic_v3_x/journal_metrics.json,apic_v3_x,37,joint,0.16029607900388337,1.0163862649762752,0.9340088655574357,,,,,,,,,1.029056917098454e-05,1.0,3.3530970022559243e-07,0.1771964498401917,0.9937848350436417,0.06543360566048279,0.027932066374371962,8,12416.0
/zjs/AD_Project/dual_shift_github/outputs/journal/apic_v3_screening_mci_ad/s1,43,nacc_to_adni,/zjs/AD_Project/dual_shift_github/outputs/journal/apic_v3_screening_mci_ad/s1/seed43/nacc_to_adni/apic_v3_x/journal_metrics.json,apic_v3_x,38,joint,0.06303365778246385,0.7835812427583185,0.9488928786812435,,,,,,,,,3.2731940437610993e-06,1.0,1.7691072473166734e-07,0.16802905423125042,0.9955211312500472,0.054482662109370084,0.026331904507482174,8,12804.0
/zjs/AD_Project/dual_shift_github/outputs/journal/apic_v3_screening_mci_ad/s1,43,nacc_to_adni,/zjs/AD_Project/dual_shift_github/outputs/journal/apic_v3_screening_mci_ad/s1/seed43/nacc_to_adni/apic_v3_x/journal_metrics.json,apic_v3_x,39,joint,0.11114785574333377,1.4493982722194327,0.8766163631930374,,,,,,,,,1.738676749567079e-05,1.0,4.4570801519184146e-07,0.17585749309702017,0.9939106211219866,0.06819556050540246,0.02768576703965664,8,13192.0
/zjs/AD_Project/dual_shift_github/outputs/journal/apic_v3_screening_mci_ad/s1,43,nacc_to_adni,/zjs/AD_Project/dual_shift_github/outputs/journal/apic_v3_screening_mci_ad/s1/seed43/nacc_to_adni/apic_v3_x/journal_metrics.json,apic_v3_x,40,joint,0.1714745443368321,0.7352559477286903,0.8907958225156348,,,,,,,,,1.0115632216953018e-05,1.0,3.1919056271400437e-07,0.17015027554379297,0.9942949014840666,0.0641542395442417,0.026735224271404373,8,13580.0
/zjs/AD_Project/dual_shift_github/outputs/journal/apic_v3_screening_mci_ad/s1,43,nacc_to_adni,/zjs/AD_Project/dual_shift_github/outputs/journal/apic_v3_screening_mci_ad/s1/seed43/nacc_to_adni/apic_v3_x/journal_metrics.json,apic_v3_x,41,joint,0.018998750725511424,1.0821388526309783,0.9047989218102681,,,,,,,,,3.4962277282764113e-06,1.0,1.8627932160818334e-07,0.19282196953739086,0.9902916864021537,0.07631724796344325,0.030624424693049844,8,13968.0
/zjs/AD_Project/dual_shift_github/outputs/journal/apic_v3_screening_mci_ad/s1,43,nacc_to_adni,/zjs/AD_Project/dual_shift_github/outputs/journal/apic_v3_screening_mci_ad/s1/seed43/nacc_to_adni/apic_v3_x/journal_metrics.json,apic_v3_x,42,joint,0.009360634694812032,1.13496477174865,0.8977317672868812,,,,,,,,,3.4208372748453585e-07,1.0,6.722889218062541e-08,0.18584647375283783,0.9921602606773376,0.06879978189148854,0.029340012728707076,8,14356.0
/zjs/AD_Project/dual_shift_github/outputs/journal/apic_v3_screening_mci_ad/s1,43,nacc_to_adni,/zjs/AD_Project/dual_shift_github/outputs/journal/apic_v3_screening_mci_ad/s1/seed43/nacc_to_adni/apic_v3_x/journal_metrics.json,apic_v3_x,43,joint,0.007684918524356578,1.1804533822332473,0.916393929388052,,,,,,,,,5.284495478184271e-07,1.0,8.872297528505817e-08,0.17770506334059016,0.9938914124498662,0.06139523263290985,0.027911920446096007,8,14744.0
/zjs/AD_Project/dual_shift_github/outputs/journal/apic_v3_screening_mci_ad/s1,43,nacc_to_adni,/zjs/AD_Project/dual_shift_github/outputs/journal/apic_v3_screening_mci_ad/s1/seed43/nacc_to_adni/apic_v3_x/journal_metrics.json,apic_v3_x,44,joint,0.009001204188608267,1.2691742401385502,0.8928556959182604,,,,,,,,,3.102015104439994e-07,1.0,6.067990060020428e-08,0.17272038604180837,0.9949945297437844,0.056511860840099376,0.0270353555487296,8,15132.0
/zjs/AD_Project/dual_shift_github/outputs/journal/apic_v3_screening_mci_ad/s1,43,nacc_to_adni,/zjs/AD_Project/dual_shift_github/outputs/journal/apic_v3_screening_mci_ad/s1/seed43/nacc_to_adni/apic_v3_x/journal_metrics.json,apic_v3_x,45,joint,0.005014387057786903,1.3311641893402488,0.9059241316998149,,,,,,,,,2.1707049031571147e-07,1.0,4.99991567964932e-08,0.17341861328513353,0.9948957832818178,0.05674846792958446,0.027151125608031283,8,15520.0
/zjs/AD_Project/dual_shift_github/outputs/journal/apic_v3_screening_mci_ad/s1,43,nacc_to_adni,/zjs/AD_Project/dual_shift_github/outputs/journal/apic_v3_screening_mci_ad/s1/seed43/nacc_to_adni/apic_v3_x/journal_metrics.json,apic_v3_x,46,joint,0.0028229769830563174,1.3101602585056684,0.9061375701141929,,,,,,,,,1.7664555690353694e-07,1.0,4.4814597924927905e-08,0.17343171570718902,0.9948575361487791,0.05722524098975142,0.02715662601835949,8,15908.0
/zjs/AD_Project/dual_shift_github/outputs/journal/apic_v3_screening_mci_ad/s1,43,nacc_to_adni,/zjs/AD_Project/dual_shift_github/outputs/journal/apic_v3_screening_mci_ad/s1/seed43/nacc_to_adni/apic_v3_x/journal_metrics.json,apic_v3_x,47,joint,0.0017624147662103234,1.3853716594603065,0.9037696252055194,,,,,,,,,1.5294279441080988e-07,1.0,4.28680963350053e-08,0.17411997284471376,0.9947425575600457,0.056796551249998134,0.027272149478805435,8,16296.0
/zjs/AD_Project/dual_shift_github/outputs/journal/apic_v3_screening_mci_ad/s1,43,nacc_to_adni,/zjs/AD_Project/dual_shift_github/outputs/journal/apic_v3_screening_mci_ad/s1/seed43/nacc_to_adni/apic_v3_x/journal_metrics.json,apic_v3_x,48,joint,0.0016182512928522913,1.343774395709972,0.9034373805673735,,,,,,,,,1.3452329266564467e-07,1.0,3.9210019451216987e-08,0.17398721164034814,0.9947706811206857,0.05684919301996526,0.02724853401869228,8,16684.0
/zjs/AD_Project/dual_shift_github/outputs/journal/apic_v3_screening_mci_ad/s1,43,nacc_to_adni,/zjs/AD_Project/dual_shift_github/outputs/journal/apic_v3_screening_mci_ad/s1/seed43/nacc_to_adni/apic_v3_x/journal_metrics.json,apic_v3_x,49,joint,0.002744670443509264,1.4064536380757002,0.9017687186660848,,,,,,,,,1.3519102227150207e-07,1.0,4.058051525969427e-08,0.173480785691861,0.994867791220085,0.056268396067250634,0.027160653076374653,8,17072.0
/zjs/AD_Project/dual_shift_github/outputs/journal/apic_v3_screening_mci_ad/s1,43,nacc_to_adni,/zjs/AD_Project/dual_shift_github/outputs/journal/apic_v3_screening_mci_ad/s1/seed43/nacc_to_adni/apic_v3_x/journal_metrics.json,apic_v3_x,50,joint,0.001969970814936516,1.3880093631175572,0.8992378552836837,,,,,,,,,1.1852718354107638e-07,1.0,3.7088307078413224e-08,0.1733987124003086,0.994876162293031,0.05586798439167209,0.02714712111298571,8,17460.0
/zjs/AD_Project/dual_shift_github/outputs/journal/apic_v3_screening_mci_ad/s1,43,nacc_to_adni,/zjs/AD_Project/dual_shift_github/outputs/journal/apic_v3_screening_mci_ad/s1/seed43/nacc_to_adni/ce_x/journal_metrics.json,ce_x,1,clean,0.6041193080624354,2.2971240611890456,0.6350767622012724,,,,,,,,,0.0,0.0,0.0,0.0,0.0,0.0,0.0,,
/zjs/AD_Project/dual_shift_github/outputs/journal/apic_v3_screening_mci_ad/s1,43,nacc_to_adni,/zjs/AD_Project/dual_shift_github/outputs/journal/apic_v3_screening_mci_ad/s1/seed43/nacc_to_adni/ce_x/journal_metrics.json,ce_x,2,clean,0.5167344655726374,1.5253953049397027,0.7346173168766692,,,,,,,,,0.0,0.0,0.0,0.0,0.0,0.0,0.0,,
/zjs/AD_Project/dual_shift_github/outputs/journal/apic_v3_screening_mci_ad/s1,43,nacc_to_adni,/zjs/AD_Project/dual_shift_github/outputs/journal/apic_v3_screening_mci_ad/s1/seed43/nacc_to_adni/ce_x/journal_metrics.json,ce_x,3,clean,0.426144227423926,1.5032678853993522,0.7878134595074157,,,,,,,,,0.0,0.0,0.0,0.0,0.0,0.0,0.0,,
/zjs/AD_Project/dual_shift_github/outputs/journal/apic_v3_screening_mci_ad/s1,43,nacc_to_adni,/zjs/AD_Project/dual_shift_github/outputs/journal/apic_v3_screening_mci_ad/s1/seed43/nacc_to_adni/ce_x/journal_metrics.json,ce_x,4,clean,0.4242951084197182,0.9798612841089865,0.7453774935048209,,,,,,,,,0.0,0.0,0.0,0.0,0.0,0.0,0.0,,
/zjs/AD_Project/dual_shift_github/outputs/journal/apic_v3_screening_mci_ad/s1,43,nacc_to_adni,/zjs/AD_Project/dual_shift_github/outputs/journal/apic_v3_screening_mci_ad/s1/seed43/nacc_to_adni/ce_x/journal_metrics.json,ce_x,5,clean,0.23807620019027867,1.2794389049242483,0.8247608026754768,,,,,,,,,0.0,0.0,0.0,0.0,0.0,0.0,0.0,,
/zjs/AD_Project/dual_shift_github/outputs/journal/apic_v3_screening_mci_ad/s1,43,nacc_to_adni,/zjs/AD_Project/dual_shift_github/outputs/journal/apic_v3_screening_mci_ad/s1/seed43/nacc_to_adni/ce_x/journal_metrics.json,ce_x,6,clean,0.2779293507145545,0.623173100299629,0.8898160850477582,,,,,,,,,0.0,0.0,0.0,0.0,0.0,0.0,0.0,,
/zjs/AD_Project/dual_shift_github/outputs/journal/apic_v3_screening_mci_ad/s1,43,nacc_to_adni,/zjs/AD_Project/dual_shift_github/outputs/journal/apic_v3_screening_mci_ad/s1/seed43/nacc_to_adni/ce_x/journal_metrics.json,ce_x,7,clean,0.3173915522998756,3.9522413093668582,0.737963545503399,,,,,,,,,0.0,0.0,0.0,0.0,0.0,0.0,0.0,,
/zjs/AD_Project/dual_shift_github/outputs/journal/apic_v3_screening_mci_ad/s1,43,nacc_to_adni,/zjs/AD_Project/dual_shift_github/outputs/journal/apic_v3_screening_mci_ad/s1/seed43/nacc_to_adni/ce_x/journal_metrics.json,ce_x,8,clean,0.2341959215508601,0.7565082038850769,0.9053360780880128,,,,,,,,,0.0,0.0,0.0,0.0,0.0,0.0,0.0,,
/zjs/AD_Project/dual_shift_github/outputs/journal/apic_v3_screening_mci_ad/s1,43,nacc_to_adni,/zjs/AD_Project/dual_shift_github/outputs/journal/apic_v3_screening_mci_ad/s1/seed43/nacc_to_adni/ce_x/journal_metrics.json,ce_x,9,clean,0.16285533374223435,1.402052738380144,0.841379336609572,,,,,,,,,0.0,0.0,0.0,0.0,0.0,0.0,0.0,,
/zjs/AD_Project/dual_shift_github/outputs/journal/apic_v3_screening_mci_ad/s1,43,nacc_to_adni,/zjs/AD_Project/dual_shift_github/outputs/journal/apic_v3_screening_mci_ad/s1/seed43/nacc_to_adni/ce_x/journal_metrics.json,ce_x,10,clean,0.1418962290836978,1.408151666379947,0.8896046420493826,,,,,,,,,0.0,0.0,0.0,0.0,0.0,0.0,0.0,,
/zjs/AD_Project/dual_shift_github/outputs/journal/apic_v3_screening_mci_ad/s1,43,nacc_to_adni,/zjs/AD_Project/dual_shift_github/outputs/journal/apic_v3_screening_mci_ad/s1/seed43/nacc_to_adni/ce_x/journal_metrics.json,ce_x,11,clean,0.13544322407477988,0.7506014262474864,0.9031752797205114,,,,,,,,,0.0,0.0,0.0,0.0,0.0,0.0,0.0,,
/zjs/AD_Project/dual_shift_github/outputs/journal/apic_v3_screening_mci_ad/s1,43,nacc_to_adni,/zjs/AD_Project/dual_shift_github/outputs/journal/apic_v3_screening_mci_ad/s1/seed43/nacc_to_adni/ce_x/journal_metrics.json,ce_x,12,clean,0.09359743893650581,0.9320456086463679,0.9208409643558064,,,,,,,,,0.0,0.0,0.0,0.0,0.0,0.0,0.0,,
/zjs/AD_Project/dual_shift_github/outputs/journal/apic_v3_screening_mci_ad/s1,43,nacc_to_adni,/zjs/AD_Project/dual_shift_github/outputs/journal/apic_v3_screening_mci_ad/s1/seed43/nacc_to_adni/ce_x/journal_metrics.json,ce_x,13,clean,0.11893297075149939,0.7257252067538229,0.9162755303899581,,,,,,,,,0.0,0.0,0.0,0.0,0.0,0.0,0.0,,
/zjs/AD_Project/dual_shift_github/outputs/journal/apic_v3_screening_mci_ad/s1,43,nacc_to_adni,/zjs/AD_Project/dual_shift_github/outputs/journal/apic_v3_screening_mci_ad/s1/seed43/nacc_to_adni/ce_x/journal_metrics.json,ce_x,14,clean,0.1209212700157071,0.7496111625805497,0.9133888531344426,,,,,,,,,0.0,0.0,0.0,0.0,0.0,0.0,0.0,,
/zjs/AD_Project/dual_shift_github/outputs/journal/apic_v3_screening_mci_ad/s1,43,nacc_to_adni,/zjs/AD_Project/dual_shift_github/outputs/journal/apic_v3_screening_mci_ad/s1/seed43/nacc_to_adni/ce_x/journal_metrics.json,ce_x,15,clean,0.06068562718705975,0.8060021336044665,0.9077635233190413,,,,,,,,,0.0,0.0,0.0,0.0,0.0,0.0,0.0,,
/zjs/AD_Project/dual_shift_github/outputs/journal/apic_v3_screening_mci_ad/s1,43,nacc_to_adni,/zjs/AD_Project/dual_shift_github/outputs/journal/apic_v3_screening_mci_ad/s1/seed43/nacc_to_adni/ce_x/journal_metrics.json,ce_x,16,clean,0.02645379193451198,0.8893544477503014,0.9350738555526773,,,,,,,,,0.0,0.0,0.0,0.0,0.0,0.0,0.0,,
/zjs/AD_Project/dual_shift_github/outputs/journal/apic_v3_screening_mci_ad/s1,43,nacc_to_adni,/zjs/AD_Project/dual_shift_github/outputs/journal/apic_v3_screening_mci_ad/s1/seed43/nacc_to_adni/ce_x/journal_metrics.json,ce_x,17,clean,0.07642990086508493,3.473699053733488,0.7609437022946384,,,,,,,,,0.0,0.0,0.0,0.0,0.0,0.0,0.0,,
/zjs/AD_Project/dual_shift_github/outputs/journal/apic_v3_screening_mci_ad/s1,43,nacc_to_adni,/zjs/AD_Project/dual_shift_github/outputs/journal/apic_v3_screening_mci_ad/s1/seed43/nacc_to_adni/ce_x/journal_metrics.json,ce_x,18,clean,0.06757301690846625,0.7694554450200465,0.9128936217581606,,,,,,,,,0.0,0.0,0.0,0.0,0.0,0.0,0.0,,
/zjs/AD_Project/dual_shift_github/outputs/journal/apic_v3_screening_mci_ad/s1,43,nacc_to_adni,/zjs/AD_Project/dual_shift_github/outputs/journal/apic_v3_screening_mci_ad/s1/seed43/nacc_to_adni/ce_x/journal_metrics.json,ce_x,19,clean,0.09433249655610536,0.924924545455724,0.8498404664279758,,,,,,,,,0.0,0.0,0.0,0.0,0.0,0.0,0.0,,
/zjs/AD_Project/dual_shift_github/outputs/journal/apic_v3_screening_mci_ad/s1,43,nacc_to_adni,/zjs/AD_Project/dual_shift_github/outputs/journal/apic_v3_screening_mci_ad/s1/seed43/nacc_to_adni/ce_x/journal_metrics.json,ce_x,20,clean,0.106626051683915,0.7841275553354692,0.8812687040867142,,,,,,,,,0.0,0.0,0.0,0.0,0.0,0.0,0.0,,
/zjs/AD_Project/dual_shift_github/outputs/journal/apic_v3_screening_mci_ad/s1,43,nacc_to_adni,/zjs/AD_Project/dual_shift_github/outputs/journal/apic_v3_screening_mci_ad/s1/seed43/nacc_to_adni/ce_x/journal_metrics.json,ce_x,21,clean,0.021837629404545464,0.8262903554158467,0.9037370911463792,,,,,,,,,0.0,0.0,0.0,0.0,0.0,0.0,0.0,,
/zjs/AD_Project/dual_shift_github/outputs/journal/apic_v3_screening_mci_ad/s1,43,nacc_to_adni,/zjs/AD_Project/dual_shift_github/outputs/journal/apic_v3_screening_mci_ad/s1/seed43/nacc_to_adni/ce_x/journal_metrics.json,ce_x,22,clean,0.047536110426851345,0.8480276256205367,0.908780832167593,,,,,,,,,0.0,0.0,0.0,0.0,0.0,0.0,0.0,,
/zjs/AD_Project/dual_shift_github/outputs/journal/apic_v3_screening_mci_ad/s1,43,nacc_to_adni,/zjs/AD_Project/dual_shift_github/outputs/journal/apic_v3_screening_mci_ad/s1/seed43/nacc_to_adni/ce_x/journal_metrics.json,ce_x,23,clean,0.019497159231494938,1.3167892419099607,0.873215190152362,,,,,,,,,0.0,0.0,0.0,0.0,0.0,0.0,0.0,,
/zjs/AD_Project/dual_shift_github/outputs/journal/apic_v3_screening_mci_ad/s1,43,nacc_to_adni,/zjs/AD_Project/dual_shift_github/outputs/journal/apic_v3_screening_mci_ad/s1/seed43/nacc_to_adni/ce_x/journal_metrics.json,ce_x,24,clean,0.008067732575150283,0.8497393131168574,0.8966258671544369,,,,,,,,,0.0,0.0,0.0,0.0,0.0,0.0,0.0,,
/zjs/AD_Project/dual_shift_github/outputs/journal/apic_v3_screening_mci_ad/s1,43,nacc_to_adni,/zjs/AD_Project/dual_shift_github/outputs/journal/apic_v3_screening_mci_ad/s1/seed43/nacc_to_adni/ce_x/journal_metrics.json,ce_x,25,clean,0.005248020282621284,1.2649472197385363,0.8681276066161492,,,,,,,,,0.0,0.0,0.0,0.0,0.0,0.0,0.0,,
/zjs/AD_Project/dual_shift_github/outputs/journal/apic_v3_screening_mci_ad/s1,43,nacc_to_adni,/zjs/AD_Project/dual_shift_github/outputs/journal/apic_v3_screening_mci_ad/s1/seed43/nacc_to_adni/ce_x/journal_metrics.json,ce_x,26,clean,0.004291890939150351,0.8370940388168061,0.8959358155179404,,,,,,,,,0.0,0.0,0.0,0.0,0.0,0.0,0.0,,
/zjs/AD_Project/dual_shift_github/outputs/journal/apic_v3_screening_mci_ad/s1,43,nacc_to_adni,/zjs/AD_Project/dual_shift_github/outputs/journal/apic_v3_screening_mci_ad/s1/seed43/nacc_to_adni/ce_x/journal_metrics.json,ce_x,27,clean,0.0016536187088313828,0.8629997455575363,0.8973077084644293,,,,,,,,,0.0,0.0,0.0,0.0,0.0,0.0,0.0,,
/zjs/AD_Project/dual_shift_github/outputs/journal/apic_v3_screening_mci_ad/s1,43,nacc_to_adni,/zjs/AD_Project/dual_shift_github/outputs/journal/apic_v3_screening_mci_ad/s1/seed43/nacc_to_adni/ce_x/journal_metrics.json,ce_x,28,clean,0.002387034499669116,0.8875069694792243,0.9008618922172146,,,,,,,,,0.0,0.0,0.0,0.0,0.0,0.0,0.0,,
/zjs/AD_Project/dual_shift_github/outputs/journal/apic_v3_screening_mci_ad/s1,43,nacc_to_adni,/zjs/AD_Project/dual_shift_github/outputs/journal/apic_v3_screening_mci_ad/s1/seed43/nacc_to_adni/ce_x/journal_metrics.json,ce_x,29,clean,0.0012718549866250898,0.852750866271685,0.9010991558721673,,,,,,,,,0.0,0.0,0.0,0.0,0.0,0.0,0.0,,
/zjs/AD_Project/dual_shift_github/outputs/journal/apic_v3_screening_mci_ad/s1,43,nacc_to_adni,/zjs/AD_Project/dual_shift_github/outputs/journal/apic_v3_screening_mci_ad/s1/seed43/nacc_to_adni/ce_x/journal_metrics.json,ce_x,30,clean,0.0027100033629037555,1.145804175927393,0.8696455676947915,,,,,,,,,0.0,0.0,0.0,0.0,0.0,0.0,0.0,,
/zjs/AD_Project/dual_shift_github/outputs/journal/apic_v3_screening_mci_ad/s1,43,nacc_to_adni,/zjs/AD_Project/dual_shift_github/outputs/journal/apic_v3_screening_mci_ad/s1/seed43/nacc_to_adni/ce_x/journal_metrics.json,ce_x,31,clean,0.0027241644766598763,1.049407345316105,0.8766177629784816,,,,,,,,,0.0,0.0,0.0,0.0,0.0,0.0,0.0,,
/zjs/AD_Project/dual_shift_github/outputs/journal/apic_v3_screening_mci_ad/s1,43,nacc_to_adni,/zjs/AD_Project/dual_shift_github/outputs/journal/apic_v3_screening_mci_ad/s1/seed43/nacc_to_adni/ce_x/journal_metrics.json,ce_x,32,clean,0.0010867133676902554,1.0182132963249784,0.886771493051177,,,,,,,,,0.0,0.0,0.0,0.0,0.0,0.0,0.0,,
/zjs/AD_Project/dual_shift_github/outputs/journal/apic_v3_screening_mci_ad/s1,43,nacc_to_adni,/zjs/AD_Project/dual_shift_github/outputs/journal/apic_v3_screening_mci_ad/s1/seed43/nacc_to_adni/ce_x/journal_metrics.json,ce_x,33,clean,0.01433043719585727,1.443101356833216,0.8661613377221352,,,,,,,,,0.0,0.0,0.0,0.0,0.0,0.0,0.0,,
/zjs/AD_Project/dual_shift_github/outputs/journal/apic_v3_screening_mci_ad/s1,43,nacc_to_adni,/zjs/AD_Project/dual_shift_github/outputs/journal/apic_v3_screening_mci_ad/s1/seed43/nacc_to_adni/ce_x/journal_metrics.json,ce_x,34,clean,0.19114023071687342,1.0663046417037692,0.918532675849749,,,,,,,,,0.0,0.0,0.0,0.0,0.0,0.0,0.0,,
/zjs/AD_Project/dual_shift_github/outputs/journal/apic_v3_screening_mci_ad/s1,43,nacc_to_adni,/zjs/AD_Project/dual_shift_github/outputs/journal/apic_v3_screening_mci_ad/s1/seed43/nacc_to_adni/ce_x/journal_metrics.json,ce_x,35,clean,0.15608401096080304,1.3005982401353635,0.8406532300801818,,,,,,,,,0.0,0.0,0.0,0.0,0.0,0.0,0.0,,
/zjs/AD_Project/dual_shift_github/outputs/journal/apic_v3_screening_mci_ad/s1,43,nacc_to_adni,/zjs/AD_Project/dual_shift_github/outputs/journal/apic_v3_screening_mci_ad/s1/seed43/nacc_to_adni/ce_x/journal_metrics.json,ce_x,36,clean,0.0794683526661343,0.6683594226185933,0.954759551449964,,,,,,,,,0.0,0.0,0.0,0.0,0.0,0.0,0.0,,
/zjs/AD_Project/dual_shift_github/outputs/journal/apic_v3_screening_mci_ad/s1,43,nacc_to_adni,/zjs/AD_Project/dual_shift_github/outputs/journal/apic_v3_screening_mci_ad/s1/seed43/nacc_to_adni/ce_x/journal_metrics.json,ce_x,37,clean,0.05766236947455741,1.0080769435925798,0.896724176770265,,,,,,,,,0.0,0.0,0.0,0.0,0.0,0.0,0.0,,
/zjs/AD_Project/dual_shift_github/outputs/journal/apic_v3_screening_mci_ad/s1,43,nacc_to_adni,/zjs/AD_Project/dual_shift_github/outputs/journal/apic_v3_screening_mci_ad/s1/seed43/nacc_to_adni/ce_x/journal_metrics.json,ce_x,38,clean,0.024556295075525827,0.9624352518090964,0.9239539235580078,,,,,,,,,0.0,0.0,0.0,0.0,0.0,0.0,0.0,,
/zjs/AD_Project/dual_shift_github/outputs/journal/apic_v3_screening_mci_ad/s1,43,nacc_to_adni,/zjs/AD_Project/dual_shift_github/outputs/journal/apic_v3_screening_mci_ad/s1/seed43/nacc_to_adni/ce_x/journal_metrics.json,ce_x,39,clean,0.0262334341618062,1.0280016335467037,0.9327702701215507,,,,,,,,,0.0,0.0,0.0,0.0,0.0,0.0,0.0,,
/zjs/AD_Project/dual_shift_github/outputs/journal/apic_v3_screening_mci_ad/s1,43,nacc_to_adni,/zjs/AD_Project/dual_shift_github/outputs/journal/apic_v3_screening_mci_ad/s1/seed43/nacc_to_adni/ce_x/journal_metrics.json,ce_x,40,clean,0.033776826172114166,1.207487973456334,0.8932016230186937,,,,,,,,,0.0,0.0,0.0,0.0,0.0,0.0,0.0,,
/zjs/AD_Project/dual_shift_github/outputs/journal/apic_v3_screening_mci_ad/s1,43,nacc_to_adni,/zjs/AD_Project/dual_shift_github/outputs/journal/apic_v3_screening_mci_ad/s1/seed43/nacc_to_adni/ce_x/journal_metrics.json,ce_x,41,clean,0.0037512371804716413,1.1341701440361707,0.8928398269538402,,,,,,,,,0.0,0.0,0.0,0.0,0.0,0.0,0.0,,
/zjs/AD_Project/dual_shift_github/outputs/journal/apic_v3_screening_mci_ad/s1,43,nacc_to_adni,/zjs/AD_Project/dual_shift_github/outputs/journal/apic_v3_screening_mci_ad/s1/seed43/nacc_to_adni/ce_x/journal_metrics.json,ce_x,42,clean,0.017003182264479336,1.1628323389970894,0.9021950792545442,,,,,,,,,0.0,0.0,0.0,0.0,0.0,0.0,0.0,,
/zjs/AD_Project/dual_shift_github/outputs/journal/apic_v3_screening_mci_ad/s1,43,nacc_to_adni,/zjs/AD_Project/dual_shift_github/outputs/journal/apic_v3_screening_mci_ad/s1/seed43/nacc_to_adni/ce_x/journal_metrics.json,ce_x,43,clean,0.0047234202190254305,1.038323724013053,0.895346753459705,,,,,,,,,0.0,0.0,0.0,0.0,0.0,0.0,0.0,,
/zjs/AD_Project/dual_shift_github/outputs/journal/apic_v3_screening_mci_ad/s1,43,nacc_to_adni,/zjs/AD_Project/dual_shift_github/outputs/journal/apic_v3_screening_mci_ad/s1/seed43/nacc_to_adni/ce_x/journal_metrics.json,ce_x,44,clean,0.04885623276881158,0.9724479762946047,0.9085711302854571,,,,,,,,,0.0,0.0,0.0,0.0,0.0,0.0,0.0,,
/zjs/AD_Project/dual_shift_github/outputs/journal/apic_v3_screening_mci_ad/s1,43,nacc_to_adni,/zjs/AD_Project/dual_shift_github/outputs/journal/apic_v3_screening_mci_ad/s1/seed43/nacc_to_adni/ce_x/journal_metrics.json,ce_x,45,clean,0.04774264323125478,1.269898991267126,0.8700795830941171,,,,,,,,,0.0,0.0,0.0,0.0,0.0,0.0,0.0,,
/zjs/AD_Project/dual_shift_github/outputs/journal/apic_v3_screening_mci_ad/s1,43,nacc_to_adni,/zjs/AD_Project/dual_shift_github/outputs/journal/apic_v3_screening_mci_ad/s1/seed43/nacc_to_adni/ce_x/journal_metrics.json,ce_x,46,clean,0.008887281086591082,1.1496867506908817,0.8921548848997125,,,,,,,,,0.0,0.0,0.0,0.0,0.0,0.0,0.0,,
/zjs/AD_Project/dual_shift_github/outputs/journal/apic_v3_screening_mci_ad/s1,43,nacc_to_adni,/zjs/AD_Project/dual_shift_github/outputs/journal/apic_v3_screening_mci_ad/s1/seed43/nacc_to_adni/ce_x/journal_metrics.json,ce_x,47,clean,0.0028298100688825987,1.1155689418262493,0.8819535835570802,,,,,,,,,0.0,0.0,0.0,0.0,0.0,0.0,0.0,,
/zjs/AD_Project/dual_shift_github/outputs/journal/apic_v3_screening_mci_ad/s1,43,nacc_to_adni,/zjs/AD_Project/dual_shift_github/outputs/journal/apic_v3_screening_mci_ad/s1/seed43/nacc_to_adni/ce_x/journal_metrics.json,ce_x,48,clean,0.0013076347173953708,1.1335349239019898,0.8922421205605138,,,,,,,,,0.0,0.0,0.0,0.0,0.0,0.0,0.0,,
/zjs/AD_Project/dual_shift_github/outputs/journal/apic_v3_screening_mci_ad/s1,43,nacc_to_adni,/zjs/AD_Project/dual_shift_github/outputs/journal/apic_v3_screening_mci_ad/s1/seed43/nacc_to_adni/ce_x/journal_metrics.json,ce_x,49,clean,0.005978342051619001,1.1629758708956266,0.8872018930365891,,,,,,,,,0.0,0.0,0.0,0.0,0.0,0.0,0.0,,
/zjs/AD_Project/dual_shift_github/outputs/journal/apic_v3_screening_mci_ad/s1,43,nacc_to_adni,/zjs/AD_Project/dual_shift_github/outputs/journal/apic_v3_screening_mci_ad/s1/seed43/nacc_to_adni/ce_x/journal_metrics.json,ce_x,50,clean,0.0024739613095100385,1.1646515106024304,0.8940053167035218,,,,,,,,,0.0,0.0,0.0,0.0,0.0,0.0,0.0,,
/zjs/AD_Project/dual_shift_github/outputs/journal/apic_v3_screening_mci_ad/s1,43,nacc_to_adni,/zjs/AD_Project/dual_shift_github/outputs/journal/apic_v3_screening_mci_ad/s1/seed43/nacc_to_adni/mixstyle_x/journal_metrics.json,mixstyle_x,1,mixstyle,0.6301037411099857,0.8050639524047536,0.7893953831147995,,,,,,,,,0.0,0.0,0.0,0.0,0.0,0.0,0.0,,
/zjs/AD_Project/dual_shift_github/outputs/journal/apic_v3_screening_mci_ad/s1,43,nacc_to_adni,/zjs/AD_Project/dual_shift_github/outputs/journal/apic_v3_screening_mci_ad/s1/seed43/nacc_to_adni/mixstyle_x/journal_metrics.json,mixstyle_x,2,mixstyle,0.5363005839057804,1.2741010757093143,0.789869988719412,,,,,,,,,0.0,0.0,0.0,0.0,0.0,0.0,0.0,,
/zjs/AD_Project/dual_shift_github/outputs/journal/apic_v3_screening_mci_ad/s1,43,nacc_to_adni,/zjs/AD_Project/dual_shift_github/outputs/journal/apic_v3_screening_mci_ad/s1/seed43/nacc_to_adni/mixstyle_x/journal_metrics.json,mixstyle_x,3,mixstyle,0.43563154881301613,0.9169271128126105,0.7896395878772625,,,,,,,,,0.0,0.0,0.0,0.0,0.0,0.0,0.0,,
/zjs/AD_Project/dual_shift_github/outputs/journal/apic_v3_screening_mci_ad/s1,43,nacc_to_adni,/zjs/AD_Project/dual_shift_github/outputs/journal/apic_v3_screening_mci_ad/s1/seed43/nacc_to_adni/mixstyle_x/journal_metrics.json,mixstyle_x,4,mixstyle,0.43005970239485664,1.231265959939114,0.7856796400945844,,,,,,,,,0.0,0.0,0.0,0.0,0.0,0.0,0.0,,
/zjs/AD_Project/dual_shift_github/outputs/journal/apic_v3_screening_mci_ad/s1,43,nacc_to_adni,/zjs/AD_Project/dual_shift_github/outputs/journal/apic_v3_screening_mci_ad/s1/seed43/nacc_to_adni/mixstyle_x/journal_metrics.json,mixstyle_x,5,mixstyle,0.225241556946073,0.8054663475368284,0.9110592564946254,,,,,,,,,0.0,0.0,0.0,0.0,0.0,0.0,0.0,,
/zjs/AD_Project/dual_shift_github/outputs/journal/apic_v3_screening_mci_ad/s1,43,nacc_to_adni,/zjs/AD_Project/dual_shift_github/outputs/journal/apic_v3_screening_mci_ad/s1/seed43/nacc_to_adni/mixstyle_x/journal_metrics.json,mixstyle_x,6,mixstyle,0.28679634018119465,0.6679111109237725,0.9175492493698693,,,,,,,,,0.0,0.0,0.0,0.0,0.0,0.0,0.0,,
/zjs/AD_Project/dual_shift_github/outputs/journal/apic_v3_screening_mci_ad/s1,43,nacc_to_adni,/zjs/AD_Project/dual_shift_github/outputs/journal/apic_v3_screening_mci_ad/s1/seed43/nacc_to_adni/mixstyle_x/journal_metrics.json,mixstyle_x,7,mixstyle,0.24336198490765906,1.5280920672440494,0.7884435655612494,,,,,,,,,0.0,0.0,0.0,0.0,0.0,0.0,0.0,,
/zjs/AD_Project/dual_shift_github/outputs/journal/apic_v3_screening_mci_ad/s1,43,nacc_to_adni,/zjs/AD_Project/dual_shift_github/outputs/journal/apic_v3_screening_mci_ad/s1/seed43/nacc_to_adni/mixstyle_x/journal_metrics.json,mixstyle_x,8,mixstyle,0.22614989211763611,0.79523934535831,0.9153218426728356,,,,,,,,,0.0,0.0,0.0,0.0,0.0,0.0,0.0,,
/zjs/AD_Project/dual_shift_github/outputs/journal/apic_v3_screening_mci_ad/s1,43,nacc_to_adni,/zjs/AD_Project/dual_shift_github/outputs/journal/apic_v3_screening_mci_ad/s1/seed43/nacc_to_adni/mixstyle_x/journal_metrics.json,mixstyle_x,9,mixstyle,0.1548744332784614,0.7739183950129392,0.939997931309467,,,,,,,,,0.0,0.0,0.0,0.0,0.0,0.0,0.0,,
/zjs/AD_Project/dual_shift_github/outputs/journal/apic_v3_screening_mci_ad/s1,43,nacc_to_adni,/zjs/AD_Project/dual_shift_github/outputs/journal/apic_v3_screening_mci_ad/s1/seed43/nacc_to_adni/mixstyle_x/journal_metrics.json,mixstyle_x,10,mixstyle,0.16242788966802746,1.9652111204411078,0.8099364508362371,,,,,,,,,0.0,0.0,0.0,0.0,0.0,0.0,0.0,,
/zjs/AD_Project/dual_shift_github/outputs/journal/apic_v3_screening_mci_ad/s1,43,nacc_to_adni,/zjs/AD_Project/dual_shift_github/outputs/journal/apic_v3_screening_mci_ad/s1/seed43/nacc_to_adni/mixstyle_x/journal_metrics.json,mixstyle_x,11,mixstyle,0.15351178258964696,0.7013910457052472,0.9515263904161961,,,,,,,,,0.0,0.0,0.0,0.0,0.0,0.0,0.0,,
/zjs/AD_Project/dual_shift_github/outputs/journal/apic_v3_screening_mci_ad/s1,43,nacc_to_adni,/zjs/AD_Project/dual_shift_github/outputs/journal/apic_v3_screening_mci_ad/s1/seed43/nacc_to_adni/mixstyle_x/journal_metrics.json,mixstyle_x,12,mixstyle,0.08569458542036411,1.0369007489486437,0.9144341892726763,,,,,,,,,0.0,0.0,0.0,0.0,0.0,0.0,0.0,,
/zjs/AD_Project/dual_shift_github/outputs/journal/apic_v3_screening_mci_ad/s1,43,nacc_to_adni,/zjs/AD_Project/dual_shift_github/outputs/journal/apic_v3_screening_mci_ad/s1/seed43/nacc_to_adni/mixstyle_x/journal_metrics.json,mixstyle_x,13,mixstyle,0.16014521867492879,0.6223294783691714,0.9200569173157122,,,,,,,,,0.0,0.0,0.0,0.0,0.0,0.0,0.0,,
/zjs/AD_Project/dual_shift_github/outputs/journal/apic_v3_screening_mci_ad/s1,43,nacc_to_adni,/zjs/AD_Project/dual_shift_github/outputs/journal/apic_v3_screening_mci_ad/s1/seed43/nacc_to_adni/mixstyle_x/journal_metrics.json,mixstyle_x,14,mixstyle,0.1370937815704143,0.8868411292953949,0.9374599591207882,,,,,,,,,0.0,0.0,0.0,0.0,0.0,0.0,0.0,,
/zjs/AD_Project/dual_shift_github/outputs/journal/apic_v3_screening_mci_ad/s1,43,nacc_to_adni,/zjs/AD_Project/dual_shift_github/outputs/journal/apic_v3_screening_mci_ad/s1/seed43/nacc_to_adni/mixstyle_x/journal_metrics.json,mixstyle_x,15,mixstyle,0.09210413525639505,0.8269545777632568,0.9661586920029449,,,,,,,,,0.0,0.0,0.0,0.0,0.0,0.0,0.0,,
/zjs/AD_Project/dual_shift_github/outputs/journal/apic_v3_screening_mci_ad/s1,43,nacc_to_adni,/zjs/AD_Project/dual_shift_github/outputs/journal/apic_v3_screening_mci_ad/s1/seed43/nacc_to_adni/mixstyle_x/journal_metrics.json,mixstyle_x,16,mixstyle,0.025828681212907524,0.7701234775490331,0.9511706242179656,,,,,,,,,0.0,0.0,0.0,0.0,0.0,0.0,0.0,,
/zjs/AD_Project/dual_shift_github/outputs/journal/apic_v3_screening_mci_ad/s1,43,nacc_to_adni,/zjs/AD_Project/dual_shift_github/outputs/journal/apic_v3_screening_mci_ad/s1/seed43/nacc_to_adni/mixstyle_x/journal_metrics.json,mixstyle_x,17,mixstyle,0.12367761062371746,1.0423345119006147,0.9057599278223265,,,,,,,,,0.0,0.0,0.0,0.0,0.0,0.0,0.0,,
/zjs/AD_Project/dual_shift_github/outputs/journal/apic_v3_screening_mci_ad/s1,43,nacc_to_adni,/zjs/AD_Project/dual_shift_github/outputs/journal/apic_v3_screening_mci_ad/s1/seed43/nacc_to_adni/mixstyle_x/journal_metrics.json,mixstyle_x,18,mixstyle,0.048691354694382585,0.8287258211134222,0.9588374912235011,,,,,,,,,0.0,0.0,0.0,0.0,0.0,0.0,0.0,,
/zjs/AD_Project/dual_shift_github/outputs/journal/apic_v3_screening_mci_ad/s1,43,nacc_to_adni,/zjs/AD_Project/dual_shift_github/outputs/journal/apic_v3_screening_mci_ad/s1/seed43/nacc_to_adni/mixstyle_x/journal_metrics.json,mixstyle_x,19,mixstyle,0.10411218746286846,2.7320355833868044,0.7565021727922411,,,,,,,,,0.0,0.0,0.0,0.0,0.0,0.0,0.0,,
/zjs/AD_Project/dual_shift_github/outputs/journal/apic_v3_screening_mci_ad/s1,43,nacc_to_adni,/zjs/AD_Project/dual_shift_github/outputs/journal/apic_v3_screening_mci_ad/s1/seed43/nacc_to_adni/mixstyle_x/journal_metrics.json,mixstyle_x,20,mixstyle,0.11598346160110279,0.7169386157625937,0.8949523309380732,,,,,,,,,0.0,0.0,0.0,0.0,0.0,0.0,0.0,,
/zjs/AD_Project/dual_shift_github/outputs/journal/apic_v3_screening_mci_ad/s1,43,nacc_to_adni,/zjs/AD_Project/dual_shift_github/outputs/journal/apic_v3_screening_mci_ad/s1/seed43/nacc_to_adni/mixstyle_x/journal_metrics.json,mixstyle_x,21,mixstyle,0.03701034497071211,0.9031777826445947,0.8972095390924366,,,,,,,,,0.0,0.0,0.0,0.0,0.0,0.0,0.0,,
/zjs/AD_Project/dual_shift_github/outputs/journal/apic_v3_screening_mci_ad/s1,43,nacc_to_adni,/zjs/AD_Project/dual_shift_github/outputs/journal/apic_v3_screening_mci_ad/s1/seed43/nacc_to_adni/mixstyle_x/journal_metrics.json,mixstyle_x,22,mixstyle,0.03711610079800576,0.7972644919991717,0.9231498380676072,,,,,,,,,0.0,0.0,0.0,0.0,0.0,0.0,0.0,,
/zjs/AD_Project/dual_shift_github/outputs/journal/apic_v3_screening_mci_ad/s1,43,nacc_to_adni,/zjs/AD_Project/dual_shift_github/outputs/journal/apic_v3_screening_mci_ad/s1/seed43/nacc_to_adni/mixstyle_x/journal_metrics.json,mixstyle_x,23,mixstyle,0.028134538714663537,0.9133375980558672,0.908041624162043,,,,,,,,,0.0,0.0,0.0,0.0,0.0,0.0,0.0,,
/zjs/AD_Project/dual_shift_github/outputs/journal/apic_v3_screening_mci_ad/s1,43,nacc_to_adni,/zjs/AD_Project/dual_shift_github/outputs/journal/apic_v3_screening_mci_ad/s1/seed43/nacc_to_adni/mixstyle_x/journal_metrics.json,mixstyle_x,24,mixstyle,0.019090040853623896,0.8008473002477864,0.9293526497036471,,,,,,,,,0.0,0.0,0.0,0.0,0.0,0.0,0.0,,
/zjs/AD_Project/dual_shift_github/outputs/journal/apic_v3_screening_mci_ad/s1,43,nacc_to_adni,/zjs/AD_Project/dual_shift_github/outputs/journal/apic_v3_screening_mci_ad/s1/seed43/nacc_to_adni/mixstyle_x/journal_metrics.json,mixstyle_x,25,mixstyle,0.00638050630421032,0.856669950085391,0.9428498635047714,,,,,,,,,0.0,0.0,0.0,0.0,0.0,0.0,0.0,,
/zjs/AD_Project/dual_shift_github/outputs/journal/apic_v3_screening_mci_ad/s1,43,nacc_to_adni,/zjs/AD_Project/dual_shift_github/outputs/journal/apic_v3_screening_mci_ad/s1/seed43/nacc_to_adni/mixstyle_x/journal_metrics.json,mixstyle_x,26,mixstyle,0.0051130194300377605,0.8003814543660422,0.9630076494040332,,,,,,,,,0.0,0.0,0.0,0.0,0.0,0.0,0.0,,
/zjs/AD_Project/dual_shift_github/outputs/journal/apic_v3_screening_mci_ad/s1,43,nacc_to_adni,/zjs/AD_Project/dual_shift_github/outputs/journal/apic_v3_screening_mci_ad/s1/seed43/nacc_to_adni/mixstyle_x/journal_metrics.json,mixstyle_x,27,mixstyle,0.002235476507867696,0.856848506612311,0.9568813066019027,,,,,,,,,0.0,0.0,0.0,0.0,0.0,0.0,0.0,,
/zjs/AD_Project/dual_shift_github/outputs/journal/apic_v3_screening_mci_ad/s1,43,nacc_to_adni,/zjs/AD_Project/dual_shift_github/outputs/journal/apic_v3_screening_mci_ad/s1/seed43/nacc_to_adni/mixstyle_x/journal_metrics.json,mixstyle_x,28,mixstyle,0.0017983822689689312,0.8915491035502208,0.9582780307107607,,,,,,,,,0.0,0.0,0.0,0.0,0.0,0.0,0.0,,
/zjs/AD_Project/dual_shift_github/outputs/journal/apic_v3_screening_mci_ad/s1,43,nacc_to_adni,/zjs/AD_Project/dual_shift_github/outputs/journal/apic_v3_screening_mci_ad/s1/seed43/nacc_to_adni/mixstyle_x/journal_metrics.json,mixstyle_x,29,mixstyle,0.0016584535595629672,0.916192145162101,0.9555415339862442,,,,,,,,,0.0,0.0,0.0,0.0,0.0,0.0,0.0,,
/zjs/AD_Project/dual_shift_github/outputs/journal/apic_v3_screening_mci_ad/s1,43,nacc_to_adni,/zjs/AD_Project/dual_shift_github/outputs/journal/apic_v3_screening_mci_ad/s1/seed43/nacc_to_adni/mixstyle_x/journal_metrics.json,mixstyle_x,30,mixstyle,0.003278772589482353,0.9601229935476584,0.9562632945847811,,,,,,,,,0.0,0.0,0.0,0.0,0.0,0.0,0.0,,
/zjs/AD_Project/dual_shift_github/outputs/journal/apic_v3_screening_mci_ad/s1,43,nacc_to_adni,/zjs/AD_Project/dual_shift_github/outputs/journal/apic_v3_screening_mci_ad/s1/seed43/nacc_to_adni/mixstyle_x/journal_metrics.json,mixstyle_x,31,mixstyle,0.004227875450598412,0.8493133142500366,0.9692465652126785,,,,,,,,,0.0,0.0,0.0,0.0,0.0,0.0,0.0,,
/zjs/AD_Project/dual_shift_github/outputs/journal/apic_v3_screening_mci_ad/s1,43,nacc_to_adni,/zjs/AD_Project/dual_shift_github/outputs/journal/apic_v3_screening_mci_ad/s1/seed43/nacc_to_adni/mixstyle_x/journal_metrics.json,mixstyle_x,32,mixstyle,0.0013934872191178507,0.9297128321740363,0.9690568070051717,,,,,,,,,0.0,0.0,0.0,0.0,0.0,0.0,0.0,,
/zjs/AD_Project/dual_shift_github/outputs/journal/apic_v3_screening_mci_ad/s1,43,nacc_to_adni,/zjs/AD_Project/dual_shift_github/outputs/journal/apic_v3_screening_mci_ad/s1/seed43/nacc_to_adni/mixstyle_x/journal_metrics.json,mixstyle_x,33,mixstyle,0.003155024596802007,1.2089792771419838,0.93328163801712,,,,,,,,,0.0,0.0,0.0,0.0,0.0,0.0,0.0,,
/zjs/AD_Project/dual_shift_github/outputs/journal/apic_v3_screening_mci_ad/s1,43,nacc_to_adni,/zjs/AD_Project/dual_shift_github/outputs/journal/apic_v3_screening_mci_ad/s1/seed43/nacc_to_adni/mixstyle_x/journal_metrics.json,mixstyle_x,34,mixstyle,0.002996889442207229,0.9195794369679652,0.9718337503322512,,,,,,,,,0.0,0.0,0.0,0.0,0.0,0.0,0.0,,
/zjs/AD_Project/dual_shift_github/outputs/journal/apic_v3_screening_mci_ad/s1,43,nacc_to_adni,/zjs/AD_Project/dual_shift_github/outputs/journal/apic_v3_screening_mci_ad/s1/seed43/nacc_to_adni/mixstyle_x/journal_metrics.json,mixstyle_x,35,mixstyle,0.0016411968553978855,0.9966423045594378,0.9713287945351572,,,,,,,,,0.0,0.0,0.0,0.0,0.0,0.0,0.0,,
/zjs/AD_Project/dual_shift_github/outputs/journal/apic_v3_screening_mci_ad/s1,43,nacc_to_adni,/zjs/AD_Project/dual_shift_github/outputs/journal/apic_v3_screening_mci_ad/s1/seed43/nacc_to_adni/mixstyle_x/journal_metrics.json,mixstyle_x,36,mixstyle,0.0012869466314891585,1.0220688239496667,0.9623726520412846,,,,,,,,,0.0,0.0,0.0,0.0,0.0,0.0,0.0,,
/zjs/AD_Project/dual_shift_github/outputs/journal/apic_v3_screening_mci_ad/s1,43,nacc_to_adni,/zjs/AD_Project/dual_shift_github/outputs/journal/apic_v3_screening_mci_ad/s1/seed43/nacc_to_adni/mixstyle_x/journal_metrics.json,mixstyle_x,37,mixstyle,0.002226365215148652,1.0043150540533181,0.9686369970410554,,,,,,,,,0.0,0.0,0.0,0.0,0.0,0.0,0.0,,
/zjs/AD_Project/dual_shift_github/outputs/journal/apic_v3_screening_mci_ad/s1,43,nacc_to_adni,/zjs/AD_Project/dual_shift_github/outputs/journal/apic_v3_screening_mci_ad/s1/seed43/nacc_to_adni/mixstyle_x/journal_metrics.json,mixstyle_x,38,mixstyle,0.0013111411645911279,1.028817002158008,0.9665146871850009,,,,,,,,,0.0,0.0,0.0,0.0,0.0,0.0,0.0,,
/zjs/AD_Project/dual_shift_github/outputs/journal/apic_v3_screening_mci_ad/s1,43,nacc_to_adni,/zjs/AD_Project/dual_shift_github/outputs/journal/apic_v3_screening_mci_ad/s1/seed43/nacc_to_adni/mixstyle_x/journal_metrics.json,mixstyle_x,39,mixstyle,0.0006932914591218542,0.9980325594927794,0.9688319848789101,,,,,,,,,0.0,0.0,0.0,0.0,0.0,0.0,0.0,,
/zjs/AD_Project/dual_shift_github/outputs/journal/apic_v3_screening_mci_ad/s1,43,nacc_to_adni,/zjs/AD_Project/dual_shift_github/outputs/journal/apic_v3_screening_mci_ad/s1/seed43/nacc_to_adni/mixstyle_x/journal_metrics.json,mixstyle_x,40,mixstyle,0.0019319465457922035,1.0788830962925764,0.9622601712861608,,,,,,,,,0.0,0.0,0.0,0.0,0.0,0.0,0.0,,
/zjs/AD_Project/dual_shift_github/outputs/journal/apic_v3_screening_mci_ad/s1,43,nacc_to_adni,/zjs/AD_Project/dual_shift_github/outputs/journal/apic_v3_screening_mci_ad/s1/seed43/nacc_to_adni/mixstyle_x/journal_metrics.json,mixstyle_x,41,mixstyle,0.0005179614300996223,1.0713817520238655,0.9713106103109707,,,,,,,,,0.0,0.0,0.0,0.0,0.0,0.0,0.0,,
/zjs/AD_Project/dual_shift_github/outputs/journal/apic_v3_screening_mci_ad/s1,43,nacc_to_adni,/zjs/AD_Project/dual_shift_github/outputs/journal/apic_v3_screening_mci_ad/s1/seed43/nacc_to_adni/mixstyle_x/journal_metrics.json,mixstyle_x,42,mixstyle,0.0016463812622982774,0.9900126808291893,0.9752270125472975,,,,,,,,,0.0,0.0,0.0,0.0,0.0,0.0,0.0,,
/zjs/AD_Project/dual_shift_github/outputs/journal/apic_v3_screening_mci_ad/s1,43,nacc_to_adni,/zjs/AD_Project/dual_shift_github/outputs/journal/apic_v3_screening_mci_ad/s1/seed43/nacc_to_adni/mixstyle_x/journal_metrics.json,mixstyle_x,43,mixstyle,0.0005686878738339784,1.0484482776532273,0.9685547292502884,,,,,,,,,0.0,0.0,0.0,0.0,0.0,0.0,0.0,,
/zjs/AD_Project/dual_shift_github/outputs/journal/apic_v3_screening_mci_ad/s1,43,nacc_to_adni,/zjs/AD_Project/dual_shift_github/outputs/journal/apic_v3_screening_mci_ad/s1/seed43/nacc_to_adni/mixstyle_x/journal_metrics.json,mixstyle_x,44,mixstyle,0.0011786137005514057,1.1144409518037035,0.9681094977049027,,,,,,,,,0.0,0.0,0.0,0.0,0.0,0.0,0.0,,
/zjs/AD_Project/dual_shift_github/outputs/journal/apic_v3_screening_mci_ad/s1,43,nacc_to_adni,/zjs/AD_Project/dual_shift_github/outputs/journal/apic_v3_screening_mci_ad/s1/seed43/nacc_to_adni/mixstyle_x/journal_metrics.json,mixstyle_x,45,mixstyle,0.0007232481697541254,1.1358318052180107,0.9661831360278373,,,,,,,,,0.0,0.0,0.0,0.0,0.0,0.0,0.0,,
/zjs/AD_Project/dual_shift_github/outputs/journal/apic_v3_screening_mci_ad/s1,43,nacc_to_adni,/zjs/AD_Project/dual_shift_github/outputs/journal/apic_v3_screening_mci_ad/s1/seed43/nacc_to_adni/mixstyle_x/journal_metrics.json,mixstyle_x,46,mixstyle,0.0006414055275019995,1.079885740851094,0.968436530990203,,,,,,,,,0.0,0.0,0.0,0.0,0.0,0.0,0.0,,
/zjs/AD_Project/dual_shift_github/outputs/journal/apic_v3_screening_mci_ad/s1,43,nacc_to_adni,/zjs/AD_Project/dual_shift_github/outputs/journal/apic_v3_screening_mci_ad/s1/seed43/nacc_to_adni/mixstyle_x/journal_metrics.json,mixstyle_x,47,mixstyle,0.00041867725976959435,1.0844419315981213,0.9673769760167056,,,,,,,,,0.0,0.0,0.0,0.0,0.0,0.0,0.0,,
/zjs/AD_Project/dual_shift_github/outputs/journal/apic_v3_screening_mci_ad/s1,43,nacc_to_adni,/zjs/AD_Project/dual_shift_github/outputs/journal/apic_v3_screening_mci_ad/s1/seed43/nacc_to_adni/mixstyle_x/journal_metrics.json,mixstyle_x,48,mixstyle,0.0004031686987274821,1.050416217376373,0.968183255868521,,,,,,,,,0.0,0.0,0.0,0.0,0.0,0.0,0.0,,
/zjs/AD_Project/dual_shift_github/outputs/journal/apic_v3_screening_mci_ad/s1,43,nacc_to_adni,/zjs/AD_Project/dual_shift_github/outputs/journal/apic_v3_screening_mci_ad/s1/seed43/nacc_to_adni/mixstyle_x/journal_metrics.json,mixstyle_x,49,mixstyle,0.0007439023755575091,1.1451443191999031,0.9668695084362047,,,,,,,,,0.0,0.0,0.0,0.0,0.0,0.0,0.0,,
/zjs/AD_Project/dual_shift_github/outputs/journal/apic_v3_screening_mci_ad/s1,43,nacc_to_adni,/zjs/AD_Project/dual_shift_github/outputs/journal/apic_v3_screening_mci_ad/s1/seed43/nacc_to_adni/mixstyle_x/journal_metrics.json,mixstyle_x,50,mixstyle,0.0005442465366867668,1.1147216958587043,0.961198415200712,,,,,,,,,0.0,0.0,0.0,0.0,0.0,0.0,0.0,,
