[journal] ce_x epoch 1/50 train_loss=0.5123 val_loss=0.9696 val_auc=0.8812007547986997 phase=clean apis_l2=0.0 valid_frac=0.0
[journal] ce_x epoch 2/50 train_loss=0.3243 val_loss=0.5000 val_auc=0.9917654434320942 phase=clean apis_l2=0.0 valid_frac=0.0
[journal] ce_x epoch 3/50 train_loss=0.3473 val_loss=0.6437 val_auc=1.0268298004816363 phase=clean apis_l2=0.0 valid_frac=0.0
[journal] ce_x epoch 4/50 train_loss=0.2860 val_loss=2.7733 val_auc=0.8163420305931802 phase=clean apis_l2=0.0 valid_frac=0.0
[journal] ce_x epoch 5/50 train_loss=0.1891 val_loss=0.3991 val_auc=1.0416766483489044 phase=clean apis_l2=0.0 valid_frac=0.0
[journal] ce_x epoch 6/50 train_loss=0.1977 val_loss=0.3252 val_auc=1.074703818077266 phase=clean apis_l2=0.0 valid_frac=0.0
[journal] ce_x epoch 7/50 train_loss=0.1941 val_loss=0.4102 val_auc=1.0418531696818116 phase=clean apis_l2=0.0 valid_frac=0.0
[journal] ce_x epoch 8/50 train_loss=0.1460 val_loss=0.7751 val_auc=1.010402362342117 phase=clean apis_l2=0.0 valid_frac=0.0
[journal] ce_x epoch 9/50 train_loss=0.0836 val_loss=0.3102 val_auc=1.0979627362448348 phase=clean apis_l2=0.0 valid_frac=0.0
[journal] ce_x epoch 10/50 train_loss=0.1687 val_loss=0.4719 val_auc=1.0337877827852084 phase=clean apis_l2=0.0 valid_frac=0.0
[journal] ce_x epoch 11/50 train_loss=0.1003 val_loss=0.4414 val_auc=1.0539957066795296 phase=clean apis_l2=0.0 valid_frac=0.0
[journal] ce_x epoch 12/50 train_loss=0.0684 val_loss=0.3569 val_auc=1.090085551702606 phase=clean apis_l2=0.0 valid_frac=0.0
[journal] ce_x epoch 13/50 train_loss=0.1280 val_loss=0.3004 val_auc=1.0967267363266877 phase=clean apis_l2=0.0 valid_frac=0.0
[journal] ce_x epoch 14/50 train_loss=0.0382 val_loss=0.4709 val_auc=1.097777969988474 phase=clean apis_l2=0.0 valid_frac=0.0
[journal] ce_x epoch 15/50 train_loss=0.0163 val_loss=0.3241 val_auc=1.0956857399192992 phase=clean apis_l2=0.0 valid_frac=0.0
[journal] ce_x epoch 16/50 train_loss=0.1411 val_loss=0.5037 val_auc=1.0331323441258244 phase=clean apis_l2=0.0 valid_frac=0.0
[journal] ce_x epoch 17/50 train_loss=0.0687 val_loss=0.5729 val_auc=1.035873223146095 phase=clean apis_l2=0.0 valid_frac=0.0
[journal] ce_x epoch 18/50 train_loss=0.0281 val_loss=0.3496 val_auc=1.0970197081450177 phase=clean apis_l2=0.0 valid_frac=0.0
[journal] ce_x epoch 19/50 train_loss=0.0520 val_loss=0.4229 val_auc=1.0930641658684885 phase=clean apis_l2=0.0 valid_frac=0.0
[journal] ce_x epoch 20/50 train_loss=0.0064 val_loss=0.4264 val_auc=1.1026049080883786 phase=clean apis_l2=0.0 valid_frac=0.0
[journal] ce_x epoch 21/50 train_loss=0.0040 val_loss=0.4350 val_auc=1.0919055707428695 phase=clean apis_l2=0.0 valid_frac=0.0
[journal] ce_x epoch 22/50 train_loss=0.1461 val_loss=0.2649 val_auc=1.1179225274489728 phase=clean apis_l2=0.0 valid_frac=0.0
[journal] ce_x epoch 23/50 train_loss=0.0909 val_loss=0.2906 val_auc=1.1208522444224842 phase=clean apis_l2=0.0 valid_frac=0.0
[journal] ce_x epoch 24/50 train_loss=0.0110 val_loss=0.3471 val_auc=1.1306686818170257 phase=clean apis_l2=0.0 valid_frac=0.0
[journal] ce_x epoch 25/50 train_loss=0.0050 val_loss=0.3200 val_auc=1.1236991695651513 phase=clean apis_l2=0.0 valid_frac=0.0
[journal] ce_x epoch 26/50 train_loss=0.1161 val_loss=0.7672 val_auc=1.0230423899349157 phase=clean apis_l2=0.0 valid_frac=0.0
[journal] ce_x epoch 27/50 train_loss=0.0552 val_loss=0.4237 val_auc=1.0709853188496272 phase=clean apis_l2=0.0 valid_frac=0.0
[journal] ce_x epoch 28/50 train_loss=0.0091 val_loss=0.3889 val_auc=1.093437680279579 phase=clean apis_l2=0.0 valid_frac=0.0
[journal] ce_x epoch 29/50 train_loss=0.0040 val_loss=0.3847 val_auc=1.1027231748686717 phase=clean apis_l2=0.0 valid_frac=0.0
[journal] ce_x epoch 30/50 train_loss=0.0024 val_loss=0.3774 val_auc=1.1161386451728823 phase=clean apis_l2=0.0 valid_frac=0.0
[journal] ce_x epoch 31/50 train_loss=0.0015 val_loss=0.4033 val_auc=1.111713126129872 phase=clean apis_l2=0.0 valid_frac=0.0
[journal] ce_x epoch 32/50 train_loss=0.1025 val_loss=0.4597 val_auc=1.0418163444699786 phase=clean apis_l2=0.0 valid_frac=0.0
[journal] ce_x epoch 33/50 train_loss=0.0799 val_loss=0.3821 val_auc=1.101157872754347 phase=clean apis_l2=0.0 valid_frac=0.0
[journal] ce_x epoch 34/50 train_loss=0.0693 val_loss=0.3811 val_auc=1.1017518845893453 phase=clean apis_l2=0.0 valid_frac=0.0
[journal] ce_x epoch 35/50 train_loss=0.0286 val_loss=0.4002 val_auc=1.082865331665891 phase=clean apis_l2=0.0 valid_frac=0.0
[journal] ce_x epoch 36/50 train_loss=0.0035 val_loss=0.4534 val_auc=1.0934982694628541 phase=clean apis_l2=0.0 valid_frac=0.0
[journal] ce_x epoch 37/50 train_loss=0.0173 val_loss=0.5567 val_auc=1.0434189669964955 phase=clean apis_l2=0.0 valid_frac=0.0
[journal] ce_x epoch 38/50 train_loss=0.0987 val_loss=0.3672 val_auc=1.0539449554447595 phase=clean apis_l2=0.0 valid_frac=0.0
[journal] ce_x epoch 39/50 train_loss=0.0249 val_loss=0.5361 val_auc=1.0702012667016987 phase=clean apis_l2=0.0 valid_frac=0.0
[journal] ce_x epoch 40/50 train_loss=0.0413 val_loss=0.3721 val_auc=1.0969246665221724 phase=clean apis_l2=0.0 valid_frac=0.0
[journal] ce_x epoch 41/50 train_loss=0.0121 val_loss=0.4257 val_auc=1.0916895347158566 phase=clean apis_l2=0.0 valid_frac=0.0
[journal] ce_x epoch 42/50 train_loss=0.0024 val_loss=0.4878 val_auc=1.0954148840911868 phase=clean apis_l2=0.0 valid_frac=0.0
[journal] ce_x epoch 43/50 train_loss=0.0163 val_loss=1.4745 val_auc=0.9861031793353635 phase=clean apis_l2=0.0 valid_frac=0.0
[journal] ce_x epoch 44/50 train_loss=0.0041 val_loss=0.4224 val_auc=1.0865659600128965 phase=clean apis_l2=0.0 valid_frac=0.0
[journal] ce_x epoch 45/50 train_loss=0.0009 val_loss=0.4462 val_auc=1.086471962929668 phase=clean apis_l2=0.0 valid_frac=0.0
[journal] ce_x epoch 46/50 train_loss=0.0025 val_loss=0.4049 val_auc=1.0946507205427534 phase=clean apis_l2=0.0 valid_frac=0.0
[journal] ce_x epoch 47/50 train_loss=0.0006 val_loss=0.4174 val_auc=1.0965688158186409 phase=clean apis_l2=0.0 valid_frac=0.0
[journal] ce_x epoch 48/50 train_loss=0.0004 val_loss=0.4362 val_auc=1.0972176839345633 phase=clean apis_l2=0.0 valid_frac=0.0
[journal] ce_x epoch 49/50 train_loss=0.0002 val_loss=0.4307 val_auc=1.0968848137952523 phase=clean apis_l2=0.0 valid_frac=0.0
[journal] ce_x epoch 50/50 train_loss=0.0002 val_loss=0.4493 val_auc=1.0941339581955825 phase=clean apis_l2=0.0 valid_frac=0.0
C:\Anaconda3\envs\pytorch\lib\site-packages\sklearn\metrics\_classification.py:2399: UserWarning: y_pred contains classes not in y_true
  warnings.warn("y_pred contains classes not in y_true")
C:\Anaconda3\envs\pytorch\lib\site-packages\sklearn\metrics\_classification.py:2399: UserWarning: y_pred contains classes not in y_true
  warnings.warn("y_pred contains classes not in y_true")
C:\Anaconda3\envs\pytorch\lib\site-packages\sklearn\metrics\_classification.py:2399: UserWarning: y_pred contains classes not in y_true
  warnings.warn("y_pred contains classes not in y_true")
C:\Anaconda3\envs\pytorch\lib\site-packages\sklearn\metrics\_classification.py:2399: UserWarning: y_pred contains classes not in y_true
  warnings.warn("y_pred contains classes not in y_true")
C:\Anaconda3\envs\pytorch\lib\site-packages\sklearn\metrics\_classification.py:2399: UserWarning: y_pred contains classes not in y_true
  warnings.warn("y_pred contains classes not in y_true")
C:\Anaconda3\envs\pytorch\lib\site-packages\sklearn\metrics\_classification.py:2399: UserWarning: y_pred contains classes not in y_true
  warnings.warn("y_pred contains classes not in y_true")
C:\Anaconda3\envs\pytorch\lib\site-packages\sklearn\metrics\_classification.py:2399: UserWarning: y_pred contains classes not in y_true
  warnings.warn("y_pred contains classes not in y_true")
C:\Anaconda3\envs\pytorch\lib\site-packages\sklearn\metrics\_classification.py:2399: UserWarning: y_pred contains classes not in y_true
  warnings.warn("y_pred contains classes not in y_true")
C:\Anaconda3\envs\pytorch\lib\site-packages\sklearn\metrics\_classification.py:2399: UserWarning: y_pred contains classes not in y_true
  warnings.warn("y_pred contains classes not in y_true")
C:\Anaconda3\envs\pytorch\lib\site-packages\sklearn\metrics\_classification.py:2399: UserWarning: y_pred contains classes not in y_true
  warnings.warn("y_pred contains classes not in y_true")
C:\Anaconda3\envs\pytorch\lib\site-packages\sklearn\metrics\_classification.py:2399: UserWarning: y_pred contains classes not in y_true
  warnings.warn("y_pred contains classes not in y_true")
C:\Anaconda3\envs\pytorch\lib\site-packages\sklearn\metrics\_classification.py:2399: UserWarning: y_pred contains classes not in y_true
  warnings.warn("y_pred contains classes not in y_true")
C:\Anaconda3\envs\pytorch\lib\site-packages\sklearn\metrics\_classification.py:2399: UserWarning: y_pred contains classes not in y_true
  warnings.warn("y_pred contains classes not in y_true")
C:\Anaconda3\envs\pytorch\lib\site-packages\sklearn\metrics\_classification.py:2399: UserWarning: y_pred contains classes not in y_true
  warnings.warn("y_pred contains classes not in y_true")
C:\Anaconda3\envs\pytorch\lib\site-packages\sklearn\metrics\_classification.py:2399: UserWarning: y_pred contains classes not in y_true
  warnings.warn("y_pred contains classes not in y_true")
C:\Anaconda3\envs\pytorch\lib\site-packages\sklearn\metrics\_classification.py:2399: UserWarning: y_pred contains classes not in y_true
  warnings.warn("y_pred contains classes not in y_true")
C:\Anaconda3\envs\pytorch\lib\site-packages\sklearn\metrics\_classification.py:2399: UserWarning: y_pred contains classes not in y_true
  warnings.warn("y_pred contains classes not in y_true")
C:\Anaconda3\envs\pytorch\lib\site-packages\sklearn\metrics\_classification.py:2399: UserWarning: y_pred contains classes not in y_true
  warnings.warn("y_pred contains classes not in y_true")
C:\Anaconda3\envs\pytorch\lib\site-packages\sklearn\metrics\_classification.py:2399: UserWarning: y_pred contains classes not in y_true
  warnings.warn("y_pred contains classes not in y_true")
C:\Anaconda3\envs\pytorch\lib\site-packages\sklearn\metrics\_classification.py:2399: UserWarning: y_pred contains classes not in y_true
  warnings.warn("y_pred contains classes not in y_true")
C:\Anaconda3\envs\pytorch\lib\site-packages\sklearn\metrics\_classification.py:2399: UserWarning: y_pred contains classes not in y_true
  warnings.warn("y_pred contains classes not in y_true")
C:\Anaconda3\envs\pytorch\lib\site-packages\sklearn\metrics\_classification.py:2399: UserWarning: y_pred contains classes not in y_true
  warnings.warn("y_pred contains classes not in y_true")
C:\Anaconda3\envs\pytorch\lib\site-packages\sklearn\metrics\_classification.py:2399: UserWarning: y_pred contains classes not in y_true
  warnings.warn("y_pred contains classes not in y_true")
C:\Anaconda3\envs\pytorch\lib\site-packages\sklearn\metrics\_classification.py:2399: UserWarning: y_pred contains classes not in y_true
  warnings.warn("y_pred contains classes not in y_true")
C:\Anaconda3\envs\pytorch\lib\site-packages\sklearn\metrics\_classification.py:2399: UserWarning: y_pred contains classes not in y_true
  warnings.warn("y_pred contains classes not in y_true")
C:\Anaconda3\envs\pytorch\lib\site-packages\sklearn\metrics\_classification.py:2399: UserWarning: y_pred contains classes not in y_true
  warnings.warn("y_pred contains classes not in y_true")
C:\Anaconda3\envs\pytorch\lib\site-packages\sklearn\metrics\_classification.py:2399: UserWarning: y_pred contains classes not in y_true
  warnings.warn("y_pred contains classes not in y_true")
C:\Anaconda3\envs\pytorch\lib\site-packages\sklearn\metrics\_classification.py:2399: UserWarning: y_pred contains classes not in y_true
  warnings.warn("y_pred contains classes not in y_true")
C:\Anaconda3\envs\pytorch\lib\site-packages\sklearn\metrics\_classification.py:2399: UserWarning: y_pred contains classes not in y_true
  warnings.warn("y_pred contains classes not in y_true")
C:\Anaconda3\envs\pytorch\lib\site-packages\sklearn\metrics\_classification.py:2399: UserWarning: y_pred contains classes not in y_true
  warnings.warn("y_pred contains classes not in y_true")
C:\Anaconda3\envs\pytorch\lib\site-packages\sklearn\metrics\_classification.py:2399: UserWarning: y_pred contains classes not in y_true
  warnings.warn("y_pred contains classes not in y_true")
C:\Anaconda3\envs\pytorch\lib\site-packages\sklearn\metrics\_classification.py:2399: UserWarning: y_pred contains classes not in y_true
  warnings.warn("y_pred contains classes not in y_true")
C:\Anaconda3\envs\pytorch\lib\site-packages\sklearn\metrics\_classification.py:2399: UserWarning: y_pred contains classes not in y_true
  warnings.warn("y_pred contains classes not in y_true")
C:\Anaconda3\envs\pytorch\lib\site-packages\sklearn\metrics\_classification.py:2399: UserWarning: y_pred contains classes not in y_true
  warnings.warn("y_pred contains classes not in y_true")
C:\Anaconda3\envs\pytorch\lib\site-packages\sklearn\metrics\_classification.py:2399: UserWarning: y_pred contains classes not in y_true
  warnings.warn("y_pred contains classes not in y_true")
C:\Anaconda3\envs\pytorch\lib\site-packages\sklearn\metrics\_classification.py:2399: UserWarning: y_pred contains classes not in y_true
  warnings.warn("y_pred contains classes not in y_true")
C:\Anaconda3\envs\pytorch\lib\site-packages\sklearn\metrics\_classification.py:2399: UserWarning: y_pred contains classes not in y_true
  warnings.warn("y_pred contains classes not in y_true")
C:\Anaconda3\envs\pytorch\lib\site-packages\sklearn\metrics\_classification.py:2399: UserWarning: y_pred contains classes not in y_true
  warnings.warn("y_pred contains classes not in y_true")
C:\Anaconda3\envs\pytorch\lib\site-packages\sklearn\metrics\_classification.py:2399: UserWarning: y_pred contains classes not in y_true
  warnings.warn("y_pred contains classes not in y_true")
C:\Anaconda3\envs\pytorch\lib\site-packages\sklearn\metrics\_classification.py:2399: UserWarning: y_pred contains classes not in y_true
  warnings.warn("y_pred contains classes not in y_true")
C:\Anaconda3\envs\pytorch\lib\site-packages\sklearn\metrics\_classification.py:2399: UserWarning: y_pred contains classes not in y_true
  warnings.warn("y_pred contains classes not in y_true")
C:\Anaconda3\envs\pytorch\lib\site-packages\sklearn\metrics\_classification.py:2399: UserWarning: y_pred contains classes not in y_true
  warnings.warn("y_pred contains classes not in y_true")
C:\Anaconda3\envs\pytorch\lib\site-packages\sklearn\metrics\_classification.py:2399: UserWarning: y_pred contains classes not in y_true
  warnings.warn("y_pred contains classes not in y_true")
C:\Anaconda3\envs\pytorch\lib\site-packages\sklearn\metrics\_classification.py:2399: UserWarning: y_pred contains classes not in y_true
  warnings.warn("y_pred contains classes not in y_true")
C:\Anaconda3\envs\pytorch\lib\site-packages\sklearn\metrics\_classification.py:2399: UserWarning: y_pred contains classes not in y_true
  warnings.warn("y_pred contains classes not in y_true")
C:\Anaconda3\envs\pytorch\lib\site-packages\sklearn\metrics\_classification.py:2399: UserWarning: y_pred contains classes not in y_true
  warnings.warn("y_pred contains classes not in y_true")
C:\Anaconda3\envs\pytorch\lib\site-packages\sklearn\metrics\_classification.py:2399: UserWarning: y_pred contains classes not in y_true
  warnings.warn("y_pred contains classes not in y_true")
C:\Anaconda3\envs\pytorch\lib\site-packages\sklearn\metrics\_classification.py:2399: UserWarning: y_pred contains classes not in y_true
  warnings.warn("y_pred contains classes not in y_true")
C:\Anaconda3\envs\pytorch\lib\site-packages\sklearn\metrics\_classification.py:2399: UserWarning: y_pred contains classes not in y_true
  warnings.warn("y_pred contains classes not in y_true")
C:\Anaconda3\envs\pytorch\lib\site-packages\sklearn\metrics\_classification.py:2399: UserWarning: y_pred contains classes not in y_true
  warnings.warn("y_pred contains classes not in y_true")
C:\Anaconda3\envs\pytorch\lib\site-packages\sklearn\metrics\_classification.py:2399: UserWarning: y_pred contains classes not in y_true
  warnings.warn("y_pred contains classes not in y_true")
C:\Anaconda3\envs\pytorch\lib\site-packages\sklearn\metrics\_classification.py:2399: UserWarning: y_pred contains classes not in y_true
  warnings.warn("y_pred contains classes not in y_true")
C:\Anaconda3\envs\pytorch\lib\site-packages\sklearn\metrics\_classification.py:2399: UserWarning: y_pred contains classes not in y_true
  warnings.warn("y_pred contains classes not in y_true")
C:\Anaconda3\envs\pytorch\lib\site-packages\sklearn\metrics\_classification.py:2399: UserWarning: y_pred contains classes not in y_true
  warnings.warn("y_pred contains classes not in y_true")
C:\Anaconda3\envs\pytorch\lib\site-packages\sklearn\metrics\_classification.py:2399: UserWarning: y_pred contains classes not in y_true
  warnings.warn("y_pred contains classes not in y_true")
C:\Anaconda3\envs\pytorch\lib\site-packages\sklearn\metrics\_classification.py:2399: UserWarning: y_pred contains classes not in y_true
  warnings.warn("y_pred contains classes not in y_true")
C:\Anaconda3\envs\pytorch\lib\site-packages\sklearn\metrics\_classification.py:2399: UserWarning: y_pred contains classes not in y_true
  warnings.warn("y_pred contains classes not in y_true")
C:\Anaconda3\envs\pytorch\lib\site-packages\sklearn\metrics\_classification.py:2399: UserWarning: y_pred contains classes not in y_true
  warnings.warn("y_pred contains classes not in y_true")
C:\Anaconda3\envs\pytorch\lib\site-packages\sklearn\metrics\_classification.py:2399: UserWarning: y_pred contains classes not in y_true
  warnings.warn("y_pred contains classes not in y_true")
C:\Anaconda3\envs\pytorch\lib\site-packages\sklearn\metrics\_classification.py:2399: UserWarning: y_pred contains classes not in y_true
  warnings.warn("y_pred contains classes not in y_true")
C:\Anaconda3\envs\pytorch\lib\site-packages\sklearn\metrics\_classification.py:2399: UserWarning: y_pred contains classes not in y_true
  warnings.warn("y_pred contains classes not in y_true")
[journal] mixstyle_x epoch 1/50 train_loss=0.5274 val_loss=0.4551 val_auc=0.9397835202804123 phase=mixstyle apis_l2=0.0 valid_frac=0.0
[journal] mixstyle_x epoch 2/50 train_loss=0.3310 val_loss=0.3553 val_auc=1.0914180245385858 phase=mixstyle apis_l2=0.0 valid_frac=0.0
[journal] mixstyle_x epoch 3/50 train_loss=0.3435 val_loss=0.4898 val_auc=1.065656274179343 phase=mixstyle apis_l2=0.0 valid_frac=0.0
[journal] mixstyle_x epoch 4/50 train_loss=0.2664 val_loss=4.0414 val_auc=0.7711297676127781 phase=mixstyle apis_l2=0.0 valid_frac=0.0
[journal] mixstyle_x epoch 5/50 train_loss=0.1981 val_loss=0.3449 val_auc=1.0570517635205043 phase=mixstyle apis_l2=0.0 valid_frac=0.0
[journal] mixstyle_x epoch 6/50 train_loss=0.1596 val_loss=0.3767 val_auc=1.0615312259221799 phase=mixstyle apis_l2=0.0 valid_frac=0.0
[journal] mixstyle_x epoch 7/50 train_loss=0.1851 val_loss=0.5962 val_auc=1.0254954303021118 phase=mixstyle apis_l2=0.0 valid_frac=0.0
[journal] mixstyle_x epoch 8/50 train_loss=0.1660 val_loss=0.3527 val_auc=1.0859546020067223 phase=mixstyle apis_l2=0.0 valid_frac=0.0
[journal] mixstyle_x epoch 9/50 train_loss=0.0766 val_loss=0.3059 val_auc=1.1187072170787677 phase=mixstyle apis_l2=0.0 valid_frac=0.0
[journal] mixstyle_x epoch 10/50 train_loss=0.1671 val_loss=0.3729 val_auc=1.072969963755138 phase=mixstyle apis_l2=0.0 valid_frac=0.0
[journal] mixstyle_x epoch 11/50 train_loss=0.1398 val_loss=0.4897 val_auc=1.036869159691585 phase=mixstyle apis_l2=0.0 valid_frac=0.0
[journal] mixstyle_x epoch 12/50 train_loss=0.0837 val_loss=0.8747 val_auc=0.9759102698027396 phase=mixstyle apis_l2=0.0 valid_frac=0.0
[journal] mixstyle_x epoch 13/50 train_loss=0.1251 val_loss=0.3489 val_auc=1.0814134644988207 phase=mixstyle apis_l2=0.0 valid_frac=0.0
[journal] mixstyle_x epoch 14/50 train_loss=0.0303 val_loss=0.7078 val_auc=1.056910683960255 phase=mixstyle apis_l2=0.0 valid_frac=0.0
[journal] mixstyle_x epoch 15/50 train_loss=0.0380 val_loss=0.3290 val_auc=1.10495229722966 phase=mixstyle apis_l2=0.0 valid_frac=0.0
[journal] mixstyle_x epoch 16/50 train_loss=0.1505 val_loss=0.3842 val_auc=1.1029944610132505 phase=mixstyle apis_l2=0.0 valid_frac=0.0
[journal] mixstyle_x epoch 17/50 train_loss=0.0151 val_loss=0.3524 val_auc=1.1131542132957293 phase=mixstyle apis_l2=0.0 valid_frac=0.0
[journal] mixstyle_x epoch 18/50 train_loss=0.0076 val_loss=0.3711 val_auc=1.116785783411537 phase=mixstyle apis_l2=0.0 valid_frac=0.0
[journal] mixstyle_x epoch 19/50 train_loss=0.0057 val_loss=0.3529 val_auc=1.102938898351345 phase=mixstyle apis_l2=0.0 valid_frac=0.0
[journal] mixstyle_x epoch 20/50 train_loss=0.0024 val_loss=0.4004 val_auc=1.1169136766092578 phase=mixstyle apis_l2=0.0 valid_frac=0.0
[journal] mixstyle_x epoch 21/50 train_loss=0.0020 val_loss=0.4030 val_auc=1.1181199931419572 phase=mixstyle apis_l2=0.0 valid_frac=0.0
[journal] mixstyle_x epoch 22/50 train_loss=0.1069 val_loss=0.4852 val_auc=0.9813864178597964 phase=mixstyle apis_l2=0.0 valid_frac=0.0
[journal] mixstyle_x epoch 23/50 train_loss=0.1022 val_loss=0.3211 val_auc=1.1157784925988106 phase=mixstyle apis_l2=0.0 valid_frac=0.0
[journal] mixstyle_x epoch 24/50 train_loss=0.0548 val_loss=0.2943 val_auc=1.116133597636284 phase=mixstyle apis_l2=0.0 valid_frac=0.0
[journal] mixstyle_x epoch 25/50 train_loss=0.0502 val_loss=0.3985 val_auc=1.075507979189957 phase=mixstyle apis_l2=0.0 valid_frac=0.0
[journal] mixstyle_x epoch 26/50 train_loss=0.0760 val_loss=0.4286 val_auc=1.0594000532894845 phase=mixstyle apis_l2=0.0 valid_frac=0.0
[journal] mixstyle_x epoch 27/50 train_loss=0.0428 val_loss=0.5905 val_auc=1.0538730239892873 phase=mixstyle apis_l2=0.0 valid_frac=0.0
[journal] mixstyle_x epoch 28/50 train_loss=0.0082 val_loss=0.4377 val_auc=1.0756482682498527 phase=mixstyle apis_l2=0.0 valid_frac=0.0
[journal] mixstyle_x epoch 29/50 train_loss=0.0096 val_loss=0.4053 val_auc=1.1001932627374247 phase=mixstyle apis_l2=0.0 valid_frac=0.0
[journal] mixstyle_x epoch 30/50 train_loss=0.0166 val_loss=0.4411 val_auc=1.0961041753923007 phase=mixstyle apis_l2=0.0 valid_frac=0.0
[journal] mixstyle_x epoch 31/50 train_loss=0.0038 val_loss=0.4049 val_auc=1.115165762241632 phase=mixstyle apis_l2=0.0 valid_frac=0.0
[journal] mixstyle_x epoch 32/50 train_loss=0.0802 val_loss=0.6222 val_auc=1.0263775250219256 phase=mixstyle apis_l2=0.0 valid_frac=0.0
[journal] mixstyle_x epoch 33/50 train_loss=0.0595 val_loss=0.4977 val_auc=1.053414670514388 phase=mixstyle apis_l2=0.0 valid_frac=0.0
[journal] mixstyle_x epoch 34/50 train_loss=0.0555 val_loss=0.4211 val_auc=1.0434924494179236 phase=mixstyle apis_l2=0.0 valid_frac=0.0
[journal] mixstyle_x epoch 35/50 train_loss=0.0279 val_loss=0.6648 val_auc=1.0933110430141186 phase=mixstyle apis_l2=0.0 valid_frac=0.0
[journal] mixstyle_x epoch 36/50 train_loss=0.0072 val_loss=0.3527 val_auc=1.1269522531530785 phase=mixstyle apis_l2=0.0 valid_frac=0.0
[journal] mixstyle_x epoch 37/50 train_loss=0.0024 val_loss=0.4647 val_auc=1.1147872940656527 phase=mixstyle apis_l2=0.0 valid_frac=0.0
[journal] mixstyle_x epoch 38/50 train_loss=0.0980 val_loss=0.4898 val_auc=1.0546737884662758 phase=mixstyle apis_l2=0.0 valid_frac=0.0
[journal] mixstyle_x epoch 39/50 train_loss=0.0376 val_loss=0.3823 val_auc=1.097757477057934 phase=mixstyle apis_l2=0.0 valid_frac=0.0
[journal] mixstyle_x epoch 40/50 train_loss=0.0835 val_loss=0.3507 val_auc=1.1010484431258798 phase=mixstyle apis_l2=0.0 valid_frac=0.0
[journal] mixstyle_x epoch 41/50 train_loss=0.0365 val_loss=0.5639 val_auc=1.06140617067326 phase=mixstyle apis_l2=0.0 valid_frac=0.0
[journal] mixstyle_x epoch 42/50 train_loss=0.0045 val_loss=0.4990 val_auc=1.08954321793695 phase=mixstyle apis_l2=0.0 valid_frac=0.0
[journal] mixstyle_x epoch 43/50 train_loss=0.0881 val_loss=0.8353 val_auc=1.0253832927742952 phase=mixstyle apis_l2=0.0 valid_frac=0.0
[journal] mixstyle_x epoch 44/50 train_loss=0.0249 val_loss=0.4429 val_auc=1.0949176049193685 phase=mixstyle apis_l2=0.0 valid_frac=0.0
[journal] mixstyle_x epoch 45/50 train_loss=0.0049 val_loss=0.4861 val_auc=1.0965328557869352 phase=mixstyle apis_l2=0.0 valid_frac=0.0
[journal] mixstyle_x epoch 46/50 train_loss=0.0289 val_loss=0.5111 val_auc=1.0886650768291184 phase=mixstyle apis_l2=0.0 valid_frac=0.0
[journal] mixstyle_x epoch 47/50 train_loss=0.0082 val_loss=0.3701 val_auc=1.1072972383036872 phase=mixstyle apis_l2=0.0 valid_frac=0.0
[journal] mixstyle_x epoch 48/50 train_loss=0.0015 val_loss=0.3982 val_auc=1.1147312346551264 phase=mixstyle apis_l2=0.0 valid_frac=0.0
[journal] mixstyle_x epoch 49/50 train_loss=0.0005 val_loss=0.4116 val_auc=1.112621592079172 phase=mixstyle apis_l2=0.0 valid_frac=0.0
[journal] mixstyle_x epoch 50/50 train_loss=0.0006 val_loss=0.4126 val_auc=1.1131348240953811 phase=mixstyle apis_l2=0.0 valid_frac=0.0
C:\Anaconda3\envs\pytorch\lib\site-packages\sklearn\metrics\_classification.py:2399: UserWarning: y_pred contains classes not in y_true
  warnings.warn("y_pred contains classes not in y_true")
C:\Anaconda3\envs\pytorch\lib\site-packages\sklearn\metrics\_classification.py:2399: UserWarning: y_pred contains classes not in y_true
  warnings.warn("y_pred contains classes not in y_true")
C:\Anaconda3\envs\pytorch\lib\site-packages\sklearn\metrics\_classification.py:2399: UserWarning: y_pred contains classes not in y_true
  warnings.warn("y_pred contains classes not in y_true")
C:\Anaconda3\envs\pytorch\lib\site-packages\sklearn\metrics\_classification.py:2399: UserWarning: y_pred contains classes not in y_true
  warnings.warn("y_pred contains classes not in y_true")
C:\Anaconda3\envs\pytorch\lib\site-packages\sklearn\metrics\_classification.py:2399: UserWarning: y_pred contains classes not in y_true
  warnings.warn("y_pred contains classes not in y_true")
C:\Anaconda3\envs\pytorch\lib\site-packages\sklearn\metrics\_classification.py:2399: UserWarning: y_pred contains classes not in y_true
  warnings.warn("y_pred contains classes not in y_true")
C:\Anaconda3\envs\pytorch\lib\site-packages\sklearn\metrics\_classification.py:2399: UserWarning: y_pred contains classes not in y_true
  warnings.warn("y_pred contains classes not in y_true")
C:\Anaconda3\envs\pytorch\lib\site-packages\sklearn\metrics\_classification.py:2399: UserWarning: y_pred contains classes not in y_true
  warnings.warn("y_pred contains classes not in y_true")
C:\Anaconda3\envs\pytorch\lib\site-packages\sklearn\metrics\_classification.py:2399: UserWarning: y_pred contains classes not in y_true
  warnings.warn("y_pred contains classes not in y_true")
C:\Anaconda3\envs\pytorch\lib\site-packages\sklearn\metrics\_classification.py:2399: UserWarning: y_pred contains classes not in y_true
  warnings.warn("y_pred contains classes not in y_true")
C:\Anaconda3\envs\pytorch\lib\site-packages\sklearn\metrics\_classification.py:2399: UserWarning: y_pred contains classes not in y_true
  warnings.warn("y_pred contains classes not in y_true")
C:\Anaconda3\envs\pytorch\lib\site-packages\sklearn\metrics\_classification.py:2399: UserWarning: y_pred contains classes not in y_true
  warnings.warn("y_pred contains classes not in y_true")
C:\Anaconda3\envs\pytorch\lib\site-packages\sklearn\metrics\_classification.py:2399: UserWarning: y_pred contains classes not in y_true
  warnings.warn("y_pred contains classes not in y_true")
C:\Anaconda3\envs\pytorch\lib\site-packages\sklearn\metrics\_classification.py:2399: UserWarning: y_pred contains classes not in y_true
  warnings.warn("y_pred contains classes not in y_true")
C:\Anaconda3\envs\pytorch\lib\site-packages\sklearn\metrics\_classification.py:2399: UserWarning: y_pred contains classes not in y_true
  warnings.warn("y_pred contains classes not in y_true")
C:\Anaconda3\envs\pytorch\lib\site-packages\sklearn\metrics\_classification.py:2399: UserWarning: y_pred contains classes not in y_true
  warnings.warn("y_pred contains classes not in y_true")
C:\Anaconda3\envs\pytorch\lib\site-packages\sklearn\metrics\_classification.py:2399: UserWarning: y_pred contains classes not in y_true
  warnings.warn("y_pred contains classes not in y_true")
C:\Anaconda3\envs\pytorch\lib\site-packages\sklearn\metrics\_classification.py:2399: UserWarning: y_pred contains classes not in y_true
  warnings.warn("y_pred contains classes not in y_true")
C:\Anaconda3\envs\pytorch\lib\site-packages\sklearn\metrics\_classification.py:2399: UserWarning: y_pred contains classes not in y_true
  warnings.warn("y_pred contains classes not in y_true")
C:\Anaconda3\envs\pytorch\lib\site-packages\sklearn\metrics\_classification.py:2399: UserWarning: y_pred contains classes not in y_true
  warnings.warn("y_pred contains classes not in y_true")
C:\Anaconda3\envs\pytorch\lib\site-packages\sklearn\metrics\_classification.py:2399: UserWarning: y_pred contains classes not in y_true
  warnings.warn("y_pred contains classes not in y_true")
C:\Anaconda3\envs\pytorch\lib\site-packages\sklearn\metrics\_classification.py:2399: UserWarning: y_pred contains classes not in y_true
  warnings.warn("y_pred contains classes not in y_true")
C:\Anaconda3\envs\pytorch\lib\site-packages\sklearn\metrics\_classification.py:2399: UserWarning: y_pred contains classes not in y_true
  warnings.warn("y_pred contains classes not in y_true")
C:\Anaconda3\envs\pytorch\lib\site-packages\sklearn\metrics\_classification.py:2399: UserWarning: y_pred contains classes not in y_true
  warnings.warn("y_pred contains classes not in y_true")
C:\Anaconda3\envs\pytorch\lib\site-packages\sklearn\metrics\_classification.py:2399: UserWarning: y_pred contains classes not in y_true
  warnings.warn("y_pred contains classes not in y_true")
C:\Anaconda3\envs\pytorch\lib\site-packages\sklearn\metrics\_classification.py:2399: UserWarning: y_pred contains classes not in y_true
  warnings.warn("y_pred contains classes not in y_true")
C:\Anaconda3\envs\pytorch\lib\site-packages\sklearn\metrics\_classification.py:2399: UserWarning: y_pred contains classes not in y_true
  warnings.warn("y_pred contains classes not in y_true")
C:\Anaconda3\envs\pytorch\lib\site-packages\sklearn\metrics\_classification.py:2399: UserWarning: y_pred contains classes not in y_true
  warnings.warn("y_pred contains classes not in y_true")
C:\Anaconda3\envs\pytorch\lib\site-packages\sklearn\metrics\_classification.py:2399: UserWarning: y_pred contains classes not in y_true
  warnings.warn("y_pred contains classes not in y_true")
C:\Anaconda3\envs\pytorch\lib\site-packages\sklearn\metrics\_classification.py:2399: UserWarning: y_pred contains classes not in y_true
  warnings.warn("y_pred contains classes not in y_true")
C:\Anaconda3\envs\pytorch\lib\site-packages\sklearn\metrics\_classification.py:2399: UserWarning: y_pred contains classes not in y_true
  warnings.warn("y_pred contains classes not in y_true")
C:\Anaconda3\envs\pytorch\lib\site-packages\sklearn\metrics\_classification.py:2399: UserWarning: y_pred contains classes not in y_true
  warnings.warn("y_pred contains classes not in y_true")
C:\Anaconda3\envs\pytorch\lib\site-packages\sklearn\metrics\_classification.py:2399: UserWarning: y_pred contains classes not in y_true
  warnings.warn("y_pred contains classes not in y_true")
C:\Anaconda3\envs\pytorch\lib\site-packages\sklearn\metrics\_classification.py:2399: UserWarning: y_pred contains classes not in y_true
  warnings.warn("y_pred contains classes not in y_true")
C:\Anaconda3\envs\pytorch\lib\site-packages\sklearn\metrics\_classification.py:2399: UserWarning: y_pred contains classes not in y_true
  warnings.warn("y_pred contains classes not in y_true")
C:\Anaconda3\envs\pytorch\lib\site-packages\sklearn\metrics\_classification.py:2399: UserWarning: y_pred contains classes not in y_true
  warnings.warn("y_pred contains classes not in y_true")
C:\Anaconda3\envs\pytorch\lib\site-packages\sklearn\metrics\_classification.py:2399: UserWarning: y_pred contains classes not in y_true
  warnings.warn("y_pred contains classes not in y_true")
C:\Anaconda3\envs\pytorch\lib\site-packages\sklearn\metrics\_classification.py:2399: UserWarning: y_pred contains classes not in y_true
  warnings.warn("y_pred contains classes not in y_true")
C:\Anaconda3\envs\pytorch\lib\site-packages\sklearn\metrics\_classification.py:2399: UserWarning: y_pred contains classes not in y_true
  warnings.warn("y_pred contains classes not in y_true")
C:\Anaconda3\envs\pytorch\lib\site-packages\sklearn\metrics\_classification.py:2399: UserWarning: y_pred contains classes not in y_true
  warnings.warn("y_pred contains classes not in y_true")
C:\Anaconda3\envs\pytorch\lib\site-packages\sklearn\metrics\_classification.py:2399: UserWarning: y_pred contains classes not in y_true
  warnings.warn("y_pred contains classes not in y_true")
C:\Anaconda3\envs\pytorch\lib\site-packages\sklearn\metrics\_classification.py:2399: UserWarning: y_pred contains classes not in y_true
  warnings.warn("y_pred contains classes not in y_true")
C:\Anaconda3\envs\pytorch\lib\site-packages\sklearn\metrics\_classification.py:2399: UserWarning: y_pred contains classes not in y_true
  warnings.warn("y_pred contains classes not in y_true")
C:\Anaconda3\envs\pytorch\lib\site-packages\sklearn\metrics\_classification.py:2399: UserWarning: y_pred contains classes not in y_true
  warnings.warn("y_pred contains classes not in y_true")
C:\Anaconda3\envs\pytorch\lib\site-packages\sklearn\metrics\_classification.py:2399: UserWarning: y_pred contains classes not in y_true
  warnings.warn("y_pred contains classes not in y_true")
C:\Anaconda3\envs\pytorch\lib\site-packages\sklearn\metrics\_classification.py:2399: UserWarning: y_pred contains classes not in y_true
  warnings.warn("y_pred contains classes not in y_true")
C:\Anaconda3\envs\pytorch\lib\site-packages\sklearn\metrics\_classification.py:2399: UserWarning: y_pred contains classes not in y_true
  warnings.warn("y_pred contains classes not in y_true")
C:\Anaconda3\envs\pytorch\lib\site-packages\sklearn\metrics\_classification.py:2399: UserWarning: y_pred contains classes not in y_true
  warnings.warn("y_pred contains classes not in y_true")
C:\Anaconda3\envs\pytorch\lib\site-packages\sklearn\metrics\_classification.py:2399: UserWarning: y_pred contains classes not in y_true
  warnings.warn("y_pred contains classes not in y_true")
C:\Anaconda3\envs\pytorch\lib\site-packages\sklearn\metrics\_classification.py:2399: UserWarning: y_pred contains classes not in y_true
  warnings.warn("y_pred contains classes not in y_true")
C:\Anaconda3\envs\pytorch\lib\site-packages\sklearn\metrics\_classification.py:2399: UserWarning: y_pred contains classes not in y_true
  warnings.warn("y_pred contains classes not in y_true")
C:\Anaconda3\envs\pytorch\lib\site-packages\sklearn\metrics\_classification.py:2399: UserWarning: y_pred contains classes not in y_true
  warnings.warn("y_pred contains classes not in y_true")
[journal] apic_v3_x epoch 1/50 train_loss=0.5163 val_loss=0.5812 val_auc=0.8154997822394711 phase=clean_warmup apis_l2=0.0 valid_frac=0.0
[journal] apic_v3_x epoch 2/50 train_loss=0.3384 val_loss=1.8380 val_auc=0.8577383182333606 phase=clean_warmup apis_l2=0.0 valid_frac=0.0
[journal] apic_v3_x epoch 3/50 train_loss=0.3455 val_loss=0.4020 val_auc=1.07759028843312 phase=clean_warmup apis_l2=0.0 valid_frac=0.0
[journal] apic_v3_x epoch 4/50 train_loss=0.2548 val_loss=4.2068 val_auc=0.8043941029662275 phase=clean_warmup apis_l2=0.0 valid_frac=0.0
[journal] apic_v3_x epoch 5/50 train_loss=0.1989 val_loss=0.3189 val_auc=1.0887289811780616 phase=clean_warmup apis_l2=0.0 valid_frac=0.0
[journal] apic_v3_x epoch 6/50 train_loss=0.4577 val_loss=0.2989 val_auc=1.0328125386964198 phase=apis_warmup apis_l2=6.998308544791662e-06 valid_frac=1.0
[journal] apic_v3_x epoch 7/50 train_loss=0.6042 val_loss=0.3686 val_auc=1.0113906962263048 phase=apis_warmup apis_l2=1.3668294749621247e-05 valid_frac=1.0
[journal] apic_v3_x epoch 8/50 train_loss=0.4074 val_loss=0.9675 val_auc=0.9680503949899877 phase=apis_warmup apis_l2=2.0022623254854355e-05 valid_frac=1.0
[journal] apic_v3_x epoch 9/50 train_loss=0.3521 val_loss=0.3095 val_auc=1.0676174573036028 phase=apis_warmup apis_l2=3.065610016807753e-05 valid_frac=1.0
[journal] apic_v3_x epoch 10/50 train_loss=0.2397 val_loss=0.3756 val_auc=1.0690941540966303 phase=apis_warmup apis_l2=6.593981029521543e-06 valid_frac=1.0
[journal] apic_v3_x epoch 11/50 train_loss=0.0746 val_loss=0.4481 val_auc=1.0337313328973117 phase=joint apis_l2=7.750790669690216e-06 valid_frac=1.0
[journal] apic_v3_x epoch 12/50 train_loss=0.0250 val_loss=0.4581 val_auc=1.0496362695733217 phase=joint apis_l2=1.0825542488307378e-06 valid_frac=1.0
[journal] apic_v3_x epoch 13/50 train_loss=0.2065 val_loss=0.3485 val_auc=1.0835580836529126 phase=joint apis_l2=5.507899238167047e-06 valid_frac=1.0
[journal] apic_v3_x epoch 14/50 train_loss=0.0739 val_loss=0.3901 val_auc=1.0947150254408287 phase=joint apis_l2=4.315097593349218e-06 valid_frac=1.0
[journal] apic_v3_x epoch 15/50 train_loss=0.0513 val_loss=0.3245 val_auc=1.0958371789266907 phase=joint apis_l2=6.119131149633014e-06 valid_frac=1.0
[journal] apic_v3_x epoch 16/50 train_loss=0.2958 val_loss=0.3904 val_auc=1.047941200365382 phase=joint apis_l2=1.6013314001415815e-05 valid_frac=1.0
[journal] apic_v3_x epoch 17/50 train_loss=0.0163 val_loss=0.3331 val_auc=1.0886114254720183 phase=joint apis_l2=1.1723940792635708e-06 valid_frac=1.0
[journal] apic_v3_x epoch 18/50 train_loss=0.0145 val_loss=0.3865 val_auc=1.083661174816852 phase=joint apis_l2=9.92038116994447e-07 valid_frac=1.0
[journal] apic_v3_x epoch 19/50 train_loss=0.0071 val_loss=0.3838 val_auc=1.086816875360345 phase=joint apis_l2=4.652453335260788e-07 valid_frac=1.0
[journal] apic_v3_x epoch 20/50 train_loss=0.0042 val_loss=0.4211 val_auc=1.0857127658621206 phase=joint apis_l2=3.266863964498236e-07 valid_frac=1.0
[journal] apic_v3_x epoch 21/50 train_loss=0.0035 val_loss=0.4804 val_auc=1.0849368086065545 phase=joint apis_l2=2.7547571160503953e-07 valid_frac=1.0
[journal] apic_v3_x epoch 22/50 train_loss=0.3094 val_loss=0.2977 val_auc=1.1060637252952306 phase=joint apis_l2=1.713749119826465e-05 valid_frac=1.0
[journal] apic_v3_x epoch 23/50 train_loss=0.3527 val_loss=0.2752 val_auc=1.0564716695440988 phase=joint apis_l2=3.221707550808625e-05 valid_frac=1.0
[journal] apic_v3_x epoch 24/50 train_loss=0.1462 val_loss=0.3060 val_auc=1.0637221575162565 phase=joint apis_l2=1.1146755988401355e-05 valid_frac=1.0
[journal] apic_v3_x epoch 25/50 train_loss=0.0907 val_loss=0.4263 val_auc=0.9784418432193145 phase=joint apis_l2=1.6611159778054246e-05 valid_frac=1.0
[journal] apic_v3_x epoch 26/50 train_loss=0.0236 val_loss=0.3718 val_auc=1.015126163981121 phase=joint apis_l2=2.4875391750864455e-06 valid_frac=1.0
[journal] apic_v3_x epoch 27/50 train_loss=0.0235 val_loss=0.4027 val_auc=1.0186724226125918 phase=joint apis_l2=1.137110066382668e-06 valid_frac=1.0
[journal] apic_v3_x epoch 28/50 train_loss=0.0091 val_loss=0.3618 val_auc=1.031333128547555 phase=joint apis_l2=2.9894673683269525e-07 valid_frac=1.0
[journal] apic_v3_x epoch 29/50 train_loss=0.0033 val_loss=0.3397 val_auc=1.0472127089589374 phase=joint apis_l2=3.2829919540194036e-07 valid_frac=1.0
[journal] apic_v3_x epoch 30/50 train_loss=0.0042 val_loss=0.4003 val_auc=1.044196783273715 phase=joint apis_l2=3.5692527685010167e-07 valid_frac=1.0
[journal] apic_v3_x epoch 31/50 train_loss=0.0020 val_loss=0.3874 val_auc=1.045232349955978 phase=joint apis_l2=2.439175237357786e-07 valid_frac=1.0
[journal] apic_v3_x epoch 32/50 train_loss=0.2111 val_loss=0.3903 val_auc=0.9749084004762587 phase=joint apis_l2=8.808894059683642e-06 valid_frac=1.0
[journal] apic_v3_x epoch 33/50 train_loss=0.2103 val_loss=0.3936 val_auc=1.0119620025373528 phase=joint apis_l2=1.557391215609331e-05 valid_frac=1.0
[journal] apic_v3_x epoch 34/50 train_loss=0.1046 val_loss=0.3092 val_auc=1.0431924102418035 phase=joint apis_l2=1.2442567588565688e-05 valid_frac=1.0
[journal] apic_v3_x epoch 35/50 train_loss=0.0303 val_loss=0.3062 val_auc=1.0464915443263954 phase=joint apis_l2=7.5078998180648934e-06 valid_frac=1.0
[journal] apic_v3_x epoch 36/50 train_loss=0.0057 val_loss=0.3372 val_auc=1.0278186115150745 phase=joint apis_l2=6.949969925050311e-07 valid_frac=1.0
[journal] apic_v3_x epoch 37/50 train_loss=0.0054 val_loss=0.3471 val_auc=1.0406140379864122 phase=joint apis_l2=3.0676134119543646e-07 valid_frac=1.0
[journal] apic_v3_x epoch 38/50 train_loss=0.0681 val_loss=0.4063 val_auc=1.0291490244538006 phase=joint apis_l2=2.5808765033587296e-06 valid_frac=1.0
[journal] apic_v3_x epoch 39/50 train_loss=0.0163 val_loss=0.4805 val_auc=1.0551984319928147 phase=joint apis_l2=2.85870049955972e-06 valid_frac=1.0
[journal] apic_v3_x epoch 40/50 train_loss=0.1863 val_loss=0.3904 val_auc=1.0422090315090695 phase=joint apis_l2=5.457642967225852e-06 valid_frac=1.0
[journal] apic_v3_x epoch 41/50 train_loss=0.0604 val_loss=0.4305 val_auc=1.021658554869005 phase=joint apis_l2=1.1862214939340666e-05 valid_frac=1.0
[journal] apic_v3_x epoch 42/50 train_loss=0.0714 val_loss=0.5483 val_auc=0.990575152861678 phase=joint apis_l2=5.70904278764976e-05 valid_frac=1.0
[journal] apic_v3_x epoch 43/50 train_loss=0.2188 val_loss=0.5696 val_auc=0.9609665420220086 phase=joint apis_l2=4.746264093934348e-05 valid_frac=1.0
[journal] apic_v3_x epoch 44/50 train_loss=0.0232 val_loss=0.3975 val_auc=1.0272903465612893 phase=joint apis_l2=1.3547373137501194e-05 valid_frac=1.0
[journal] apic_v3_x epoch 45/50 train_loss=0.0073 val_loss=0.4312 val_auc=1.015550264112516 phase=joint apis_l2=1.012195751721585e-06 valid_frac=1.0
[journal] apic_v3_x epoch 46/50 train_loss=0.1288 val_loss=0.3507 val_auc=1.0907810150164208 phase=joint apis_l2=2.519204923275637e-05 valid_frac=1.0
[journal] apic_v3_x epoch 47/50 train_loss=0.0649 val_loss=0.3710 val_auc=1.0691781768061506 phase=joint apis_l2=0.00010826587457961078 valid_frac=1.0
[journal] apic_v3_x epoch 48/50 train_loss=0.0038 val_loss=0.4206 val_auc=1.0676587712786263 phase=joint apis_l2=4.267136658748634e-06 valid_frac=1.0
[journal] apic_v3_x epoch 49/50 train_loss=0.0013 val_loss=0.3924 val_auc=1.0620204065797698 phase=joint apis_l2=1.4850170124901274e-06 valid_frac=1.0
[journal] apic_v3_x epoch 50/50 train_loss=0.0014 val_loss=0.3931 val_auc=1.0583330124566575 phase=joint apis_l2=1.3215559510637078e-06 valid_frac=1.0
C:\Anaconda3\envs\pytorch\lib\site-packages\sklearn\metrics\_classification.py:2399: UserWarning: y_pred contains classes not in y_true
  warnings.warn("y_pred contains classes not in y_true")
C:\Anaconda3\envs\pytorch\lib\site-packages\sklearn\metrics\_classification.py:2399: UserWarning: y_pred contains classes not in y_true
  warnings.warn("y_pred contains classes not in y_true")
C:\Anaconda3\envs\pytorch\lib\site-packages\sklearn\metrics\_classification.py:2399: UserWarning: y_pred contains classes not in y_true
  warnings.warn("y_pred contains classes not in y_true")
C:\Anaconda3\envs\pytorch\lib\site-packages\sklearn\metrics\_classification.py:2399: UserWarning: y_pred contains classes not in y_true
  warnings.warn("y_pred contains classes not in y_true")
C:\Anaconda3\envs\pytorch\lib\site-packages\sklearn\metrics\_classification.py:2399: UserWarning: y_pred contains classes not in y_true
  warnings.warn("y_pred contains classes not in y_true")
C:\Anaconda3\envs\pytorch\lib\site-packages\sklearn\metrics\_classification.py:2399: UserWarning: y_pred contains classes not in y_true
  warnings.warn("y_pred contains classes not in y_true")
C:\Anaconda3\envs\pytorch\lib\site-packages\sklearn\metrics\_classification.py:2399: UserWarning: y_pred contains classes not in y_true
  warnings.warn("y_pred contains classes not in y_true")
C:\Anaconda3\envs\pytorch\lib\site-packages\sklearn\metrics\_classification.py:2399: UserWarning: y_pred contains classes not in y_true
  warnings.warn("y_pred contains classes not in y_true")
C:\Anaconda3\envs\pytorch\lib\site-packages\sklearn\metrics\_classification.py:2399: UserWarning: y_pred contains classes not in y_true
  warnings.warn("y_pred contains classes not in y_true")
C:\Anaconda3\envs\pytorch\lib\site-packages\sklearn\metrics\_classification.py:2399: UserWarning: y_pred contains classes not in y_true
  warnings.warn("y_pred contains classes not in y_true")
C:\Anaconda3\envs\pytorch\lib\site-packages\sklearn\metrics\_classification.py:2399: UserWarning: y_pred contains classes not in y_true
  warnings.warn("y_pred contains classes not in y_true")
C:\Anaconda3\envs\pytorch\lib\site-packages\sklearn\metrics\_classification.py:2399: UserWarning: y_pred contains classes not in y_true
  warnings.warn("y_pred contains classes not in y_true")
C:\Anaconda3\envs\pytorch\lib\site-packages\sklearn\metrics\_classification.py:2399: UserWarning: y_pred contains classes not in y_true
  warnings.warn("y_pred contains classes not in y_true")
C:\Anaconda3\envs\pytorch\lib\site-packages\sklearn\metrics\_classification.py:2399: UserWarning: y_pred contains classes not in y_true
  warnings.warn("y_pred contains classes not in y_true")
C:\Anaconda3\envs\pytorch\lib\site-packages\sklearn\metrics\_classification.py:2399: UserWarning: y_pred contains classes not in y_true
  warnings.warn("y_pred contains classes not in y_true")
C:\Anaconda3\envs\pytorch\lib\site-packages\sklearn\metrics\_classification.py:2399: UserWarning: y_pred contains classes not in y_true
  warnings.warn("y_pred contains classes not in y_true")
C:\Anaconda3\envs\pytorch\lib\site-packages\sklearn\metrics\_classification.py:2399: UserWarning: y_pred contains classes not in y_true
  warnings.warn("y_pred contains classes not in y_true")
C:\Anaconda3\envs\pytorch\lib\site-packages\sklearn\metrics\_classification.py:2399: UserWarning: y_pred contains classes not in y_true
  warnings.warn("y_pred contains classes not in y_true")
C:\Anaconda3\envs\pytorch\lib\site-packages\sklearn\metrics\_classification.py:2399: UserWarning: y_pred contains classes not in y_true
  warnings.warn("y_pred contains classes not in y_true")
C:\Anaconda3\envs\pytorch\lib\site-packages\sklearn\metrics\_classification.py:2399: UserWarning: y_pred contains classes not in y_true
  warnings.warn("y_pred contains classes not in y_true")
C:\Anaconda3\envs\pytorch\lib\site-packages\sklearn\metrics\_classification.py:2399: UserWarning: y_pred contains classes not in y_true
  warnings.warn("y_pred contains classes not in y_true")
C:\Anaconda3\envs\pytorch\lib\site-packages\sklearn\metrics\_classification.py:2399: UserWarning: y_pred contains classes not in y_true
  warnings.warn("y_pred contains classes not in y_true")
C:\Anaconda3\envs\pytorch\lib\site-packages\sklearn\metrics\_classification.py:2399: UserWarning: y_pred contains classes not in y_true
  warnings.warn("y_pred contains classes not in y_true")
C:\Anaconda3\envs\pytorch\lib\site-packages\sklearn\metrics\_classification.py:2399: UserWarning: y_pred contains classes not in y_true
  warnings.warn("y_pred contains classes not in y_true")
C:\Anaconda3\envs\pytorch\lib\site-packages\sklearn\metrics\_classification.py:2399: UserWarning: y_pred contains classes not in y_true
  warnings.warn("y_pred contains classes not in y_true")
C:\Anaconda3\envs\pytorch\lib\site-packages\sklearn\metrics\_classification.py:2399: UserWarning: y_pred contains classes not in y_true
  warnings.warn("y_pred contains classes not in y_true")
C:\Anaconda3\envs\pytorch\lib\site-packages\sklearn\metrics\_classification.py:2399: UserWarning: y_pred contains classes not in y_true
  warnings.warn("y_pred contains classes not in y_true")
C:\Anaconda3\envs\pytorch\lib\site-packages\sklearn\metrics\_classification.py:2399: UserWarning: y_pred contains classes not in y_true
  warnings.warn("y_pred contains classes not in y_true")
C:\Anaconda3\envs\pytorch\lib\site-packages\sklearn\metrics\_classification.py:2399: UserWarning: y_pred contains classes not in y_true
  warnings.warn("y_pred contains classes not in y_true")
C:\Anaconda3\envs\pytorch\lib\site-packages\sklearn\metrics\_classification.py:2399: UserWarning: y_pred contains classes not in y_true
  warnings.warn("y_pred contains classes not in y_true")
C:\Anaconda3\envs\pytorch\lib\site-packages\sklearn\metrics\_classification.py:2399: UserWarning: y_pred contains classes not in y_true
  warnings.warn("y_pred contains classes not in y_true")
C:\Anaconda3\envs\pytorch\lib\site-packages\sklearn\metrics\_classification.py:2399: UserWarning: y_pred contains classes not in y_true
  warnings.warn("y_pred contains classes not in y_true")
C:\Anaconda3\envs\pytorch\lib\site-packages\sklearn\metrics\_classification.py:2399: UserWarning: y_pred contains classes not in y_true
  warnings.warn("y_pred contains classes not in y_true")
C:\Anaconda3\envs\pytorch\lib\site-packages\sklearn\metrics\_classification.py:2399: UserWarning: y_pred contains classes not in y_true
  warnings.warn("y_pred contains classes not in y_true")
C:\Anaconda3\envs\pytorch\lib\site-packages\sklearn\metrics\_classification.py:2399: UserWarning: y_pred contains classes not in y_true
  warnings.warn("y_pred contains classes not in y_true")
C:\Anaconda3\envs\pytorch\lib\site-packages\sklearn\metrics\_classification.py:2399: UserWarning: y_pred contains classes not in y_true
  warnings.warn("y_pred contains classes not in y_true")
C:\Anaconda3\envs\pytorch\lib\site-packages\sklearn\metrics\_classification.py:2399: UserWarning: y_pred contains classes not in y_true
  warnings.warn("y_pred contains classes not in y_true")
C:\Anaconda3\envs\pytorch\lib\site-packages\sklearn\metrics\_classification.py:2399: UserWarning: y_pred contains classes not in y_true
  warnings.warn("y_pred contains classes not in y_true")
C:\Anaconda3\envs\pytorch\lib\site-packages\sklearn\metrics\_classification.py:2399: UserWarning: y_pred contains classes not in y_true
  warnings.warn("y_pred contains classes not in y_true")
C:\Anaconda3\envs\pytorch\lib\site-packages\sklearn\metrics\_classification.py:2399: UserWarning: y_pred contains classes not in y_true
  warnings.warn("y_pred contains classes not in y_true")
C:\Anaconda3\envs\pytorch\lib\site-packages\sklearn\metrics\_classification.py:2399: UserWarning: y_pred contains classes not in y_true
  warnings.warn("y_pred contains classes not in y_true")
C:\Anaconda3\envs\pytorch\lib\site-packages\sklearn\metrics\_classification.py:2399: UserWarning: y_pred contains classes not in y_true
  warnings.warn("y_pred contains classes not in y_true")
C:\Anaconda3\envs\pytorch\lib\site-packages\sklearn\metrics\_classification.py:2399: UserWarning: y_pred contains classes not in y_true
  warnings.warn("y_pred contains classes not in y_true")
C:\Anaconda3\envs\pytorch\lib\site-packages\sklearn\metrics\_classification.py:2399: UserWarning: y_pred contains classes not in y_true
  warnings.warn("y_pred contains classes not in y_true")
C:\Anaconda3\envs\pytorch\lib\site-packages\sklearn\metrics\_classification.py:2399: UserWarning: y_pred contains classes not in y_true
  warnings.warn("y_pred contains classes not in y_true")
C:\Anaconda3\envs\pytorch\lib\site-packages\sklearn\metrics\_classification.py:2399: UserWarning: y_pred contains classes not in y_true
  warnings.warn("y_pred contains classes not in y_true")
C:\Anaconda3\envs\pytorch\lib\site-packages\sklearn\metrics\_classification.py:2399: UserWarning: y_pred contains classes not in y_true
  warnings.warn("y_pred contains classes not in y_true")
C:\Anaconda3\envs\pytorch\lib\site-packages\sklearn\metrics\_classification.py:2399: UserWarning: y_pred contains classes not in y_true
  warnings.warn("y_pred contains classes not in y_true")
C:\Anaconda3\envs\pytorch\lib\site-packages\sklearn\metrics\_classification.py:2399: UserWarning: y_pred contains classes not in y_true
  warnings.warn("y_pred contains classes not in y_true")
C:\Anaconda3\envs\pytorch\lib\site-packages\sklearn\metrics\_classification.py:2399: UserWarning: y_pred contains classes not in y_true
  warnings.warn("y_pred contains classes not in y_true")
C:\Anaconda3\envs\pytorch\lib\site-packages\sklearn\metrics\_classification.py:2399: UserWarning: y_pred contains classes not in y_true
  warnings.warn("y_pred contains classes not in y_true")
C:\Anaconda3\envs\pytorch\lib\site-packages\sklearn\metrics\_classification.py:2399: UserWarning: y_pred contains classes not in y_true
  warnings.warn("y_pred contains classes not in y_true")
C:\Anaconda3\envs\pytorch\lib\site-packages\sklearn\metrics\_classification.py:2399: UserWarning: y_pred contains classes not in y_true
  warnings.warn("y_pred contains classes not in y_true")
C:\Anaconda3\envs\pytorch\lib\site-packages\sklearn\metrics\_classification.py:2399: UserWarning: y_pred contains classes not in y_true
  warnings.warn("y_pred contains classes not in y_true")
C:\Anaconda3\envs\pytorch\lib\site-packages\sklearn\metrics\_classification.py:2399: UserWarning: y_pred contains classes not in y_true
  warnings.warn("y_pred contains classes not in y_true")
C:\Anaconda3\envs\pytorch\lib\site-packages\sklearn\metrics\_classification.py:2399: UserWarning: y_pred contains classes not in y_true
  warnings.warn("y_pred contains classes not in y_true")
C:\Anaconda3\envs\pytorch\lib\site-packages\sklearn\metrics\_classification.py:2399: UserWarning: y_pred contains classes not in y_true
  warnings.warn("y_pred contains classes not in y_true")
C:\Anaconda3\envs\pytorch\lib\site-packages\sklearn\metrics\_classification.py:2399: UserWarning: y_pred contains classes not in y_true
  warnings.warn("y_pred contains classes not in y_true")
C:\Anaconda3\envs\pytorch\lib\site-packages\sklearn\metrics\_classification.py:2399: UserWarning: y_pred contains classes not in y_true
  warnings.warn("y_pred contains classes not in y_true")
C:\Anaconda3\envs\pytorch\lib\site-packages\sklearn\metrics\_classification.py:2399: UserWarning: y_pred contains classes not in y_true
  warnings.warn("y_pred contains classes not in y_true")
C:\Anaconda3\envs\pytorch\lib\site-packages\sklearn\metrics\_classification.py:2399: UserWarning: y_pred contains classes not in y_true
  warnings.warn("y_pred contains classes not in y_true")
C:\Anaconda3\envs\pytorch\lib\site-packages\sklearn\metrics\_classification.py:2399: UserWarning: y_pred contains classes not in y_true
  warnings.warn("y_pred contains classes not in y_true")
C:\Anaconda3\envs\pytorch\lib\site-packages\sklearn\metrics\_classification.py:2399: UserWarning: y_pred contains classes not in y_true
  warnings.warn("y_pred contains classes not in y_true")
C:\Anaconda3\envs\pytorch\lib\site-packages\sklearn\metrics\_classification.py:2399: UserWarning: y_pred contains classes not in y_true
  warnings.warn("y_pred contains classes not in y_true")
C:\Anaconda3\envs\pytorch\lib\site-packages\sklearn\metrics\_classification.py:2399: UserWarning: y_pred contains classes not in y_true
  warnings.warn("y_pred contains classes not in y_true")
C:\Anaconda3\envs\pytorch\lib\site-packages\sklearn\metrics\_classification.py:2399: UserWarning: y_pred contains classes not in y_true
  warnings.warn("y_pred contains classes not in y_true")
C:\Anaconda3\envs\pytorch\lib\site-packages\sklearn\metrics\_classification.py:2399: UserWarning: y_pred contains classes not in y_true
  warnings.warn("y_pred contains classes not in y_true")
C:\Anaconda3\envs\pytorch\lib\site-packages\sklearn\metrics\_classification.py:2399: UserWarning: y_pred contains classes not in y_true
  warnings.warn("y_pred contains classes not in y_true")
C:\Anaconda3\envs\pytorch\lib\site-packages\sklearn\metrics\_classification.py:2399: UserWarning: y_pred contains classes not in y_true
  warnings.warn("y_pred contains classes not in y_true")
C:\Anaconda3\envs\pytorch\lib\site-packages\sklearn\metrics\_classification.py:2399: UserWarning: y_pred contains classes not in y_true
  warnings.warn("y_pred contains classes not in y_true")
C:\Anaconda3\envs\pytorch\lib\site-packages\sklearn\metrics\_classification.py:2399: UserWarning: y_pred contains classes not in y_true
  warnings.warn("y_pred contains classes not in y_true")
C:\Anaconda3\envs\pytorch\lib\site-packages\sklearn\metrics\_classification.py:2399: UserWarning: y_pred contains classes not in y_true
  warnings.warn("y_pred contains classes not in y_true")
C:\Anaconda3\envs\pytorch\lib\site-packages\sklearn\metrics\_classification.py:2399: UserWarning: y_pred contains classes not in y_true
  warnings.warn("y_pred contains classes not in y_true")
C:\Anaconda3\envs\pytorch\lib\site-packages\sklearn\metrics\_classification.py:2399: UserWarning: y_pred contains classes not in y_true
  warnings.warn("y_pred contains classes not in y_true")
C:\Anaconda3\envs\pytorch\lib\site-packages\sklearn\metrics\_classification.py:2399: UserWarning: y_pred contains classes not in y_true
  warnings.warn("y_pred contains classes not in y_true")
C:\Anaconda3\envs\pytorch\lib\site-packages\sklearn\metrics\_classification.py:2399: UserWarning: y_pred contains classes not in y_true
  warnings.warn("y_pred contains classes not in y_true")
C:\Anaconda3\envs\pytorch\lib\site-packages\sklearn\metrics\_classification.py:2399: UserWarning: y_pred contains classes not in y_true
  warnings.warn("y_pred contains classes not in y_true")
C:\Anaconda3\envs\pytorch\lib\site-packages\sklearn\metrics\_classification.py:2399: UserWarning: y_pred contains classes not in y_true
  warnings.warn("y_pred contains classes not in y_true")
C:\Anaconda3\envs\pytorch\lib\site-packages\sklearn\metrics\_classification.py:2399: UserWarning: y_pred contains classes not in y_true
  warnings.warn("y_pred contains classes not in y_true")
C:\Anaconda3\envs\pytorch\lib\site-packages\sklearn\metrics\_classification.py:2399: UserWarning: y_pred contains classes not in y_true
  warnings.warn("y_pred contains classes not in y_true")
C:\Anaconda3\envs\pytorch\lib\site-packages\sklearn\metrics\_classification.py:2399: UserWarning: y_pred contains classes not in y_true
  warnings.warn("y_pred contains classes not in y_true")
C:\Anaconda3\envs\pytorch\lib\site-packages\sklearn\metrics\_classification.py:2399: UserWarning: y_pred contains classes not in y_true
  warnings.warn("y_pred contains classes not in y_true")
C:\Anaconda3\envs\pytorch\lib\site-packages\sklearn\metrics\_classification.py:2399: UserWarning: y_pred contains classes not in y_true
  warnings.warn("y_pred contains classes not in y_true")
C:\Anaconda3\envs\pytorch\lib\site-packages\sklearn\metrics\_classification.py:2399: UserWarning: y_pred contains classes not in y_true
  warnings.warn("y_pred contains classes not in y_true")
C:\Anaconda3\envs\pytorch\lib\site-packages\sklearn\metrics\_classification.py:2399: UserWarning: y_pred contains classes not in y_true
  warnings.warn("y_pred contains classes not in y_true")
C:\Anaconda3\envs\pytorch\lib\site-packages\sklearn\metrics\_classification.py:2399: UserWarning: y_pred contains classes not in y_true
  warnings.warn("y_pred contains classes not in y_true")
C:\Anaconda3\envs\pytorch\lib\site-packages\sklearn\metrics\_classification.py:2399: UserWarning: y_pred contains classes not in y_true
  warnings.warn("y_pred contains classes not in y_true")
C:\Anaconda3\envs\pytorch\lib\site-packages\sklearn\metrics\_classification.py:2399: UserWarning: y_pred contains classes not in y_true
  warnings.warn("y_pred contains classes not in y_true")
C:\Anaconda3\envs\pytorch\lib\site-packages\sklearn\metrics\_classification.py:2399: UserWarning: y_pred contains classes not in y_true
  warnings.warn("y_pred contains classes not in y_true")
C:\Anaconda3\envs\pytorch\lib\site-packages\sklearn\metrics\_classification.py:2399: UserWarning: y_pred contains classes not in y_true
  warnings.warn("y_pred contains classes not in y_true")
C:\Anaconda3\envs\pytorch\lib\site-packages\sklearn\metrics\_classification.py:2399: UserWarning: y_pred contains classes not in y_true
  warnings.warn("y_pred contains classes not in y_true")
C:\Anaconda3\envs\pytorch\lib\site-packages\sklearn\metrics\_classification.py:2399: UserWarning: y_pred contains classes not in y_true
  warnings.warn("y_pred contains classes not in y_true")
C:\Anaconda3\envs\pytorch\lib\site-packages\sklearn\metrics\_classification.py:2399: UserWarning: y_pred contains classes not in y_true
  warnings.warn("y_pred contains classes not in y_true")
C:\Anaconda3\envs\pytorch\lib\site-packages\sklearn\metrics\_classification.py:2399: UserWarning: y_pred contains classes not in y_true
  warnings.warn("y_pred contains classes not in y_true")
C:\Anaconda3\envs\pytorch\lib\site-packages\sklearn\metrics\_classification.py:2399: UserWarning: y_pred contains classes not in y_true
  warnings.warn("y_pred contains classes not in y_true")
C:\Anaconda3\envs\pytorch\lib\site-packages\sklearn\metrics\_classification.py:2399: UserWarning: y_pred contains classes not in y_true
  warnings.warn("y_pred contains classes not in y_true")
C:\Anaconda3\envs\pytorch\lib\site-packages\sklearn\metrics\_classification.py:2399: UserWarning: y_pred contains classes not in y_true
  warnings.warn("y_pred contains classes not in y_true")
C:\Anaconda3\envs\pytorch\lib\site-packages\sklearn\metrics\_classification.py:2399: UserWarning: y_pred contains classes not in y_true
  warnings.warn("y_pred contains classes not in y_true")
C:\Anaconda3\envs\pytorch\lib\site-packages\sklearn\metrics\_classification.py:2399: UserWarning: y_pred contains classes not in y_true
  warnings.warn("y_pred contains classes not in y_true")
C:\Anaconda3\envs\pytorch\lib\site-packages\sklearn\metrics\_classification.py:2399: UserWarning: y_pred contains classes not in y_true
  warnings.warn("y_pred contains classes not in y_true")
C:\Anaconda3\envs\pytorch\lib\site-packages\sklearn\metrics\_classification.py:2399: UserWarning: y_pred contains classes not in y_true
  warnings.warn("y_pred contains classes not in y_true")
C:\Anaconda3\envs\pytorch\lib\site-packages\sklearn\metrics\_classification.py:2399: UserWarning: y_pred contains classes not in y_true
  warnings.warn("y_pred contains classes not in y_true")
C:\Anaconda3\envs\pytorch\lib\site-packages\sklearn\metrics\_classification.py:2399: UserWarning: y_pred contains classes not in y_true
  warnings.warn("y_pred contains classes not in y_true")
C:\Anaconda3\envs\pytorch\lib\site-packages\sklearn\metrics\_classification.py:2399: UserWarning: y_pred contains classes not in y_true
  warnings.warn("y_pred contains classes not in y_true")
C:\Anaconda3\envs\pytorch\lib\site-packages\sklearn\metrics\_classification.py:2399: UserWarning: y_pred contains classes not in y_true
  warnings.warn("y_pred contains classes not in y_true")
C:\Anaconda3\envs\pytorch\lib\site-packages\sklearn\metrics\_classification.py:2399: UserWarning: y_pred contains classes not in y_true
  warnings.warn("y_pred contains classes not in y_true")
C:\Anaconda3\envs\pytorch\lib\site-packages\sklearn\metrics\_classification.py:2399: UserWarning: y_pred contains classes not in y_true
  warnings.warn("y_pred contains classes not in y_true")
C:\Anaconda3\envs\pytorch\lib\site-packages\sklearn\metrics\_classification.py:2399: UserWarning: y_pred contains classes not in y_true
  warnings.warn("y_pred contains classes not in y_true")
C:\Anaconda3\envs\pytorch\lib\site-packages\sklearn\metrics\_classification.py:2399: UserWarning: y_pred contains classes not in y_true
  warnings.warn("y_pred contains classes not in y_true")
C:\Anaconda3\envs\pytorch\lib\site-packages\sklearn\metrics\_classification.py:2399: UserWarning: y_pred contains classes not in y_true
  warnings.warn("y_pred contains classes not in y_true")
C:\Anaconda3\envs\pytorch\lib\site-packages\sklearn\metrics\_classification.py:2399: UserWarning: y_pred contains classes not in y_true
  warnings.warn("y_pred contains classes not in y_true")
C:\Anaconda3\envs\pytorch\lib\site-packages\sklearn\metrics\_classification.py:2399: UserWarning: y_pred contains classes not in y_true
  warnings.warn("y_pred contains classes not in y_true")
C:\Anaconda3\envs\pytorch\lib\site-packages\sklearn\metrics\_classification.py:2399: UserWarning: y_pred contains classes not in y_true
  warnings.warn("y_pred contains classes not in y_true")
C:\Anaconda3\envs\pytorch\lib\site-packages\sklearn\metrics\_classification.py:2399: UserWarning: y_pred contains classes not in y_true
  warnings.warn("y_pred contains classes not in y_true")
C:\Anaconda3\envs\pytorch\lib\site-packages\sklearn\metrics\_classification.py:2399: UserWarning: y_pred contains classes not in y_true
  warnings.warn("y_pred contains classes not in y_true")
C:\Anaconda3\envs\pytorch\lib\site-packages\sklearn\metrics\_classification.py:2399: UserWarning: y_pred contains classes not in y_true
  warnings.warn("y_pred contains classes not in y_true")
C:\Anaconda3\envs\pytorch\lib\site-packages\sklearn\metrics\_classification.py:2399: UserWarning: y_pred contains classes not in y_true
  warnings.warn("y_pred contains classes not in y_true")
C:\Anaconda3\envs\pytorch\lib\site-packages\sklearn\metrics\_classification.py:2399: UserWarning: y_pred contains classes not in y_true
  warnings.warn("y_pred contains classes not in y_true")
C:\Anaconda3\envs\pytorch\lib\site-packages\sklearn\metrics\_classification.py:2399: UserWarning: y_pred contains classes not in y_true
  warnings.warn("y_pred contains classes not in y_true")
C:\Anaconda3\envs\pytorch\lib\site-packages\sklearn\metrics\_classification.py:2399: UserWarning: y_pred contains classes not in y_true
  warnings.warn("y_pred contains classes not in y_true")
C:\Anaconda3\envs\pytorch\lib\site-packages\sklearn\metrics\_classification.py:2399: UserWarning: y_pred contains classes not in y_true
  warnings.warn("y_pred contains classes not in y_true")
C:\Anaconda3\envs\pytorch\lib\site-packages\sklearn\metrics\_classification.py:2399: UserWarning: y_pred contains classes not in y_true
  warnings.warn("y_pred contains classes not in y_true")
C:\Anaconda3\envs\pytorch\lib\site-packages\sklearn\metrics\_classification.py:2399: UserWarning: y_pred contains classes not in y_true
  warnings.warn("y_pred contains classes not in y_true")
C:\Anaconda3\envs\pytorch\lib\site-packages\sklearn\metrics\_classification.py:2399: UserWarning: y_pred contains classes not in y_true
  warnings.warn("y_pred contains classes not in y_true")
C:\Anaconda3\envs\pytorch\lib\site-packages\sklearn\metrics\_classification.py:2399: UserWarning: y_pred contains classes not in y_true
  warnings.warn("y_pred contains classes not in y_true")
C:\Anaconda3\envs\pytorch\lib\site-packages\sklearn\metrics\_classification.py:2399: UserWarning: y_pred contains classes not in y_true
  warnings.warn("y_pred contains classes not in y_true")
C:\Anaconda3\envs\pytorch\lib\site-packages\sklearn\metrics\_classification.py:2399: UserWarning: y_pred contains classes not in y_true
  warnings.warn("y_pred contains classes not in y_true")
C:\Anaconda3\envs\pytorch\lib\site-packages\sklearn\metrics\_classification.py:2399: UserWarning: y_pred contains classes not in y_true
  warnings.warn("y_pred contains classes not in y_true")
C:\Anaconda3\envs\pytorch\lib\site-packages\sklearn\metrics\_classification.py:2399: UserWarning: y_pred contains classes not in y_true
  warnings.warn("y_pred contains classes not in y_true")
C:\Anaconda3\envs\pytorch\lib\site-packages\sklearn\metrics\_classification.py:2399: UserWarning: y_pred contains classes not in y_true
  warnings.warn("y_pred contains classes not in y_true")
C:\Anaconda3\envs\pytorch\lib\site-packages\sklearn\metrics\_classification.py:2399: UserWarning: y_pred contains classes not in y_true
  warnings.warn("y_pred contains classes not in y_true")
C:\Anaconda3\envs\pytorch\lib\site-packages\sklearn\metrics\_classification.py:2399: UserWarning: y_pred contains classes not in y_true
  warnings.warn("y_pred contains classes not in y_true")
C:\Anaconda3\envs\pytorch\lib\site-packages\sklearn\metrics\_classification.py:2399: UserWarning: y_pred contains classes not in y_true
  warnings.warn("y_pred contains classes not in y_true")
C:\Anaconda3\envs\pytorch\lib\site-packages\sklearn\metrics\_classification.py:2399: UserWarning: y_pred contains classes not in y_true
  warnings.warn("y_pred contains classes not in y_true")
C:\Anaconda3\envs\pytorch\lib\site-packages\sklearn\metrics\_classification.py:2399: UserWarning: y_pred contains classes not in y_true
  warnings.warn("y_pred contains classes not in y_true")
C:\Anaconda3\envs\pytorch\lib\site-packages\sklearn\metrics\_classification.py:2399: UserWarning: y_pred contains classes not in y_true
  warnings.warn("y_pred contains classes not in y_true")
C:\Anaconda3\envs\pytorch\lib\site-packages\sklearn\metrics\_classification.py:2399: UserWarning: y_pred contains classes not in y_true
  warnings.warn("y_pred contains classes not in y_true")
C:\Anaconda3\envs\pytorch\lib\site-packages\sklearn\metrics\_classification.py:2399: UserWarning: y_pred contains classes not in y_true
  warnings.warn("y_pred contains classes not in y_true")
C:\Anaconda3\envs\pytorch\lib\site-packages\sklearn\metrics\_classification.py:2399: UserWarning: y_pred contains classes not in y_true
  warnings.warn("y_pred contains classes not in y_true")
C:\Anaconda3\envs\pytorch\lib\site-packages\sklearn\metrics\_classification.py:2399: UserWarning: y_pred contains classes not in y_true
  warnings.warn("y_pred contains classes not in y_true")
C:\Anaconda3\envs\pytorch\lib\site-packages\sklearn\metrics\_classification.py:2399: UserWarning: y_pred contains classes not in y_true
  warnings.warn("y_pred contains classes not in y_true")
C:\Anaconda3\envs\pytorch\lib\site-packages\sklearn\metrics\_classification.py:2399: UserWarning: y_pred contains classes not in y_true
  warnings.warn("y_pred contains classes not in y_true")
C:\Anaconda3\envs\pytorch\lib\site-packages\sklearn\metrics\_classification.py:2399: UserWarning: y_pred contains classes not in y_true
  warnings.warn("y_pred contains classes not in y_true")
C:\Anaconda3\envs\pytorch\lib\site-packages\sklearn\metrics\_classification.py:2399: UserWarning: y_pred contains classes not in y_true
  warnings.warn("y_pred contains classes not in y_true")
C:\Anaconda3\envs\pytorch\lib\site-packages\sklearn\metrics\_classification.py:2399: UserWarning: y_pred contains classes not in y_true
  warnings.warn("y_pred contains classes not in y_true")
C:\Anaconda3\envs\pytorch\lib\site-packages\sklearn\metrics\_classification.py:2399: UserWarning: y_pred contains classes not in y_true
  warnings.warn("y_pred contains classes not in y_true")
C:\Anaconda3\envs\pytorch\lib\site-packages\sklearn\metrics\_classification.py:2399: UserWarning: y_pred contains classes not in y_true
  warnings.warn("y_pred contains classes not in y_true")
C:\Anaconda3\envs\pytorch\lib\site-packages\sklearn\metrics\_classification.py:2399: UserWarning: y_pred contains classes not in y_true
  warnings.warn("y_pred contains classes not in y_true")
C:\Anaconda3\envs\pytorch\lib\site-packages\sklearn\metrics\_classification.py:2399: UserWarning: y_pred contains classes not in y_true
  warnings.warn("y_pred contains classes not in y_true")
C:\Anaconda3\envs\pytorch\lib\site-packages\sklearn\metrics\_classification.py:2399: UserWarning: y_pred contains classes not in y_true
  warnings.warn("y_pred contains classes not in y_true")
C:\Anaconda3\envs\pytorch\lib\site-packages\sklearn\metrics\_classification.py:2399: UserWarning: y_pred contains classes not in y_true
  warnings.warn("y_pred contains classes not in y_true")
C:\Anaconda3\envs\pytorch\lib\site-packages\sklearn\metrics\_classification.py:2399: UserWarning: y_pred contains classes not in y_true
  warnings.warn("y_pred contains classes not in y_true")
C:\Anaconda3\envs\pytorch\lib\site-packages\sklearn\metrics\_classification.py:2399: UserWarning: y_pred contains classes not in y_true
  warnings.warn("y_pred contains classes not in y_true")
C:\Anaconda3\envs\pytorch\lib\site-packages\sklearn\metrics\_classification.py:2399: UserWarning: y_pred contains classes not in y_true
  warnings.warn("y_pred contains classes not in y_true")
C:\Anaconda3\envs\pytorch\lib\site-packages\sklearn\metrics\_classification.py:2399: UserWarning: y_pred contains classes not in y_true
  warnings.warn("y_pred contains classes not in y_true")
C:\Anaconda3\envs\pytorch\lib\site-packages\sklearn\metrics\_classification.py:2399: UserWarning: y_pred contains classes not in y_true
  warnings.warn("y_pred contains classes not in y_true")
C:\Anaconda3\envs\pytorch\lib\site-packages\sklearn\metrics\_classification.py:2399: UserWarning: y_pred contains classes not in y_true
  warnings.warn("y_pred contains classes not in y_true")
C:\Anaconda3\envs\pytorch\lib\site-packages\sklearn\metrics\_classification.py:2399: UserWarning: y_pred contains classes not in y_true
  warnings.warn("y_pred contains classes not in y_true")
C:\Anaconda3\envs\pytorch\lib\site-packages\sklearn\metrics\_classification.py:2399: UserWarning: y_pred contains classes not in y_true
  warnings.warn("y_pred contains classes not in y_true")
C:\Anaconda3\envs\pytorch\lib\site-packages\sklearn\metrics\_classification.py:2399: UserWarning: y_pred contains classes not in y_true
  warnings.warn("y_pred contains classes not in y_true")
C:\Anaconda3\envs\pytorch\lib\site-packages\sklearn\metrics\_classification.py:2399: UserWarning: y_pred contains classes not in y_true
  warnings.warn("y_pred contains classes not in y_true")
C:\Anaconda3\envs\pytorch\lib\site-packages\sklearn\metrics\_classification.py:2399: UserWarning: y_pred contains classes not in y_true
  warnings.warn("y_pred contains classes not in y_true")
C:\Anaconda3\envs\pytorch\lib\site-packages\sklearn\metrics\_classification.py:2399: UserWarning: y_pred contains classes not in y_true
  warnings.warn("y_pred contains classes not in y_true")
C:\Anaconda3\envs\pytorch\lib\site-packages\sklearn\metrics\_classification.py:2399: UserWarning: y_pred contains classes not in y_true
  warnings.warn("y_pred contains classes not in y_true")
C:\Anaconda3\envs\pytorch\lib\site-packages\sklearn\metrics\_classification.py:2399: UserWarning: y_pred contains classes not in y_true
  warnings.warn("y_pred contains classes not in y_true")
C:\Anaconda3\envs\pytorch\lib\site-packages\sklearn\metrics\_classification.py:2399: UserWarning: y_pred contains classes not in y_true
  warnings.warn("y_pred contains classes not in y_true")
C:\Anaconda3\envs\pytorch\lib\site-packages\sklearn\metrics\_classification.py:2399: UserWarning: y_pred contains classes not in y_true
  warnings.warn("y_pred contains classes not in y_true")
C:\Anaconda3\envs\pytorch\lib\site-packages\sklearn\metrics\_classification.py:2399: UserWarning: y_pred contains classes not in y_true
  warnings.warn("y_pred contains classes not in y_true")
C:\Anaconda3\envs\pytorch\lib\site-packages\sklearn\metrics\_classification.py:2399: UserWarning: y_pred contains classes not in y_true
  warnings.warn("y_pred contains classes not in y_true")
C:\Anaconda3\envs\pytorch\lib\site-packages\sklearn\metrics\_classification.py:2399: UserWarning: y_pred contains classes not in y_true
  warnings.warn("y_pred contains classes not in y_true")
C:\Anaconda3\envs\pytorch\lib\site-packages\sklearn\metrics\_classification.py:2399: UserWarning: y_pred contains classes not in y_true
  warnings.warn("y_pred contains classes not in y_true")
C:\Anaconda3\envs\pytorch\lib\site-packages\sklearn\metrics\_classification.py:2399: UserWarning: y_pred contains classes not in y_true
  warnings.warn("y_pred contains classes not in y_true")
C:\Anaconda3\envs\pytorch\lib\site-packages\sklearn\metrics\_classification.py:2399: UserWarning: y_pred contains classes not in y_true
  warnings.warn("y_pred contains classes not in y_true")
C:\Anaconda3\envs\pytorch\lib\site-packages\sklearn\metrics\_classification.py:2399: UserWarning: y_pred contains classes not in y_true
  warnings.warn("y_pred contains classes not in y_true")
C:\Anaconda3\envs\pytorch\lib\site-packages\sklearn\metrics\_classification.py:2399: UserWarning: y_pred contains classes not in y_true
  warnings.warn("y_pred contains classes not in y_true")
C:\Anaconda3\envs\pytorch\lib\site-packages\sklearn\metrics\_classification.py:2399: UserWarning: y_pred contains classes not in y_true
  warnings.warn("y_pred contains classes not in y_true")
C:\Anaconda3\envs\pytorch\lib\site-packages\sklearn\metrics\_classification.py:2399: UserWarning: y_pred contains classes not in y_true
  warnings.warn("y_pred contains classes not in y_true")
C:\Anaconda3\envs\pytorch\lib\site-packages\sklearn\metrics\_classification.py:2399: UserWarning: y_pred contains classes not in y_true
  warnings.warn("y_pred contains classes not in y_true")
C:\Anaconda3\envs\pytorch\lib\site-packages\sklearn\metrics\_classification.py:2399: UserWarning: y_pred contains classes not in y_true
  warnings.warn("y_pred contains classes not in y_true")
C:\Anaconda3\envs\pytorch\lib\site-packages\sklearn\metrics\_classification.py:2399: UserWarning: y_pred contains classes not in y_true
  warnings.warn("y_pred contains classes not in y_true")
C:\Anaconda3\envs\pytorch\lib\site-packages\sklearn\metrics\_classification.py:2399: UserWarning: y_pred contains classes not in y_true
  warnings.warn("y_pred contains classes not in y_true")
C:\Anaconda3\envs\pytorch\lib\site-packages\sklearn\metrics\_classification.py:2399: UserWarning: y_pred contains classes not in y_true
  warnings.warn("y_pred contains classes not in y_true")
C:\Anaconda3\envs\pytorch\lib\site-packages\sklearn\metrics\_classification.py:2399: UserWarning: y_pred contains classes not in y_true
  warnings.warn("y_pred contains classes not in y_true")
C:\Anaconda3\envs\pytorch\lib\site-packages\sklearn\metrics\_classification.py:2399: UserWarning: y_pred contains classes not in y_true
  warnings.warn("y_pred contains classes not in y_true")
C:\Anaconda3\envs\pytorch\lib\site-packages\sklearn\metrics\_classification.py:2399: UserWarning: y_pred contains classes not in y_true
  warnings.warn("y_pred contains classes not in y_true")
C:\Anaconda3\envs\pytorch\lib\site-packages\sklearn\metrics\_classification.py:2399: UserWarning: y_pred contains classes not in y_true
  warnings.warn("y_pred contains classes not in y_true")
C:\Anaconda3\envs\pytorch\lib\site-packages\sklearn\metrics\_classification.py:2399: UserWarning: y_pred contains classes not in y_true
  warnings.warn("y_pred contains classes not in y_true")
C:\Anaconda3\envs\pytorch\lib\site-packages\sklearn\metrics\_classification.py:2399: UserWarning: y_pred contains classes not in y_true
  warnings.warn("y_pred contains classes not in y_true")
C:\Anaconda3\envs\pytorch\lib\site-packages\sklearn\metrics\_classification.py:2399: UserWarning: y_pred contains classes not in y_true
  warnings.warn("y_pred contains classes not in y_true")
C:\Anaconda3\envs\pytorch\lib\site-packages\sklearn\metrics\_classification.py:2399: UserWarning: y_pred contains classes not in y_true
  warnings.warn("y_pred contains classes not in y_true")
C:\Anaconda3\envs\pytorch\lib\site-packages\sklearn\metrics\_classification.py:2399: UserWarning: y_pred contains classes not in y_true
  warnings.warn("y_pred contains classes not in y_true")
C:\Anaconda3\envs\pytorch\lib\site-packages\sklearn\metrics\_classification.py:2399: UserWarning: y_pred contains classes not in y_true
  warnings.warn("y_pred contains classes not in y_true")
C:\Anaconda3\envs\pytorch\lib\site-packages\sklearn\metrics\_classification.py:2399: UserWarning: y_pred contains classes not in y_true
  warnings.warn("y_pred contains classes not in y_true")
C:\Anaconda3\envs\pytorch\lib\site-packages\sklearn\metrics\_classification.py:2399: UserWarning: y_pred contains classes not in y_true
  warnings.warn("y_pred contains classes not in y_true")
C:\Anaconda3\envs\pytorch\lib\site-packages\sklearn\metrics\_classification.py:2399: UserWarning: y_pred contains classes not in y_true
  warnings.warn("y_pred contains classes not in y_true")
C:\Anaconda3\envs\pytorch\lib\site-packages\sklearn\metrics\_classification.py:2399: UserWarning: y_pred contains classes not in y_true
  warnings.warn("y_pred contains classes not in y_true")
C:\Anaconda3\envs\pytorch\lib\site-packages\sklearn\metrics\_classification.py:2399: UserWarning: y_pred contains classes not in y_true
  warnings.warn("y_pred contains classes not in y_true")
C:\Anaconda3\envs\pytorch\lib\site-packages\sklearn\metrics\_classification.py:2399: UserWarning: y_pred contains classes not in y_true
  warnings.warn("y_pred contains classes not in y_true")
C:\Anaconda3\envs\pytorch\lib\site-packages\sklearn\metrics\_classification.py:2399: UserWarning: y_pred contains classes not in y_true
  warnings.warn("y_pred contains classes not in y_true")
C:\Anaconda3\envs\pytorch\lib\site-packages\sklearn\metrics\_classification.py:2399: UserWarning: y_pred contains classes not in y_true
  warnings.warn("y_pred contains classes not in y_true")
C:\Anaconda3\envs\pytorch\lib\site-packages\sklearn\metrics\_classification.py:2399: UserWarning: y_pred contains classes not in y_true
  warnings.warn("y_pred contains classes not in y_true")
C:\Anaconda3\envs\pytorch\lib\site-packages\sklearn\metrics\_classification.py:2399: UserWarning: y_pred contains classes not in y_true
  warnings.warn("y_pred contains classes not in y_true")
C:\Anaconda3\envs\pytorch\lib\site-packages\sklearn\metrics\_classification.py:2399: UserWarning: y_pred contains classes not in y_true
  warnings.warn("y_pred contains classes not in y_true")
C:\Anaconda3\envs\pytorch\lib\site-packages\sklearn\metrics\_classification.py:2399: UserWarning: y_pred contains classes not in y_true
  warnings.warn("y_pred contains classes not in y_true")
C:\Anaconda3\envs\pytorch\lib\site-packages\sklearn\metrics\_classification.py:2399: UserWarning: y_pred contains classes not in y_true
  warnings.warn("y_pred contains classes not in y_true")
C:\Anaconda3\envs\pytorch\lib\site-packages\sklearn\metrics\_classification.py:2399: UserWarning: y_pred contains classes not in y_true
  warnings.warn("y_pred contains classes not in y_true")
C:\Anaconda3\envs\pytorch\lib\site-packages\sklearn\metrics\_classification.py:2399: UserWarning: y_pred contains classes not in y_true
  warnings.warn("y_pred contains classes not in y_true")
C:\Anaconda3\envs\pytorch\lib\site-packages\sklearn\metrics\_classification.py:2399: UserWarning: y_pred contains classes not in y_true
  warnings.warn("y_pred contains classes not in y_true")
C:\Anaconda3\envs\pytorch\lib\site-packages\sklearn\metrics\_classification.py:2399: UserWarning: y_pred contains classes not in y_true
  warnings.warn("y_pred contains classes not in y_true")
C:\Anaconda3\envs\pytorch\lib\site-packages\sklearn\metrics\_classification.py:2399: UserWarning: y_pred contains classes not in y_true
  warnings.warn("y_pred contains classes not in y_true")
C:\Anaconda3\envs\pytorch\lib\site-packages\sklearn\metrics\_classification.py:2399: UserWarning: y_pred contains classes not in y_true
  warnings.warn("y_pred contains classes not in y_true")
C:\Anaconda3\envs\pytorch\lib\site-packages\sklearn\metrics\_classification.py:2399: UserWarning: y_pred contains classes not in y_true
  warnings.warn("y_pred contains classes not in y_true")
C:\Anaconda3\envs\pytorch\lib\site-packages\sklearn\metrics\_classification.py:2399: UserWarning: y_pred contains classes not in y_true
  warnings.warn("y_pred contains classes not in y_true")
C:\Anaconda3\envs\pytorch\lib\site-packages\sklearn\metrics\_classification.py:2399: UserWarning: y_pred contains classes not in y_true
  warnings.warn("y_pred contains classes not in y_true")
C:\Anaconda3\envs\pytorch\lib\site-packages\sklearn\metrics\_classification.py:2399: UserWarning: y_pred contains classes not in y_true
  warnings.warn("y_pred contains classes not in y_true")
C:\Anaconda3\envs\pytorch\lib\site-packages\sklearn\metrics\_classification.py:2399: UserWarning: y_pred contains classes not in y_true
  warnings.warn("y_pred contains classes not in y_true")
C:\Anaconda3\envs\pytorch\lib\site-packages\sklearn\metrics\_classification.py:2399: UserWarning: y_pred contains classes not in y_true
  warnings.warn("y_pred contains classes not in y_true")
C:\Anaconda3\envs\pytorch\lib\site-packages\sklearn\metrics\_classification.py:2399: UserWarning: y_pred contains classes not in y_true
  warnings.warn("y_pred contains classes not in y_true")
C:\Anaconda3\envs\pytorch\lib\site-packages\sklearn\metrics\_classification.py:2399: UserWarning: y_pred contains classes not in y_true
  warnings.warn("y_pred contains classes not in y_true")
C:\Anaconda3\envs\pytorch\lib\site-packages\sklearn\metrics\_classification.py:2399: UserWarning: y_pred contains classes not in y_true
  warnings.warn("y_pred contains classes not in y_true")
C:\Anaconda3\envs\pytorch\lib\site-packages\sklearn\metrics\_classification.py:2399: UserWarning: y_pred contains classes not in y_true
  warnings.warn("y_pred contains classes not in y_true")
C:\Anaconda3\envs\pytorch\lib\site-packages\sklearn\metrics\_classification.py:2399: UserWarning: y_pred contains classes not in y_true
  warnings.warn("y_pred contains classes not in y_true")
C:\Anaconda3\envs\pytorch\lib\site-packages\sklearn\metrics\_classification.py:2399: UserWarning: y_pred contains classes not in y_true
  warnings.warn("y_pred contains classes not in y_true")
C:\Anaconda3\envs\pytorch\lib\site-packages\sklearn\metrics\_classification.py:2399: UserWarning: y_pred contains classes not in y_true
  warnings.warn("y_pred contains classes not in y_true")
C:\Anaconda3\envs\pytorch\lib\site-packages\sklearn\metrics\_classification.py:2399: UserWarning: y_pred contains classes not in y_true
  warnings.warn("y_pred contains classes not in y_true")
C:\Anaconda3\envs\pytorch\lib\site-packages\sklearn\metrics\_classification.py:2399: UserWarning: y_pred contains classes not in y_true
  warnings.warn("y_pred contains classes not in y_true")
C:\Anaconda3\envs\pytorch\lib\site-packages\sklearn\metrics\_classification.py:2399: UserWarning: y_pred contains classes not in y_true
  warnings.warn("y_pred contains classes not in y_true")
C:\Anaconda3\envs\pytorch\lib\site-packages\sklearn\metrics\_classification.py:2399: UserWarning: y_pred contains classes not in y_true
  warnings.warn("y_pred contains classes not in y_true")
C:\Anaconda3\envs\pytorch\lib\site-packages\sklearn\metrics\_classification.py:2399: UserWarning: y_pred contains classes not in y_true
  warnings.warn("y_pred contains classes not in y_true")
C:\Anaconda3\envs\pytorch\lib\site-packages\sklearn\metrics\_classification.py:2399: UserWarning: y_pred contains classes not in y_true
  warnings.warn("y_pred contains classes not in y_true")
C:\Anaconda3\envs\pytorch\lib\site-packages\sklearn\metrics\_classification.py:2399: UserWarning: y_pred contains classes not in y_true
  warnings.warn("y_pred contains classes not in y_true")
C:\Anaconda3\envs\pytorch\lib\site-packages\sklearn\metrics\_classification.py:2399: UserWarning: y_pred contains classes not in y_true
  warnings.warn("y_pred contains classes not in y_true")
C:\Anaconda3\envs\pytorch\lib\site-packages\sklearn\metrics\_classification.py:2399: UserWarning: y_pred contains classes not in y_true
  warnings.warn("y_pred contains classes not in y_true")
C:\Anaconda3\envs\pytorch\lib\site-packages\sklearn\metrics\_classification.py:2399: UserWarning: y_pred contains classes not in y_true
  warnings.warn("y_pred contains classes not in y_true")
C:\Anaconda3\envs\pytorch\lib\site-packages\sklearn\metrics\_classification.py:2399: UserWarning: y_pred contains classes not in y_true
  warnings.warn("y_pred contains classes not in y_true")
C:\Anaconda3\envs\pytorch\lib\site-packages\sklearn\metrics\_classification.py:2399: UserWarning: y_pred contains classes not in y_true
  warnings.warn("y_pred contains classes not in y_true")
C:\Anaconda3\envs\pytorch\lib\site-packages\sklearn\metrics\_classification.py:2399: UserWarning: y_pred contains classes not in y_true
  warnings.warn("y_pred contains classes not in y_true")
C:\Anaconda3\envs\pytorch\lib\site-packages\sklearn\metrics\_classification.py:2399: UserWarning: y_pred contains classes not in y_true
  warnings.warn("y_pred contains classes not in y_true")
C:\Anaconda3\envs\pytorch\lib\site-packages\sklearn\metrics\_classification.py:2399: UserWarning: y_pred contains classes not in y_true
  warnings.warn("y_pred contains classes not in y_true")
C:\Anaconda3\envs\pytorch\lib\site-packages\sklearn\metrics\_classification.py:2399: UserWarning: y_pred contains classes not in y_true
  warnings.warn("y_pred contains classes not in y_true")
C:\Anaconda3\envs\pytorch\lib\site-packages\sklearn\metrics\_classification.py:2399: UserWarning: y_pred contains classes not in y_true
  warnings.warn("y_pred contains classes not in y_true")
C:\Anaconda3\envs\pytorch\lib\site-packages\sklearn\metrics\_classification.py:2399: UserWarning: y_pred contains classes not in y_true
  warnings.warn("y_pred contains classes not in y_true")
C:\Anaconda3\envs\pytorch\lib\site-packages\sklearn\metrics\_classification.py:2399: UserWarning: y_pred contains classes not in y_true
  warnings.warn("y_pred contains classes not in y_true")
C:\Anaconda3\envs\pytorch\lib\site-packages\sklearn\metrics\_classification.py:2399: UserWarning: y_pred contains classes not in y_true
  warnings.warn("y_pred contains classes not in y_true")
C:\Anaconda3\envs\pytorch\lib\site-packages\sklearn\metrics\_classification.py:2399: UserWarning: y_pred contains classes not in y_true
  warnings.warn("y_pred contains classes not in y_true")
C:\Anaconda3\envs\pytorch\lib\site-packages\sklearn\metrics\_classification.py:2399: UserWarning: y_pred contains classes not in y_true
  warnings.warn("y_pred contains classes not in y_true")
C:\Anaconda3\envs\pytorch\lib\site-packages\sklearn\metrics\_classification.py:2399: UserWarning: y_pred contains classes not in y_true
  warnings.warn("y_pred contains classes not in y_true")
C:\Anaconda3\envs\pytorch\lib\site-packages\sklearn\metrics\_classification.py:2399: UserWarning: y_pred contains classes not in y_true
  warnings.warn("y_pred contains classes not in y_true")
C:\Anaconda3\envs\pytorch\lib\site-packages\sklearn\metrics\_classification.py:2399: UserWarning: y_pred contains classes not in y_true
  warnings.warn("y_pred contains classes not in y_true")
C:\Anaconda3\envs\pytorch\lib\site-packages\sklearn\metrics\_classification.py:2399: UserWarning: y_pred contains classes not in y_true
  warnings.warn("y_pred contains classes not in y_true")
C:\Anaconda3\envs\pytorch\lib\site-packages\sklearn\metrics\_classification.py:2399: UserWarning: y_pred contains classes not in y_true
  warnings.warn("y_pred contains classes not in y_true")
C:\Anaconda3\envs\pytorch\lib\site-packages\sklearn\metrics\_classification.py:2399: UserWarning: y_pred contains classes not in y_true
  warnings.warn("y_pred contains classes not in y_true")
C:\Anaconda3\envs\pytorch\lib\site-packages\sklearn\metrics\_classification.py:2399: UserWarning: y_pred contains classes not in y_true
  warnings.warn("y_pred contains classes not in y_true")
C:\Anaconda3\envs\pytorch\lib\site-packages\sklearn\metrics\_classification.py:2399: UserWarning: y_pred contains classes not in y_true
  warnings.warn("y_pred contains classes not in y_true")
C:\Anaconda3\envs\pytorch\lib\site-packages\sklearn\metrics\_classification.py:2399: UserWarning: y_pred contains classes not in y_true
  warnings.warn("y_pred contains classes not in y_true")
C:\Anaconda3\envs\pytorch\lib\site-packages\sklearn\metrics\_classification.py:2399: UserWarning: y_pred contains classes not in y_true
  warnings.warn("y_pred contains classes not in y_true")
C:\Anaconda3\envs\pytorch\lib\site-packages\sklearn\metrics\_classification.py:2399: UserWarning: y_pred contains classes not in y_true
  warnings.warn("y_pred contains classes not in y_true")
C:\Anaconda3\envs\pytorch\lib\site-packages\sklearn\metrics\_classification.py:2399: UserWarning: y_pred contains classes not in y_true
  warnings.warn("y_pred contains classes not in y_true")
C:\Anaconda3\envs\pytorch\lib\site-packages\sklearn\metrics\_classification.py:2399: UserWarning: y_pred contains classes not in y_true
  warnings.warn("y_pred contains classes not in y_true")
C:\Anaconda3\envs\pytorch\lib\site-packages\sklearn\metrics\_classification.py:2399: UserWarning: y_pred contains classes not in y_true
  warnings.warn("y_pred contains classes not in y_true")
C:\Anaconda3\envs\pytorch\lib\site-packages\sklearn\metrics\_classification.py:2399: UserWarning: y_pred contains classes not in y_true
  warnings.warn("y_pred contains classes not in y_true")
C:\Anaconda3\envs\pytorch\lib\site-packages\sklearn\metrics\_classification.py:2399: UserWarning: y_pred contains classes not in y_true
  warnings.warn("y_pred contains classes not in y_true")
C:\Anaconda3\envs\pytorch\lib\site-packages\sklearn\metrics\_classification.py:2399: UserWarning: y_pred contains classes not in y_true
  warnings.warn("y_pred contains classes not in y_true")
C:\Anaconda3\envs\pytorch\lib\site-packages\sklearn\metrics\_classification.py:2399: UserWarning: y_pred contains classes not in y_true
  warnings.warn("y_pred contains classes not in y_true")
C:\Anaconda3\envs\pytorch\lib\site-packages\sklearn\metrics\_classification.py:2399: UserWarning: y_pred contains classes not in y_true
  warnings.warn("y_pred contains classes not in y_true")
C:\Anaconda3\envs\pytorch\lib\site-packages\sklearn\metrics\_classification.py:2399: UserWarning: y_pred contains classes not in y_true
  warnings.warn("y_pred contains classes not in y_true")
C:\Anaconda3\envs\pytorch\lib\site-packages\sklearn\metrics\_classification.py:2399: UserWarning: y_pred contains classes not in y_true
  warnings.warn("y_pred contains classes not in y_true")
C:\Anaconda3\envs\pytorch\lib\site-packages\sklearn\metrics\_classification.py:2399: UserWarning: y_pred contains classes not in y_true
  warnings.warn("y_pred contains classes not in y_true")
C:\Anaconda3\envs\pytorch\lib\site-packages\sklearn\metrics\_classification.py:2399: UserWarning: y_pred contains classes not in y_true
  warnings.warn("y_pred contains classes not in y_true")
C:\Anaconda3\envs\pytorch\lib\site-packages\sklearn\metrics\_classification.py:2399: UserWarning: y_pred contains classes not in y_true
  warnings.warn("y_pred contains classes not in y_true")
C:\Anaconda3\envs\pytorch\lib\site-packages\sklearn\metrics\_classification.py:2399: UserWarning: y_pred contains classes not in y_true
  warnings.warn("y_pred contains classes not in y_true")
C:\Anaconda3\envs\pytorch\lib\site-packages\sklearn\metrics\_classification.py:2399: UserWarning: y_pred contains classes not in y_true
  warnings.warn("y_pred contains classes not in y_true")
C:\Anaconda3\envs\pytorch\lib\site-packages\sklearn\metrics\_classification.py:2399: UserWarning: y_pred contains classes not in y_true
  warnings.warn("y_pred contains classes not in y_true")
C:\Anaconda3\envs\pytorch\lib\site-packages\sklearn\metrics\_classification.py:2399: UserWarning: y_pred contains classes not in y_true
  warnings.warn("y_pred contains classes not in y_true")
C:\Anaconda3\envs\pytorch\lib\site-packages\sklearn\metrics\_classification.py:2399: UserWarning: y_pred contains classes not in y_true
  warnings.warn("y_pred contains classes not in y_true")
C:\Anaconda3\envs\pytorch\lib\site-packages\sklearn\metrics\_classification.py:2399: UserWarning: y_pred contains classes not in y_true
  warnings.warn("y_pred contains classes not in y_true")
C:\Anaconda3\envs\pytorch\lib\site-packages\sklearn\metrics\_classification.py:2399: UserWarning: y_pred contains classes not in y_true
  warnings.warn("y_pred contains classes not in y_true")
C:\Anaconda3\envs\pytorch\lib\site-packages\sklearn\metrics\_classification.py:2399: UserWarning: y_pred contains classes not in y_true
  warnings.warn("y_pred contains classes not in y_true")
C:\Anaconda3\envs\pytorch\lib\site-packages\sklearn\metrics\_classification.py:2399: UserWarning: y_pred contains classes not in y_true
  warnings.warn("y_pred contains classes not in y_true")
C:\Anaconda3\envs\pytorch\lib\site-packages\sklearn\metrics\_classification.py:2399: UserWarning: y_pred contains classes not in y_true
  warnings.warn("y_pred contains classes not in y_true")
C:\Anaconda3\envs\pytorch\lib\site-packages\sklearn\metrics\_classification.py:2399: UserWarning: y_pred contains classes not in y_true
  warnings.warn("y_pred contains classes not in y_true")
C:\Anaconda3\envs\pytorch\lib\site-packages\sklearn\metrics\_classification.py:2399: UserWarning: y_pred contains classes not in y_true
  warnings.warn("y_pred contains classes not in y_true")
C:\Anaconda3\envs\pytorch\lib\site-packages\sklearn\metrics\_classification.py:2399: UserWarning: y_pred contains classes not in y_true
  warnings.warn("y_pred contains classes not in y_true")
C:\Anaconda3\envs\pytorch\lib\site-packages\sklearn\metrics\_classification.py:2399: UserWarning: y_pred contains classes not in y_true
  warnings.warn("y_pred contains classes not in y_true")
C:\Anaconda3\envs\pytorch\lib\site-packages\sklearn\metrics\_classification.py:2399: UserWarning: y_pred contains classes not in y_true
  warnings.warn("y_pred contains classes not in y_true")
C:\Anaconda3\envs\pytorch\lib\site-packages\sklearn\metrics\_classification.py:2399: UserWarning: y_pred contains classes not in y_true
  warnings.warn("y_pred contains classes not in y_true")
C:\Anaconda3\envs\pytorch\lib\site-packages\sklearn\metrics\_classification.py:2399: UserWarning: y_pred contains classes not in y_true
  warnings.warn("y_pred contains classes not in y_true")
C:\Anaconda3\envs\pytorch\lib\site-packages\sklearn\metrics\_classification.py:2399: UserWarning: y_pred contains classes not in y_true
  warnings.warn("y_pred contains classes not in y_true")
C:\Anaconda3\envs\pytorch\lib\site-packages\sklearn\metrics\_classification.py:2399: UserWarning: y_pred contains classes not in y_true
  warnings.warn("y_pred contains classes not in y_true")
C:\Anaconda3\envs\pytorch\lib\site-packages\sklearn\metrics\_classification.py:2399: UserWarning: y_pred contains classes not in y_true
  warnings.warn("y_pred contains classes not in y_true")
C:\Anaconda3\envs\pytorch\lib\site-packages\sklearn\metrics\_classification.py:2399: UserWarning: y_pred contains classes not in y_true
  warnings.warn("y_pred contains classes not in y_true")
C:\Anaconda3\envs\pytorch\lib\site-packages\sklearn\metrics\_classification.py:2399: UserWarning: y_pred contains classes not in y_true
  warnings.warn("y_pred contains classes not in y_true")
C:\Anaconda3\envs\pytorch\lib\site-packages\sklearn\metrics\_classification.py:2399: UserWarning: y_pred contains classes not in y_true
  warnings.warn("y_pred contains classes not in y_true")
C:\Anaconda3\envs\pytorch\lib\site-packages\sklearn\metrics\_classification.py:2399: UserWarning: y_pred contains classes not in y_true
  warnings.warn("y_pred contains classes not in y_true")
C:\Anaconda3\envs\pytorch\lib\site-packages\sklearn\metrics\_classification.py:2399: UserWarning: y_pred contains classes not in y_true
  warnings.warn("y_pred contains classes not in y_true")
C:\Anaconda3\envs\pytorch\lib\site-packages\sklearn\metrics\_classification.py:2399: UserWarning: y_pred contains classes not in y_true
  warnings.warn("y_pred contains classes not in y_true")
C:\Anaconda3\envs\pytorch\lib\site-packages\sklearn\metrics\_classification.py:2399: UserWarning: y_pred contains classes not in y_true
  warnings.warn("y_pred contains classes not in y_true")
C:\Anaconda3\envs\pytorch\lib\site-packages\sklearn\metrics\_classification.py:2399: UserWarning: y_pred contains classes not in y_true
  warnings.warn("y_pred contains classes not in y_true")
C:\Anaconda3\envs\pytorch\lib\site-packages\sklearn\metrics\_classification.py:2399: UserWarning: y_pred contains classes not in y_true
  warnings.warn("y_pred contains classes not in y_true")
C:\Anaconda3\envs\pytorch\lib\site-packages\sklearn\metrics\_classification.py:2399: UserWarning: y_pred contains classes not in y_true
  warnings.warn("y_pred contains classes not in y_true")
C:\Anaconda3\envs\pytorch\lib\site-packages\sklearn\metrics\_classification.py:2399: UserWarning: y_pred contains classes not in y_true
  warnings.warn("y_pred contains classes not in y_true")
C:\Anaconda3\envs\pytorch\lib\site-packages\sklearn\metrics\_classification.py:2399: UserWarning: y_pred contains classes not in y_true
  warnings.warn("y_pred contains classes not in y_true")
C:\Anaconda3\envs\pytorch\lib\site-packages\sklearn\metrics\_classification.py:2399: UserWarning: y_pred contains classes not in y_true
  warnings.warn("y_pred contains classes not in y_true")
C:\Anaconda3\envs\pytorch\lib\site-packages\sklearn\metrics\_classification.py:2399: UserWarning: y_pred contains classes not in y_true
  warnings.warn("y_pred contains classes not in y_true")
C:\Anaconda3\envs\pytorch\lib\site-packages\sklearn\metrics\_classification.py:2399: UserWarning: y_pred contains classes not in y_true
  warnings.warn("y_pred contains classes not in y_true")
C:\Anaconda3\envs\pytorch\lib\site-packages\sklearn\metrics\_classification.py:2399: UserWarning: y_pred contains classes not in y_true
  warnings.warn("y_pred contains classes not in y_true")
C:\Anaconda3\envs\pytorch\lib\site-packages\sklearn\metrics\_classification.py:2399: UserWarning: y_pred contains classes not in y_true
  warnings.warn("y_pred contains classes not in y_true")
C:\Anaconda3\envs\pytorch\lib\site-packages\sklearn\metrics\_classification.py:2399: UserWarning: y_pred contains classes not in y_true
  warnings.warn("y_pred contains classes not in y_true")
C:\Anaconda3\envs\pytorch\lib\site-packages\sklearn\metrics\_classification.py:2399: UserWarning: y_pred contains classes not in y_true
  warnings.warn("y_pred contains classes not in y_true")
C:\Anaconda3\envs\pytorch\lib\site-packages\sklearn\metrics\_classification.py:2399: UserWarning: y_pred contains classes not in y_true
  warnings.warn("y_pred contains classes not in y_true")
C:\Anaconda3\envs\pytorch\lib\site-packages\sklearn\metrics\_classification.py:2399: UserWarning: y_pred contains classes not in y_true
  warnings.warn("y_pred contains classes not in y_true")
C:\Anaconda3\envs\pytorch\lib\site-packages\sklearn\metrics\_classification.py:2399: UserWarning: y_pred contains classes not in y_true
  warnings.warn("y_pred contains classes not in y_true")
C:\Anaconda3\envs\pytorch\lib\site-packages\sklearn\metrics\_classification.py:2399: UserWarning: y_pred contains classes not in y_true
  warnings.warn("y_pred contains classes not in y_true")
C:\Anaconda3\envs\pytorch\lib\site-packages\sklearn\metrics\_classification.py:2399: UserWarning: y_pred contains classes not in y_true
  warnings.warn("y_pred contains classes not in y_true")
C:\Anaconda3\envs\pytorch\lib\site-packages\sklearn\metrics\_classification.py:2399: UserWarning: y_pred contains classes not in y_true
  warnings.warn("y_pred contains classes not in y_true")
C:\Anaconda3\envs\pytorch\lib\site-packages\sklearn\metrics\_classification.py:2399: UserWarning: y_pred contains classes not in y_true
  warnings.warn("y_pred contains classes not in y_true")
C:\Anaconda3\envs\pytorch\lib\site-packages\sklearn\metrics\_classification.py:2399: UserWarning: y_pred contains classes not in y_true
  warnings.warn("y_pred contains classes not in y_true")
C:\Anaconda3\envs\pytorch\lib\site-packages\sklearn\metrics\_classification.py:2399: UserWarning: y_pred contains classes not in y_true
  warnings.warn("y_pred contains classes not in y_true")
C:\Anaconda3\envs\pytorch\lib\site-packages\sklearn\metrics\_classification.py:2399: UserWarning: y_pred contains classes not in y_true
  warnings.warn("y_pred contains classes not in y_true")
C:\Anaconda3\envs\pytorch\lib\site-packages\sklearn\metrics\_classification.py:2399: UserWarning: y_pred contains classes not in y_true
  warnings.warn("y_pred contains classes not in y_true")
C:\Anaconda3\envs\pytorch\lib\site-packages\sklearn\metrics\_classification.py:2399: UserWarning: y_pred contains classes not in y_true
  warnings.warn("y_pred contains classes not in y_true")
C:\Anaconda3\envs\pytorch\lib\site-packages\sklearn\metrics\_classification.py:2399: UserWarning: y_pred contains classes not in y_true
  warnings.warn("y_pred contains classes not in y_true")
C:\Anaconda3\envs\pytorch\lib\site-packages\sklearn\metrics\_classification.py:2399: UserWarning: y_pred contains classes not in y_true
  warnings.warn("y_pred contains classes not in y_true")
C:\Anaconda3\envs\pytorch\lib\site-packages\sklearn\metrics\_classification.py:2399: UserWarning: y_pred contains classes not in y_true
  warnings.warn("y_pred contains classes not in y_true")
C:\Anaconda3\envs\pytorch\lib\site-packages\sklearn\metrics\_classification.py:2399: UserWarning: y_pred contains classes not in y_true
  warnings.warn("y_pred contains classes not in y_true")
C:\Anaconda3\envs\pytorch\lib\site-packages\sklearn\metrics\_classification.py:2399: UserWarning: y_pred contains classes not in y_true
  warnings.warn("y_pred contains classes not in y_true")
C:\Anaconda3\envs\pytorch\lib\site-packages\sklearn\metrics\_classification.py:2399: UserWarning: y_pred contains classes not in y_true
  warnings.warn("y_pred contains classes not in y_true")
C:\Anaconda3\envs\pytorch\lib\site-packages\sklearn\metrics\_classification.py:2399: UserWarning: y_pred contains classes not in y_true
  warnings.warn("y_pred contains classes not in y_true")
C:\Anaconda3\envs\pytorch\lib\site-packages\sklearn\metrics\_classification.py:2399: UserWarning: y_pred contains classes not in y_true
  warnings.warn("y_pred contains classes not in y_true")
C:\Anaconda3\envs\pytorch\lib\site-packages\sklearn\metrics\_classification.py:2399: UserWarning: y_pred contains classes not in y_true
  warnings.warn("y_pred contains classes not in y_true")
C:\Anaconda3\envs\pytorch\lib\site-packages\sklearn\metrics\_classification.py:2399: UserWarning: y_pred contains classes not in y_true
  warnings.warn("y_pred contains classes not in y_true")
C:\Anaconda3\envs\pytorch\lib\site-packages\sklearn\metrics\_classification.py:2399: UserWarning: y_pred contains classes not in y_true
  warnings.warn("y_pred contains classes not in y_true")
C:\Anaconda3\envs\pytorch\lib\site-packages\sklearn\metrics\_classification.py:2399: UserWarning: y_pred contains classes not in y_true
  warnings.warn("y_pred contains classes not in y_true")
C:\Anaconda3\envs\pytorch\lib\site-packages\sklearn\metrics\_classification.py:2399: UserWarning: y_pred contains classes not in y_true
  warnings.warn("y_pred contains classes not in y_true")
C:\Anaconda3\envs\pytorch\lib\site-packages\sklearn\metrics\_classification.py:2399: UserWarning: y_pred contains classes not in y_true
  warnings.warn("y_pred contains classes not in y_true")
C:\Anaconda3\envs\pytorch\lib\site-packages\sklearn\metrics\_classification.py:2399: UserWarning: y_pred contains classes not in y_true
  warnings.warn("y_pred contains classes not in y_true")
C:\Anaconda3\envs\pytorch\lib\site-packages\sklearn\metrics\_classification.py:2399: UserWarning: y_pred contains classes not in y_true
  warnings.warn("y_pred contains classes not in y_true")
C:\Anaconda3\envs\pytorch\lib\site-packages\sklearn\metrics\_classification.py:2399: UserWarning: y_pred contains classes not in y_true
  warnings.warn("y_pred contains classes not in y_true")
C:\Anaconda3\envs\pytorch\lib\site-packages\sklearn\metrics\_classification.py:2399: UserWarning: y_pred contains classes not in y_true
  warnings.warn("y_pred contains classes not in y_true")
C:\Anaconda3\envs\pytorch\lib\site-packages\sklearn\metrics\_classification.py:2399: UserWarning: y_pred contains classes not in y_true
  warnings.warn("y_pred contains classes not in y_true")
C:\Anaconda3\envs\pytorch\lib\site-packages\sklearn\metrics\_classification.py:2399: UserWarning: y_pred contains classes not in y_true
  warnings.warn("y_pred contains classes not in y_true")
C:\Anaconda3\envs\pytorch\lib\site-packages\sklearn\metrics\_classification.py:2399: UserWarning: y_pred contains classes not in y_true
  warnings.warn("y_pred contains classes not in y_true")
C:\Anaconda3\envs\pytorch\lib\site-packages\sklearn\metrics\_classification.py:2399: UserWarning: y_pred contains classes not in y_true
  warnings.warn("y_pred contains classes not in y_true")
C:\Anaconda3\envs\pytorch\lib\site-packages\sklearn\metrics\_classification.py:2399: UserWarning: y_pred contains classes not in y_true
  warnings.warn("y_pred contains classes not in y_true")
C:\Anaconda3\envs\pytorch\lib\site-packages\sklearn\metrics\_classification.py:2399: UserWarning: y_pred contains classes not in y_true
  warnings.warn("y_pred contains classes not in y_true")
C:\Anaconda3\envs\pytorch\lib\site-packages\sklearn\metrics\_classification.py:2399: UserWarning: y_pred contains classes not in y_true
  warnings.warn("y_pred contains classes not in y_true")
C:\Anaconda3\envs\pytorch\lib\site-packages\sklearn\metrics\_classification.py:2399: UserWarning: y_pred contains classes not in y_true
  warnings.warn("y_pred contains classes not in y_true")
C:\Anaconda3\envs\pytorch\lib\site-packages\sklearn\metrics\_classification.py:2399: UserWarning: y_pred contains classes not in y_true
  warnings.warn("y_pred contains classes not in y_true")
C:\Anaconda3\envs\pytorch\lib\site-packages\sklearn\metrics\_classification.py:2399: UserWarning: y_pred contains classes not in y_true
  warnings.warn("y_pred contains classes not in y_true")
C:\Anaconda3\envs\pytorch\lib\site-packages\sklearn\metrics\_classification.py:2399: UserWarning: y_pred contains classes not in y_true
  warnings.warn("y_pred contains classes not in y_true")
C:\Anaconda3\envs\pytorch\lib\site-packages\sklearn\metrics\_classification.py:2399: UserWarning: y_pred contains classes not in y_true
  warnings.warn("y_pred contains classes not in y_true")
C:\Anaconda3\envs\pytorch\lib\site-packages\sklearn\metrics\_classification.py:2399: UserWarning: y_pred contains classes not in y_true
  warnings.warn("y_pred contains classes not in y_true")
C:\Anaconda3\envs\pytorch\lib\site-packages\sklearn\metrics\_classification.py:2399: UserWarning: y_pred contains classes not in y_true
  warnings.warn("y_pred contains classes not in y_true")
C:\Anaconda3\envs\pytorch\lib\site-packages\sklearn\metrics\_classification.py:2399: UserWarning: y_pred contains classes not in y_true
  warnings.warn("y_pred contains classes not in y_true")
C:\Anaconda3\envs\pytorch\lib\site-packages\sklearn\metrics\_classification.py:2399: UserWarning: y_pred contains classes not in y_true
  warnings.warn("y_pred contains classes not in y_true")
C:\Anaconda3\envs\pytorch\lib\site-packages\sklearn\metrics\_classification.py:2399: UserWarning: y_pred contains classes not in y_true
  warnings.warn("y_pred contains classes not in y_true")
C:\Anaconda3\envs\pytorch\lib\site-packages\sklearn\metrics\_classification.py:2399: UserWarning: y_pred contains classes not in y_true
  warnings.warn("y_pred contains classes not in y_true")
C:\Anaconda3\envs\pytorch\lib\site-packages\sklearn\metrics\_classification.py:2399: UserWarning: y_pred contains classes not in y_true
  warnings.warn("y_pred contains classes not in y_true")
C:\Anaconda3\envs\pytorch\lib\site-packages\sklearn\metrics\_classification.py:2399: UserWarning: y_pred contains classes not in y_true
  warnings.warn("y_pred contains classes not in y_true")
C:\Anaconda3\envs\pytorch\lib\site-packages\sklearn\metrics\_classification.py:2399: UserWarning: y_pred contains classes not in y_true
  warnings.warn("y_pred contains classes not in y_true")
C:\Anaconda3\envs\pytorch\lib\site-packages\sklearn\metrics\_classification.py:2399: UserWarning: y_pred contains classes not in y_true
  warnings.warn("y_pred contains classes not in y_true")
C:\Anaconda3\envs\pytorch\lib\site-packages\sklearn\metrics\_classification.py:2399: UserWarning: y_pred contains classes not in y_true
  warnings.warn("y_pred contains classes not in y_true")
C:\Anaconda3\envs\pytorch\lib\site-packages\sklearn\metrics\_classification.py:2399: UserWarning: y_pred contains classes not in y_true
  warnings.warn("y_pred contains classes not in y_true")
C:\Anaconda3\envs\pytorch\lib\site-packages\sklearn\metrics\_classification.py:2399: UserWarning: y_pred contains classes not in y_true
  warnings.warn("y_pred contains classes not in y_true")
C:\Anaconda3\envs\pytorch\lib\site-packages\sklearn\metrics\_classification.py:2399: UserWarning: y_pred contains classes not in y_true
  warnings.warn("y_pred contains classes not in y_true")
C:\Anaconda3\envs\pytorch\lib\site-packages\sklearn\metrics\_classification.py:2399: UserWarning: y_pred contains classes not in y_true
  warnings.warn("y_pred contains classes not in y_true")
C:\Anaconda3\envs\pytorch\lib\site-packages\sklearn\metrics\_classification.py:2399: UserWarning: y_pred contains classes not in y_true
  warnings.warn("y_pred contains classes not in y_true")
C:\Anaconda3\envs\pytorch\lib\site-packages\sklearn\metrics\_classification.py:2399: UserWarning: y_pred contains classes not in y_true
  warnings.warn("y_pred contains classes not in y_true")
C:\Anaconda3\envs\pytorch\lib\site-packages\sklearn\metrics\_classification.py:2399: UserWarning: y_pred contains classes not in y_true
  warnings.warn("y_pred contains classes not in y_true")
C:\Anaconda3\envs\pytorch\lib\site-packages\sklearn\metrics\_classification.py:2399: UserWarning: y_pred contains classes not in y_true
  warnings.warn("y_pred contains classes not in y_true")
C:\Anaconda3\envs\pytorch\lib\site-packages\sklearn\metrics\_classification.py:2399: UserWarning: y_pred contains classes not in y_true
  warnings.warn("y_pred contains classes not in y_true")
C:\Anaconda3\envs\pytorch\lib\site-packages\sklearn\metrics\_classification.py:2399: UserWarning: y_pred contains classes not in y_true
  warnings.warn("y_pred contains classes not in y_true")
C:\Anaconda3\envs\pytorch\lib\site-packages\sklearn\metrics\_classification.py:2399: UserWarning: y_pred contains classes not in y_true
  warnings.warn("y_pred contains classes not in y_true")
C:\Anaconda3\envs\pytorch\lib\site-packages\sklearn\metrics\_classification.py:2399: UserWarning: y_pred contains classes not in y_true
  warnings.warn("y_pred contains classes not in y_true")
C:\Anaconda3\envs\pytorch\lib\site-packages\sklearn\metrics\_classification.py:2399: UserWarning: y_pred contains classes not in y_true
  warnings.warn("y_pred contains classes not in y_true")
C:\Anaconda3\envs\pytorch\lib\site-packages\sklearn\metrics\_classification.py:2399: UserWarning: y_pred contains classes not in y_true
  warnings.warn("y_pred contains classes not in y_true")
C:\Anaconda3\envs\pytorch\lib\site-packages\sklearn\metrics\_classification.py:2399: UserWarning: y_pred contains classes not in y_true
  warnings.warn("y_pred contains classes not in y_true")
C:\Anaconda3\envs\pytorch\lib\site-packages\sklearn\metrics\_classification.py:2399: UserWarning: y_pred contains classes not in y_true
  warnings.warn("y_pred contains classes not in y_true")
C:\Anaconda3\envs\pytorch\lib\site-packages\sklearn\metrics\_classification.py:2399: UserWarning: y_pred contains classes not in y_true
  warnings.warn("y_pred contains classes not in y_true")
C:\Anaconda3\envs\pytorch\lib\site-packages\sklearn\metrics\_classification.py:2399: UserWarning: y_pred contains classes not in y_true
  warnings.warn("y_pred contains classes not in y_true")
C:\Anaconda3\envs\pytorch\lib\site-packages\sklearn\metrics\_classification.py:2399: UserWarning: y_pred contains classes not in y_true
  warnings.warn("y_pred contains classes not in y_true")
C:\Anaconda3\envs\pytorch\lib\site-packages\sklearn\metrics\_classification.py:2399: UserWarning: y_pred contains classes not in y_true
  warnings.warn("y_pred contains classes not in y_true")
C:\Anaconda3\envs\pytorch\lib\site-packages\sklearn\metrics\_classification.py:2399: UserWarning: y_pred contains classes not in y_true
  warnings.warn("y_pred contains classes not in y_true")
C:\Anaconda3\envs\pytorch\lib\site-packages\sklearn\metrics\_classification.py:2399: UserWarning: y_pred contains classes not in y_true
  warnings.warn("y_pred contains classes not in y_true")
C:\Anaconda3\envs\pytorch\lib\site-packages\sklearn\metrics\_classification.py:2399: UserWarning: y_pred contains classes not in y_true
  warnings.warn("y_pred contains classes not in y_true")
C:\Anaconda3\envs\pytorch\lib\site-packages\sklearn\metrics\_classification.py:2399: UserWarning: y_pred contains classes not in y_true
  warnings.warn("y_pred contains classes not in y_true")
C:\Anaconda3\envs\pytorch\lib\site-packages\sklearn\metrics\_classification.py:2399: UserWarning: y_pred contains classes not in y_true
  warnings.warn("y_pred contains classes not in y_true")
C:\Anaconda3\envs\pytorch\lib\site-packages\sklearn\metrics\_classification.py:2399: UserWarning: y_pred contains classes not in y_true
  warnings.warn("y_pred contains classes not in y_true")
C:\Anaconda3\envs\pytorch\lib\site-packages\sklearn\metrics\_classification.py:2399: UserWarning: y_pred contains classes not in y_true
  warnings.warn("y_pred contains classes not in y_true")
C:\Anaconda3\envs\pytorch\lib\site-packages\sklearn\metrics\_classification.py:2399: UserWarning: y_pred contains classes not in y_true
  warnings.warn("y_pred contains classes not in y_true")
C:\Anaconda3\envs\pytorch\lib\site-packages\sklearn\metrics\_classification.py:2399: UserWarning: y_pred contains classes not in y_true
  warnings.warn("y_pred contains classes not in y_true")
C:\Anaconda3\envs\pytorch\lib\site-packages\sklearn\metrics\_classification.py:2399: UserWarning: y_pred contains classes not in y_true
  warnings.warn("y_pred contains classes not in y_true")
C:\Anaconda3\envs\pytorch\lib\site-packages\sklearn\metrics\_classification.py:2399: UserWarning: y_pred contains classes not in y_true
  warnings.warn("y_pred contains classes not in y_true")
C:\Anaconda3\envs\pytorch\lib\site-packages\sklearn\metrics\_classification.py:2399: UserWarning: y_pred contains classes not in y_true
  warnings.warn("y_pred contains classes not in y_true")
C:\Anaconda3\envs\pytorch\lib\site-packages\sklearn\metrics\_classification.py:2399: UserWarning: y_pred contains classes not in y_true
  warnings.warn("y_pred contains classes not in y_true")
C:\Anaconda3\envs\pytorch\lib\site-packages\sklearn\metrics\_classification.py:2399: UserWarning: y_pred contains classes not in y_true
  warnings.warn("y_pred contains classes not in y_true")
C:\Anaconda3\envs\pytorch\lib\site-packages\sklearn\metrics\_classification.py:2399: UserWarning: y_pred contains classes not in y_true
  warnings.warn("y_pred contains classes not in y_true")
C:\Anaconda3\envs\pytorch\lib\site-packages\sklearn\metrics\_classification.py:2399: UserWarning: y_pred contains classes not in y_true
  warnings.warn("y_pred contains classes not in y_true")
C:\Anaconda3\envs\pytorch\lib\site-packages\sklearn\metrics\_classification.py:2399: UserWarning: y_pred contains classes not in y_true
  warnings.warn("y_pred contains classes not in y_true")
C:\Anaconda3\envs\pytorch\lib\site-packages\sklearn\metrics\_classification.py:2399: UserWarning: y_pred contains classes not in y_true
  warnings.warn("y_pred contains classes not in y_true")
C:\Anaconda3\envs\pytorch\lib\site-packages\sklearn\metrics\_classification.py:2399: UserWarning: y_pred contains classes not in y_true
  warnings.warn("y_pred contains classes not in y_true")
C:\Anaconda3\envs\pytorch\lib\site-packages\sklearn\metrics\_classification.py:2399: UserWarning: y_pred contains classes not in y_true
  warnings.warn("y_pred contains classes not in y_true")
C:\Anaconda3\envs\pytorch\lib\site-packages\sklearn\metrics\_classification.py:2399: UserWarning: y_pred contains classes not in y_true
  warnings.warn("y_pred contains classes not in y_true")
C:\Anaconda3\envs\pytorch\lib\site-packages\sklearn\metrics\_classification.py:2399: UserWarning: y_pred contains classes not in y_true
  warnings.warn("y_pred contains classes not in y_true")
C:\Anaconda3\envs\pytorch\lib\site-packages\sklearn\metrics\_classification.py:2399: UserWarning: y_pred contains classes not in y_true
  warnings.warn("y_pred contains classes not in y_true")
C:\Anaconda3\envs\pytorch\lib\site-packages\sklearn\metrics\_classification.py:2399: UserWarning: y_pred contains classes not in y_true
  warnings.warn("y_pred contains classes not in y_true")
C:\Anaconda3\envs\pytorch\lib\site-packages\sklearn\metrics\_classification.py:2399: UserWarning: y_pred contains classes not in y_true
  warnings.warn("y_pred contains classes not in y_true")
C:\Anaconda3\envs\pytorch\lib\site-packages\sklearn\metrics\_classification.py:2399: UserWarning: y_pred contains classes not in y_true
  warnings.warn("y_pred contains classes not in y_true")
C:\Anaconda3\envs\pytorch\lib\site-packages\sklearn\metrics\_classification.py:2399: UserWarning: y_pred contains classes not in y_true
  warnings.warn("y_pred contains classes not in y_true")
C:\Anaconda3\envs\pytorch\lib\site-packages\sklearn\metrics\_classification.py:2399: UserWarning: y_pred contains classes not in y_true
  warnings.warn("y_pred contains classes not in y_true")
C:\Anaconda3\envs\pytorch\lib\site-packages\sklearn\metrics\_classification.py:2399: UserWarning: y_pred contains classes not in y_true
  warnings.warn("y_pred contains classes not in y_true")
C:\Anaconda3\envs\pytorch\lib\site-packages\sklearn\metrics\_classification.py:2399: UserWarning: y_pred contains classes not in y_true
  warnings.warn("y_pred contains classes not in y_true")
C:\Anaconda3\envs\pytorch\lib\site-packages\sklearn\metrics\_classification.py:2399: UserWarning: y_pred contains classes not in y_true
  warnings.warn("y_pred contains classes not in y_true")
C:\Anaconda3\envs\pytorch\lib\site-packages\sklearn\metrics\_classification.py:2399: UserWarning: y_pred contains classes not in y_true
  warnings.warn("y_pred contains classes not in y_true")
C:\Anaconda3\envs\pytorch\lib\site-packages\sklearn\metrics\_classification.py:2399: UserWarning: y_pred contains classes not in y_true
  warnings.warn("y_pred contains classes not in y_true")
C:\Anaconda3\envs\pytorch\lib\site-packages\sklearn\metrics\_classification.py:2399: UserWarning: y_pred contains classes not in y_true
  warnings.warn("y_pred contains classes not in y_true")
C:\Anaconda3\envs\pytorch\lib\site-packages\sklearn\metrics\_classification.py:2399: UserWarning: y_pred contains classes not in y_true
  warnings.warn("y_pred contains classes not in y_true")
C:\Anaconda3\envs\pytorch\lib\site-packages\sklearn\metrics\_classification.py:2399: UserWarning: y_pred contains classes not in y_true
  warnings.warn("y_pred contains classes not in y_true")
C:\Anaconda3\envs\pytorch\lib\site-packages\sklearn\metrics\_classification.py:2399: UserWarning: y_pred contains classes not in y_true
  warnings.warn("y_pred contains classes not in y_true")
C:\Anaconda3\envs\pytorch\lib\site-packages\sklearn\metrics\_classification.py:2399: UserWarning: y_pred contains classes not in y_true
  warnings.warn("y_pred contains classes not in y_true")
C:\Anaconda3\envs\pytorch\lib\site-packages\sklearn\metrics\_classification.py:2399: UserWarning: y_pred contains classes not in y_true
  warnings.warn("y_pred contains classes not in y_true")
C:\Anaconda3\envs\pytorch\lib\site-packages\sklearn\metrics\_classification.py:2399: UserWarning: y_pred contains classes not in y_true
  warnings.warn("y_pred contains classes not in y_true")
C:\Anaconda3\envs\pytorch\lib\site-packages\sklearn\metrics\_classification.py:2399: UserWarning: y_pred contains classes not in y_true
  warnings.warn("y_pred contains classes not in y_true")
C:\Anaconda3\envs\pytorch\lib\site-packages\sklearn\metrics\_classification.py:2399: UserWarning: y_pred contains classes not in y_true
  warnings.warn("y_pred contains classes not in y_true")
C:\Anaconda3\envs\pytorch\lib\site-packages\sklearn\metrics\_classification.py:2399: UserWarning: y_pred contains classes not in y_true
  warnings.warn("y_pred contains classes not in y_true")
C:\Anaconda3\envs\pytorch\lib\site-packages\sklearn\metrics\_classification.py:2399: UserWarning: y_pred contains classes not in y_true
  warnings.warn("y_pred contains classes not in y_true")
C:\Anaconda3\envs\pytorch\lib\site-packages\sklearn\metrics\_classification.py:2399: UserWarning: y_pred contains classes not in y_true
  warnings.warn("y_pred contains classes not in y_true")
C:\Anaconda3\envs\pytorch\lib\site-packages\sklearn\metrics\_classification.py:2399: UserWarning: y_pred contains classes not in y_true
  warnings.warn("y_pred contains classes not in y_true")
C:\Anaconda3\envs\pytorch\lib\site-packages\sklearn\metrics\_classification.py:2399: UserWarning: y_pred contains classes not in y_true
  warnings.warn("y_pred contains classes not in y_true")
C:\Anaconda3\envs\pytorch\lib\site-packages\sklearn\metrics\_classification.py:2399: UserWarning: y_pred contains classes not in y_true
  warnings.warn("y_pred contains classes not in y_true")
C:\Anaconda3\envs\pytorch\lib\site-packages\sklearn\metrics\_classification.py:2399: UserWarning: y_pred contains classes not in y_true
  warnings.warn("y_pred contains classes not in y_true")
C:\Anaconda3\envs\pytorch\lib\site-packages\sklearn\metrics\_classification.py:2399: UserWarning: y_pred contains classes not in y_true
  warnings.warn("y_pred contains classes not in y_true")
C:\Anaconda3\envs\pytorch\lib\site-packages\sklearn\metrics\_classification.py:2399: UserWarning: y_pred contains classes not in y_true
  warnings.warn("y_pred contains classes not in y_true")
C:\Anaconda3\envs\pytorch\lib\site-packages\sklearn\metrics\_classification.py:2399: UserWarning: y_pred contains classes not in y_true
  warnings.warn("y_pred contains classes not in y_true")
C:\Anaconda3\envs\pytorch\lib\site-packages\sklearn\metrics\_classification.py:2399: UserWarning: y_pred contains classes not in y_true
  warnings.warn("y_pred contains classes not in y_true")
C:\Anaconda3\envs\pytorch\lib\site-packages\sklearn\metrics\_classification.py:2399: UserWarning: y_pred contains classes not in y_true
  warnings.warn("y_pred contains classes not in y_true")
C:\Anaconda3\envs\pytorch\lib\site-packages\sklearn\metrics\_classification.py:2399: UserWarning: y_pred contains classes not in y_true
  warnings.warn("y_pred contains classes not in y_true")
C:\Anaconda3\envs\pytorch\lib\site-packages\sklearn\metrics\_classification.py:2399: UserWarning: y_pred contains classes not in y_true
  warnings.warn("y_pred contains classes not in y_true")
C:\Anaconda3\envs\pytorch\lib\site-packages\sklearn\metrics\_classification.py:2399: UserWarning: y_pred contains classes not in y_true
  warnings.warn("y_pred contains classes not in y_true")
C:\Anaconda3\envs\pytorch\lib\site-packages\sklearn\metrics\_classification.py:2399: UserWarning: y_pred contains classes not in y_true
  warnings.warn("y_pred contains classes not in y_true")
C:\Anaconda3\envs\pytorch\lib\site-packages\sklearn\metrics\_classification.py:2399: UserWarning: y_pred contains classes not in y_true
  warnings.warn("y_pred contains classes not in y_true")
C:\Anaconda3\envs\pytorch\lib\site-packages\sklearn\metrics\_classification.py:2399: UserWarning: y_pred contains classes not in y_true
  warnings.warn("y_pred contains classes not in y_true")
C:\Anaconda3\envs\pytorch\lib\site-packages\sklearn\metrics\_classification.py:2399: UserWarning: y_pred contains classes not in y_true
  warnings.warn("y_pred contains classes not in y_true")
C:\Anaconda3\envs\pytorch\lib\site-packages\sklearn\metrics\_classification.py:2399: UserWarning: y_pred contains classes not in y_true
  warnings.warn("y_pred contains classes not in y_true")
C:\Anaconda3\envs\pytorch\lib\site-packages\sklearn\metrics\_classification.py:2399: UserWarning: y_pred contains classes not in y_true
  warnings.warn("y_pred contains classes not in y_true")
C:\Anaconda3\envs\pytorch\lib\site-packages\sklearn\metrics\_classification.py:2399: UserWarning: y_pred contains classes not in y_true
  warnings.warn("y_pred contains classes not in y_true")
C:\Anaconda3\envs\pytorch\lib\site-packages\sklearn\metrics\_classification.py:2399: UserWarning: y_pred contains classes not in y_true
  warnings.warn("y_pred contains classes not in y_true")
C:\Anaconda3\envs\pytorch\lib\site-packages\sklearn\metrics\_classification.py:2399: UserWarning: y_pred contains classes not in y_true
  warnings.warn("y_pred contains classes not in y_true")
C:\Anaconda3\envs\pytorch\lib\site-packages\sklearn\metrics\_classification.py:2399: UserWarning: y_pred contains classes not in y_true
  warnings.warn("y_pred contains classes not in y_true")
C:\Anaconda3\envs\pytorch\lib\site-packages\sklearn\metrics\_classification.py:2399: UserWarning: y_pred contains classes not in y_true
  warnings.warn("y_pred contains classes not in y_true")
C:\Anaconda3\envs\pytorch\lib\site-packages\sklearn\metrics\_classification.py:2399: UserWarning: y_pred contains classes not in y_true
  warnings.warn("y_pred contains classes not in y_true")
C:\Anaconda3\envs\pytorch\lib\site-packages\sklearn\metrics\_classification.py:2399: UserWarning: y_pred contains classes not in y_true
  warnings.warn("y_pred contains classes not in y_true")
C:\Anaconda3\envs\pytorch\lib\site-packages\sklearn\metrics\_classification.py:2399: UserWarning: y_pred contains classes not in y_true
  warnings.warn("y_pred contains classes not in y_true")
C:\Anaconda3\envs\pytorch\lib\site-packages\sklearn\metrics\_classification.py:2399: UserWarning: y_pred contains classes not in y_true
  warnings.warn("y_pred contains classes not in y_true")
C:\Anaconda3\envs\pytorch\lib\site-packages\sklearn\metrics\_classification.py:2399: UserWarning: y_pred contains classes not in y_true
  warnings.warn("y_pred contains classes not in y_true")
C:\Anaconda3\envs\pytorch\lib\site-packages\sklearn\metrics\_classification.py:2399: UserWarning: y_pred contains classes not in y_true
  warnings.warn("y_pred contains classes not in y_true")
C:\Anaconda3\envs\pytorch\lib\site-packages\sklearn\metrics\_classification.py:2399: UserWarning: y_pred contains classes not in y_true
  warnings.warn("y_pred contains classes not in y_true")
C:\Anaconda3\envs\pytorch\lib\site-packages\sklearn\metrics\_classification.py:2399: UserWarning: y_pred contains classes not in y_true
  warnings.warn("y_pred contains classes not in y_true")
C:\Anaconda3\envs\pytorch\lib\site-packages\sklearn\metrics\_classification.py:2399: UserWarning: y_pred contains classes not in y_true
  warnings.warn("y_pred contains classes not in y_true")
C:\Anaconda3\envs\pytorch\lib\site-packages\sklearn\metrics\_classification.py:2399: UserWarning: y_pred contains classes not in y_true
  warnings.warn("y_pred contains classes not in y_true")
C:\Anaconda3\envs\pytorch\lib\site-packages\sklearn\metrics\_classification.py:2399: UserWarning: y_pred contains classes not in y_true
  warnings.warn("y_pred contains classes not in y_true")
C:\Anaconda3\envs\pytorch\lib\site-packages\sklearn\metrics\_classification.py:2399: UserWarning: y_pred contains classes not in y_true
  warnings.warn("y_pred contains classes not in y_true")
C:\Anaconda3\envs\pytorch\lib\site-packages\sklearn\metrics\_classification.py:2399: UserWarning: y_pred contains classes not in y_true
  warnings.warn("y_pred contains classes not in y_true")
C:\Anaconda3\envs\pytorch\lib\site-packages\sklearn\metrics\_classification.py:2399: UserWarning: y_pred contains classes not in y_true
  warnings.warn("y_pred contains classes not in y_true")
C:\Anaconda3\envs\pytorch\lib\site-packages\sklearn\metrics\_classification.py:2399: UserWarning: y_pred contains classes not in y_true
  warnings.warn("y_pred contains classes not in y_true")
C:\Anaconda3\envs\pytorch\lib\site-packages\sklearn\metrics\_classification.py:2399: UserWarning: y_pred contains classes not in y_true
  warnings.warn("y_pred contains classes not in y_true")
C:\Anaconda3\envs\pytorch\lib\site-packages\sklearn\metrics\_classification.py:2399: UserWarning: y_pred contains classes not in y_true
  warnings.warn("y_pred contains classes not in y_true")
C:\Anaconda3\envs\pytorch\lib\site-packages\sklearn\metrics\_classification.py:2399: UserWarning: y_pred contains classes not in y_true
  warnings.warn("y_pred contains classes not in y_true")
C:\Anaconda3\envs\pytorch\lib\site-packages\sklearn\metrics\_classification.py:2399: UserWarning: y_pred contains classes not in y_true
  warnings.warn("y_pred contains classes not in y_true")
C:\Anaconda3\envs\pytorch\lib\site-packages\sklearn\metrics\_classification.py:2399: UserWarning: y_pred contains classes not in y_true
  warnings.warn("y_pred contains classes not in y_true")
C:\Anaconda3\envs\pytorch\lib\site-packages\sklearn\metrics\_classification.py:2399: UserWarning: y_pred contains classes not in y_true
  warnings.warn("y_pred contains classes not in y_true")
C:\Anaconda3\envs\pytorch\lib\site-packages\sklearn\metrics\_classification.py:2399: UserWarning: y_pred contains classes not in y_true
  warnings.warn("y_pred contains classes not in y_true")
C:\Anaconda3\envs\pytorch\lib\site-packages\sklearn\metrics\_classification.py:2399: UserWarning: y_pred contains classes not in y_true
  warnings.warn("y_pred contains classes not in y_true")
C:\Anaconda3\envs\pytorch\lib\site-packages\sklearn\metrics\_classification.py:2399: UserWarning: y_pred contains classes not in y_true
  warnings.warn("y_pred contains classes not in y_true")
C:\Anaconda3\envs\pytorch\lib\site-packages\sklearn\metrics\_classification.py:2399: UserWarning: y_pred contains classes not in y_true
  warnings.warn("y_pred contains classes not in y_true")
C:\Anaconda3\envs\pytorch\lib\site-packages\sklearn\metrics\_classification.py:2399: UserWarning: y_pred contains classes not in y_true
  warnings.warn("y_pred contains classes not in y_true")
C:\Anaconda3\envs\pytorch\lib\site-packages\sklearn\metrics\_classification.py:2399: UserWarning: y_pred contains classes not in y_true
  warnings.warn("y_pred contains classes not in y_true")
C:\Anaconda3\envs\pytorch\lib\site-packages\sklearn\metrics\_classification.py:2399: UserWarning: y_pred contains classes not in y_true
  warnings.warn("y_pred contains classes not in y_true")
C:\Anaconda3\envs\pytorch\lib\site-packages\sklearn\metrics\_classification.py:2399: UserWarning: y_pred contains classes not in y_true
  warnings.warn("y_pred contains classes not in y_true")
C:\Anaconda3\envs\pytorch\lib\site-packages\sklearn\metrics\_classification.py:2399: UserWarning: y_pred contains classes not in y_true
  warnings.warn("y_pred contains classes not in y_true")
C:\Anaconda3\envs\pytorch\lib\site-packages\sklearn\metrics\_classification.py:2399: UserWarning: y_pred contains classes not in y_true
  warnings.warn("y_pred contains classes not in y_true")
C:\Anaconda3\envs\pytorch\lib\site-packages\sklearn\metrics\_classification.py:2399: UserWarning: y_pred contains classes not in y_true
  warnings.warn("y_pred contains classes not in y_true")
C:\Anaconda3\envs\pytorch\lib\site-packages\sklearn\metrics\_classification.py:2399: UserWarning: y_pred contains classes not in y_true
  warnings.warn("y_pred contains classes not in y_true")
C:\Anaconda3\envs\pytorch\lib\site-packages\sklearn\metrics\_classification.py:2399: UserWarning: y_pred contains classes not in y_true
  warnings.warn("y_pred contains classes not in y_true")
C:\Anaconda3\envs\pytorch\lib\site-packages\sklearn\metrics\_classification.py:2399: UserWarning: y_pred contains classes not in y_true
  warnings.warn("y_pred contains classes not in y_true")
C:\Anaconda3\envs\pytorch\lib\site-packages\sklearn\metrics\_classification.py:2399: UserWarning: y_pred contains classes not in y_true
  warnings.warn("y_pred contains classes not in y_true")
C:\Anaconda3\envs\pytorch\lib\site-packages\sklearn\metrics\_classification.py:2399: UserWarning: y_pred contains classes not in y_true
  warnings.warn("y_pred contains classes not in y_true")
C:\Anaconda3\envs\pytorch\lib\site-packages\sklearn\metrics\_classification.py:2399: UserWarning: y_pred contains classes not in y_true
  warnings.warn("y_pred contains classes not in y_true")
C:\Anaconda3\envs\pytorch\lib\site-packages\sklearn\metrics\_classification.py:2399: UserWarning: y_pred contains classes not in y_true
  warnings.warn("y_pred contains classes not in y_true")
C:\Anaconda3\envs\pytorch\lib\site-packages\sklearn\metrics\_classification.py:2399: UserWarning: y_pred contains classes not in y_true
  warnings.warn("y_pred contains classes not in y_true")
C:\Anaconda3\envs\pytorch\lib\site-packages\sklearn\metrics\_classification.py:2399: UserWarning: y_pred contains classes not in y_true
  warnings.warn("y_pred contains classes not in y_true")
C:\Anaconda3\envs\pytorch\lib\site-packages\sklearn\metrics\_classification.py:2399: UserWarning: y_pred contains classes not in y_true
  warnings.warn("y_pred contains classes not in y_true")
C:\Anaconda3\envs\pytorch\lib\site-packages\sklearn\metrics\_classification.py:2399: UserWarning: y_pred contains classes not in y_true
  warnings.warn("y_pred contains classes not in y_true")
C:\Anaconda3\envs\pytorch\lib\site-packages\sklearn\metrics\_classification.py:2399: UserWarning: y_pred contains classes not in y_true
  warnings.warn("y_pred contains classes not in y_true")
C:\Anaconda3\envs\pytorch\lib\site-packages\sklearn\metrics\_classification.py:2399: UserWarning: y_pred contains classes not in y_true
  warnings.warn("y_pred contains classes not in y_true")
C:\Anaconda3\envs\pytorch\lib\site-packages\sklearn\metrics\_classification.py:2399: UserWarning: y_pred contains classes not in y_true
  warnings.warn("y_pred contains classes not in y_true")
C:\Anaconda3\envs\pytorch\lib\site-packages\sklearn\metrics\_classification.py:2399: UserWarning: y_pred contains classes not in y_true
  warnings.warn("y_pred contains classes not in y_true")
C:\Anaconda3\envs\pytorch\lib\site-packages\sklearn\metrics\_classification.py:2399: UserWarning: y_pred contains classes not in y_true
  warnings.warn("y_pred contains classes not in y_true")
C:\Anaconda3\envs\pytorch\lib\site-packages\sklearn\metrics\_classification.py:2399: UserWarning: y_pred contains classes not in y_true
  warnings.warn("y_pred contains classes not in y_true")
C:\Anaconda3\envs\pytorch\lib\site-packages\sklearn\metrics\_classification.py:2399: UserWarning: y_pred contains classes not in y_true
  warnings.warn("y_pred contains classes not in y_true")
C:\Anaconda3\envs\pytorch\lib\site-packages\sklearn\metrics\_classification.py:2399: UserWarning: y_pred contains classes not in y_true
  warnings.warn("y_pred contains classes not in y_true")
C:\Anaconda3\envs\pytorch\lib\site-packages\sklearn\metrics\_classification.py:2399: UserWarning: y_pred contains classes not in y_true
  warnings.warn("y_pred contains classes not in y_true")
C:\Anaconda3\envs\pytorch\lib\site-packages\sklearn\metrics\_classification.py:2399: UserWarning: y_pred contains classes not in y_true
  warnings.warn("y_pred contains classes not in y_true")
C:\Anaconda3\envs\pytorch\lib\site-packages\sklearn\metrics\_classification.py:2399: UserWarning: y_pred contains classes not in y_true
  warnings.warn("y_pred contains classes not in y_true")
C:\Anaconda3\envs\pytorch\lib\site-packages\sklearn\metrics\_classification.py:2399: UserWarning: y_pred contains classes not in y_true
  warnings.warn("y_pred contains classes not in y_true")
C:\Anaconda3\envs\pytorch\lib\site-packages\sklearn\metrics\_classification.py:2399: UserWarning: y_pred contains classes not in y_true
  warnings.warn("y_pred contains classes not in y_true")
C:\Anaconda3\envs\pytorch\lib\site-packages\sklearn\metrics\_classification.py:2399: UserWarning: y_pred contains classes not in y_true
  warnings.warn("y_pred contains classes not in y_true")
C:\Anaconda3\envs\pytorch\lib\site-packages\sklearn\metrics\_classification.py:2399: UserWarning: y_pred contains classes not in y_true
  warnings.warn("y_pred contains classes not in y_true")
C:\Anaconda3\envs\pytorch\lib\site-packages\sklearn\metrics\_classification.py:2399: UserWarning: y_pred contains classes not in y_true
  warnings.warn("y_pred contains classes not in y_true")
C:\Anaconda3\envs\pytorch\lib\site-packages\sklearn\metrics\_classification.py:2399: UserWarning: y_pred contains classes not in y_true
  warnings.warn("y_pred contains classes not in y_true")
C:\Anaconda3\envs\pytorch\lib\site-packages\sklearn\metrics\_classification.py:2399: UserWarning: y_pred contains classes not in y_true
  warnings.warn("y_pred contains classes not in y_true")
C:\Anaconda3\envs\pytorch\lib\site-packages\sklearn\metrics\_classification.py:2399: UserWarning: y_pred contains classes not in y_true
  warnings.warn("y_pred contains classes not in y_true")
C:\Anaconda3\envs\pytorch\lib\site-packages\sklearn\metrics\_classification.py:2399: UserWarning: y_pred contains classes not in y_true
  warnings.warn("y_pred contains classes not in y_true")
C:\Anaconda3\envs\pytorch\lib\site-packages\sklearn\metrics\_classification.py:2399: UserWarning: y_pred contains classes not in y_true
  warnings.warn("y_pred contains classes not in y_true")
C:\Anaconda3\envs\pytorch\lib\site-packages\sklearn\metrics\_classification.py:2399: UserWarning: y_pred contains classes not in y_true
  warnings.warn("y_pred contains classes not in y_true")
C:\Anaconda3\envs\pytorch\lib\site-packages\sklearn\metrics\_classification.py:2399: UserWarning: y_pred contains classes not in y_true
  warnings.warn("y_pred contains classes not in y_true")
C:\Anaconda3\envs\pytorch\lib\site-packages\sklearn\metrics\_classification.py:2399: UserWarning: y_pred contains classes not in y_true
  warnings.warn("y_pred contains classes not in y_true")
C:\Anaconda3\envs\pytorch\lib\site-packages\sklearn\metrics\_classification.py:2399: UserWarning: y_pred contains classes not in y_true
  warnings.warn("y_pred contains classes not in y_true")
C:\Anaconda3\envs\pytorch\lib\site-packages\sklearn\metrics\_classification.py:2399: UserWarning: y_pred contains classes not in y_true
  warnings.warn("y_pred contains classes not in y_true")
C:\Anaconda3\envs\pytorch\lib\site-packages\sklearn\metrics\_classification.py:2399: UserWarning: y_pred contains classes not in y_true
  warnings.warn("y_pred contains classes not in y_true")
C:\Anaconda3\envs\pytorch\lib\site-packages\sklearn\metrics\_classification.py:2399: UserWarning: y_pred contains classes not in y_true
  warnings.warn("y_pred contains classes not in y_true")
C:\Anaconda3\envs\pytorch\lib\site-packages\sklearn\metrics\_classification.py:2399: UserWarning: y_pred contains classes not in y_true
  warnings.warn("y_pred contains classes not in y_true")
C:\Anaconda3\envs\pytorch\lib\site-packages\sklearn\metrics\_classification.py:2399: UserWarning: y_pred contains classes not in y_true
  warnings.warn("y_pred contains classes not in y_true")
C:\Anaconda3\envs\pytorch\lib\site-packages\sklearn\metrics\_classification.py:2399: UserWarning: y_pred contains classes not in y_true
  warnings.warn("y_pred contains classes not in y_true")
C:\Anaconda3\envs\pytorch\lib\site-packages\sklearn\metrics\_classification.py:2399: UserWarning: y_pred contains classes not in y_true
  warnings.warn("y_pred contains classes not in y_true")
C:\Anaconda3\envs\pytorch\lib\site-packages\sklearn\metrics\_classification.py:2399: UserWarning: y_pred contains classes not in y_true
  warnings.warn("y_pred contains classes not in y_true")
C:\Anaconda3\envs\pytorch\lib\site-packages\sklearn\metrics\_classification.py:2399: UserWarning: y_pred contains classes not in y_true
  warnings.warn("y_pred contains classes not in y_true")
C:\Anaconda3\envs\pytorch\lib\site-packages\sklearn\metrics\_classification.py:2399: UserWarning: y_pred contains classes not in y_true
  warnings.warn("y_pred contains classes not in y_true")
C:\Anaconda3\envs\pytorch\lib\site-packages\sklearn\metrics\_classification.py:2399: UserWarning: y_pred contains classes not in y_true
  warnings.warn("y_pred contains classes not in y_true")
C:\Anaconda3\envs\pytorch\lib\site-packages\sklearn\metrics\_classification.py:2399: UserWarning: y_pred contains classes not in y_true
  warnings.warn("y_pred contains classes not in y_true")
C:\Anaconda3\envs\pytorch\lib\site-packages\sklearn\metrics\_classification.py:2399: UserWarning: y_pred contains classes not in y_true
  warnings.warn("y_pred contains classes not in y_true")
C:\Anaconda3\envs\pytorch\lib\site-packages\sklearn\metrics\_classification.py:2399: UserWarning: y_pred contains classes not in y_true
  warnings.warn("y_pred contains classes not in y_true")
C:\Anaconda3\envs\pytorch\lib\site-packages\sklearn\metrics\_classification.py:2399: UserWarning: y_pred contains classes not in y_true
  warnings.warn("y_pred contains classes not in y_true")
C:\Anaconda3\envs\pytorch\lib\site-packages\sklearn\metrics\_classification.py:2399: UserWarning: y_pred contains classes not in y_true
  warnings.warn("y_pred contains classes not in y_true")
C:\Anaconda3\envs\pytorch\lib\site-packages\sklearn\metrics\_classification.py:2399: UserWarning: y_pred contains classes not in y_true
  warnings.warn("y_pred contains classes not in y_true")
C:\Anaconda3\envs\pytorch\lib\site-packages\sklearn\metrics\_classification.py:2399: UserWarning: y_pred contains classes not in y_true
  warnings.warn("y_pred contains classes not in y_true")
C:\Anaconda3\envs\pytorch\lib\site-packages\sklearn\metrics\_classification.py:2399: UserWarning: y_pred contains classes not in y_true
  warnings.warn("y_pred contains classes not in y_true")
C:\Anaconda3\envs\pytorch\lib\site-packages\sklearn\metrics\_classification.py:2399: UserWarning: y_pred contains classes not in y_true
  warnings.warn("y_pred contains classes not in y_true")
C:\Anaconda3\envs\pytorch\lib\site-packages\sklearn\metrics\_classification.py:2399: UserWarning: y_pred contains classes not in y_true
  warnings.warn("y_pred contains classes not in y_true")
C:\Anaconda3\envs\pytorch\lib\site-packages\sklearn\metrics\_classification.py:2399: UserWarning: y_pred contains classes not in y_true
  warnings.warn("y_pred contains classes not in y_true")
C:\Anaconda3\envs\pytorch\lib\site-packages\sklearn\metrics\_classification.py:2399: UserWarning: y_pred contains classes not in y_true
  warnings.warn("y_pred contains classes not in y_true")
C:\Anaconda3\envs\pytorch\lib\site-packages\sklearn\metrics\_classification.py:2399: UserWarning: y_pred contains classes not in y_true
  warnings.warn("y_pred contains classes not in y_true")
C:\Anaconda3\envs\pytorch\lib\site-packages\sklearn\metrics\_classification.py:2399: UserWarning: y_pred contains classes not in y_true
  warnings.warn("y_pred contains classes not in y_true")
C:\Anaconda3\envs\pytorch\lib\site-packages\sklearn\metrics\_classification.py:2399: UserWarning: y_pred contains classes not in y_true
  warnings.warn("y_pred contains classes not in y_true")
C:\Anaconda3\envs\pytorch\lib\site-packages\sklearn\metrics\_classification.py:2399: UserWarning: y_pred contains classes not in y_true
  warnings.warn("y_pred contains classes not in y_true")
C:\Anaconda3\envs\pytorch\lib\site-packages\sklearn\metrics\_classification.py:2399: UserWarning: y_pred contains classes not in y_true
  warnings.warn("y_pred contains classes not in y_true")
C:\Anaconda3\envs\pytorch\lib\site-packages\sklearn\metrics\_classification.py:2399: UserWarning: y_pred contains classes not in y_true
  warnings.warn("y_pred contains classes not in y_true")
C:\Anaconda3\envs\pytorch\lib\site-packages\sklearn\metrics\_classification.py:2399: UserWarning: y_pred contains classes not in y_true
  warnings.warn("y_pred contains classes not in y_true")
C:\Anaconda3\envs\pytorch\lib\site-packages\sklearn\metrics\_classification.py:2399: UserWarning: y_pred contains classes not in y_true
  warnings.warn("y_pred contains classes not in y_true")
C:\Anaconda3\envs\pytorch\lib\site-packages\sklearn\metrics\_classification.py:2399: UserWarning: y_pred contains classes not in y_true
  warnings.warn("y_pred contains classes not in y_true")
C:\Anaconda3\envs\pytorch\lib\site-packages\sklearn\metrics\_classification.py:2399: UserWarning: y_pred contains classes not in y_true
  warnings.warn("y_pred contains classes not in y_true")
C:\Anaconda3\envs\pytorch\lib\site-packages\sklearn\metrics\_classification.py:2399: UserWarning: y_pred contains classes not in y_true
  warnings.warn("y_pred contains classes not in y_true")
C:\Anaconda3\envs\pytorch\lib\site-packages\sklearn\metrics\_classification.py:2399: UserWarning: y_pred contains classes not in y_true
  warnings.warn("y_pred contains classes not in y_true")
C:\Anaconda3\envs\pytorch\lib\site-packages\sklearn\metrics\_classification.py:2399: UserWarning: y_pred contains classes not in y_true
  warnings.warn("y_pred contains classes not in y_true")
C:\Anaconda3\envs\pytorch\lib\site-packages\sklearn\metrics\_classification.py:2399: UserWarning: y_pred contains classes not in y_true
  warnings.warn("y_pred contains classes not in y_true")
C:\Anaconda3\envs\pytorch\lib\site-packages\sklearn\metrics\_classification.py:2399: UserWarning: y_pred contains classes not in y_true
  warnings.warn("y_pred contains classes not in y_true")
C:\Anaconda3\envs\pytorch\lib\site-packages\sklearn\metrics\_classification.py:2399: UserWarning: y_pred contains classes not in y_true
  warnings.warn("y_pred contains classes not in y_true")
C:\Anaconda3\envs\pytorch\lib\site-packages\sklearn\metrics\_classification.py:2399: UserWarning: y_pred contains classes not in y_true
  warnings.warn("y_pred contains classes not in y_true")
C:\Anaconda3\envs\pytorch\lib\site-packages\sklearn\metrics\_classification.py:2399: UserWarning: y_pred contains classes not in y_true
  warnings.warn("y_pred contains classes not in y_true")
C:\Anaconda3\envs\pytorch\lib\site-packages\sklearn\metrics\_classification.py:2399: UserWarning: y_pred contains classes not in y_true
  warnings.warn("y_pred contains classes not in y_true")
C:\Anaconda3\envs\pytorch\lib\site-packages\sklearn\metrics\_classification.py:2399: UserWarning: y_pred contains classes not in y_true
  warnings.warn("y_pred contains classes not in y_true")
C:\Anaconda3\envs\pytorch\lib\site-packages\sklearn\metrics\_classification.py:2399: UserWarning: y_pred contains classes not in y_true
  warnings.warn("y_pred contains classes not in y_true")
C:\Anaconda3\envs\pytorch\lib\site-packages\sklearn\metrics\_classification.py:2399: UserWarning: y_pred contains classes not in y_true
  warnings.warn("y_pred contains classes not in y_true")
C:\Anaconda3\envs\pytorch\lib\site-packages\sklearn\metrics\_classification.py:2399: UserWarning: y_pred contains classes not in y_true
  warnings.warn("y_pred contains classes not in y_true")
C:\Anaconda3\envs\pytorch\lib\site-packages\sklearn\metrics\_classification.py:2399: UserWarning: y_pred contains classes not in y_true
  warnings.warn("y_pred contains classes not in y_true")
C:\Anaconda3\envs\pytorch\lib\site-packages\sklearn\metrics\_classification.py:2399: UserWarning: y_pred contains classes not in y_true
  warnings.warn("y_pred contains classes not in y_true")
C:\Anaconda3\envs\pytorch\lib\site-packages\sklearn\metrics\_classification.py:2399: UserWarning: y_pred contains classes not in y_true
  warnings.warn("y_pred contains classes not in y_true")
C:\Anaconda3\envs\pytorch\lib\site-packages\sklearn\metrics\_classification.py:2399: UserWarning: y_pred contains classes not in y_true
  warnings.warn("y_pred contains classes not in y_true")
C:\Anaconda3\envs\pytorch\lib\site-packages\sklearn\metrics\_classification.py:2399: UserWarning: y_pred contains classes not in y_true
  warnings.warn("y_pred contains classes not in y_true")
C:\Anaconda3\envs\pytorch\lib\site-packages\sklearn\metrics\_classification.py:2399: UserWarning: y_pred contains classes not in y_true
  warnings.warn("y_pred contains classes not in y_true")
C:\Anaconda3\envs\pytorch\lib\site-packages\sklearn\metrics\_classification.py:2399: UserWarning: y_pred contains classes not in y_true
  warnings.warn("y_pred contains classes not in y_true")
C:\Anaconda3\envs\pytorch\lib\site-packages\sklearn\metrics\_classification.py:2399: UserWarning: y_pred contains classes not in y_true
  warnings.warn("y_pred contains classes not in y_true")
C:\Anaconda3\envs\pytorch\lib\site-packages\sklearn\metrics\_classification.py:2399: UserWarning: y_pred contains classes not in y_true
  warnings.warn("y_pred contains classes not in y_true")
C:\Anaconda3\envs\pytorch\lib\site-packages\sklearn\metrics\_classification.py:2399: UserWarning: y_pred contains classes not in y_true
  warnings.warn("y_pred contains classes not in y_true")
C:\Anaconda3\envs\pytorch\lib\site-packages\sklearn\metrics\_classification.py:2399: UserWarning: y_pred contains classes not in y_true
  warnings.warn("y_pred contains classes not in y_true")
C:\Anaconda3\envs\pytorch\lib\site-packages\sklearn\metrics\_classification.py:2399: UserWarning: y_pred contains classes not in y_true
  warnings.warn("y_pred contains classes not in y_true")
C:\Anaconda3\envs\pytorch\lib\site-packages\sklearn\metrics\_classification.py:2399: UserWarning: y_pred contains classes not in y_true
  warnings.warn("y_pred contains classes not in y_true")
C:\Anaconda3\envs\pytorch\lib\site-packages\sklearn\metrics\_classification.py:2399: UserWarning: y_pred contains classes not in y_true
  warnings.warn("y_pred contains classes not in y_true")
C:\Anaconda3\envs\pytorch\lib\site-packages\sklearn\metrics\_classification.py:2399: UserWarning: y_pred contains classes not in y_true
  warnings.warn("y_pred contains classes not in y_true")
C:\Anaconda3\envs\pytorch\lib\site-packages\sklearn\metrics\_classification.py:2399: UserWarning: y_pred contains classes not in y_true
  warnings.warn("y_pred contains classes not in y_true")
C:\Anaconda3\envs\pytorch\lib\site-packages\sklearn\metrics\_classification.py:2399: UserWarning: y_pred contains classes not in y_true
  warnings.warn("y_pred contains classes not in y_true")
C:\Anaconda3\envs\pytorch\lib\site-packages\sklearn\metrics\_classification.py:2399: UserWarning: y_pred contains classes not in y_true
  warnings.warn("y_pred contains classes not in y_true")
C:\Anaconda3\envs\pytorch\lib\site-packages\sklearn\metrics\_classification.py:2399: UserWarning: y_pred contains classes not in y_true
  warnings.warn("y_pred contains classes not in y_true")
C:\Anaconda3\envs\pytorch\lib\site-packages\sklearn\metrics\_classification.py:2399: UserWarning: y_pred contains classes not in y_true
  warnings.warn("y_pred contains classes not in y_true")
C:\Anaconda3\envs\pytorch\lib\site-packages\sklearn\metrics\_classification.py:2399: UserWarning: y_pred contains classes not in y_true
  warnings.warn("y_pred contains classes not in y_true")
C:\Anaconda3\envs\pytorch\lib\site-packages\sklearn\metrics\_classification.py:2399: UserWarning: y_pred contains classes not in y_true
  warnings.warn("y_pred contains classes not in y_true")
C:\Anaconda3\envs\pytorch\lib\site-packages\sklearn\metrics\_classification.py:2399: UserWarning: y_pred contains classes not in y_true
  warnings.warn("y_pred contains classes not in y_true")
C:\Anaconda3\envs\pytorch\lib\site-packages\sklearn\metrics\_classification.py:2399: UserWarning: y_pred contains classes not in y_true
  warnings.warn("y_pred contains classes not in y_true")
C:\Anaconda3\envs\pytorch\lib\site-packages\sklearn\metrics\_classification.py:2399: UserWarning: y_pred contains classes not in y_true
  warnings.warn("y_pred contains classes not in y_true")
C:\Anaconda3\envs\pytorch\lib\site-packages\sklearn\metrics\_classification.py:2399: UserWarning: y_pred contains classes not in y_true
  warnings.warn("y_pred contains classes not in y_true")
C:\Anaconda3\envs\pytorch\lib\site-packages\sklearn\metrics\_classification.py:2399: UserWarning: y_pred contains classes not in y_true
  warnings.warn("y_pred contains classes not in y_true")
C:\Anaconda3\envs\pytorch\lib\site-packages\sklearn\metrics\_classification.py:2399: UserWarning: y_pred contains classes not in y_true
  warnings.warn("y_pred contains classes not in y_true")
C:\Anaconda3\envs\pytorch\lib\site-packages\sklearn\metrics\_classification.py:2399: UserWarning: y_pred contains classes not in y_true
  warnings.warn("y_pred contains classes not in y_true")
C:\Anaconda3\envs\pytorch\lib\site-packages\sklearn\metrics\_classification.py:2399: UserWarning: y_pred contains classes not in y_true
  warnings.warn("y_pred contains classes not in y_true")
C:\Anaconda3\envs\pytorch\lib\site-packages\sklearn\metrics\_classification.py:2399: UserWarning: y_pred contains classes not in y_true
  warnings.warn("y_pred contains classes not in y_true")
C:\Anaconda3\envs\pytorch\lib\site-packages\sklearn\metrics\_classification.py:2399: UserWarning: y_pred contains classes not in y_true
  warnings.warn("y_pred contains classes not in y_true")
C:\Anaconda3\envs\pytorch\lib\site-packages\sklearn\metrics\_classification.py:2399: UserWarning: y_pred contains classes not in y_true
  warnings.warn("y_pred contains classes not in y_true")
C:\Anaconda3\envs\pytorch\lib\site-packages\sklearn\metrics\_classification.py:2399: UserWarning: y_pred contains classes not in y_true
  warnings.warn("y_pred contains classes not in y_true")
C:\Anaconda3\envs\pytorch\lib\site-packages\sklearn\metrics\_classification.py:2399: UserWarning: y_pred contains classes not in y_true
  warnings.warn("y_pred contains classes not in y_true")
C:\Anaconda3\envs\pytorch\lib\site-packages\sklearn\metrics\_classification.py:2399: UserWarning: y_pred contains classes not in y_true
  warnings.warn("y_pred contains classes not in y_true")
C:\Anaconda3\envs\pytorch\lib\site-packages\sklearn\metrics\_classification.py:2399: UserWarning: y_pred contains classes not in y_true
  warnings.warn("y_pred contains classes not in y_true")
C:\Anaconda3\envs\pytorch\lib\site-packages\sklearn\metrics\_classification.py:2399: UserWarning: y_pred contains classes not in y_true
  warnings.warn("y_pred contains classes not in y_true")
C:\Anaconda3\envs\pytorch\lib\site-packages\sklearn\metrics\_classification.py:2399: UserWarning: y_pred contains classes not in y_true
  warnings.warn("y_pred contains classes not in y_true")
C:\Anaconda3\envs\pytorch\lib\site-packages\sklearn\metrics\_classification.py:2399: UserWarning: y_pred contains classes not in y_true
  warnings.warn("y_pred contains classes not in y_true")
C:\Anaconda3\envs\pytorch\lib\site-packages\sklearn\metrics\_classification.py:2399: UserWarning: y_pred contains classes not in y_true
  warnings.warn("y_pred contains classes not in y_true")
C:\Anaconda3\envs\pytorch\lib\site-packages\sklearn\metrics\_classification.py:2399: UserWarning: y_pred contains classes not in y_true
  warnings.warn("y_pred contains classes not in y_true")
C:\Anaconda3\envs\pytorch\lib\site-packages\sklearn\metrics\_classification.py:2399: UserWarning: y_pred contains classes not in y_true
  warnings.warn("y_pred contains classes not in y_true")
C:\Anaconda3\envs\pytorch\lib\site-packages\sklearn\metrics\_classification.py:2399: UserWarning: y_pred contains classes not in y_true
  warnings.warn("y_pred contains classes not in y_true")
C:\Anaconda3\envs\pytorch\lib\site-packages\sklearn\metrics\_classification.py:2399: UserWarning: y_pred contains classes not in y_true
  warnings.warn("y_pred contains classes not in y_true")
C:\Anaconda3\envs\pytorch\lib\site-packages\sklearn\metrics\_classification.py:2399: UserWarning: y_pred contains classes not in y_true
  warnings.warn("y_pred contains classes not in y_true")
C:\Anaconda3\envs\pytorch\lib\site-packages\sklearn\metrics\_classification.py:2399: UserWarning: y_pred contains classes not in y_true
  warnings.warn("y_pred contains classes not in y_true")
C:\Anaconda3\envs\pytorch\lib\site-packages\sklearn\metrics\_classification.py:2399: UserWarning: y_pred contains classes not in y_true
  warnings.warn("y_pred contains classes not in y_true")
C:\Anaconda3\envs\pytorch\lib\site-packages\sklearn\metrics\_classification.py:2399: UserWarning: y_pred contains classes not in y_true
  warnings.warn("y_pred contains classes not in y_true")
C:\Anaconda3\envs\pytorch\lib\site-packages\sklearn\metrics\_classification.py:2399: UserWarning: y_pred contains classes not in y_true
  warnings.warn("y_pred contains classes not in y_true")
C:\Anaconda3\envs\pytorch\lib\site-packages\sklearn\metrics\_classification.py:2399: UserWarning: y_pred contains classes not in y_true
  warnings.warn("y_pred contains classes not in y_true")
C:\Anaconda3\envs\pytorch\lib\site-packages\sklearn\metrics\_classification.py:2399: UserWarning: y_pred contains classes not in y_true
  warnings.warn("y_pred contains classes not in y_true")
C:\Anaconda3\envs\pytorch\lib\site-packages\sklearn\metrics\_classification.py:2399: UserWarning: y_pred contains classes not in y_true
  warnings.warn("y_pred contains classes not in y_true")
C:\Anaconda3\envs\pytorch\lib\site-packages\sklearn\metrics\_classification.py:2399: UserWarning: y_pred contains classes not in y_true
  warnings.warn("y_pred contains classes not in y_true")
C:\Anaconda3\envs\pytorch\lib\site-packages\sklearn\metrics\_classification.py:2399: UserWarning: y_pred contains classes not in y_true
  warnings.warn("y_pred contains classes not in y_true")
C:\Anaconda3\envs\pytorch\lib\site-packages\sklearn\metrics\_classification.py:2399: UserWarning: y_pred contains classes not in y_true
  warnings.warn("y_pred contains classes not in y_true")
C:\Anaconda3\envs\pytorch\lib\site-packages\sklearn\metrics\_classification.py:2399: UserWarning: y_pred contains classes not in y_true
  warnings.warn("y_pred contains classes not in y_true")
C:\Anaconda3\envs\pytorch\lib\site-packages\sklearn\metrics\_classification.py:2399: UserWarning: y_pred contains classes not in y_true
  warnings.warn("y_pred contains classes not in y_true")
C:\Anaconda3\envs\pytorch\lib\site-packages\sklearn\metrics\_classification.py:2399: UserWarning: y_pred contains classes not in y_true
  warnings.warn("y_pred contains classes not in y_true")
C:\Anaconda3\envs\pytorch\lib\site-packages\sklearn\metrics\_classification.py:2399: UserWarning: y_pred contains classes not in y_true
  warnings.warn("y_pred contains classes not in y_true")
C:\Anaconda3\envs\pytorch\lib\site-packages\sklearn\metrics\_classification.py:2399: UserWarning: y_pred contains classes not in y_true
  warnings.warn("y_pred contains classes not in y_true")
C:\Anaconda3\envs\pytorch\lib\site-packages\sklearn\metrics\_classification.py:2399: UserWarning: y_pred contains classes not in y_true
  warnings.warn("y_pred contains classes not in y_true")
C:\Anaconda3\envs\pytorch\lib\site-packages\sklearn\metrics\_classification.py:2399: UserWarning: y_pred contains classes not in y_true
  warnings.warn("y_pred contains classes not in y_true")
C:\Anaconda3\envs\pytorch\lib\site-packages\sklearn\metrics\_classification.py:2399: UserWarning: y_pred contains classes not in y_true
  warnings.warn("y_pred contains classes not in y_true")
C:\Anaconda3\envs\pytorch\lib\site-packages\sklearn\metrics\_classification.py:2399: UserWarning: y_pred contains classes not in y_true
  warnings.warn("y_pred contains classes not in y_true")
C:\Anaconda3\envs\pytorch\lib\site-packages\sklearn\metrics\_classification.py:2399: UserWarning: y_pred contains classes not in y_true
  warnings.warn("y_pred contains classes not in y_true")
C:\Anaconda3\envs\pytorch\lib\site-packages\sklearn\metrics\_classification.py:2399: UserWarning: y_pred contains classes not in y_true
  warnings.warn("y_pred contains classes not in y_true")
C:\Anaconda3\envs\pytorch\lib\site-packages\sklearn\metrics\_classification.py:2399: UserWarning: y_pred contains classes not in y_true
  warnings.warn("y_pred contains classes not in y_true")
C:\Anaconda3\envs\pytorch\lib\site-packages\sklearn\metrics\_classification.py:2399: UserWarning: y_pred contains classes not in y_true
  warnings.warn("y_pred contains classes not in y_true")
C:\Anaconda3\envs\pytorch\lib\site-packages\sklearn\metrics\_classification.py:2399: UserWarning: y_pred contains classes not in y_true
  warnings.warn("y_pred contains classes not in y_true")
C:\Anaconda3\envs\pytorch\lib\site-packages\sklearn\metrics\_classification.py:2399: UserWarning: y_pred contains classes not in y_true
  warnings.warn("y_pred contains classes not in y_true")
C:\Anaconda3\envs\pytorch\lib\site-packages\sklearn\metrics\_classification.py:2399: UserWarning: y_pred contains classes not in y_true
  warnings.warn("y_pred contains classes not in y_true")
C:\Anaconda3\envs\pytorch\lib\site-packages\sklearn\metrics\_classification.py:2399: UserWarning: y_pred contains classes not in y_true
  warnings.warn("y_pred contains classes not in y_true")
C:\Anaconda3\envs\pytorch\lib\site-packages\sklearn\metrics\_classification.py:2399: UserWarning: y_pred contains classes not in y_true
  warnings.warn("y_pred contains classes not in y_true")
C:\Anaconda3\envs\pytorch\lib\site-packages\sklearn\metrics\_classification.py:2399: UserWarning: y_pred contains classes not in y_true
  warnings.warn("y_pred contains classes not in y_true")
C:\Anaconda3\envs\pytorch\lib\site-packages\sklearn\metrics\_classification.py:2399: UserWarning: y_pred contains classes not in y_true
  warnings.warn("y_pred contains classes not in y_true")
C:\Anaconda3\envs\pytorch\lib\site-packages\sklearn\metrics\_classification.py:2399: UserWarning: y_pred contains classes not in y_true
  warnings.warn("y_pred contains classes not in y_true")
C:\Anaconda3\envs\pytorch\lib\site-packages\sklearn\metrics\_classification.py:2399: UserWarning: y_pred contains classes not in y_true
  warnings.warn("y_pred contains classes not in y_true")
C:\Anaconda3\envs\pytorch\lib\site-packages\sklearn\metrics\_classification.py:2399: UserWarning: y_pred contains classes not in y_true
  warnings.warn("y_pred contains classes not in y_true")
C:\Anaconda3\envs\pytorch\lib\site-packages\sklearn\metrics\_classification.py:2399: UserWarning: y_pred contains classes not in y_true
  warnings.warn("y_pred contains classes not in y_true")
C:\Anaconda3\envs\pytorch\lib\site-packages\sklearn\metrics\_classification.py:2399: UserWarning: y_pred contains classes not in y_true
  warnings.warn("y_pred contains classes not in y_true")
C:\Anaconda3\envs\pytorch\lib\site-packages\sklearn\metrics\_classification.py:2399: UserWarning: y_pred contains classes not in y_true
  warnings.warn("y_pred contains classes not in y_true")
C:\Anaconda3\envs\pytorch\lib\site-packages\sklearn\metrics\_classification.py:2399: UserWarning: y_pred contains classes not in y_true
  warnings.warn("y_pred contains classes not in y_true")
C:\Anaconda3\envs\pytorch\lib\site-packages\sklearn\metrics\_classification.py:2399: UserWarning: y_pred contains classes not in y_true
  warnings.warn("y_pred contains classes not in y_true")
C:\Anaconda3\envs\pytorch\lib\site-packages\sklearn\metrics\_classification.py:2399: UserWarning: y_pred contains classes not in y_true
  warnings.warn("y_pred contains classes not in y_true")
C:\Anaconda3\envs\pytorch\lib\site-packages\sklearn\metrics\_classification.py:2399: UserWarning: y_pred contains classes not in y_true
  warnings.warn("y_pred contains classes not in y_true")
C:\Anaconda3\envs\pytorch\lib\site-packages\sklearn\metrics\_classification.py:2399: UserWarning: y_pred contains classes not in y_true
  warnings.warn("y_pred contains classes not in y_true")
C:\Anaconda3\envs\pytorch\lib\site-packages\sklearn\metrics\_classification.py:2399: UserWarning: y_pred contains classes not in y_true
  warnings.warn("y_pred contains classes not in y_true")
C:\Anaconda3\envs\pytorch\lib\site-packages\sklearn\metrics\_classification.py:2399: UserWarning: y_pred contains classes not in y_true
  warnings.warn("y_pred contains classes not in y_true")
C:\Anaconda3\envs\pytorch\lib\site-packages\sklearn\metrics\_classification.py:2399: UserWarning: y_pred contains classes not in y_true
  warnings.warn("y_pred contains classes not in y_true")
C:\Anaconda3\envs\pytorch\lib\site-packages\sklearn\metrics\_classification.py:2399: UserWarning: y_pred contains classes not in y_true
  warnings.warn("y_pred contains classes not in y_true")
C:\Anaconda3\envs\pytorch\lib\site-packages\sklearn\metrics\_classification.py:2399: UserWarning: y_pred contains classes not in y_true
  warnings.warn("y_pred contains classes not in y_true")
C:\Anaconda3\envs\pytorch\lib\site-packages\sklearn\metrics\_classification.py:2399: UserWarning: y_pred contains classes not in y_true
  warnings.warn("y_pred contains classes not in y_true")
C:\Anaconda3\envs\pytorch\lib\site-packages\sklearn\metrics\_classification.py:2399: UserWarning: y_pred contains classes not in y_true
  warnings.warn("y_pred contains classes not in y_true")
C:\Anaconda3\envs\pytorch\lib\site-packages\sklearn\metrics\_classification.py:2399: UserWarning: y_pred contains classes not in y_true
  warnings.warn("y_pred contains classes not in y_true")
C:\Anaconda3\envs\pytorch\lib\site-packages\sklearn\metrics\_classification.py:2399: UserWarning: y_pred contains classes not in y_true
  warnings.warn("y_pred contains classes not in y_true")
C:\Anaconda3\envs\pytorch\lib\site-packages\sklearn\metrics\_classification.py:2399: UserWarning: y_pred contains classes not in y_true
  warnings.warn("y_pred contains classes not in y_true")
C:\Anaconda3\envs\pytorch\lib\site-packages\sklearn\metrics\_classification.py:2399: UserWarning: y_pred contains classes not in y_true
  warnings.warn("y_pred contains classes not in y_true")
C:\Anaconda3\envs\pytorch\lib\site-packages\sklearn\metrics\_classification.py:2399: UserWarning: y_pred contains classes not in y_true
  warnings.warn("y_pred contains classes not in y_true")
C:\Anaconda3\envs\pytorch\lib\site-packages\sklearn\metrics\_classification.py:2399: UserWarning: y_pred contains classes not in y_true
  warnings.warn("y_pred contains classes not in y_true")
C:\Anaconda3\envs\pytorch\lib\site-packages\sklearn\metrics\_classification.py:2399: UserWarning: y_pred contains classes not in y_true
  warnings.warn("y_pred contains classes not in y_true")
C:\Anaconda3\envs\pytorch\lib\site-packages\sklearn\metrics\_classification.py:2399: UserWarning: y_pred contains classes not in y_true
  warnings.warn("y_pred contains classes not in y_true")
C:\Anaconda3\envs\pytorch\lib\site-packages\sklearn\metrics\_classification.py:2399: UserWarning: y_pred contains classes not in y_true
  warnings.warn("y_pred contains classes not in y_true")
C:\Anaconda3\envs\pytorch\lib\site-packages\sklearn\metrics\_classification.py:2399: UserWarning: y_pred contains classes not in y_true
  warnings.warn("y_pred contains classes not in y_true")
C:\Anaconda3\envs\pytorch\lib\site-packages\sklearn\metrics\_classification.py:2399: UserWarning: y_pred contains classes not in y_true
  warnings.warn("y_pred contains classes not in y_true")
C:\Anaconda3\envs\pytorch\lib\site-packages\sklearn\metrics\_classification.py:2399: UserWarning: y_pred contains classes not in y_true
  warnings.warn("y_pred contains classes not in y_true")
C:\Anaconda3\envs\pytorch\lib\site-packages\sklearn\metrics\_classification.py:2399: UserWarning: y_pred contains classes not in y_true
  warnings.warn("y_pred contains classes not in y_true")
C:\Anaconda3\envs\pytorch\lib\site-packages\sklearn\metrics\_classification.py:2399: UserWarning: y_pred contains classes not in y_true
  warnings.warn("y_pred contains classes not in y_true")
C:\Anaconda3\envs\pytorch\lib\site-packages\sklearn\metrics\_classification.py:2399: UserWarning: y_pred contains classes not in y_true
  warnings.warn("y_pred contains classes not in y_true")
C:\Anaconda3\envs\pytorch\lib\site-packages\sklearn\metrics\_classification.py:2399: UserWarning: y_pred contains classes not in y_true
  warnings.warn("y_pred contains classes not in y_true")
C:\Anaconda3\envs\pytorch\lib\site-packages\sklearn\metrics\_classification.py:2399: UserWarning: y_pred contains classes not in y_true
  warnings.warn("y_pred contains classes not in y_true")
C:\Anaconda3\envs\pytorch\lib\site-packages\sklearn\metrics\_classification.py:2399: UserWarning: y_pred contains classes not in y_true
  warnings.warn("y_pred contains classes not in y_true")
C:\Anaconda3\envs\pytorch\lib\site-packages\sklearn\metrics\_classification.py:2399: UserWarning: y_pred contains classes not in y_true
  warnings.warn("y_pred contains classes not in y_true")
C:\Anaconda3\envs\pytorch\lib\site-packages\sklearn\metrics\_classification.py:2399: UserWarning: y_pred contains classes not in y_true
  warnings.warn("y_pred contains classes not in y_true")
C:\Anaconda3\envs\pytorch\lib\site-packages\sklearn\metrics\_classification.py:2399: UserWarning: y_pred contains classes not in y_true
  warnings.warn("y_pred contains classes not in y_true")
C:\Anaconda3\envs\pytorch\lib\site-packages\sklearn\metrics\_classification.py:2399: UserWarning: y_pred contains classes not in y_true
  warnings.warn("y_pred contains classes not in y_true")
C:\Anaconda3\envs\pytorch\lib\site-packages\sklearn\metrics\_classification.py:2399: UserWarning: y_pred contains classes not in y_true
  warnings.warn("y_pred contains classes not in y_true")
C:\Anaconda3\envs\pytorch\lib\site-packages\sklearn\metrics\_classification.py:2399: UserWarning: y_pred contains classes not in y_true
  warnings.warn("y_pred contains classes not in y_true")
C:\Anaconda3\envs\pytorch\lib\site-packages\sklearn\metrics\_classification.py:2399: UserWarning: y_pred contains classes not in y_true
  warnings.warn("y_pred contains classes not in y_true")
C:\Anaconda3\envs\pytorch\lib\site-packages\sklearn\metrics\_classification.py:2399: UserWarning: y_pred contains classes not in y_true
  warnings.warn("y_pred contains classes not in y_true")
C:\Anaconda3\envs\pytorch\lib\site-packages\sklearn\metrics\_classification.py:2399: UserWarning: y_pred contains classes not in y_true
  warnings.warn("y_pred contains classes not in y_true")
C:\Anaconda3\envs\pytorch\lib\site-packages\sklearn\metrics\_classification.py:2399: UserWarning: y_pred contains classes not in y_true
  warnings.warn("y_pred contains classes not in y_true")
C:\Anaconda3\envs\pytorch\lib\site-packages\sklearn\metrics\_classification.py:2399: UserWarning: y_pred contains classes not in y_true
  warnings.warn("y_pred contains classes not in y_true")
C:\Anaconda3\envs\pytorch\lib\site-packages\sklearn\metrics\_classification.py:2399: UserWarning: y_pred contains classes not in y_true
  warnings.warn("y_pred contains classes not in y_true")
C:\Anaconda3\envs\pytorch\lib\site-packages\sklearn\metrics\_classification.py:2399: UserWarning: y_pred contains classes not in y_true
  warnings.warn("y_pred contains classes not in y_true")
C:\Anaconda3\envs\pytorch\lib\site-packages\sklearn\metrics\_classification.py:2399: UserWarning: y_pred contains classes not in y_true
  warnings.warn("y_pred contains classes not in y_true")
C:\Anaconda3\envs\pytorch\lib\site-packages\sklearn\metrics\_classification.py:2399: UserWarning: y_pred contains classes not in y_true
  warnings.warn("y_pred contains classes not in y_true")
C:\Anaconda3\envs\pytorch\lib\site-packages\sklearn\metrics\_classification.py:2399: UserWarning: y_pred contains classes not in y_true
  warnings.warn("y_pred contains classes not in y_true")
C:\Anaconda3\envs\pytorch\lib\site-packages\sklearn\metrics\_classification.py:2399: UserWarning: y_pred contains classes not in y_true
  warnings.warn("y_pred contains classes not in y_true")
C:\Anaconda3\envs\pytorch\lib\site-packages\sklearn\metrics\_classification.py:2399: UserWarning: y_pred contains classes not in y_true
  warnings.warn("y_pred contains classes not in y_true")
C:\Anaconda3\envs\pytorch\lib\site-packages\sklearn\metrics\_classification.py:2399: UserWarning: y_pred contains classes not in y_true
  warnings.warn("y_pred contains classes not in y_true")
C:\Anaconda3\envs\pytorch\lib\site-packages\sklearn\metrics\_classification.py:2399: UserWarning: y_pred contains classes not in y_true
  warnings.warn("y_pred contains classes not in y_true")
C:\Anaconda3\envs\pytorch\lib\site-packages\sklearn\metrics\_classification.py:2399: UserWarning: y_pred contains classes not in y_true
  warnings.warn("y_pred contains classes not in y_true")
C:\Anaconda3\envs\pytorch\lib\site-packages\sklearn\metrics\_classification.py:2399: UserWarning: y_pred contains classes not in y_true
  warnings.warn("y_pred contains classes not in y_true")
C:\Anaconda3\envs\pytorch\lib\site-packages\sklearn\metrics\_classification.py:2399: UserWarning: y_pred contains classes not in y_true
  warnings.warn("y_pred contains classes not in y_true")
C:\Anaconda3\envs\pytorch\lib\site-packages\sklearn\metrics\_classification.py:2399: UserWarning: y_pred contains classes not in y_true
  warnings.warn("y_pred contains classes not in y_true")
C:\Anaconda3\envs\pytorch\lib\site-packages\sklearn\metrics\_classification.py:2399: UserWarning: y_pred contains classes not in y_true
  warnings.warn("y_pred contains classes not in y_true")
C:\Anaconda3\envs\pytorch\lib\site-packages\sklearn\metrics\_classification.py:2399: UserWarning: y_pred contains classes not in y_true
  warnings.warn("y_pred contains classes not in y_true")
C:\Anaconda3\envs\pytorch\lib\site-packages\sklearn\metrics\_classification.py:2399: UserWarning: y_pred contains classes not in y_true
  warnings.warn("y_pred contains classes not in y_true")
C:\Anaconda3\envs\pytorch\lib\site-packages\sklearn\metrics\_classification.py:2399: UserWarning: y_pred contains classes not in y_true
  warnings.warn("y_pred contains classes not in y_true")
C:\Anaconda3\envs\pytorch\lib\site-packages\sklearn\metrics\_classification.py:2399: UserWarning: y_pred contains classes not in y_true
  warnings.warn("y_pred contains classes not in y_true")
C:\Anaconda3\envs\pytorch\lib\site-packages\sklearn\metrics\_classification.py:2399: UserWarning: y_pred contains classes not in y_true
  warnings.warn("y_pred contains classes not in y_true")
C:\Anaconda3\envs\pytorch\lib\site-packages\sklearn\metrics\_classification.py:2399: UserWarning: y_pred contains classes not in y_true
  warnings.warn("y_pred contains classes not in y_true")
C:\Anaconda3\envs\pytorch\lib\site-packages\sklearn\metrics\_classification.py:2399: UserWarning: y_pred contains classes not in y_true
  warnings.warn("y_pred contains classes not in y_true")
C:\Anaconda3\envs\pytorch\lib\site-packages\sklearn\metrics\_classification.py:2399: UserWarning: y_pred contains classes not in y_true
  warnings.warn("y_pred contains classes not in y_true")
C:\Anaconda3\envs\pytorch\lib\site-packages\sklearn\metrics\_classification.py:2399: UserWarning: y_pred contains classes not in y_true
  warnings.warn("y_pred contains classes not in y_true")
C:\Anaconda3\envs\pytorch\lib\site-packages\sklearn\metrics\_classification.py:2399: UserWarning: y_pred contains classes not in y_true
  warnings.warn("y_pred contains classes not in y_true")
C:\Anaconda3\envs\pytorch\lib\site-packages\sklearn\metrics\_classification.py:2399: UserWarning: y_pred contains classes not in y_true
  warnings.warn("y_pred contains classes not in y_true")
C:\Anaconda3\envs\pytorch\lib\site-packages\sklearn\metrics\_classification.py:2399: UserWarning: y_pred contains classes not in y_true
  warnings.warn("y_pred contains classes not in y_true")
C:\Anaconda3\envs\pytorch\lib\site-packages\sklearn\metrics\_classification.py:2399: UserWarning: y_pred contains classes not in y_true
  warnings.warn("y_pred contains classes not in y_true")
C:\Anaconda3\envs\pytorch\lib\site-packages\sklearn\metrics\_classification.py:2399: UserWarning: y_pred contains classes not in y_true
  warnings.warn("y_pred contains classes not in y_true")
C:\Anaconda3\envs\pytorch\lib\site-packages\sklearn\metrics\_classification.py:2399: UserWarning: y_pred contains classes not in y_true
  warnings.warn("y_pred contains classes not in y_true")
C:\Anaconda3\envs\pytorch\lib\site-packages\sklearn\metrics\_classification.py:2399: UserWarning: y_pred contains classes not in y_true
  warnings.warn("y_pred contains classes not in y_true")
C:\Anaconda3\envs\pytorch\lib\site-packages\sklearn\metrics\_classification.py:2399: UserWarning: y_pred contains classes not in y_true
  warnings.warn("y_pred contains classes not in y_true")
C:\Anaconda3\envs\pytorch\lib\site-packages\sklearn\metrics\_classification.py:2399: UserWarning: y_pred contains classes not in y_true
  warnings.warn("y_pred contains classes not in y_true")
C:\Anaconda3\envs\pytorch\lib\site-packages\sklearn\metrics\_classification.py:2399: UserWarning: y_pred contains classes not in y_true
  warnings.warn("y_pred contains classes not in y_true")
C:\Anaconda3\envs\pytorch\lib\site-packages\sklearn\metrics\_classification.py:2399: UserWarning: y_pred contains classes not in y_true
  warnings.warn("y_pred contains classes not in y_true")
C:\Anaconda3\envs\pytorch\lib\site-packages\sklearn\metrics\_classification.py:2399: UserWarning: y_pred contains classes not in y_true
  warnings.warn("y_pred contains classes not in y_true")
C:\Anaconda3\envs\pytorch\lib\site-packages\sklearn\metrics\_classification.py:2399: UserWarning: y_pred contains classes not in y_true
  warnings.warn("y_pred contains classes not in y_true")
C:\Anaconda3\envs\pytorch\lib\site-packages\sklearn\metrics\_classification.py:2399: UserWarning: y_pred contains classes not in y_true
  warnings.warn("y_pred contains classes not in y_true")
C:\Anaconda3\envs\pytorch\lib\site-packages\sklearn\metrics\_classification.py:2399: UserWarning: y_pred contains classes not in y_true
  warnings.warn("y_pred contains classes not in y_true")
C:\Anaconda3\envs\pytorch\lib\site-packages\sklearn\metrics\_classification.py:2399: UserWarning: y_pred contains classes not in y_true
  warnings.warn("y_pred contains classes not in y_true")
C:\Anaconda3\envs\pytorch\lib\site-packages\sklearn\metrics\_classification.py:2399: UserWarning: y_pred contains classes not in y_true
  warnings.warn("y_pred contains classes not in y_true")
C:\Anaconda3\envs\pytorch\lib\site-packages\sklearn\metrics\_classification.py:2399: UserWarning: y_pred contains classes not in y_true
  warnings.warn("y_pred contains classes not in y_true")
C:\Anaconda3\envs\pytorch\lib\site-packages\sklearn\metrics\_classification.py:2399: UserWarning: y_pred contains classes not in y_true
  warnings.warn("y_pred contains classes not in y_true")
C:\Anaconda3\envs\pytorch\lib\site-packages\sklearn\metrics\_classification.py:2399: UserWarning: y_pred contains classes not in y_true
  warnings.warn("y_pred contains classes not in y_true")
C:\Anaconda3\envs\pytorch\lib\site-packages\sklearn\metrics\_classification.py:2399: UserWarning: y_pred contains classes not in y_true
  warnings.warn("y_pred contains classes not in y_true")
C:\Anaconda3\envs\pytorch\lib\site-packages\sklearn\metrics\_classification.py:2399: UserWarning: y_pred contains classes not in y_true
  warnings.warn("y_pred contains classes not in y_true")
C:\Anaconda3\envs\pytorch\lib\site-packages\sklearn\metrics\_classification.py:2399: UserWarning: y_pred contains classes not in y_true
  warnings.warn("y_pred contains classes not in y_true")
C:\Anaconda3\envs\pytorch\lib\site-packages\sklearn\metrics\_classification.py:2399: UserWarning: y_pred contains classes not in y_true
  warnings.warn("y_pred contains classes not in y_true")
C:\Anaconda3\envs\pytorch\lib\site-packages\sklearn\metrics\_classification.py:2399: UserWarning: y_pred contains classes not in y_true
  warnings.warn("y_pred contains classes not in y_true")
C:\Anaconda3\envs\pytorch\lib\site-packages\sklearn\metrics\_classification.py:2399: UserWarning: y_pred contains classes not in y_true
  warnings.warn("y_pred contains classes not in y_true")
C:\Anaconda3\envs\pytorch\lib\site-packages\sklearn\metrics\_classification.py:2399: UserWarning: y_pred contains classes not in y_true
  warnings.warn("y_pred contains classes not in y_true")
C:\Anaconda3\envs\pytorch\lib\site-packages\sklearn\metrics\_classification.py:2399: UserWarning: y_pred contains classes not in y_true
  warnings.warn("y_pred contains classes not in y_true")
C:\Anaconda3\envs\pytorch\lib\site-packages\sklearn\metrics\_classification.py:2399: UserWarning: y_pred contains classes not in y_true
  warnings.warn("y_pred contains classes not in y_true")
C:\Anaconda3\envs\pytorch\lib\site-packages\sklearn\metrics\_classification.py:2399: UserWarning: y_pred contains classes not in y_true
  warnings.warn("y_pred contains classes not in y_true")
C:\Anaconda3\envs\pytorch\lib\site-packages\sklearn\metrics\_classification.py:2399: UserWarning: y_pred contains classes not in y_true
  warnings.warn("y_pred contains classes not in y_true")
C:\Anaconda3\envs\pytorch\lib\site-packages\sklearn\metrics\_classification.py:2399: UserWarning: y_pred contains classes not in y_true
  warnings.warn("y_pred contains classes not in y_true")
C:\Anaconda3\envs\pytorch\lib\site-packages\sklearn\metrics\_classification.py:2399: UserWarning: y_pred contains classes not in y_true
  warnings.warn("y_pred contains classes not in y_true")
C:\Anaconda3\envs\pytorch\lib\site-packages\sklearn\metrics\_classification.py:2399: UserWarning: y_pred contains classes not in y_true
  warnings.warn("y_pred contains classes not in y_true")
C:\Anaconda3\envs\pytorch\lib\site-packages\sklearn\metrics\_classification.py:2399: UserWarning: y_pred contains classes not in y_true
  warnings.warn("y_pred contains classes not in y_true")
C:\Anaconda3\envs\pytorch\lib\site-packages\sklearn\metrics\_classification.py:2399: UserWarning: y_pred contains classes not in y_true
  warnings.warn("y_pred contains classes not in y_true")
C:\Anaconda3\envs\pytorch\lib\site-packages\sklearn\metrics\_classification.py:2399: UserWarning: y_pred contains classes not in y_true
  warnings.warn("y_pred contains classes not in y_true")
C:\Anaconda3\envs\pytorch\lib\site-packages\sklearn\metrics\_classification.py:2399: UserWarning: y_pred contains classes not in y_true
  warnings.warn("y_pred contains classes not in y_true")
C:\Anaconda3\envs\pytorch\lib\site-packages\sklearn\metrics\_classification.py:2399: UserWarning: y_pred contains classes not in y_true
  warnings.warn("y_pred contains classes not in y_true")
C:\Anaconda3\envs\pytorch\lib\site-packages\sklearn\metrics\_classification.py:2399: UserWarning: y_pred contains classes not in y_true
  warnings.warn("y_pred contains classes not in y_true")
C:\Anaconda3\envs\pytorch\lib\site-packages\sklearn\metrics\_classification.py:2399: UserWarning: y_pred contains classes not in y_true
  warnings.warn("y_pred contains classes not in y_true")
C:\Anaconda3\envs\pytorch\lib\site-packages\sklearn\metrics\_classification.py:2399: UserWarning: y_pred contains classes not in y_true
  warnings.warn("y_pred contains classes not in y_true")
C:\Anaconda3\envs\pytorch\lib\site-packages\sklearn\metrics\_classification.py:2399: UserWarning: y_pred contains classes not in y_true
  warnings.warn("y_pred contains classes not in y_true")
C:\Anaconda3\envs\pytorch\lib\site-packages\sklearn\metrics\_classification.py:2399: UserWarning: y_pred contains classes not in y_true
  warnings.warn("y_pred contains classes not in y_true")
C:\Anaconda3\envs\pytorch\lib\site-packages\sklearn\metrics\_classification.py:2399: UserWarning: y_pred contains classes not in y_true
  warnings.warn("y_pred contains classes not in y_true")
C:\Anaconda3\envs\pytorch\lib\site-packages\sklearn\metrics\_classification.py:2399: UserWarning: y_pred contains classes not in y_true
  warnings.warn("y_pred contains classes not in y_true")
C:\Anaconda3\envs\pytorch\lib\site-packages\sklearn\metrics\_classification.py:2399: UserWarning: y_pred contains classes not in y_true
  warnings.warn("y_pred contains classes not in y_true")
C:\Anaconda3\envs\pytorch\lib\site-packages\sklearn\metrics\_classification.py:2399: UserWarning: y_pred contains classes not in y_true
  warnings.warn("y_pred contains classes not in y_true")
C:\Anaconda3\envs\pytorch\lib\site-packages\sklearn\metrics\_classification.py:2399: UserWarning: y_pred contains classes not in y_true
  warnings.warn("y_pred contains classes not in y_true")
C:\Anaconda3\envs\pytorch\lib\site-packages\sklearn\metrics\_classification.py:2399: UserWarning: y_pred contains classes not in y_true
  warnings.warn("y_pred contains classes not in y_true")
C:\Anaconda3\envs\pytorch\lib\site-packages\sklearn\metrics\_classification.py:2399: UserWarning: y_pred contains classes not in y_true
  warnings.warn("y_pred contains classes not in y_true")
C:\Anaconda3\envs\pytorch\lib\site-packages\sklearn\metrics\_classification.py:2399: UserWarning: y_pred contains classes not in y_true
  warnings.warn("y_pred contains classes not in y_true")
C:\Anaconda3\envs\pytorch\lib\site-packages\sklearn\metrics\_classification.py:2399: UserWarning: y_pred contains classes not in y_true
  warnings.warn("y_pred contains classes not in y_true")
C:\Anaconda3\envs\pytorch\lib\site-packages\sklearn\metrics\_classification.py:2399: UserWarning: y_pred contains classes not in y_true
  warnings.warn("y_pred contains classes not in y_true")
C:\Anaconda3\envs\pytorch\lib\site-packages\sklearn\metrics\_classification.py:2399: UserWarning: y_pred contains classes not in y_true
  warnings.warn("y_pred contains classes not in y_true")
C:\Anaconda3\envs\pytorch\lib\site-packages\sklearn\metrics\_classification.py:2399: UserWarning: y_pred contains classes not in y_true
  warnings.warn("y_pred contains classes not in y_true")
C:\Anaconda3\envs\pytorch\lib\site-packages\sklearn\metrics\_classification.py:2399: UserWarning: y_pred contains classes not in y_true
  warnings.warn("y_pred contains classes not in y_true")
C:\Anaconda3\envs\pytorch\lib\site-packages\sklearn\metrics\_classification.py:2399: UserWarning: y_pred contains classes not in y_true
  warnings.warn("y_pred contains classes not in y_true")
C:\Anaconda3\envs\pytorch\lib\site-packages\sklearn\metrics\_classification.py:2399: UserWarning: y_pred contains classes not in y_true
  warnings.warn("y_pred contains classes not in y_true")
C:\Anaconda3\envs\pytorch\lib\site-packages\sklearn\metrics\_classification.py:2399: UserWarning: y_pred contains classes not in y_true
  warnings.warn("y_pred contains classes not in y_true")
C:\Anaconda3\envs\pytorch\lib\site-packages\sklearn\metrics\_classification.py:2399: UserWarning: y_pred contains classes not in y_true
  warnings.warn("y_pred contains classes not in y_true")
C:\Anaconda3\envs\pytorch\lib\site-packages\sklearn\metrics\_classification.py:2399: UserWarning: y_pred contains classes not in y_true
  warnings.warn("y_pred contains classes not in y_true")
C:\Anaconda3\envs\pytorch\lib\site-packages\sklearn\metrics\_classification.py:2399: UserWarning: y_pred contains classes not in y_true
  warnings.warn("y_pred contains classes not in y_true")
C:\Anaconda3\envs\pytorch\lib\site-packages\sklearn\metrics\_classification.py:2399: UserWarning: y_pred contains classes not in y_true
  warnings.warn("y_pred contains classes not in y_true")
C:\Anaconda3\envs\pytorch\lib\site-packages\sklearn\metrics\_classification.py:2399: UserWarning: y_pred contains classes not in y_true
  warnings.warn("y_pred contains classes not in y_true")
C:\Anaconda3\envs\pytorch\lib\site-packages\sklearn\metrics\_classification.py:2399: UserWarning: y_pred contains classes not in y_true
  warnings.warn("y_pred contains classes not in y_true")
C:\Anaconda3\envs\pytorch\lib\site-packages\sklearn\metrics\_classification.py:2399: UserWarning: y_pred contains classes not in y_true
  warnings.warn("y_pred contains classes not in y_true")
C:\Anaconda3\envs\pytorch\lib\site-packages\sklearn\metrics\_classification.py:2399: UserWarning: y_pred contains classes not in y_true
  warnings.warn("y_pred contains classes not in y_true")
C:\Anaconda3\envs\pytorch\lib\site-packages\sklearn\metrics\_classification.py:2399: UserWarning: y_pred contains classes not in y_true
  warnings.warn("y_pred contains classes not in y_true")
C:\Anaconda3\envs\pytorch\lib\site-packages\sklearn\metrics\_classification.py:2399: UserWarning: y_pred contains classes not in y_true
  warnings.warn("y_pred contains classes not in y_true")
C:\Anaconda3\envs\pytorch\lib\site-packages\sklearn\metrics\_classification.py:2399: UserWarning: y_pred contains classes not in y_true
  warnings.warn("y_pred contains classes not in y_true")
C:\Anaconda3\envs\pytorch\lib\site-packages\sklearn\metrics\_classification.py:2399: UserWarning: y_pred contains classes not in y_true
  warnings.warn("y_pred contains classes not in y_true")
C:\Anaconda3\envs\pytorch\lib\site-packages\sklearn\metrics\_classification.py:2399: UserWarning: y_pred contains classes not in y_true
  warnings.warn("y_pred contains classes not in y_true")
C:\Anaconda3\envs\pytorch\lib\site-packages\sklearn\metrics\_classification.py:2399: UserWarning: y_pred contains classes not in y_true
  warnings.warn("y_pred contains classes not in y_true")
C:\Anaconda3\envs\pytorch\lib\site-packages\sklearn\metrics\_classification.py:2399: UserWarning: y_pred contains classes not in y_true
  warnings.warn("y_pred contains classes not in y_true")
C:\Anaconda3\envs\pytorch\lib\site-packages\sklearn\metrics\_classification.py:2399: UserWarning: y_pred contains classes not in y_true
  warnings.warn("y_pred contains classes not in y_true")
C:\Anaconda3\envs\pytorch\lib\site-packages\sklearn\metrics\_classification.py:2399: UserWarning: y_pred contains classes not in y_true
  warnings.warn("y_pred contains classes not in y_true")
C:\Anaconda3\envs\pytorch\lib\site-packages\sklearn\metrics\_classification.py:2399: UserWarning: y_pred contains classes not in y_true
  warnings.warn("y_pred contains classes not in y_true")
C:\Anaconda3\envs\pytorch\lib\site-packages\sklearn\metrics\_classification.py:2399: UserWarning: y_pred contains classes not in y_true
  warnings.warn("y_pred contains classes not in y_true")
C:\Anaconda3\envs\pytorch\lib\site-packages\sklearn\metrics\_classification.py:2399: UserWarning: y_pred contains classes not in y_true
  warnings.warn("y_pred contains classes not in y_true")
C:\Anaconda3\envs\pytorch\lib\site-packages\sklearn\metrics\_classification.py:2399: UserWarning: y_pred contains classes not in y_true
  warnings.warn("y_pred contains classes not in y_true")
C:\Anaconda3\envs\pytorch\lib\site-packages\sklearn\metrics\_classification.py:2399: UserWarning: y_pred contains classes not in y_true
  warnings.warn("y_pred contains classes not in y_true")
C:\Anaconda3\envs\pytorch\lib\site-packages\sklearn\metrics\_classification.py:2399: UserWarning: y_pred contains classes not in y_true
  warnings.warn("y_pred contains classes not in y_true")
C:\Anaconda3\envs\pytorch\lib\site-packages\sklearn\metrics\_classification.py:2399: UserWarning: y_pred contains classes not in y_true
  warnings.warn("y_pred contains classes not in y_true")
C:\Anaconda3\envs\pytorch\lib\site-packages\sklearn\metrics\_classification.py:2399: UserWarning: y_pred contains classes not in y_true
  warnings.warn("y_pred contains classes not in y_true")
C:\Anaconda3\envs\pytorch\lib\site-packages\sklearn\metrics\_classification.py:2399: UserWarning: y_pred contains classes not in y_true
  warnings.warn("y_pred contains classes not in y_true")
C:\Anaconda3\envs\pytorch\lib\site-packages\sklearn\metrics\_classification.py:2399: UserWarning: y_pred contains classes not in y_true
  warnings.warn("y_pred contains classes not in y_true")
C:\Anaconda3\envs\pytorch\lib\site-packages\sklearn\metrics\_classification.py:2399: UserWarning: y_pred contains classes not in y_true
  warnings.warn("y_pred contains classes not in y_true")
C:\Anaconda3\envs\pytorch\lib\site-packages\sklearn\metrics\_classification.py:2399: UserWarning: y_pred contains classes not in y_true
  warnings.warn("y_pred contains classes not in y_true")
C:\Anaconda3\envs\pytorch\lib\site-packages\sklearn\metrics\_classification.py:2399: UserWarning: y_pred contains classes not in y_true
  warnings.warn("y_pred contains classes not in y_true")
C:\Anaconda3\envs\pytorch\lib\site-packages\sklearn\metrics\_classification.py:2399: UserWarning: y_pred contains classes not in y_true
  warnings.warn("y_pred contains classes not in y_true")
C:\Anaconda3\envs\pytorch\lib\site-packages\sklearn\metrics\_classification.py:2399: UserWarning: y_pred contains classes not in y_true
  warnings.warn("y_pred contains classes not in y_true")
C:\Anaconda3\envs\pytorch\lib\site-packages\sklearn\metrics\_classification.py:2399: UserWarning: y_pred contains classes not in y_true
  warnings.warn("y_pred contains classes not in y_true")
C:\Anaconda3\envs\pytorch\lib\site-packages\sklearn\metrics\_classification.py:2399: UserWarning: y_pred contains classes not in y_true
  warnings.warn("y_pred contains classes not in y_true")
C:\Anaconda3\envs\pytorch\lib\site-packages\sklearn\metrics\_classification.py:2399: UserWarning: y_pred contains classes not in y_true
  warnings.warn("y_pred contains classes not in y_true")
C:\Anaconda3\envs\pytorch\lib\site-packages\sklearn\metrics\_classification.py:2399: UserWarning: y_pred contains classes not in y_true
  warnings.warn("y_pred contains classes not in y_true")
C:\Anaconda3\envs\pytorch\lib\site-packages\sklearn\metrics\_classification.py:2399: UserWarning: y_pred contains classes not in y_true
  warnings.warn("y_pred contains classes not in y_true")
C:\Anaconda3\envs\pytorch\lib\site-packages\sklearn\metrics\_classification.py:2399: UserWarning: y_pred contains classes not in y_true
  warnings.warn("y_pred contains classes not in y_true")
C:\Anaconda3\envs\pytorch\lib\site-packages\sklearn\metrics\_classification.py:2399: UserWarning: y_pred contains classes not in y_true
  warnings.warn("y_pred contains classes not in y_true")
C:\Anaconda3\envs\pytorch\lib\site-packages\sklearn\metrics\_classification.py:2399: UserWarning: y_pred contains classes not in y_true
  warnings.warn("y_pred contains classes not in y_true")
C:\Anaconda3\envs\pytorch\lib\site-packages\sklearn\metrics\_classification.py:2399: UserWarning: y_pred contains classes not in y_true
  warnings.warn("y_pred contains classes not in y_true")
C:\Anaconda3\envs\pytorch\lib\site-packages\sklearn\metrics\_classification.py:2399: UserWarning: y_pred contains classes not in y_true
  warnings.warn("y_pred contains classes not in y_true")
C:\Anaconda3\envs\pytorch\lib\site-packages\sklearn\metrics\_classification.py:2399: UserWarning: y_pred contains classes not in y_true
  warnings.warn("y_pred contains classes not in y_true")
C:\Anaconda3\envs\pytorch\lib\site-packages\sklearn\metrics\_classification.py:2399: UserWarning: y_pred contains classes not in y_true
  warnings.warn("y_pred contains classes not in y_true")
C:\Anaconda3\envs\pytorch\lib\site-packages\sklearn\metrics\_classification.py:2399: UserWarning: y_pred contains classes not in y_true
  warnings.warn("y_pred contains classes not in y_true")
C:\Anaconda3\envs\pytorch\lib\site-packages\sklearn\metrics\_classification.py:2399: UserWarning: y_pred contains classes not in y_true
  warnings.warn("y_pred contains classes not in y_true")
C:\Anaconda3\envs\pytorch\lib\site-packages\sklearn\metrics\_classification.py:2399: UserWarning: y_pred contains classes not in y_true
  warnings.warn("y_pred contains classes not in y_true")
C:\Anaconda3\envs\pytorch\lib\site-packages\sklearn\metrics\_classification.py:2399: UserWarning: y_pred contains classes not in y_true
  warnings.warn("y_pred contains classes not in y_true")
C:\Anaconda3\envs\pytorch\lib\site-packages\sklearn\metrics\_classification.py:2399: UserWarning: y_pred contains classes not in y_true
  warnings.warn("y_pred contains classes not in y_true")
C:\Anaconda3\envs\pytorch\lib\site-packages\sklearn\metrics\_classification.py:2399: UserWarning: y_pred contains classes not in y_true
  warnings.warn("y_pred contains classes not in y_true")
C:\Anaconda3\envs\pytorch\lib\site-packages\sklearn\metrics\_classification.py:2399: UserWarning: y_pred contains classes not in y_true
  warnings.warn("y_pred contains classes not in y_true")
C:\Anaconda3\envs\pytorch\lib\site-packages\sklearn\metrics\_classification.py:2399: UserWarning: y_pred contains classes not in y_true
  warnings.warn("y_pred contains classes not in y_true")
C:\Anaconda3\envs\pytorch\lib\site-packages\sklearn\metrics\_classification.py:2399: UserWarning: y_pred contains classes not in y_true
  warnings.warn("y_pred contains classes not in y_true")
C:\Anaconda3\envs\pytorch\lib\site-packages\sklearn\metrics\_classification.py:2399: UserWarning: y_pred contains classes not in y_true
  warnings.warn("y_pred contains classes not in y_true")
C:\Anaconda3\envs\pytorch\lib\site-packages\sklearn\metrics\_classification.py:2399: UserWarning: y_pred contains classes not in y_true
  warnings.warn("y_pred contains classes not in y_true")
C:\Anaconda3\envs\pytorch\lib\site-packages\sklearn\metrics\_classification.py:2399: UserWarning: y_pred contains classes not in y_true
  warnings.warn("y_pred contains classes not in y_true")
C:\Anaconda3\envs\pytorch\lib\site-packages\sklearn\metrics\_classification.py:2399: UserWarning: y_pred contains classes not in y_true
  warnings.warn("y_pred contains classes not in y_true")
C:\Anaconda3\envs\pytorch\lib\site-packages\sklearn\metrics\_classification.py:2399: UserWarning: y_pred contains classes not in y_true
  warnings.warn("y_pred contains classes not in y_true")
C:\Anaconda3\envs\pytorch\lib\site-packages\sklearn\metrics\_classification.py:2399: UserWarning: y_pred contains classes not in y_true
  warnings.warn("y_pred contains classes not in y_true")
C:\Anaconda3\envs\pytorch\lib\site-packages\sklearn\metrics\_classification.py:2399: UserWarning: y_pred contains classes not in y_true
  warnings.warn("y_pred contains classes not in y_true")
C:\Anaconda3\envs\pytorch\lib\site-packages\sklearn\metrics\_classification.py:2399: UserWarning: y_pred contains classes not in y_true
  warnings.warn("y_pred contains classes not in y_true")
C:\Anaconda3\envs\pytorch\lib\site-packages\sklearn\metrics\_classification.py:2399: UserWarning: y_pred contains classes not in y_true
  warnings.warn("y_pred contains classes not in y_true")
C:\Anaconda3\envs\pytorch\lib\site-packages\sklearn\metrics\_classification.py:2399: UserWarning: y_pred contains classes not in y_true
  warnings.warn("y_pred contains classes not in y_true")
C:\Anaconda3\envs\pytorch\lib\site-packages\sklearn\metrics\_classification.py:2399: UserWarning: y_pred contains classes not in y_true
  warnings.warn("y_pred contains classes not in y_true")
C:\Anaconda3\envs\pytorch\lib\site-packages\sklearn\metrics\_classification.py:2399: UserWarning: y_pred contains classes not in y_true
  warnings.warn("y_pred contains classes not in y_true")
C:\Anaconda3\envs\pytorch\lib\site-packages\sklearn\metrics\_classification.py:2399: UserWarning: y_pred contains classes not in y_true
  warnings.warn("y_pred contains classes not in y_true")
C:\Anaconda3\envs\pytorch\lib\site-packages\sklearn\metrics\_classification.py:2399: UserWarning: y_pred contains classes not in y_true
  warnings.warn("y_pred contains classes not in y_true")
C:\Anaconda3\envs\pytorch\lib\site-packages\sklearn\metrics\_classification.py:2399: UserWarning: y_pred contains classes not in y_true
  warnings.warn("y_pred contains classes not in y_true")
C:\Anaconda3\envs\pytorch\lib\site-packages\sklearn\metrics\_classification.py:2399: UserWarning: y_pred contains classes not in y_true
  warnings.warn("y_pred contains classes not in y_true")
C:\Anaconda3\envs\pytorch\lib\site-packages\sklearn\metrics\_classification.py:2399: UserWarning: y_pred contains classes not in y_true
  warnings.warn("y_pred contains classes not in y_true")
C:\Anaconda3\envs\pytorch\lib\site-packages\sklearn\metrics\_classification.py:2399: UserWarning: y_pred contains classes not in y_true
  warnings.warn("y_pred contains classes not in y_true")
C:\Anaconda3\envs\pytorch\lib\site-packages\sklearn\metrics\_classification.py:2399: UserWarning: y_pred contains classes not in y_true
  warnings.warn("y_pred contains classes not in y_true")
C:\Anaconda3\envs\pytorch\lib\site-packages\sklearn\metrics\_classification.py:2399: UserWarning: y_pred contains classes not in y_true
  warnings.warn("y_pred contains classes not in y_true")
C:\Anaconda3\envs\pytorch\lib\site-packages\sklearn\metrics\_classification.py:2399: UserWarning: y_pred contains classes not in y_true
  warnings.warn("y_pred contains classes not in y_true")
C:\Anaconda3\envs\pytorch\lib\site-packages\sklearn\metrics\_classification.py:2399: UserWarning: y_pred contains classes not in y_true
  warnings.warn("y_pred contains classes not in y_true")
C:\Anaconda3\envs\pytorch\lib\site-packages\sklearn\metrics\_classification.py:2399: UserWarning: y_pred contains classes not in y_true
  warnings.warn("y_pred contains classes not in y_true")
C:\Anaconda3\envs\pytorch\lib\site-packages\sklearn\metrics\_classification.py:2399: UserWarning: y_pred contains classes not in y_true
  warnings.warn("y_pred contains classes not in y_true")
C:\Anaconda3\envs\pytorch\lib\site-packages\sklearn\metrics\_classification.py:2399: UserWarning: y_pred contains classes not in y_true
  warnings.warn("y_pred contains classes not in y_true")
C:\Anaconda3\envs\pytorch\lib\site-packages\sklearn\metrics\_classification.py:2399: UserWarning: y_pred contains classes not in y_true
  warnings.warn("y_pred contains classes not in y_true")
C:\Anaconda3\envs\pytorch\lib\site-packages\sklearn\metrics\_classification.py:2399: UserWarning: y_pred contains classes not in y_true
  warnings.warn("y_pred contains classes not in y_true")
C:\Anaconda3\envs\pytorch\lib\site-packages\sklearn\metrics\_classification.py:2399: UserWarning: y_pred contains classes not in y_true
  warnings.warn("y_pred contains classes not in y_true")
C:\Anaconda3\envs\pytorch\lib\site-packages\sklearn\metrics\_classification.py:2399: UserWarning: y_pred contains classes not in y_true
  warnings.warn("y_pred contains classes not in y_true")
C:\Anaconda3\envs\pytorch\lib\site-packages\sklearn\metrics\_classification.py:2399: UserWarning: y_pred contains classes not in y_true
  warnings.warn("y_pred contains classes not in y_true")
C:\Anaconda3\envs\pytorch\lib\site-packages\sklearn\metrics\_classification.py:2399: UserWarning: y_pred contains classes not in y_true
  warnings.warn("y_pred contains classes not in y_true")
C:\Anaconda3\envs\pytorch\lib\site-packages\sklearn\metrics\_classification.py:2399: UserWarning: y_pred contains classes not in y_true
  warnings.warn("y_pred contains classes not in y_true")
C:\Anaconda3\envs\pytorch\lib\site-packages\sklearn\metrics\_classification.py:2399: UserWarning: y_pred contains classes not in y_true
  warnings.warn("y_pred contains classes not in y_true")
C:\Anaconda3\envs\pytorch\lib\site-packages\sklearn\metrics\_classification.py:2399: UserWarning: y_pred contains classes not in y_true
  warnings.warn("y_pred contains classes not in y_true")
C:\Anaconda3\envs\pytorch\lib\site-packages\sklearn\metrics\_classification.py:2399: UserWarning: y_pred contains classes not in y_true
  warnings.warn("y_pred contains classes not in y_true")
C:\Anaconda3\envs\pytorch\lib\site-packages\sklearn\metrics\_classification.py:2399: UserWarning: y_pred contains classes not in y_true
  warnings.warn("y_pred contains classes not in y_true")
C:\Anaconda3\envs\pytorch\lib\site-packages\sklearn\metrics\_classification.py:2399: UserWarning: y_pred contains classes not in y_true
  warnings.warn("y_pred contains classes not in y_true")
C:\Anaconda3\envs\pytorch\lib\site-packages\sklearn\metrics\_classification.py:2399: UserWarning: y_pred contains classes not in y_true
  warnings.warn("y_pred contains classes not in y_true")
C:\Anaconda3\envs\pytorch\lib\site-packages\sklearn\metrics\_classification.py:2399: UserWarning: y_pred contains classes not in y_true
  warnings.warn("y_pred contains classes not in y_true")
C:\Anaconda3\envs\pytorch\lib\site-packages\sklearn\metrics\_classification.py:2399: UserWarning: y_pred contains classes not in y_true
  warnings.warn("y_pred contains classes not in y_true")
C:\Anaconda3\envs\pytorch\lib\site-packages\sklearn\metrics\_classification.py:2399: UserWarning: y_pred contains classes not in y_true
  warnings.warn("y_pred contains classes not in y_true")
C:\Anaconda3\envs\pytorch\lib\site-packages\sklearn\metrics\_classification.py:2399: UserWarning: y_pred contains classes not in y_true
  warnings.warn("y_pred contains classes not in y_true")
C:\Anaconda3\envs\pytorch\lib\site-packages\sklearn\metrics\_classification.py:2399: UserWarning: y_pred contains classes not in y_true
  warnings.warn("y_pred contains classes not in y_true")
C:\Anaconda3\envs\pytorch\lib\site-packages\sklearn\metrics\_classification.py:2399: UserWarning: y_pred contains classes not in y_true
  warnings.warn("y_pred contains classes not in y_true")
C:\Anaconda3\envs\pytorch\lib\site-packages\sklearn\metrics\_classification.py:2399: UserWarning: y_pred contains classes not in y_true
  warnings.warn("y_pred contains classes not in y_true")
C:\Anaconda3\envs\pytorch\lib\site-packages\sklearn\metrics\_classification.py:2399: UserWarning: y_pred contains classes not in y_true
  warnings.warn("y_pred contains classes not in y_true")
C:\Anaconda3\envs\pytorch\lib\site-packages\sklearn\metrics\_classification.py:2399: UserWarning: y_pred contains classes not in y_true
  warnings.warn("y_pred contains classes not in y_true")
C:\Anaconda3\envs\pytorch\lib\site-packages\sklearn\metrics\_classification.py:2399: UserWarning: y_pred contains classes not in y_true
  warnings.warn("y_pred contains classes not in y_true")
C:\Anaconda3\envs\pytorch\lib\site-packages\sklearn\metrics\_classification.py:2399: UserWarning: y_pred contains classes not in y_true
  warnings.warn("y_pred contains classes not in y_true")
C:\Anaconda3\envs\pytorch\lib\site-packages\sklearn\metrics\_classification.py:2399: UserWarning: y_pred contains classes not in y_true
  warnings.warn("y_pred contains classes not in y_true")
C:\Anaconda3\envs\pytorch\lib\site-packages\sklearn\metrics\_classification.py:2399: UserWarning: y_pred contains classes not in y_true
  warnings.warn("y_pred contains classes not in y_true")
C:\Anaconda3\envs\pytorch\lib\site-packages\sklearn\metrics\_classification.py:2399: UserWarning: y_pred contains classes not in y_true
  warnings.warn("y_pred contains classes not in y_true")
C:\Anaconda3\envs\pytorch\lib\site-packages\sklearn\metrics\_classification.py:2399: UserWarning: y_pred contains classes not in y_true
  warnings.warn("y_pred contains classes not in y_true")
C:\Anaconda3\envs\pytorch\lib\site-packages\sklearn\metrics\_classification.py:2399: UserWarning: y_pred contains classes not in y_true
  warnings.warn("y_pred contains classes not in y_true")
C:\Anaconda3\envs\pytorch\lib\site-packages\sklearn\metrics\_classification.py:2399: UserWarning: y_pred contains classes not in y_true
  warnings.warn("y_pred contains classes not in y_true")
C:\Anaconda3\envs\pytorch\lib\site-packages\sklearn\metrics\_classification.py:2399: UserWarning: y_pred contains classes not in y_true
  warnings.warn("y_pred contains classes not in y_true")
C:\Anaconda3\envs\pytorch\lib\site-packages\sklearn\metrics\_classification.py:2399: UserWarning: y_pred contains classes not in y_true
  warnings.warn("y_pred contains classes not in y_true")
C:\Anaconda3\envs\pytorch\lib\site-packages\sklearn\metrics\_classification.py:2399: UserWarning: y_pred contains classes not in y_true
  warnings.warn("y_pred contains classes not in y_true")
C:\Anaconda3\envs\pytorch\lib\site-packages\sklearn\metrics\_classification.py:2399: UserWarning: y_pred contains classes not in y_true
  warnings.warn("y_pred contains classes not in y_true")
C:\Anaconda3\envs\pytorch\lib\site-packages\sklearn\metrics\_classification.py:2399: UserWarning: y_pred contains classes not in y_true
  warnings.warn("y_pred contains classes not in y_true")
C:\Anaconda3\envs\pytorch\lib\site-packages\sklearn\metrics\_classification.py:2399: UserWarning: y_pred contains classes not in y_true
  warnings.warn("y_pred contains classes not in y_true")
C:\Anaconda3\envs\pytorch\lib\site-packages\sklearn\metrics\_classification.py:2399: UserWarning: y_pred contains classes not in y_true
  warnings.warn("y_pred contains classes not in y_true")
C:\Anaconda3\envs\pytorch\lib\site-packages\sklearn\metrics\_classification.py:2399: UserWarning: y_pred contains classes not in y_true
  warnings.warn("y_pred contains classes not in y_true")
C:\Anaconda3\envs\pytorch\lib\site-packages\sklearn\metrics\_classification.py:2399: UserWarning: y_pred contains classes not in y_true
  warnings.warn("y_pred contains classes not in y_true")
C:\Anaconda3\envs\pytorch\lib\site-packages\sklearn\metrics\_classification.py:2399: UserWarning: y_pred contains classes not in y_true
  warnings.warn("y_pred contains classes not in y_true")
C:\Anaconda3\envs\pytorch\lib\site-packages\sklearn\metrics\_classification.py:2399: UserWarning: y_pred contains classes not in y_true
  warnings.warn("y_pred contains classes not in y_true")
C:\Anaconda3\envs\pytorch\lib\site-packages\sklearn\metrics\_classification.py:2399: UserWarning: y_pred contains classes not in y_true
  warnings.warn("y_pred contains classes not in y_true")
C:\Anaconda3\envs\pytorch\lib\site-packages\sklearn\metrics\_classification.py:2399: UserWarning: y_pred contains classes not in y_true
  warnings.warn("y_pred contains classes not in y_true")
C:\Anaconda3\envs\pytorch\lib\site-packages\sklearn\metrics\_classification.py:2399: UserWarning: y_pred contains classes not in y_true
  warnings.warn("y_pred contains classes not in y_true")
C:\Anaconda3\envs\pytorch\lib\site-packages\sklearn\metrics\_classification.py:2399: UserWarning: y_pred contains classes not in y_true
  warnings.warn("y_pred contains classes not in y_true")
C:\Anaconda3\envs\pytorch\lib\site-packages\sklearn\metrics\_classification.py:2399: UserWarning: y_pred contains classes not in y_true
  warnings.warn("y_pred contains classes not in y_true")
C:\Anaconda3\envs\pytorch\lib\site-packages\sklearn\metrics\_classification.py:2399: UserWarning: y_pred contains classes not in y_true
  warnings.warn("y_pred contains classes not in y_true")
C:\Anaconda3\envs\pytorch\lib\site-packages\sklearn\metrics\_classification.py:2399: UserWarning: y_pred contains classes not in y_true
  warnings.warn("y_pred contains classes not in y_true")
C:\Anaconda3\envs\pytorch\lib\site-packages\sklearn\metrics\_classification.py:2399: UserWarning: y_pred contains classes not in y_true
  warnings.warn("y_pred contains classes not in y_true")
C:\Anaconda3\envs\pytorch\lib\site-packages\sklearn\metrics\_classification.py:2399: UserWarning: y_pred contains classes not in y_true
  warnings.warn("y_pred contains classes not in y_true")
C:\Anaconda3\envs\pytorch\lib\site-packages\sklearn\metrics\_classification.py:2399: UserWarning: y_pred contains classes not in y_true
  warnings.warn("y_pred contains classes not in y_true")
C:\Anaconda3\envs\pytorch\lib\site-packages\sklearn\metrics\_classification.py:2399: UserWarning: y_pred contains classes not in y_true
  warnings.warn("y_pred contains classes not in y_true")
C:\Anaconda3\envs\pytorch\lib\site-packages\sklearn\metrics\_classification.py:2399: UserWarning: y_pred contains classes not in y_true
  warnings.warn("y_pred contains classes not in y_true")
C:\Anaconda3\envs\pytorch\lib\site-packages\sklearn\metrics\_classification.py:2399: UserWarning: y_pred contains classes not in y_true
  warnings.warn("y_pred contains classes not in y_true")
C:\Anaconda3\envs\pytorch\lib\site-packages\sklearn\metrics\_classification.py:2399: UserWarning: y_pred contains classes not in y_true
  warnings.warn("y_pred contains classes not in y_true")
C:\Anaconda3\envs\pytorch\lib\site-packages\sklearn\metrics\_classification.py:2399: UserWarning: y_pred contains classes not in y_true
  warnings.warn("y_pred contains classes not in y_true")
C:\Anaconda3\envs\pytorch\lib\site-packages\sklearn\metrics\_classification.py:2399: UserWarning: y_pred contains classes not in y_true
  warnings.warn("y_pred contains classes not in y_true")
C:\Anaconda3\envs\pytorch\lib\site-packages\sklearn\metrics\_classification.py:2399: UserWarning: y_pred contains classes not in y_true
  warnings.warn("y_pred contains classes not in y_true")
C:\Anaconda3\envs\pytorch\lib\site-packages\sklearn\metrics\_classification.py:2399: UserWarning: y_pred contains classes not in y_true
  warnings.warn("y_pred contains classes not in y_true")
C:\Anaconda3\envs\pytorch\lib\site-packages\sklearn\metrics\_classification.py:2399: UserWarning: y_pred contains classes not in y_true
  warnings.warn("y_pred contains classes not in y_true")
C:\Anaconda3\envs\pytorch\lib\site-packages\sklearn\metrics\_classification.py:2399: UserWarning: y_pred contains classes not in y_true
  warnings.warn("y_pred contains classes not in y_true")
C:\Anaconda3\envs\pytorch\lib\site-packages\sklearn\metrics\_classification.py:2399: UserWarning: y_pred contains classes not in y_true
  warnings.warn("y_pred contains classes not in y_true")
C:\Anaconda3\envs\pytorch\lib\site-packages\sklearn\metrics\_classification.py:2399: UserWarning: y_pred contains classes not in y_true
  warnings.warn("y_pred contains classes not in y_true")
C:\Anaconda3\envs\pytorch\lib\site-packages\sklearn\metrics\_classification.py:2399: UserWarning: y_pred contains classes not in y_true
  warnings.warn("y_pred contains classes not in y_true")
C:\Anaconda3\envs\pytorch\lib\site-packages\sklearn\metrics\_classification.py:2399: UserWarning: y_pred contains classes not in y_true
  warnings.warn("y_pred contains classes not in y_true")
C:\Anaconda3\envs\pytorch\lib\site-packages\sklearn\metrics\_classification.py:2399: UserWarning: y_pred contains classes not in y_true
  warnings.warn("y_pred contains classes not in y_true")
C:\Anaconda3\envs\pytorch\lib\site-packages\sklearn\metrics\_classification.py:2399: UserWarning: y_pred contains classes not in y_true
  warnings.warn("y_pred contains classes not in y_true")
C:\Anaconda3\envs\pytorch\lib\site-packages\sklearn\metrics\_classification.py:2399: UserWarning: y_pred contains classes not in y_true
  warnings.warn("y_pred contains classes not in y_true")
C:\Anaconda3\envs\pytorch\lib\site-packages\sklearn\metrics\_classification.py:2399: UserWarning: y_pred contains classes not in y_true
  warnings.warn("y_pred contains classes not in y_true")
C:\Anaconda3\envs\pytorch\lib\site-packages\sklearn\metrics\_classification.py:2399: UserWarning: y_pred contains classes not in y_true
  warnings.warn("y_pred contains classes not in y_true")
C:\Anaconda3\envs\pytorch\lib\site-packages\sklearn\metrics\_classification.py:2399: UserWarning: y_pred contains classes not in y_true
  warnings.warn("y_pred contains classes not in y_true")
C:\Anaconda3\envs\pytorch\lib\site-packages\sklearn\metrics\_classification.py:2399: UserWarning: y_pred contains classes not in y_true
  warnings.warn("y_pred contains classes not in y_true")
C:\Anaconda3\envs\pytorch\lib\site-packages\sklearn\metrics\_classification.py:2399: UserWarning: y_pred contains classes not in y_true
  warnings.warn("y_pred contains classes not in y_true")
C:\Anaconda3\envs\pytorch\lib\site-packages\sklearn\metrics\_classification.py:2399: UserWarning: y_pred contains classes not in y_true
  warnings.warn("y_pred contains classes not in y_true")
C:\Anaconda3\envs\pytorch\lib\site-packages\sklearn\metrics\_classification.py:2399: UserWarning: y_pred contains classes not in y_true
  warnings.warn("y_pred contains classes not in y_true")
C:\Anaconda3\envs\pytorch\lib\site-packages\sklearn\metrics\_classification.py:2399: UserWarning: y_pred contains classes not in y_true
  warnings.warn("y_pred contains classes not in y_true")
C:\Anaconda3\envs\pytorch\lib\site-packages\sklearn\metrics\_classification.py:2399: UserWarning: y_pred contains classes not in y_true
  warnings.warn("y_pred contains classes not in y_true")
C:\Anaconda3\envs\pytorch\lib\site-packages\sklearn\metrics\_classification.py:2399: UserWarning: y_pred contains classes not in y_true
  warnings.warn("y_pred contains classes not in y_true")
C:\Anaconda3\envs\pytorch\lib\site-packages\sklearn\metrics\_classification.py:2399: UserWarning: y_pred contains classes not in y_true
  warnings.warn("y_pred contains classes not in y_true")
C:\Anaconda3\envs\pytorch\lib\site-packages\sklearn\metrics\_classification.py:2399: UserWarning: y_pred contains classes not in y_true
  warnings.warn("y_pred contains classes not in y_true")
C:\Anaconda3\envs\pytorch\lib\site-packages\sklearn\metrics\_classification.py:2399: UserWarning: y_pred contains classes not in y_true
  warnings.warn("y_pred contains classes not in y_true")
C:\Anaconda3\envs\pytorch\lib\site-packages\sklearn\metrics\_classification.py:2399: UserWarning: y_pred contains classes not in y_true
  warnings.warn("y_pred contains classes not in y_true")
C:\Anaconda3\envs\pytorch\lib\site-packages\sklearn\metrics\_classification.py:2399: UserWarning: y_pred contains classes not in y_true
  warnings.warn("y_pred contains classes not in y_true")
C:\Anaconda3\envs\pytorch\lib\site-packages\sklearn\metrics\_classification.py:2399: UserWarning: y_pred contains classes not in y_true
  warnings.warn("y_pred contains classes not in y_true")
C:\Anaconda3\envs\pytorch\lib\site-packages\sklearn\metrics\_classification.py:2399: UserWarning: y_pred contains classes not in y_true
  warnings.warn("y_pred contains classes not in y_true")
C:\Anaconda3\envs\pytorch\lib\site-packages\sklearn\metrics\_classification.py:2399: UserWarning: y_pred contains classes not in y_true
  warnings.warn("y_pred contains classes not in y_true")
C:\Anaconda3\envs\pytorch\lib\site-packages\sklearn\metrics\_classification.py:2399: UserWarning: y_pred contains classes not in y_true
  warnings.warn("y_pred contains classes not in y_true")
C:\Anaconda3\envs\pytorch\lib\site-packages\sklearn\metrics\_classification.py:2399: UserWarning: y_pred contains classes not in y_true
  warnings.warn("y_pred contains classes not in y_true")
C:\Anaconda3\envs\pytorch\lib\site-packages\sklearn\metrics\_classification.py:2399: UserWarning: y_pred contains classes not in y_true
  warnings.warn("y_pred contains classes not in y_true")
C:\Anaconda3\envs\pytorch\lib\site-packages\sklearn\metrics\_classification.py:2399: UserWarning: y_pred contains classes not in y_true
  warnings.warn("y_pred contains classes not in y_true")
C:\Anaconda3\envs\pytorch\lib\site-packages\sklearn\metrics\_classification.py:2399: UserWarning: y_pred contains classes not in y_true
  warnings.warn("y_pred contains classes not in y_true")
C:\Anaconda3\envs\pytorch\lib\site-packages\sklearn\metrics\_classification.py:2399: UserWarning: y_pred contains classes not in y_true
  warnings.warn("y_pred contains classes not in y_true")
C:\Anaconda3\envs\pytorch\lib\site-packages\sklearn\metrics\_classification.py:2399: UserWarning: y_pred contains classes not in y_true
  warnings.warn("y_pred contains classes not in y_true")
C:\Anaconda3\envs\pytorch\lib\site-packages\sklearn\metrics\_classification.py:2399: UserWarning: y_pred contains classes not in y_true
  warnings.warn("y_pred contains classes not in y_true")
C:\Anaconda3\envs\pytorch\lib\site-packages\sklearn\metrics\_classification.py:2399: UserWarning: y_pred contains classes not in y_true
  warnings.warn("y_pred contains classes not in y_true")
C:\Anaconda3\envs\pytorch\lib\site-packages\sklearn\metrics\_classification.py:2399: UserWarning: y_pred contains classes not in y_true
  warnings.warn("y_pred contains classes not in y_true")
C:\Anaconda3\envs\pytorch\lib\site-packages\sklearn\metrics\_classification.py:2399: UserWarning: y_pred contains classes not in y_true
  warnings.warn("y_pred contains classes not in y_true")
C:\Anaconda3\envs\pytorch\lib\site-packages\sklearn\metrics\_classification.py:2399: UserWarning: y_pred contains classes not in y_true
  warnings.warn("y_pred contains classes not in y_true")
C:\Anaconda3\envs\pytorch\lib\site-packages\sklearn\metrics\_classification.py:2399: UserWarning: y_pred contains classes not in y_true
  warnings.warn("y_pred contains classes not in y_true")
C:\Anaconda3\envs\pytorch\lib\site-packages\sklearn\metrics\_classification.py:2399: UserWarning: y_pred contains classes not in y_true
  warnings.warn("y_pred contains classes not in y_true")
C:\Anaconda3\envs\pytorch\lib\site-packages\sklearn\metrics\_classification.py:2399: UserWarning: y_pred contains classes not in y_true
  warnings.warn("y_pred contains classes not in y_true")
C:\Anaconda3\envs\pytorch\lib\site-packages\sklearn\metrics\_classification.py:2399: UserWarning: y_pred contains classes not in y_true
  warnings.warn("y_pred contains classes not in y_true")
C:\Anaconda3\envs\pytorch\lib\site-packages\sklearn\metrics\_classification.py:2399: UserWarning: y_pred contains classes not in y_true
  warnings.warn("y_pred contains classes not in y_true")
C:\Anaconda3\envs\pytorch\lib\site-packages\sklearn\metrics\_classification.py:2399: UserWarning: y_pred contains classes not in y_true
  warnings.warn("y_pred contains classes not in y_true")
C:\Anaconda3\envs\pytorch\lib\site-packages\sklearn\metrics\_classification.py:2399: UserWarning: y_pred contains classes not in y_true
  warnings.warn("y_pred contains classes not in y_true")
C:\Anaconda3\envs\pytorch\lib\site-packages\sklearn\metrics\_classification.py:2399: UserWarning: y_pred contains classes not in y_true
  warnings.warn("y_pred contains classes not in y_true")
C:\Anaconda3\envs\pytorch\lib\site-packages\sklearn\metrics\_classification.py:2399: UserWarning: y_pred contains classes not in y_true
  warnings.warn("y_pred contains classes not in y_true")
C:\Anaconda3\envs\pytorch\lib\site-packages\sklearn\metrics\_classification.py:2399: UserWarning: y_pred contains classes not in y_true
  warnings.warn("y_pred contains classes not in y_true")
C:\Anaconda3\envs\pytorch\lib\site-packages\sklearn\metrics\_classification.py:2399: UserWarning: y_pred contains classes not in y_true
  warnings.warn("y_pred contains classes not in y_true")
C:\Anaconda3\envs\pytorch\lib\site-packages\sklearn\metrics\_classification.py:2399: UserWarning: y_pred contains classes not in y_true
  warnings.warn("y_pred contains classes not in y_true")
C:\Anaconda3\envs\pytorch\lib\site-packages\sklearn\metrics\_classification.py:2399: UserWarning: y_pred contains classes not in y_true
  warnings.warn("y_pred contains classes not in y_true")
C:\Anaconda3\envs\pytorch\lib\site-packages\sklearn\metrics\_classification.py:2399: UserWarning: y_pred contains classes not in y_true
  warnings.warn("y_pred contains classes not in y_true")
C:\Anaconda3\envs\pytorch\lib\site-packages\sklearn\metrics\_classification.py:2399: UserWarning: y_pred contains classes not in y_true
  warnings.warn("y_pred contains classes not in y_true")
C:\Anaconda3\envs\pytorch\lib\site-packages\sklearn\metrics\_classification.py:2399: UserWarning: y_pred contains classes not in y_true
  warnings.warn("y_pred contains classes not in y_true")
C:\Anaconda3\envs\pytorch\lib\site-packages\sklearn\metrics\_classification.py:2399: UserWarning: y_pred contains classes not in y_true
  warnings.warn("y_pred contains classes not in y_true")
C:\Anaconda3\envs\pytorch\lib\site-packages\sklearn\metrics\_classification.py:2399: UserWarning: y_pred contains classes not in y_true
  warnings.warn("y_pred contains classes not in y_true")
C:\Anaconda3\envs\pytorch\lib\site-packages\sklearn\metrics\_classification.py:2399: UserWarning: y_pred contains classes not in y_true
  warnings.warn("y_pred contains classes not in y_true")
C:\Anaconda3\envs\pytorch\lib\site-packages\sklearn\metrics\_classification.py:2399: UserWarning: y_pred contains classes not in y_true
  warnings.warn("y_pred contains classes not in y_true")
C:\Anaconda3\envs\pytorch\lib\site-packages\sklearn\metrics\_classification.py:2399: UserWarning: y_pred contains classes not in y_true
  warnings.warn("y_pred contains classes not in y_true")
C:\Anaconda3\envs\pytorch\lib\site-packages\sklearn\metrics\_classification.py:2399: UserWarning: y_pred contains classes not in y_true
  warnings.warn("y_pred contains classes not in y_true")
C:\Anaconda3\envs\pytorch\lib\site-packages\sklearn\metrics\_classification.py:2399: UserWarning: y_pred contains classes not in y_true
  warnings.warn("y_pred contains classes not in y_true")
C:\Anaconda3\envs\pytorch\lib\site-packages\sklearn\metrics\_classification.py:2399: UserWarning: y_pred contains classes not in y_true
  warnings.warn("y_pred contains classes not in y_true")
C:\Anaconda3\envs\pytorch\lib\site-packages\sklearn\metrics\_classification.py:2399: UserWarning: y_pred contains classes not in y_true
  warnings.warn("y_pred contains classes not in y_true")
C:\Anaconda3\envs\pytorch\lib\site-packages\sklearn\metrics\_classification.py:2399: UserWarning: y_pred contains classes not in y_true
  warnings.warn("y_pred contains classes not in y_true")
C:\Anaconda3\envs\pytorch\lib\site-packages\sklearn\metrics\_classification.py:2399: UserWarning: y_pred contains classes not in y_true
  warnings.warn("y_pred contains classes not in y_true")
C:\Anaconda3\envs\pytorch\lib\site-packages\sklearn\metrics\_classification.py:2399: UserWarning: y_pred contains classes not in y_true
  warnings.warn("y_pred contains classes not in y_true")
C:\Anaconda3\envs\pytorch\lib\site-packages\sklearn\metrics\_classification.py:2399: UserWarning: y_pred contains classes not in y_true
  warnings.warn("y_pred contains classes not in y_true")
C:\Anaconda3\envs\pytorch\lib\site-packages\sklearn\metrics\_classification.py:2399: UserWarning: y_pred contains classes not in y_true
  warnings.warn("y_pred contains classes not in y_true")
C:\Anaconda3\envs\pytorch\lib\site-packages\sklearn\metrics\_classification.py:2399: UserWarning: y_pred contains classes not in y_true
  warnings.warn("y_pred contains classes not in y_true")
C:\Anaconda3\envs\pytorch\lib\site-packages\sklearn\metrics\_classification.py:2399: UserWarning: y_pred contains classes not in y_true
  warnings.warn("y_pred contains classes not in y_true")
C:\Anaconda3\envs\pytorch\lib\site-packages\sklearn\metrics\_classification.py:2399: UserWarning: y_pred contains classes not in y_true
  warnings.warn("y_pred contains classes not in y_true")
C:\Anaconda3\envs\pytorch\lib\site-packages\sklearn\metrics\_classification.py:2399: UserWarning: y_pred contains classes not in y_true
  warnings.warn("y_pred contains classes not in y_true")
C:\Anaconda3\envs\pytorch\lib\site-packages\sklearn\metrics\_classification.py:2399: UserWarning: y_pred contains classes not in y_true
  warnings.warn("y_pred contains classes not in y_true")
C:\Anaconda3\envs\pytorch\lib\site-packages\sklearn\metrics\_classification.py:2399: UserWarning: y_pred contains classes not in y_true
  warnings.warn("y_pred contains classes not in y_true")
C:\Anaconda3\envs\pytorch\lib\site-packages\sklearn\metrics\_classification.py:2399: UserWarning: y_pred contains classes not in y_true
  warnings.warn("y_pred contains classes not in y_true")
C:\Anaconda3\envs\pytorch\lib\site-packages\sklearn\metrics\_classification.py:2399: UserWarning: y_pred contains classes not in y_true
  warnings.warn("y_pred contains classes not in y_true")
C:\Anaconda3\envs\pytorch\lib\site-packages\sklearn\metrics\_classification.py:2399: UserWarning: y_pred contains classes not in y_true
  warnings.warn("y_pred contains classes not in y_true")
C:\Anaconda3\envs\pytorch\lib\site-packages\sklearn\metrics\_classification.py:2399: UserWarning: y_pred contains classes not in y_true
  warnings.warn("y_pred contains classes not in y_true")
C:\Anaconda3\envs\pytorch\lib\site-packages\sklearn\metrics\_classification.py:2399: UserWarning: y_pred contains classes not in y_true
  warnings.warn("y_pred contains classes not in y_true")
C:\Anaconda3\envs\pytorch\lib\site-packages\sklearn\metrics\_classification.py:2399: UserWarning: y_pred contains classes not in y_true
  warnings.warn("y_pred contains classes not in y_true")
C:\Anaconda3\envs\pytorch\lib\site-packages\sklearn\metrics\_classification.py:2399: UserWarning: y_pred contains classes not in y_true
  warnings.warn("y_pred contains classes not in y_true")
C:\Anaconda3\envs\pytorch\lib\site-packages\sklearn\metrics\_classification.py:2399: UserWarning: y_pred contains classes not in y_true
  warnings.warn("y_pred contains classes not in y_true")
C:\Anaconda3\envs\pytorch\lib\site-packages\sklearn\metrics\_classification.py:2399: UserWarning: y_pred contains classes not in y_true
  warnings.warn("y_pred contains classes not in y_true")
C:\Anaconda3\envs\pytorch\lib\site-packages\sklearn\metrics\_classification.py:2399: UserWarning: y_pred contains classes not in y_true
  warnings.warn("y_pred contains classes not in y_true")
C:\Anaconda3\envs\pytorch\lib\site-packages\sklearn\metrics\_classification.py:2399: UserWarning: y_pred contains classes not in y_true
  warnings.warn("y_pred contains classes not in y_true")
C:\Anaconda3\envs\pytorch\lib\site-packages\sklearn\metrics\_classification.py:2399: UserWarning: y_pred contains classes not in y_true
  warnings.warn("y_pred contains classes not in y_true")
C:\Anaconda3\envs\pytorch\lib\site-packages\sklearn\metrics\_classification.py:2399: UserWarning: y_pred contains classes not in y_true
  warnings.warn("y_pred contains classes not in y_true")
C:\Anaconda3\envs\pytorch\lib\site-packages\sklearn\metrics\_classification.py:2399: UserWarning: y_pred contains classes not in y_true
  warnings.warn("y_pred contains classes not in y_true")
C:\Anaconda3\envs\pytorch\lib\site-packages\sklearn\metrics\_classification.py:2399: UserWarning: y_pred contains classes not in y_true
  warnings.warn("y_pred contains classes not in y_true")
C:\Anaconda3\envs\pytorch\lib\site-packages\sklearn\metrics\_classification.py:2399: UserWarning: y_pred contains classes not in y_true
  warnings.warn("y_pred contains classes not in y_true")
C:\Anaconda3\envs\pytorch\lib\site-packages\sklearn\metrics\_classification.py:2399: UserWarning: y_pred contains classes not in y_true
  warnings.warn("y_pred contains classes not in y_true")
C:\Anaconda3\envs\pytorch\lib\site-packages\sklearn\metrics\_classification.py:2399: UserWarning: y_pred contains classes not in y_true
  warnings.warn("y_pred contains classes not in y_true")
C:\Anaconda3\envs\pytorch\lib\site-packages\sklearn\metrics\_classification.py:2399: UserWarning: y_pred contains classes not in y_true
  warnings.warn("y_pred contains classes not in y_true")
C:\Anaconda3\envs\pytorch\lib\site-packages\sklearn\metrics\_classification.py:2399: UserWarning: y_pred contains classes not in y_true
  warnings.warn("y_pred contains classes not in y_true")
C:\Anaconda3\envs\pytorch\lib\site-packages\sklearn\metrics\_classification.py:2399: UserWarning: y_pred contains classes not in y_true
  warnings.warn("y_pred contains classes not in y_true")
C:\Anaconda3\envs\pytorch\lib\site-packages\sklearn\metrics\_classification.py:2399: UserWarning: y_pred contains classes not in y_true
  warnings.warn("y_pred contains classes not in y_true")
C:\Anaconda3\envs\pytorch\lib\site-packages\sklearn\metrics\_classification.py:2399: UserWarning: y_pred contains classes not in y_true
  warnings.warn("y_pred contains classes not in y_true")
C:\Anaconda3\envs\pytorch\lib\site-packages\sklearn\metrics\_classification.py:2399: UserWarning: y_pred contains classes not in y_true
  warnings.warn("y_pred contains classes not in y_true")
C:\Anaconda3\envs\pytorch\lib\site-packages\sklearn\metrics\_classification.py:2399: UserWarning: y_pred contains classes not in y_true
  warnings.warn("y_pred contains classes not in y_true")
C:\Anaconda3\envs\pytorch\lib\site-packages\sklearn\metrics\_classification.py:2399: UserWarning: y_pred contains classes not in y_true
  warnings.warn("y_pred contains classes not in y_true")
C:\Anaconda3\envs\pytorch\lib\site-packages\sklearn\metrics\_classification.py:2399: UserWarning: y_pred contains classes not in y_true
  warnings.warn("y_pred contains classes not in y_true")
C:\Anaconda3\envs\pytorch\lib\site-packages\sklearn\metrics\_classification.py:2399: UserWarning: y_pred contains classes not in y_true
  warnings.warn("y_pred contains classes not in y_true")
C:\Anaconda3\envs\pytorch\lib\site-packages\sklearn\metrics\_classification.py:2399: UserWarning: y_pred contains classes not in y_true
  warnings.warn("y_pred contains classes not in y_true")
C:\Anaconda3\envs\pytorch\lib\site-packages\sklearn\metrics\_classification.py:2399: UserWarning: y_pred contains classes not in y_true
  warnings.warn("y_pred contains classes not in y_true")
C:\Anaconda3\envs\pytorch\lib\site-packages\sklearn\metrics\_classification.py:2399: UserWarning: y_pred contains classes not in y_true
  warnings.warn("y_pred contains classes not in y_true")
C:\Anaconda3\envs\pytorch\lib\site-packages\sklearn\metrics\_classification.py:2399: UserWarning: y_pred contains classes not in y_true
  warnings.warn("y_pred contains classes not in y_true")
C:\Anaconda3\envs\pytorch\lib\site-packages\sklearn\metrics\_classification.py:2399: UserWarning: y_pred contains classes not in y_true
  warnings.warn("y_pred contains classes not in y_true")
C:\Anaconda3\envs\pytorch\lib\site-packages\sklearn\metrics\_classification.py:2399: UserWarning: y_pred contains classes not in y_true
  warnings.warn("y_pred contains classes not in y_true")
C:\Anaconda3\envs\pytorch\lib\site-packages\sklearn\metrics\_classification.py:2399: UserWarning: y_pred contains classes not in y_true
  warnings.warn("y_pred contains classes not in y_true")
C:\Anaconda3\envs\pytorch\lib\site-packages\sklearn\metrics\_classification.py:2399: UserWarning: y_pred contains classes not in y_true
  warnings.warn("y_pred contains classes not in y_true")
C:\Anaconda3\envs\pytorch\lib\site-packages\sklearn\metrics\_classification.py:2399: UserWarning: y_pred contains classes not in y_true
  warnings.warn("y_pred contains classes not in y_true")
C:\Anaconda3\envs\pytorch\lib\site-packages\sklearn\metrics\_classification.py:2399: UserWarning: y_pred contains classes not in y_true
  warnings.warn("y_pred contains classes not in y_true")
C:\Anaconda3\envs\pytorch\lib\site-packages\sklearn\metrics\_classification.py:2399: UserWarning: y_pred contains classes not in y_true
  warnings.warn("y_pred contains classes not in y_true")
C:\Anaconda3\envs\pytorch\lib\site-packages\sklearn\metrics\_classification.py:2399: UserWarning: y_pred contains classes not in y_true
  warnings.warn("y_pred contains classes not in y_true")
C:\Anaconda3\envs\pytorch\lib\site-packages\sklearn\metrics\_classification.py:2399: UserWarning: y_pred contains classes not in y_true
  warnings.warn("y_pred contains classes not in y_true")
C:\Anaconda3\envs\pytorch\lib\site-packages\sklearn\metrics\_classification.py:2399: UserWarning: y_pred contains classes not in y_true
  warnings.warn("y_pred contains classes not in y_true")
C:\Anaconda3\envs\pytorch\lib\site-packages\sklearn\metrics\_classification.py:2399: UserWarning: y_pred contains classes not in y_true
  warnings.warn("y_pred contains classes not in y_true")
C:\Anaconda3\envs\pytorch\lib\site-packages\sklearn\metrics\_classification.py:2399: UserWarning: y_pred contains classes not in y_true
  warnings.warn("y_pred contains classes not in y_true")
C:\Anaconda3\envs\pytorch\lib\site-packages\sklearn\metrics\_classification.py:2399: UserWarning: y_pred contains classes not in y_true
  warnings.warn("y_pred contains classes not in y_true")
C:\Anaconda3\envs\pytorch\lib\site-packages\sklearn\metrics\_classification.py:2399: UserWarning: y_pred contains classes not in y_true
  warnings.warn("y_pred contains classes not in y_true")
C:\Anaconda3\envs\pytorch\lib\site-packages\sklearn\metrics\_classification.py:2399: UserWarning: y_pred contains classes not in y_true
  warnings.warn("y_pred contains classes not in y_true")
C:\Anaconda3\envs\pytorch\lib\site-packages\sklearn\metrics\_classification.py:2399: UserWarning: y_pred contains classes not in y_true
  warnings.warn("y_pred contains classes not in y_true")
C:\Anaconda3\envs\pytorch\lib\site-packages\sklearn\metrics\_classification.py:2399: UserWarning: y_pred contains classes not in y_true
  warnings.warn("y_pred contains classes not in y_true")
C:\Anaconda3\envs\pytorch\lib\site-packages\sklearn\metrics\_classification.py:2399: UserWarning: y_pred contains classes not in y_true
  warnings.warn("y_pred contains classes not in y_true")
C:\Anaconda3\envs\pytorch\lib\site-packages\sklearn\metrics\_classification.py:2399: UserWarning: y_pred contains classes not in y_true
  warnings.warn("y_pred contains classes not in y_true")
C:\Anaconda3\envs\pytorch\lib\site-packages\sklearn\metrics\_classification.py:2399: UserWarning: y_pred contains classes not in y_true
  warnings.warn("y_pred contains classes not in y_true")
C:\Anaconda3\envs\pytorch\lib\site-packages\sklearn\metrics\_classification.py:2399: UserWarning: y_pred contains classes not in y_true
  warnings.warn("y_pred contains classes not in y_true")
C:\Anaconda3\envs\pytorch\lib\site-packages\sklearn\metrics\_classification.py:2399: UserWarning: y_pred contains classes not in y_true
  warnings.warn("y_pred contains classes not in y_true")
C:\Anaconda3\envs\pytorch\lib\site-packages\sklearn\metrics\_classification.py:2399: UserWarning: y_pred contains classes not in y_true
  warnings.warn("y_pred contains classes not in y_true")
C:\Anaconda3\envs\pytorch\lib\site-packages\sklearn\metrics\_classification.py:2399: UserWarning: y_pred contains classes not in y_true
  warnings.warn("y_pred contains classes not in y_true")
C:\Anaconda3\envs\pytorch\lib\site-packages\sklearn\metrics\_classification.py:2399: UserWarning: y_pred contains classes not in y_true
  warnings.warn("y_pred contains classes not in y_true")
C:\Anaconda3\envs\pytorch\lib\site-packages\sklearn\metrics\_classification.py:2399: UserWarning: y_pred contains classes not in y_true
  warnings.warn("y_pred contains classes not in y_true")
C:\Anaconda3\envs\pytorch\lib\site-packages\sklearn\metrics\_classification.py:2399: UserWarning: y_pred contains classes not in y_true
  warnings.warn("y_pred contains classes not in y_true")
C:\Anaconda3\envs\pytorch\lib\site-packages\sklearn\metrics\_classification.py:2399: UserWarning: y_pred contains classes not in y_true
  warnings.warn("y_pred contains classes not in y_true")
C:\Anaconda3\envs\pytorch\lib\site-packages\sklearn\metrics\_classification.py:2399: UserWarning: y_pred contains classes not in y_true
  warnings.warn("y_pred contains classes not in y_true")
C:\Anaconda3\envs\pytorch\lib\site-packages\sklearn\metrics\_classification.py:2399: UserWarning: y_pred contains classes not in y_true
  warnings.warn("y_pred contains classes not in y_true")
C:\Anaconda3\envs\pytorch\lib\site-packages\sklearn\metrics\_classification.py:2399: UserWarning: y_pred contains classes not in y_true
  warnings.warn("y_pred contains classes not in y_true")
C:\Anaconda3\envs\pytorch\lib\site-packages\sklearn\metrics\_classification.py:2399: UserWarning: y_pred contains classes not in y_true
  warnings.warn("y_pred contains classes not in y_true")
C:\Anaconda3\envs\pytorch\lib\site-packages\sklearn\metrics\_classification.py:2399: UserWarning: y_pred contains classes not in y_true
  warnings.warn("y_pred contains classes not in y_true")
C:\Anaconda3\envs\pytorch\lib\site-packages\sklearn\metrics\_classification.py:2399: UserWarning: y_pred contains classes not in y_true
  warnings.warn("y_pred contains classes not in y_true")
C:\Anaconda3\envs\pytorch\lib\site-packages\sklearn\metrics\_classification.py:2399: UserWarning: y_pred contains classes not in y_true
  warnings.warn("y_pred contains classes not in y_true")
C:\Anaconda3\envs\pytorch\lib\site-packages\sklearn\metrics\_classification.py:2399: UserWarning: y_pred contains classes not in y_true
  warnings.warn("y_pred contains classes not in y_true")
C:\Anaconda3\envs\pytorch\lib\site-packages\sklearn\metrics\_classification.py:2399: UserWarning: y_pred contains classes not in y_true
  warnings.warn("y_pred contains classes not in y_true")
C:\Anaconda3\envs\pytorch\lib\site-packages\sklearn\metrics\_classification.py:2399: UserWarning: y_pred contains classes not in y_true
  warnings.warn("y_pred contains classes not in y_true")
C:\Anaconda3\envs\pytorch\lib\site-packages\sklearn\metrics\_classification.py:2399: UserWarning: y_pred contains classes not in y_true
  warnings.warn("y_pred contains classes not in y_true")
C:\Anaconda3\envs\pytorch\lib\site-packages\sklearn\metrics\_classification.py:2399: UserWarning: y_pred contains classes not in y_true
  warnings.warn("y_pred contains classes not in y_true")
C:\Anaconda3\envs\pytorch\lib\site-packages\sklearn\metrics\_classification.py:2399: UserWarning: y_pred contains classes not in y_true
  warnings.warn("y_pred contains classes not in y_true")
C:\Anaconda3\envs\pytorch\lib\site-packages\sklearn\metrics\_classification.py:2399: UserWarning: y_pred contains classes not in y_true
  warnings.warn("y_pred contains classes not in y_true")
C:\Anaconda3\envs\pytorch\lib\site-packages\sklearn\metrics\_classification.py:2399: UserWarning: y_pred contains classes not in y_true
  warnings.warn("y_pred contains classes not in y_true")
C:\Anaconda3\envs\pytorch\lib\site-packages\sklearn\metrics\_classification.py:2399: UserWarning: y_pred contains classes not in y_true
  warnings.warn("y_pred contains classes not in y_true")
C:\Anaconda3\envs\pytorch\lib\site-packages\sklearn\metrics\_classification.py:2399: UserWarning: y_pred contains classes not in y_true
  warnings.warn("y_pred contains classes not in y_true")
C:\Anaconda3\envs\pytorch\lib\site-packages\sklearn\metrics\_classification.py:2399: UserWarning: y_pred contains classes not in y_true
  warnings.warn("y_pred contains classes not in y_true")
C:\Anaconda3\envs\pytorch\lib\site-packages\sklearn\metrics\_classification.py:2399: UserWarning: y_pred contains classes not in y_true
  warnings.warn("y_pred contains classes not in y_true")
C:\Anaconda3\envs\pytorch\lib\site-packages\sklearn\metrics\_classification.py:2399: UserWarning: y_pred contains classes not in y_true
  warnings.warn("y_pred contains classes not in y_true")
C:\Anaconda3\envs\pytorch\lib\site-packages\sklearn\metrics\_classification.py:2399: UserWarning: y_pred contains classes not in y_true
  warnings.warn("y_pred contains classes not in y_true")
C:\Anaconda3\envs\pytorch\lib\site-packages\sklearn\metrics\_classification.py:2399: UserWarning: y_pred contains classes not in y_true
  warnings.warn("y_pred contains classes not in y_true")
C:\Anaconda3\envs\pytorch\lib\site-packages\sklearn\metrics\_classification.py:2399: UserWarning: y_pred contains classes not in y_true
  warnings.warn("y_pred contains classes not in y_true")
C:\Anaconda3\envs\pytorch\lib\site-packages\sklearn\metrics\_classification.py:2399: UserWarning: y_pred contains classes not in y_true
  warnings.warn("y_pred contains classes not in y_true")
C:\Anaconda3\envs\pytorch\lib\site-packages\sklearn\metrics\_classification.py:2399: UserWarning: y_pred contains classes not in y_true
  warnings.warn("y_pred contains classes not in y_true")
C:\Anaconda3\envs\pytorch\lib\site-packages\sklearn\metrics\_classification.py:2399: UserWarning: y_pred contains classes not in y_true
  warnings.warn("y_pred contains classes not in y_true")
C:\Anaconda3\envs\pytorch\lib\site-packages\sklearn\metrics\_classification.py:2399: UserWarning: y_pred contains classes not in y_true
  warnings.warn("y_pred contains classes not in y_true")
C:\Anaconda3\envs\pytorch\lib\site-packages\sklearn\metrics\_classification.py:2399: UserWarning: y_pred contains classes not in y_true
  warnings.warn("y_pred contains classes not in y_true")
C:\Anaconda3\envs\pytorch\lib\site-packages\sklearn\metrics\_classification.py:2399: UserWarning: y_pred contains classes not in y_true
  warnings.warn("y_pred contains classes not in y_true")
C:\Anaconda3\envs\pytorch\lib\site-packages\sklearn\metrics\_classification.py:2399: UserWarning: y_pred contains classes not in y_true
  warnings.warn("y_pred contains classes not in y_true")
C:\Anaconda3\envs\pytorch\lib\site-packages\sklearn\metrics\_classification.py:2399: UserWarning: y_pred contains classes not in y_true
  warnings.warn("y_pred contains classes not in y_true")
C:\Anaconda3\envs\pytorch\lib\site-packages\sklearn\metrics\_classification.py:2399: UserWarning: y_pred contains classes not in y_true
  warnings.warn("y_pred contains classes not in y_true")
C:\Anaconda3\envs\pytorch\lib\site-packages\sklearn\metrics\_classification.py:2399: UserWarning: y_pred contains classes not in y_true
  warnings.warn("y_pred contains classes not in y_true")
C:\Anaconda3\envs\pytorch\lib\site-packages\sklearn\metrics\_classification.py:2399: UserWarning: y_pred contains classes not in y_true
  warnings.warn("y_pred contains classes not in y_true")
C:\Anaconda3\envs\pytorch\lib\site-packages\sklearn\metrics\_classification.py:2399: UserWarning: y_pred contains classes not in y_true
  warnings.warn("y_pred contains classes not in y_true")
C:\Anaconda3\envs\pytorch\lib\site-packages\sklearn\metrics\_classification.py:2399: UserWarning: y_pred contains classes not in y_true
  warnings.warn("y_pred contains classes not in y_true")
C:\Anaconda3\envs\pytorch\lib\site-packages\sklearn\metrics\_classification.py:2399: UserWarning: y_pred contains classes not in y_true
  warnings.warn("y_pred contains classes not in y_true")
C:\Anaconda3\envs\pytorch\lib\site-packages\sklearn\metrics\_classification.py:2399: UserWarning: y_pred contains classes not in y_true
  warnings.warn("y_pred contains classes not in y_true")
C:\Anaconda3\envs\pytorch\lib\site-packages\sklearn\metrics\_classification.py:2399: UserWarning: y_pred contains classes not in y_true
  warnings.warn("y_pred contains classes not in y_true")
C:\Anaconda3\envs\pytorch\lib\site-packages\sklearn\metrics\_classification.py:2399: UserWarning: y_pred contains classes not in y_true
  warnings.warn("y_pred contains classes not in y_true")
C:\Anaconda3\envs\pytorch\lib\site-packages\sklearn\metrics\_classification.py:2399: UserWarning: y_pred contains classes not in y_true
  warnings.warn("y_pred contains classes not in y_true")
C:\Anaconda3\envs\pytorch\lib\site-packages\sklearn\metrics\_classification.py:2399: UserWarning: y_pred contains classes not in y_true
  warnings.warn("y_pred contains classes not in y_true")
C:\Anaconda3\envs\pytorch\lib\site-packages\sklearn\metrics\_classification.py:2399: UserWarning: y_pred contains classes not in y_true
  warnings.warn("y_pred contains classes not in y_true")
C:\Anaconda3\envs\pytorch\lib\site-packages\sklearn\metrics\_classification.py:2399: UserWarning: y_pred contains classes not in y_true
  warnings.warn("y_pred contains classes not in y_true")
C:\Anaconda3\envs\pytorch\lib\site-packages\sklearn\metrics\_classification.py:2399: UserWarning: y_pred contains classes not in y_true
  warnings.warn("y_pred contains classes not in y_true")
C:\Anaconda3\envs\pytorch\lib\site-packages\sklearn\metrics\_classification.py:2399: UserWarning: y_pred contains classes not in y_true
  warnings.warn("y_pred contains classes not in y_true")
C:\Anaconda3\envs\pytorch\lib\site-packages\sklearn\metrics\_classification.py:2399: UserWarning: y_pred contains classes not in y_true
  warnings.warn("y_pred contains classes not in y_true")
C:\Anaconda3\envs\pytorch\lib\site-packages\sklearn\metrics\_classification.py:2399: UserWarning: y_pred contains classes not in y_true
  warnings.warn("y_pred contains classes not in y_true")
C:\Anaconda3\envs\pytorch\lib\site-packages\sklearn\metrics\_classification.py:2399: UserWarning: y_pred contains classes not in y_true
  warnings.warn("y_pred contains classes not in y_true")
C:\Anaconda3\envs\pytorch\lib\site-packages\sklearn\metrics\_classification.py:2399: UserWarning: y_pred contains classes not in y_true
  warnings.warn("y_pred contains classes not in y_true")
C:\Anaconda3\envs\pytorch\lib\site-packages\sklearn\metrics\_classification.py:2399: UserWarning: y_pred contains classes not in y_true
  warnings.warn("y_pred contains classes not in y_true")
C:\Anaconda3\envs\pytorch\lib\site-packages\sklearn\metrics\_classification.py:2399: UserWarning: y_pred contains classes not in y_true
  warnings.warn("y_pred contains classes not in y_true")
C:\Anaconda3\envs\pytorch\lib\site-packages\sklearn\metrics\_classification.py:2399: UserWarning: y_pred contains classes not in y_true
  warnings.warn("y_pred contains classes not in y_true")
C:\Anaconda3\envs\pytorch\lib\site-packages\sklearn\metrics\_classification.py:2399: UserWarning: y_pred contains classes not in y_true
  warnings.warn("y_pred contains classes not in y_true")
C:\Anaconda3\envs\pytorch\lib\site-packages\sklearn\metrics\_classification.py:2399: UserWarning: y_pred contains classes not in y_true
  warnings.warn("y_pred contains classes not in y_true")
C:\Anaconda3\envs\pytorch\lib\site-packages\sklearn\metrics\_classification.py:2399: UserWarning: y_pred contains classes not in y_true
  warnings.warn("y_pred contains classes not in y_true")
C:\Anaconda3\envs\pytorch\lib\site-packages\sklearn\metrics\_classification.py:2399: UserWarning: y_pred contains classes not in y_true
  warnings.warn("y_pred contains classes not in y_true")
C:\Anaconda3\envs\pytorch\lib\site-packages\sklearn\metrics\_classification.py:2399: UserWarning: y_pred contains classes not in y_true
  warnings.warn("y_pred contains classes not in y_true")
C:\Anaconda3\envs\pytorch\lib\site-packages\sklearn\metrics\_classification.py:2399: UserWarning: y_pred contains classes not in y_true
  warnings.warn("y_pred contains classes not in y_true")
C:\Anaconda3\envs\pytorch\lib\site-packages\sklearn\metrics\_classification.py:2399: UserWarning: y_pred contains classes not in y_true
  warnings.warn("y_pred contains classes not in y_true")
C:\Anaconda3\envs\pytorch\lib\site-packages\sklearn\metrics\_classification.py:2399: UserWarning: y_pred contains classes not in y_true
  warnings.warn("y_pred contains classes not in y_true")
C:\Anaconda3\envs\pytorch\lib\site-packages\sklearn\metrics\_classification.py:2399: UserWarning: y_pred contains classes not in y_true
  warnings.warn("y_pred contains classes not in y_true")
C:\Anaconda3\envs\pytorch\lib\site-packages\sklearn\metrics\_classification.py:2399: UserWarning: y_pred contains classes not in y_true
  warnings.warn("y_pred contains classes not in y_true")
C:\Anaconda3\envs\pytorch\lib\site-packages\sklearn\metrics\_classification.py:2399: UserWarning: y_pred contains classes not in y_true
  warnings.warn("y_pred contains classes not in y_true")
C:\Anaconda3\envs\pytorch\lib\site-packages\sklearn\metrics\_classification.py:2399: UserWarning: y_pred contains classes not in y_true
  warnings.warn("y_pred contains classes not in y_true")
C:\Anaconda3\envs\pytorch\lib\site-packages\sklearn\metrics\_classification.py:2399: UserWarning: y_pred contains classes not in y_true
  warnings.warn("y_pred contains classes not in y_true")
C:\Anaconda3\envs\pytorch\lib\site-packages\sklearn\metrics\_classification.py:2399: UserWarning: y_pred contains classes not in y_true
  warnings.warn("y_pred contains classes not in y_true")
C:\Anaconda3\envs\pytorch\lib\site-packages\sklearn\metrics\_classification.py:2399: UserWarning: y_pred contains classes not in y_true
  warnings.warn("y_pred contains classes not in y_true")
C:\Anaconda3\envs\pytorch\lib\site-packages\sklearn\metrics\_classification.py:2399: UserWarning: y_pred contains classes not in y_true
  warnings.warn("y_pred contains classes not in y_true")
C:\Anaconda3\envs\pytorch\lib\site-packages\sklearn\metrics\_classification.py:2399: UserWarning: y_pred contains classes not in y_true
  warnings.warn("y_pred contains classes not in y_true")
C:\Anaconda3\envs\pytorch\lib\site-packages\sklearn\metrics\_classification.py:2399: UserWarning: y_pred contains classes not in y_true
  warnings.warn("y_pred contains classes not in y_true")
C:\Anaconda3\envs\pytorch\lib\site-packages\sklearn\metrics\_classification.py:2399: UserWarning: y_pred contains classes not in y_true
  warnings.warn("y_pred contains classes not in y_true")
C:\Anaconda3\envs\pytorch\lib\site-packages\sklearn\metrics\_classification.py:2399: UserWarning: y_pred contains classes not in y_true
  warnings.warn("y_pred contains classes not in y_true")
C:\Anaconda3\envs\pytorch\lib\site-packages\sklearn\metrics\_classification.py:2399: UserWarning: y_pred contains classes not in y_true
  warnings.warn("y_pred contains classes not in y_true")
C:\Anaconda3\envs\pytorch\lib\site-packages\sklearn\metrics\_classification.py:2399: UserWarning: y_pred contains classes not in y_true
  warnings.warn("y_pred contains classes not in y_true")
C:\Anaconda3\envs\pytorch\lib\site-packages\sklearn\metrics\_classification.py:2399: UserWarning: y_pred contains classes not in y_true
  warnings.warn("y_pred contains classes not in y_true")
C:\Anaconda3\envs\pytorch\lib\site-packages\sklearn\metrics\_classification.py:2399: UserWarning: y_pred contains classes not in y_true
  warnings.warn("y_pred contains classes not in y_true")
C:\Anaconda3\envs\pytorch\lib\site-packages\sklearn\metrics\_classification.py:2399: UserWarning: y_pred contains classes not in y_true
  warnings.warn("y_pred contains classes not in y_true")
C:\Anaconda3\envs\pytorch\lib\site-packages\sklearn\metrics\_classification.py:2399: UserWarning: y_pred contains classes not in y_true
  warnings.warn("y_pred contains classes not in y_true")
C:\Anaconda3\envs\pytorch\lib\site-packages\sklearn\metrics\_classification.py:2399: UserWarning: y_pred contains classes not in y_true
  warnings.warn("y_pred contains classes not in y_true")
C:\Anaconda3\envs\pytorch\lib\site-packages\sklearn\metrics\_classification.py:2399: UserWarning: y_pred contains classes not in y_true
  warnings.warn("y_pred contains classes not in y_true")
C:\Anaconda3\envs\pytorch\lib\site-packages\sklearn\metrics\_classification.py:2399: UserWarning: y_pred contains classes not in y_true
  warnings.warn("y_pred contains classes not in y_true")
C:\Anaconda3\envs\pytorch\lib\site-packages\sklearn\metrics\_classification.py:2399: UserWarning: y_pred contains classes not in y_true
  warnings.warn("y_pred contains classes not in y_true")
C:\Anaconda3\envs\pytorch\lib\site-packages\sklearn\metrics\_classification.py:2399: UserWarning: y_pred contains classes not in y_true
  warnings.warn("y_pred contains classes not in y_true")
C:\Anaconda3\envs\pytorch\lib\site-packages\sklearn\metrics\_classification.py:2399: UserWarning: y_pred contains classes not in y_true
  warnings.warn("y_pred contains classes not in y_true")
C:\Anaconda3\envs\pytorch\lib\site-packages\sklearn\metrics\_classification.py:2399: UserWarning: y_pred contains classes not in y_true
  warnings.warn("y_pred contains classes not in y_true")
C:\Anaconda3\envs\pytorch\lib\site-packages\sklearn\metrics\_classification.py:2399: UserWarning: y_pred contains classes not in y_true
  warnings.warn("y_pred contains classes not in y_true")
C:\Anaconda3\envs\pytorch\lib\site-packages\sklearn\metrics\_classification.py:2399: UserWarning: y_pred contains classes not in y_true
  warnings.warn("y_pred contains classes not in y_true")
C:\Anaconda3\envs\pytorch\lib\site-packages\sklearn\metrics\_classification.py:2399: UserWarning: y_pred contains classes not in y_true
  warnings.warn("y_pred contains classes not in y_true")
C:\Anaconda3\envs\pytorch\lib\site-packages\sklearn\metrics\_classification.py:2399: UserWarning: y_pred contains classes not in y_true
  warnings.warn("y_pred contains classes not in y_true")
C:\Anaconda3\envs\pytorch\lib\site-packages\sklearn\metrics\_classification.py:2399: UserWarning: y_pred contains classes not in y_true
  warnings.warn("y_pred contains classes not in y_true")
C:\Anaconda3\envs\pytorch\lib\site-packages\sklearn\metrics\_classification.py:2399: UserWarning: y_pred contains classes not in y_true
  warnings.warn("y_pred contains classes not in y_true")
C:\Anaconda3\envs\pytorch\lib\site-packages\sklearn\metrics\_classification.py:2399: UserWarning: y_pred contains classes not in y_true
  warnings.warn("y_pred contains classes not in y_true")
C:\Anaconda3\envs\pytorch\lib\site-packages\sklearn\metrics\_classification.py:2399: UserWarning: y_pred contains classes not in y_true
  warnings.warn("y_pred contains classes not in y_true")
C:\Anaconda3\envs\pytorch\lib\site-packages\sklearn\metrics\_classification.py:2399: UserWarning: y_pred contains classes not in y_true
  warnings.warn("y_pred contains classes not in y_true")
C:\Anaconda3\envs\pytorch\lib\site-packages\sklearn\metrics\_classification.py:2399: UserWarning: y_pred contains classes not in y_true
  warnings.warn("y_pred contains classes not in y_true")
C:\Anaconda3\envs\pytorch\lib\site-packages\sklearn\metrics\_classification.py:2399: UserWarning: y_pred contains classes not in y_true
  warnings.warn("y_pred contains classes not in y_true")
C:\Anaconda3\envs\pytorch\lib\site-packages\sklearn\metrics\_classification.py:2399: UserWarning: y_pred contains classes not in y_true
  warnings.warn("y_pred contains classes not in y_true")
C:\Anaconda3\envs\pytorch\lib\site-packages\sklearn\metrics\_classification.py:2399: UserWarning: y_pred contains classes not in y_true
  warnings.warn("y_pred contains classes not in y_true")
C:\Anaconda3\envs\pytorch\lib\site-packages\sklearn\metrics\_classification.py:2399: UserWarning: y_pred contains classes not in y_true
  warnings.warn("y_pred contains classes not in y_true")
C:\Anaconda3\envs\pytorch\lib\site-packages\sklearn\metrics\_classification.py:2399: UserWarning: y_pred contains classes not in y_true
  warnings.warn("y_pred contains classes not in y_true")
C:\Anaconda3\envs\pytorch\lib\site-packages\sklearn\metrics\_classification.py:2399: UserWarning: y_pred contains classes not in y_true
  warnings.warn("y_pred contains classes not in y_true")
C:\Anaconda3\envs\pytorch\lib\site-packages\sklearn\metrics\_classification.py:2399: UserWarning: y_pred contains classes not in y_true
  warnings.warn("y_pred contains classes not in y_true")
C:\Anaconda3\envs\pytorch\lib\site-packages\sklearn\metrics\_classification.py:2399: UserWarning: y_pred contains classes not in y_true
  warnings.warn("y_pred contains classes not in y_true")
C:\Anaconda3\envs\pytorch\lib\site-packages\sklearn\metrics\_classification.py:2399: UserWarning: y_pred contains classes not in y_true
  warnings.warn("y_pred contains classes not in y_true")
C:\Anaconda3\envs\pytorch\lib\site-packages\sklearn\metrics\_classification.py:2399: UserWarning: y_pred contains classes not in y_true
  warnings.warn("y_pred contains classes not in y_true")
C:\Anaconda3\envs\pytorch\lib\site-packages\sklearn\metrics\_classification.py:2399: UserWarning: y_pred contains classes not in y_true
  warnings.warn("y_pred contains classes not in y_true")
C:\Anaconda3\envs\pytorch\lib\site-packages\sklearn\metrics\_classification.py:2399: UserWarning: y_pred contains classes not in y_true
  warnings.warn("y_pred contains classes not in y_true")
C:\Anaconda3\envs\pytorch\lib\site-packages\sklearn\metrics\_classification.py:2399: UserWarning: y_pred contains classes not in y_true
  warnings.warn("y_pred contains classes not in y_true")
C:\Anaconda3\envs\pytorch\lib\site-packages\sklearn\metrics\_classification.py:2399: UserWarning: y_pred contains classes not in y_true
  warnings.warn("y_pred contains classes not in y_true")
C:\Anaconda3\envs\pytorch\lib\site-packages\sklearn\metrics\_classification.py:2399: UserWarning: y_pred contains classes not in y_true
  warnings.warn("y_pred contains classes not in y_true")
C:\Anaconda3\envs\pytorch\lib\site-packages\sklearn\metrics\_classification.py:2399: UserWarning: y_pred contains classes not in y_true
  warnings.warn("y_pred contains classes not in y_true")
C:\Anaconda3\envs\pytorch\lib\site-packages\sklearn\metrics\_classification.py:2399: UserWarning: y_pred contains classes not in y_true
  warnings.warn("y_pred contains classes not in y_true")
C:\Anaconda3\envs\pytorch\lib\site-packages\sklearn\metrics\_classification.py:2399: UserWarning: y_pred contains classes not in y_true
  warnings.warn("y_pred contains classes not in y_true")
C:\Anaconda3\envs\pytorch\lib\site-packages\sklearn\metrics\_classification.py:2399: UserWarning: y_pred contains classes not in y_true
  warnings.warn("y_pred contains classes not in y_true")
C:\Anaconda3\envs\pytorch\lib\site-packages\sklearn\metrics\_classification.py:2399: UserWarning: y_pred contains classes not in y_true
  warnings.warn("y_pred contains classes not in y_true")
C:\Anaconda3\envs\pytorch\lib\site-packages\sklearn\metrics\_classification.py:2399: UserWarning: y_pred contains classes not in y_true
  warnings.warn("y_pred contains classes not in y_true")
C:\Anaconda3\envs\pytorch\lib\site-packages\sklearn\metrics\_classification.py:2399: UserWarning: y_pred contains classes not in y_true
  warnings.warn("y_pred contains classes not in y_true")
C:\Anaconda3\envs\pytorch\lib\site-packages\sklearn\metrics\_classification.py:2399: UserWarning: y_pred contains classes not in y_true
  warnings.warn("y_pred contains classes not in y_true")
C:\Anaconda3\envs\pytorch\lib\site-packages\sklearn\metrics\_classification.py:2399: UserWarning: y_pred contains classes not in y_true
  warnings.warn("y_pred contains classes not in y_true")
C:\Anaconda3\envs\pytorch\lib\site-packages\sklearn\metrics\_classification.py:2399: UserWarning: y_pred contains classes not in y_true
  warnings.warn("y_pred contains classes not in y_true")
C:\Anaconda3\envs\pytorch\lib\site-packages\sklearn\metrics\_classification.py:2399: UserWarning: y_pred contains classes not in y_true
  warnings.warn("y_pred contains classes not in y_true")
C:\Anaconda3\envs\pytorch\lib\site-packages\sklearn\metrics\_classification.py:2399: UserWarning: y_pred contains classes not in y_true
  warnings.warn("y_pred contains classes not in y_true")
C:\Anaconda3\envs\pytorch\lib\site-packages\sklearn\metrics\_classification.py:2399: UserWarning: y_pred contains classes not in y_true
  warnings.warn("y_pred contains classes not in y_true")
C:\Anaconda3\envs\pytorch\lib\site-packages\sklearn\metrics\_classification.py:2399: UserWarning: y_pred contains classes not in y_true
  warnings.warn("y_pred contains classes not in y_true")
C:\Anaconda3\envs\pytorch\lib\site-packages\sklearn\metrics\_classification.py:2399: UserWarning: y_pred contains classes not in y_true
  warnings.warn("y_pred contains classes not in y_true")
C:\Anaconda3\envs\pytorch\lib\site-packages\sklearn\metrics\_classification.py:2399: UserWarning: y_pred contains classes not in y_true
  warnings.warn("y_pred contains classes not in y_true")
C:\Anaconda3\envs\pytorch\lib\site-packages\sklearn\metrics\_classification.py:2399: UserWarning: y_pred contains classes not in y_true
  warnings.warn("y_pred contains classes not in y_true")
C:\Anaconda3\envs\pytorch\lib\site-packages\sklearn\metrics\_classification.py:2399: UserWarning: y_pred contains classes not in y_true
  warnings.warn("y_pred contains classes not in y_true")
C:\Anaconda3\envs\pytorch\lib\site-packages\sklearn\metrics\_classification.py:2399: UserWarning: y_pred contains classes not in y_true
  warnings.warn("y_pred contains classes not in y_true")
C:\Anaconda3\envs\pytorch\lib\site-packages\sklearn\metrics\_classification.py:2399: UserWarning: y_pred contains classes not in y_true
  warnings.warn("y_pred contains classes not in y_true")
C:\Anaconda3\envs\pytorch\lib\site-packages\sklearn\metrics\_classification.py:2399: UserWarning: y_pred contains classes not in y_true
  warnings.warn("y_pred contains classes not in y_true")
C:\Anaconda3\envs\pytorch\lib\site-packages\sklearn\metrics\_classification.py:2399: UserWarning: y_pred contains classes not in y_true
  warnings.warn("y_pred contains classes not in y_true")
C:\Anaconda3\envs\pytorch\lib\site-packages\sklearn\metrics\_classification.py:2399: UserWarning: y_pred contains classes not in y_true
  warnings.warn("y_pred contains classes not in y_true")
C:\Anaconda3\envs\pytorch\lib\site-packages\sklearn\metrics\_classification.py:2399: UserWarning: y_pred contains classes not in y_true
  warnings.warn("y_pred contains classes not in y_true")
C:\Anaconda3\envs\pytorch\lib\site-packages\sklearn\metrics\_classification.py:2399: UserWarning: y_pred contains classes not in y_true
  warnings.warn("y_pred contains classes not in y_true")
C:\Anaconda3\envs\pytorch\lib\site-packages\sklearn\metrics\_classification.py:2399: UserWarning: y_pred contains classes not in y_true
  warnings.warn("y_pred contains classes not in y_true")
C:\Anaconda3\envs\pytorch\lib\site-packages\sklearn\metrics\_classification.py:2399: UserWarning: y_pred contains classes not in y_true
  warnings.warn("y_pred contains classes not in y_true")
C:\Anaconda3\envs\pytorch\lib\site-packages\sklearn\metrics\_classification.py:2399: UserWarning: y_pred contains classes not in y_true
  warnings.warn("y_pred contains classes not in y_true")
C:\Anaconda3\envs\pytorch\lib\site-packages\sklearn\metrics\_classification.py:2399: UserWarning: y_pred contains classes not in y_true
  warnings.warn("y_pred contains classes not in y_true")
C:\Anaconda3\envs\pytorch\lib\site-packages\sklearn\metrics\_classification.py:2399: UserWarning: y_pred contains classes not in y_true
  warnings.warn("y_pred contains classes not in y_true")
C:\Anaconda3\envs\pytorch\lib\site-packages\sklearn\metrics\_classification.py:2399: UserWarning: y_pred contains classes not in y_true
  warnings.warn("y_pred contains classes not in y_true")
C:\Anaconda3\envs\pytorch\lib\site-packages\sklearn\metrics\_classification.py:2399: UserWarning: y_pred contains classes not in y_true
  warnings.warn("y_pred contains classes not in y_true")
C:\Anaconda3\envs\pytorch\lib\site-packages\sklearn\metrics\_classification.py:2399: UserWarning: y_pred contains classes not in y_true
  warnings.warn("y_pred contains classes not in y_true")
C:\Anaconda3\envs\pytorch\lib\site-packages\sklearn\metrics\_classification.py:2399: UserWarning: y_pred contains classes not in y_true
  warnings.warn("y_pred contains classes not in y_true")
C:\Anaconda3\envs\pytorch\lib\site-packages\sklearn\metrics\_classification.py:2399: UserWarning: y_pred contains classes not in y_true
  warnings.warn("y_pred contains classes not in y_true")
C:\Anaconda3\envs\pytorch\lib\site-packages\sklearn\metrics\_classification.py:2399: UserWarning: y_pred contains classes not in y_true
  warnings.warn("y_pred contains classes not in y_true")
C:\Anaconda3\envs\pytorch\lib\site-packages\sklearn\metrics\_classification.py:2399: UserWarning: y_pred contains classes not in y_true
  warnings.warn("y_pred contains classes not in y_true")
C:\Anaconda3\envs\pytorch\lib\site-packages\sklearn\metrics\_classification.py:2399: UserWarning: y_pred contains classes not in y_true
  warnings.warn("y_pred contains classes not in y_true")
C:\Anaconda3\envs\pytorch\lib\site-packages\sklearn\metrics\_classification.py:2399: UserWarning: y_pred contains classes not in y_true
  warnings.warn("y_pred contains classes not in y_true")
C:\Anaconda3\envs\pytorch\lib\site-packages\sklearn\metrics\_classification.py:2399: UserWarning: y_pred contains classes not in y_true
  warnings.warn("y_pred contains classes not in y_true")
C:\Anaconda3\envs\pytorch\lib\site-packages\sklearn\metrics\_classification.py:2399: UserWarning: y_pred contains classes not in y_true
  warnings.warn("y_pred contains classes not in y_true")
C:\Anaconda3\envs\pytorch\lib\site-packages\sklearn\metrics\_classification.py:2399: UserWarning: y_pred contains classes not in y_true
  warnings.warn("y_pred contains classes not in y_true")
C:\Anaconda3\envs\pytorch\lib\site-packages\sklearn\metrics\_classification.py:2399: UserWarning: y_pred contains classes not in y_true
  warnings.warn("y_pred contains classes not in y_true")
C:\Anaconda3\envs\pytorch\lib\site-packages\sklearn\metrics\_classification.py:2399: UserWarning: y_pred contains classes not in y_true
  warnings.warn("y_pred contains classes not in y_true")
C:\Anaconda3\envs\pytorch\lib\site-packages\sklearn\metrics\_classification.py:2399: UserWarning: y_pred contains classes not in y_true
  warnings.warn("y_pred contains classes not in y_true")
C:\Anaconda3\envs\pytorch\lib\site-packages\sklearn\metrics\_classification.py:2399: UserWarning: y_pred contains classes not in y_true
  warnings.warn("y_pred contains classes not in y_true")
C:\Anaconda3\envs\pytorch\lib\site-packages\sklearn\metrics\_classification.py:2399: UserWarning: y_pred contains classes not in y_true
  warnings.warn("y_pred contains classes not in y_true")
C:\Anaconda3\envs\pytorch\lib\site-packages\sklearn\metrics\_classification.py:2399: UserWarning: y_pred contains classes not in y_true
  warnings.warn("y_pred contains classes not in y_true")
C:\Anaconda3\envs\pytorch\lib\site-packages\sklearn\metrics\_classification.py:2399: UserWarning: y_pred contains classes not in y_true
  warnings.warn("y_pred contains classes not in y_true")
C:\Anaconda3\envs\pytorch\lib\site-packages\sklearn\metrics\_classification.py:2399: UserWarning: y_pred contains classes not in y_true
  warnings.warn("y_pred contains classes not in y_true")
C:\Anaconda3\envs\pytorch\lib\site-packages\sklearn\metrics\_classification.py:2399: UserWarning: y_pred contains classes not in y_true
  warnings.warn("y_pred contains classes not in y_true")
C:\Anaconda3\envs\pytorch\lib\site-packages\sklearn\metrics\_classification.py:2399: UserWarning: y_pred contains classes not in y_true
  warnings.warn("y_pred contains classes not in y_true")
C:\Anaconda3\envs\pytorch\lib\site-packages\sklearn\metrics\_classification.py:2399: UserWarning: y_pred contains classes not in y_true
  warnings.warn("y_pred contains classes not in y_true")
C:\Anaconda3\envs\pytorch\lib\site-packages\sklearn\metrics\_classification.py:2399: UserWarning: y_pred contains classes not in y_true
  warnings.warn("y_pred contains classes not in y_true")
C:\Anaconda3\envs\pytorch\lib\site-packages\sklearn\metrics\_classification.py:2399: UserWarning: y_pred contains classes not in y_true
  warnings.warn("y_pred contains classes not in y_true")
C:\Anaconda3\envs\pytorch\lib\site-packages\sklearn\metrics\_classification.py:2399: UserWarning: y_pred contains classes not in y_true
  warnings.warn("y_pred contains classes not in y_true")
C:\Anaconda3\envs\pytorch\lib\site-packages\sklearn\metrics\_classification.py:2399: UserWarning: y_pred contains classes not in y_true
  warnings.warn("y_pred contains classes not in y_true")
C:\Anaconda3\envs\pytorch\lib\site-packages\sklearn\metrics\_classification.py:2399: UserWarning: y_pred contains classes not in y_true
  warnings.warn("y_pred contains classes not in y_true")
C:\Anaconda3\envs\pytorch\lib\site-packages\sklearn\metrics\_classification.py:2399: UserWarning: y_pred contains classes not in y_true
  warnings.warn("y_pred contains classes not in y_true")
C:\Anaconda3\envs\pytorch\lib\site-packages\sklearn\metrics\_classification.py:2399: UserWarning: y_pred contains classes not in y_true
  warnings.warn("y_pred contains classes not in y_true")
C:\Anaconda3\envs\pytorch\lib\site-packages\sklearn\metrics\_classification.py:2399: UserWarning: y_pred contains classes not in y_true
  warnings.warn("y_pred contains classes not in y_true")
C:\Anaconda3\envs\pytorch\lib\site-packages\sklearn\metrics\_classification.py:2399: UserWarning: y_pred contains classes not in y_true
  warnings.warn("y_pred contains classes not in y_true")
C:\Anaconda3\envs\pytorch\lib\site-packages\sklearn\metrics\_classification.py:2399: UserWarning: y_pred contains classes not in y_true
  warnings.warn("y_pred contains classes not in y_true")
C:\Anaconda3\envs\pytorch\lib\site-packages\sklearn\metrics\_classification.py:2399: UserWarning: y_pred contains classes not in y_true
  warnings.warn("y_pred contains classes not in y_true")
C:\Anaconda3\envs\pytorch\lib\site-packages\sklearn\metrics\_classification.py:2399: UserWarning: y_pred contains classes not in y_true
  warnings.warn("y_pred contains classes not in y_true")
C:\Anaconda3\envs\pytorch\lib\site-packages\sklearn\metrics\_classification.py:2399: UserWarning: y_pred contains classes not in y_true
  warnings.warn("y_pred contains classes not in y_true")
C:\Anaconda3\envs\pytorch\lib\site-packages\sklearn\metrics\_classification.py:2399: UserWarning: y_pred contains classes not in y_true
  warnings.warn("y_pred contains classes not in y_true")
C:\Anaconda3\envs\pytorch\lib\site-packages\sklearn\metrics\_classification.py:2399: UserWarning: y_pred contains classes not in y_true
  warnings.warn("y_pred contains classes not in y_true")
C:\Anaconda3\envs\pytorch\lib\site-packages\sklearn\metrics\_classification.py:2399: UserWarning: y_pred contains classes not in y_true
  warnings.warn("y_pred contains classes not in y_true")
C:\Anaconda3\envs\pytorch\lib\site-packages\sklearn\metrics\_classification.py:2399: UserWarning: y_pred contains classes not in y_true
  warnings.warn("y_pred contains classes not in y_true")
C:\Anaconda3\envs\pytorch\lib\site-packages\sklearn\metrics\_classification.py:2399: UserWarning: y_pred contains classes not in y_true
  warnings.warn("y_pred contains classes not in y_true")
C:\Anaconda3\envs\pytorch\lib\site-packages\sklearn\metrics\_classification.py:2399: UserWarning: y_pred contains classes not in y_true
  warnings.warn("y_pred contains classes not in y_true")
C:\Anaconda3\envs\pytorch\lib\site-packages\sklearn\metrics\_classification.py:2399: UserWarning: y_pred contains classes not in y_true
  warnings.warn("y_pred contains classes not in y_true")
C:\Anaconda3\envs\pytorch\lib\site-packages\sklearn\metrics\_classification.py:2399: UserWarning: y_pred contains classes not in y_true
  warnings.warn("y_pred contains classes not in y_true")
C:\Anaconda3\envs\pytorch\lib\site-packages\sklearn\metrics\_classification.py:2399: UserWarning: y_pred contains classes not in y_true
  warnings.warn("y_pred contains classes not in y_true")
C:\Anaconda3\envs\pytorch\lib\site-packages\sklearn\metrics\_classification.py:2399: UserWarning: y_pred contains classes not in y_true
  warnings.warn("y_pred contains classes not in y_true")
C:\Anaconda3\envs\pytorch\lib\site-packages\sklearn\metrics\_classification.py:2399: UserWarning: y_pred contains classes not in y_true
  warnings.warn("y_pred contains classes not in y_true")
C:\Anaconda3\envs\pytorch\lib\site-packages\sklearn\metrics\_classification.py:2399: UserWarning: y_pred contains classes not in y_true
  warnings.warn("y_pred contains classes not in y_true")
C:\Anaconda3\envs\pytorch\lib\site-packages\sklearn\metrics\_classification.py:2399: UserWarning: y_pred contains classes not in y_true
  warnings.warn("y_pred contains classes not in y_true")
C:\Anaconda3\envs\pytorch\lib\site-packages\sklearn\metrics\_classification.py:2399: UserWarning: y_pred contains classes not in y_true
  warnings.warn("y_pred contains classes not in y_true")
C:\Anaconda3\envs\pytorch\lib\site-packages\sklearn\metrics\_classification.py:2399: UserWarning: y_pred contains classes not in y_true
  warnings.warn("y_pred contains classes not in y_true")
C:\Anaconda3\envs\pytorch\lib\site-packages\sklearn\metrics\_classification.py:2399: UserWarning: y_pred contains classes not in y_true
  warnings.warn("y_pred contains classes not in y_true")
C:\Anaconda3\envs\pytorch\lib\site-packages\sklearn\metrics\_classification.py:2399: UserWarning: y_pred contains classes not in y_true
  warnings.warn("y_pred contains classes not in y_true")
C:\Anaconda3\envs\pytorch\lib\site-packages\sklearn\metrics\_classification.py:2399: UserWarning: y_pred contains classes not in y_true
  warnings.warn("y_pred contains classes not in y_true")
C:\Anaconda3\envs\pytorch\lib\site-packages\sklearn\metrics\_classification.py:2399: UserWarning: y_pred contains classes not in y_true
  warnings.warn("y_pred contains classes not in y_true")
C:\Anaconda3\envs\pytorch\lib\site-packages\sklearn\metrics\_classification.py:2399: UserWarning: y_pred contains classes not in y_true
  warnings.warn("y_pred contains classes not in y_true")
C:\Anaconda3\envs\pytorch\lib\site-packages\sklearn\metrics\_classification.py:2399: UserWarning: y_pred contains classes not in y_true
  warnings.warn("y_pred contains classes not in y_true")
C:\Anaconda3\envs\pytorch\lib\site-packages\sklearn\metrics\_classification.py:2399: UserWarning: y_pred contains classes not in y_true
  warnings.warn("y_pred contains classes not in y_true")
C:\Anaconda3\envs\pytorch\lib\site-packages\sklearn\metrics\_classification.py:2399: UserWarning: y_pred contains classes not in y_true
  warnings.warn("y_pred contains classes not in y_true")
C:\Anaconda3\envs\pytorch\lib\site-packages\sklearn\metrics\_classification.py:2399: UserWarning: y_pred contains classes not in y_true
  warnings.warn("y_pred contains classes not in y_true")
C:\Anaconda3\envs\pytorch\lib\site-packages\sklearn\metrics\_classification.py:2399: UserWarning: y_pred contains classes not in y_true
  warnings.warn("y_pred contains classes not in y_true")
C:\Anaconda3\envs\pytorch\lib\site-packages\sklearn\metrics\_classification.py:2399: UserWarning: y_pred contains classes not in y_true
  warnings.warn("y_pred contains classes not in y_true")
C:\Anaconda3\envs\pytorch\lib\site-packages\sklearn\metrics\_classification.py:2399: UserWarning: y_pred contains classes not in y_true
  warnings.warn("y_pred contains classes not in y_true")
C:\Anaconda3\envs\pytorch\lib\site-packages\sklearn\metrics\_classification.py:2399: UserWarning: y_pred contains classes not in y_true
  warnings.warn("y_pred contains classes not in y_true")
C:\Anaconda3\envs\pytorch\lib\site-packages\sklearn\metrics\_classification.py:2399: UserWarning: y_pred contains classes not in y_true
  warnings.warn("y_pred contains classes not in y_true")
C:\Anaconda3\envs\pytorch\lib\site-packages\sklearn\metrics\_classification.py:2399: UserWarning: y_pred contains classes not in y_true
  warnings.warn("y_pred contains classes not in y_true")
C:\Anaconda3\envs\pytorch\lib\site-packages\sklearn\metrics\_classification.py:2399: UserWarning: y_pred contains classes not in y_true
  warnings.warn("y_pred contains classes not in y_true")
C:\Anaconda3\envs\pytorch\lib\site-packages\sklearn\metrics\_classification.py:2399: UserWarning: y_pred contains classes not in y_true
  warnings.warn("y_pred contains classes not in y_true")
C:\Anaconda3\envs\pytorch\lib\site-packages\sklearn\metrics\_classification.py:2399: UserWarning: y_pred contains classes not in y_true
  warnings.warn("y_pred contains classes not in y_true")
C:\Anaconda3\envs\pytorch\lib\site-packages\sklearn\metrics\_classification.py:2399: UserWarning: y_pred contains classes not in y_true
  warnings.warn("y_pred contains classes not in y_true")
C:\Anaconda3\envs\pytorch\lib\site-packages\sklearn\metrics\_classification.py:2399: UserWarning: y_pred contains classes not in y_true
  warnings.warn("y_pred contains classes not in y_true")
C:\Anaconda3\envs\pytorch\lib\site-packages\sklearn\metrics\_classification.py:2399: UserWarning: y_pred contains classes not in y_true
  warnings.warn("y_pred contains classes not in y_true")
C:\Anaconda3\envs\pytorch\lib\site-packages\sklearn\metrics\_classification.py:2399: UserWarning: y_pred contains classes not in y_true
  warnings.warn("y_pred contains classes not in y_true")
C:\Anaconda3\envs\pytorch\lib\site-packages\sklearn\metrics\_classification.py:2399: UserWarning: y_pred contains classes not in y_true
  warnings.warn("y_pred contains classes not in y_true")
C:\Anaconda3\envs\pytorch\lib\site-packages\sklearn\metrics\_classification.py:2399: UserWarning: y_pred contains classes not in y_true
  warnings.warn("y_pred contains classes not in y_true")
C:\Anaconda3\envs\pytorch\lib\site-packages\sklearn\metrics\_classification.py:2399: UserWarning: y_pred contains classes not in y_true
  warnings.warn("y_pred contains classes not in y_true")
C:\Anaconda3\envs\pytorch\lib\site-packages\sklearn\metrics\_classification.py:2399: UserWarning: y_pred contains classes not in y_true
  warnings.warn("y_pred contains classes not in y_true")
C:\Anaconda3\envs\pytorch\lib\site-packages\sklearn\metrics\_classification.py:2399: UserWarning: y_pred contains classes not in y_true
  warnings.warn("y_pred contains classes not in y_true")
C:\Anaconda3\envs\pytorch\lib\site-packages\sklearn\metrics\_classification.py:2399: UserWarning: y_pred contains classes not in y_true
  warnings.warn("y_pred contains classes not in y_true")
C:\Anaconda3\envs\pytorch\lib\site-packages\sklearn\metrics\_classification.py:2399: UserWarning: y_pred contains classes not in y_true
  warnings.warn("y_pred contains classes not in y_true")
C:\Anaconda3\envs\pytorch\lib\site-packages\sklearn\metrics\_classification.py:2399: UserWarning: y_pred contains classes not in y_true
  warnings.warn("y_pred contains classes not in y_true")
C:\Anaconda3\envs\pytorch\lib\site-packages\sklearn\metrics\_classification.py:2399: UserWarning: y_pred contains classes not in y_true
  warnings.warn("y_pred contains classes not in y_true")
C:\Anaconda3\envs\pytorch\lib\site-packages\sklearn\metrics\_classification.py:2399: UserWarning: y_pred contains classes not in y_true
  warnings.warn("y_pred contains classes not in y_true")
C:\Anaconda3\envs\pytorch\lib\site-packages\sklearn\metrics\_classification.py:2399: UserWarning: y_pred contains classes not in y_true
  warnings.warn("y_pred contains classes not in y_true")
C:\Anaconda3\envs\pytorch\lib\site-packages\sklearn\metrics\_classification.py:2399: UserWarning: y_pred contains classes not in y_true
  warnings.warn("y_pred contains classes not in y_true")
C:\Anaconda3\envs\pytorch\lib\site-packages\sklearn\metrics\_classification.py:2399: UserWarning: y_pred contains classes not in y_true
  warnings.warn("y_pred contains classes not in y_true")
C:\Anaconda3\envs\pytorch\lib\site-packages\sklearn\metrics\_classification.py:2399: UserWarning: y_pred contains classes not in y_true
  warnings.warn("y_pred contains classes not in y_true")
C:\Anaconda3\envs\pytorch\lib\site-packages\sklearn\metrics\_classification.py:2399: UserWarning: y_pred contains classes not in y_true
  warnings.warn("y_pred contains classes not in y_true")
C:\Anaconda3\envs\pytorch\lib\site-packages\sklearn\metrics\_classification.py:2399: UserWarning: y_pred contains classes not in y_true
  warnings.warn("y_pred contains classes not in y_true")
C:\Anaconda3\envs\pytorch\lib\site-packages\sklearn\metrics\_classification.py:2399: UserWarning: y_pred contains classes not in y_true
  warnings.warn("y_pred contains classes not in y_true")
C:\Anaconda3\envs\pytorch\lib\site-packages\sklearn\metrics\_classification.py:2399: UserWarning: y_pred contains classes not in y_true
  warnings.warn("y_pred contains classes not in y_true")
C:\Anaconda3\envs\pytorch\lib\site-packages\sklearn\metrics\_classification.py:2399: UserWarning: y_pred contains classes not in y_true
  warnings.warn("y_pred contains classes not in y_true")
C:\Anaconda3\envs\pytorch\lib\site-packages\sklearn\metrics\_classification.py:2399: UserWarning: y_pred contains classes not in y_true
  warnings.warn("y_pred contains classes not in y_true")
C:\Anaconda3\envs\pytorch\lib\site-packages\sklearn\metrics\_classification.py:2399: UserWarning: y_pred contains classes not in y_true
  warnings.warn("y_pred contains classes not in y_true")
C:\Anaconda3\envs\pytorch\lib\site-packages\sklearn\metrics\_classification.py:2399: UserWarning: y_pred contains classes not in y_true
  warnings.warn("y_pred contains classes not in y_true")
C:\Anaconda3\envs\pytorch\lib\site-packages\sklearn\metrics\_classification.py:2399: UserWarning: y_pred contains classes not in y_true
  warnings.warn("y_pred contains classes not in y_true")
C:\Anaconda3\envs\pytorch\lib\site-packages\sklearn\metrics\_classification.py:2399: UserWarning: y_pred contains classes not in y_true
  warnings.warn("y_pred contains classes not in y_true")
C:\Anaconda3\envs\pytorch\lib\site-packages\sklearn\metrics\_classification.py:2399: UserWarning: y_pred contains classes not in y_true
  warnings.warn("y_pred contains classes not in y_true")
C:\Anaconda3\envs\pytorch\lib\site-packages\sklearn\metrics\_classification.py:2399: UserWarning: y_pred contains classes not in y_true
  warnings.warn("y_pred contains classes not in y_true")
C:\Anaconda3\envs\pytorch\lib\site-packages\sklearn\metrics\_classification.py:2399: UserWarning: y_pred contains classes not in y_true
  warnings.warn("y_pred contains classes not in y_true")
C:\Anaconda3\envs\pytorch\lib\site-packages\sklearn\metrics\_classification.py:2399: UserWarning: y_pred contains classes not in y_true
  warnings.warn("y_pred contains classes not in y_true")
C:\Anaconda3\envs\pytorch\lib\site-packages\sklearn\metrics\_classification.py:2399: UserWarning: y_pred contains classes not in y_true
  warnings.warn("y_pred contains classes not in y_true")
C:\Anaconda3\envs\pytorch\lib\site-packages\sklearn\metrics\_classification.py:2399: UserWarning: y_pred contains classes not in y_true
  warnings.warn("y_pred contains classes not in y_true")
C:\Anaconda3\envs\pytorch\lib\site-packages\sklearn\metrics\_classification.py:2399: UserWarning: y_pred contains classes not in y_true
  warnings.warn("y_pred contains classes not in y_true")
C:\Anaconda3\envs\pytorch\lib\site-packages\sklearn\metrics\_classification.py:2399: UserWarning: y_pred contains classes not in y_true
  warnings.warn("y_pred contains classes not in y_true")
C:\Anaconda3\envs\pytorch\lib\site-packages\sklearn\metrics\_classification.py:2399: UserWarning: y_pred contains classes not in y_true
  warnings.warn("y_pred contains classes not in y_true")
C:\Anaconda3\envs\pytorch\lib\site-packages\sklearn\metrics\_classification.py:2399: UserWarning: y_pred contains classes not in y_true
  warnings.warn("y_pred contains classes not in y_true")
C:\Anaconda3\envs\pytorch\lib\site-packages\sklearn\metrics\_classification.py:2399: UserWarning: y_pred contains classes not in y_true
  warnings.warn("y_pred contains classes not in y_true")
C:\Anaconda3\envs\pytorch\lib\site-packages\sklearn\metrics\_classification.py:2399: UserWarning: y_pred contains classes not in y_true
  warnings.warn("y_pred contains classes not in y_true")
C:\Anaconda3\envs\pytorch\lib\site-packages\sklearn\metrics\_classification.py:2399: UserWarning: y_pred contains classes not in y_true
  warnings.warn("y_pred contains classes not in y_true")
C:\Anaconda3\envs\pytorch\lib\site-packages\sklearn\metrics\_classification.py:2399: UserWarning: y_pred contains classes not in y_true
  warnings.warn("y_pred contains classes not in y_true")
C:\Anaconda3\envs\pytorch\lib\site-packages\sklearn\metrics\_classification.py:2399: UserWarning: y_pred contains classes not in y_true
  warnings.warn("y_pred contains classes not in y_true")
C:\Anaconda3\envs\pytorch\lib\site-packages\sklearn\metrics\_classification.py:2399: UserWarning: y_pred contains classes not in y_true
  warnings.warn("y_pred contains classes not in y_true")
C:\Anaconda3\envs\pytorch\lib\site-packages\sklearn\metrics\_classification.py:2399: UserWarning: y_pred contains classes not in y_true
  warnings.warn("y_pred contains classes not in y_true")
C:\Anaconda3\envs\pytorch\lib\site-packages\sklearn\metrics\_classification.py:2399: UserWarning: y_pred contains classes not in y_true
  warnings.warn("y_pred contains classes not in y_true")
C:\Anaconda3\envs\pytorch\lib\site-packages\sklearn\metrics\_classification.py:2399: UserWarning: y_pred contains classes not in y_true
  warnings.warn("y_pred contains classes not in y_true")
C:\Anaconda3\envs\pytorch\lib\site-packages\sklearn\metrics\_classification.py:2399: UserWarning: y_pred contains classes not in y_true
  warnings.warn("y_pred contains classes not in y_true")
C:\Anaconda3\envs\pytorch\lib\site-packages\sklearn\metrics\_classification.py:2399: UserWarning: y_pred contains classes not in y_true
  warnings.warn("y_pred contains classes not in y_true")
C:\Anaconda3\envs\pytorch\lib\site-packages\sklearn\metrics\_classification.py:2399: UserWarning: y_pred contains classes not in y_true
  warnings.warn("y_pred contains classes not in y_true")
C:\Anaconda3\envs\pytorch\lib\site-packages\sklearn\metrics\_classification.py:2399: UserWarning: y_pred contains classes not in y_true
  warnings.warn("y_pred contains classes not in y_true")
C:\Anaconda3\envs\pytorch\lib\site-packages\sklearn\metrics\_classification.py:2399: UserWarning: y_pred contains classes not in y_true
  warnings.warn("y_pred contains classes not in y_true")
C:\Anaconda3\envs\pytorch\lib\site-packages\sklearn\metrics\_classification.py:2399: UserWarning: y_pred contains classes not in y_true
  warnings.warn("y_pred contains classes not in y_true")
C:\Anaconda3\envs\pytorch\lib\site-packages\sklearn\metrics\_classification.py:2399: UserWarning: y_pred contains classes not in y_true
  warnings.warn("y_pred contains classes not in y_true")
C:\Anaconda3\envs\pytorch\lib\site-packages\sklearn\metrics\_classification.py:2399: UserWarning: y_pred contains classes not in y_true
  warnings.warn("y_pred contains classes not in y_true")
C:\Anaconda3\envs\pytorch\lib\site-packages\sklearn\metrics\_classification.py:2399: UserWarning: y_pred contains classes not in y_true
  warnings.warn("y_pred contains classes not in y_true")
C:\Anaconda3\envs\pytorch\lib\site-packages\sklearn\metrics\_classification.py:2399: UserWarning: y_pred contains classes not in y_true
  warnings.warn("y_pred contains classes not in y_true")
C:\Anaconda3\envs\pytorch\lib\site-packages\sklearn\metrics\_classification.py:2399: UserWarning: y_pred contains classes not in y_true
  warnings.warn("y_pred contains classes not in y_true")
C:\Anaconda3\envs\pytorch\lib\site-packages\sklearn\metrics\_classification.py:2399: UserWarning: y_pred contains classes not in y_true
  warnings.warn("y_pred contains classes not in y_true")
C:\Anaconda3\envs\pytorch\lib\site-packages\sklearn\metrics\_classification.py:2399: UserWarning: y_pred contains classes not in y_true
  warnings.warn("y_pred contains classes not in y_true")
C:\Anaconda3\envs\pytorch\lib\site-packages\sklearn\metrics\_classification.py:2399: UserWarning: y_pred contains classes not in y_true
  warnings.warn("y_pred contains classes not in y_true")
C:\Anaconda3\envs\pytorch\lib\site-packages\sklearn\metrics\_classification.py:2399: UserWarning: y_pred contains classes not in y_true
  warnings.warn("y_pred contains classes not in y_true")
C:\Anaconda3\envs\pytorch\lib\site-packages\sklearn\metrics\_classification.py:2399: UserWarning: y_pred contains classes not in y_true
  warnings.warn("y_pred contains classes not in y_true")
C:\Anaconda3\envs\pytorch\lib\site-packages\sklearn\metrics\_classification.py:2399: UserWarning: y_pred contains classes not in y_true
  warnings.warn("y_pred contains classes not in y_true")
C:\Anaconda3\envs\pytorch\lib\site-packages\sklearn\metrics\_classification.py:2399: UserWarning: y_pred contains classes not in y_true
  warnings.warn("y_pred contains classes not in y_true")
C:\Anaconda3\envs\pytorch\lib\site-packages\sklearn\metrics\_classification.py:2399: UserWarning: y_pred contains classes not in y_true
  warnings.warn("y_pred contains classes not in y_true")
C:\Anaconda3\envs\pytorch\lib\site-packages\sklearn\metrics\_classification.py:2399: UserWarning: y_pred contains classes not in y_true
  warnings.warn("y_pred contains classes not in y_true")
C:\Anaconda3\envs\pytorch\lib\site-packages\sklearn\metrics\_classification.py:2399: UserWarning: y_pred contains classes not in y_true
  warnings.warn("y_pred contains classes not in y_true")
C:\Anaconda3\envs\pytorch\lib\site-packages\sklearn\metrics\_classification.py:2399: UserWarning: y_pred contains classes not in y_true
  warnings.warn("y_pred contains classes not in y_true")
C:\Anaconda3\envs\pytorch\lib\site-packages\sklearn\metrics\_classification.py:2399: UserWarning: y_pred contains classes not in y_true
  warnings.warn("y_pred contains classes not in y_true")
C:\Anaconda3\envs\pytorch\lib\site-packages\sklearn\metrics\_classification.py:2399: UserWarning: y_pred contains classes not in y_true
  warnings.warn("y_pred contains classes not in y_true")
C:\Anaconda3\envs\pytorch\lib\site-packages\sklearn\metrics\_classification.py:2399: UserWarning: y_pred contains classes not in y_true
  warnings.warn("y_pred contains classes not in y_true")
C:\Anaconda3\envs\pytorch\lib\site-packages\sklearn\metrics\_classification.py:2399: UserWarning: y_pred contains classes not in y_true
  warnings.warn("y_pred contains classes not in y_true")
C:\Anaconda3\envs\pytorch\lib\site-packages\sklearn\metrics\_classification.py:2399: UserWarning: y_pred contains classes not in y_true
  warnings.warn("y_pred contains classes not in y_true")
C:\Anaconda3\envs\pytorch\lib\site-packages\sklearn\metrics\_classification.py:2399: UserWarning: y_pred contains classes not in y_true
  warnings.warn("y_pred contains classes not in y_true")
C:\Anaconda3\envs\pytorch\lib\site-packages\sklearn\metrics\_classification.py:2399: UserWarning: y_pred contains classes not in y_true
  warnings.warn("y_pred contains classes not in y_true")
C:\Anaconda3\envs\pytorch\lib\site-packages\sklearn\metrics\_classification.py:2399: UserWarning: y_pred contains classes not in y_true
  warnings.warn("y_pred contains classes not in y_true")
C:\Anaconda3\envs\pytorch\lib\site-packages\sklearn\metrics\_classification.py:2399: UserWarning: y_pred contains classes not in y_true
  warnings.warn("y_pred contains classes not in y_true")
C:\Anaconda3\envs\pytorch\lib\site-packages\sklearn\metrics\_classification.py:2399: UserWarning: y_pred contains classes not in y_true
  warnings.warn("y_pred contains classes not in y_true")
C:\Anaconda3\envs\pytorch\lib\site-packages\sklearn\metrics\_classification.py:2399: UserWarning: y_pred contains classes not in y_true
  warnings.warn("y_pred contains classes not in y_true")
C:\Anaconda3\envs\pytorch\lib\site-packages\sklearn\metrics\_classification.py:2399: UserWarning: y_pred contains classes not in y_true
  warnings.warn("y_pred contains classes not in y_true")
C:\Anaconda3\envs\pytorch\lib\site-packages\sklearn\metrics\_classification.py:2399: UserWarning: y_pred contains classes not in y_true
  warnings.warn("y_pred contains classes not in y_true")
C:\Anaconda3\envs\pytorch\lib\site-packages\sklearn\metrics\_classification.py:2399: UserWarning: y_pred contains classes not in y_true
  warnings.warn("y_pred contains classes not in y_true")
C:\Anaconda3\envs\pytorch\lib\site-packages\sklearn\metrics\_classification.py:2399: UserWarning: y_pred contains classes not in y_true
  warnings.warn("y_pred contains classes not in y_true")
C:\Anaconda3\envs\pytorch\lib\site-packages\sklearn\metrics\_classification.py:2399: UserWarning: y_pred contains classes not in y_true
  warnings.warn("y_pred contains classes not in y_true")
C:\Anaconda3\envs\pytorch\lib\site-packages\sklearn\metrics\_classification.py:2399: UserWarning: y_pred contains classes not in y_true
  warnings.warn("y_pred contains classes not in y_true")
C:\Anaconda3\envs\pytorch\lib\site-packages\sklearn\metrics\_classification.py:2399: UserWarning: y_pred contains classes not in y_true
  warnings.warn("y_pred contains classes not in y_true")
C:\Anaconda3\envs\pytorch\lib\site-packages\sklearn\metrics\_classification.py:2399: UserWarning: y_pred contains classes not in y_true
  warnings.warn("y_pred contains classes not in y_true")
C:\Anaconda3\envs\pytorch\lib\site-packages\sklearn\metrics\_classification.py:2399: UserWarning: y_pred contains classes not in y_true
  warnings.warn("y_pred contains classes not in y_true")
C:\Anaconda3\envs\pytorch\lib\site-packages\sklearn\metrics\_classification.py:2399: UserWarning: y_pred contains classes not in y_true
  warnings.warn("y_pred contains classes not in y_true")
C:\Anaconda3\envs\pytorch\lib\site-packages\sklearn\metrics\_classification.py:2399: UserWarning: y_pred contains classes not in y_true
  warnings.warn("y_pred contains classes not in y_true")
C:\Anaconda3\envs\pytorch\lib\site-packages\sklearn\metrics\_classification.py:2399: UserWarning: y_pred contains classes not in y_true
  warnings.warn("y_pred contains classes not in y_true")
C:\Anaconda3\envs\pytorch\lib\site-packages\sklearn\metrics\_classification.py:2399: UserWarning: y_pred contains classes not in y_true
  warnings.warn("y_pred contains classes not in y_true")
C:\Anaconda3\envs\pytorch\lib\site-packages\sklearn\metrics\_classification.py:2399: UserWarning: y_pred contains classes not in y_true
  warnings.warn("y_pred contains classes not in y_true")
C:\Anaconda3\envs\pytorch\lib\site-packages\sklearn\metrics\_classification.py:2399: UserWarning: y_pred contains classes not in y_true
  warnings.warn("y_pred contains classes not in y_true")
C:\Anaconda3\envs\pytorch\lib\site-packages\sklearn\metrics\_classification.py:2399: UserWarning: y_pred contains classes not in y_true
  warnings.warn("y_pred contains classes not in y_true")
C:\Anaconda3\envs\pytorch\lib\site-packages\sklearn\metrics\_classification.py:2399: UserWarning: y_pred contains classes not in y_true
  warnings.warn("y_pred contains classes not in y_true")
C:\Anaconda3\envs\pytorch\lib\site-packages\sklearn\metrics\_classification.py:2399: UserWarning: y_pred contains classes not in y_true
  warnings.warn("y_pred contains classes not in y_true")
C:\Anaconda3\envs\pytorch\lib\site-packages\sklearn\metrics\_classification.py:2399: UserWarning: y_pred contains classes not in y_true
  warnings.warn("y_pred contains classes not in y_true")
C:\Anaconda3\envs\pytorch\lib\site-packages\sklearn\metrics\_classification.py:2399: UserWarning: y_pred contains classes not in y_true
  warnings.warn("y_pred contains classes not in y_true")
C:\Anaconda3\envs\pytorch\lib\site-packages\sklearn\metrics\_classification.py:2399: UserWarning: y_pred contains classes not in y_true
  warnings.warn("y_pred contains classes not in y_true")
C:\Anaconda3\envs\pytorch\lib\site-packages\sklearn\metrics\_classification.py:2399: UserWarning: y_pred contains classes not in y_true
  warnings.warn("y_pred contains classes not in y_true")
C:\Anaconda3\envs\pytorch\lib\site-packages\sklearn\metrics\_classification.py:2399: UserWarning: y_pred contains classes not in y_true
  warnings.warn("y_pred contains classes not in y_true")
C:\Anaconda3\envs\pytorch\lib\site-packages\sklearn\metrics\_classification.py:2399: UserWarning: y_pred contains classes not in y_true
  warnings.warn("y_pred contains classes not in y_true")
C:\Anaconda3\envs\pytorch\lib\site-packages\sklearn\metrics\_classification.py:2399: UserWarning: y_pred contains classes not in y_true
  warnings.warn("y_pred contains classes not in y_true")
C:\Anaconda3\envs\pytorch\lib\site-packages\sklearn\metrics\_classification.py:2399: UserWarning: y_pred contains classes not in y_true
  warnings.warn("y_pred contains classes not in y_true")
C:\Anaconda3\envs\pytorch\lib\site-packages\sklearn\metrics\_classification.py:2399: UserWarning: y_pred contains classes not in y_true
  warnings.warn("y_pred contains classes not in y_true")
C:\Anaconda3\envs\pytorch\lib\site-packages\sklearn\metrics\_classification.py:2399: UserWarning: y_pred contains classes not in y_true
  warnings.warn("y_pred contains classes not in y_true")
C:\Anaconda3\envs\pytorch\lib\site-packages\sklearn\metrics\_classification.py:2399: UserWarning: y_pred contains classes not in y_true
  warnings.warn("y_pred contains classes not in y_true")
C:\Anaconda3\envs\pytorch\lib\site-packages\sklearn\metrics\_classification.py:2399: UserWarning: y_pred contains classes not in y_true
  warnings.warn("y_pred contains classes not in y_true")
C:\Anaconda3\envs\pytorch\lib\site-packages\sklearn\metrics\_classification.py:2399: UserWarning: y_pred contains classes not in y_true
  warnings.warn("y_pred contains classes not in y_true")
C:\Anaconda3\envs\pytorch\lib\site-packages\sklearn\metrics\_classification.py:2399: UserWarning: y_pred contains classes not in y_true
  warnings.warn("y_pred contains classes not in y_true")
C:\Anaconda3\envs\pytorch\lib\site-packages\sklearn\metrics\_classification.py:2399: UserWarning: y_pred contains classes not in y_true
  warnings.warn("y_pred contains classes not in y_true")
C:\Anaconda3\envs\pytorch\lib\site-packages\sklearn\metrics\_classification.py:2399: UserWarning: y_pred contains classes not in y_true
  warnings.warn("y_pred contains classes not in y_true")
C:\Anaconda3\envs\pytorch\lib\site-packages\sklearn\metrics\_classification.py:2399: UserWarning: y_pred contains classes not in y_true
  warnings.warn("y_pred contains classes not in y_true")
C:\Anaconda3\envs\pytorch\lib\site-packages\sklearn\metrics\_classification.py:2399: UserWarning: y_pred contains classes not in y_true
  warnings.warn("y_pred contains classes not in y_true")
C:\Anaconda3\envs\pytorch\lib\site-packages\sklearn\metrics\_classification.py:2399: UserWarning: y_pred contains classes not in y_true
  warnings.warn("y_pred contains classes not in y_true")
C:\Anaconda3\envs\pytorch\lib\site-packages\sklearn\metrics\_classification.py:2399: UserWarning: y_pred contains classes not in y_true
  warnings.warn("y_pred contains classes not in y_true")
C:\Anaconda3\envs\pytorch\lib\site-packages\sklearn\metrics\_classification.py:2399: UserWarning: y_pred contains classes not in y_true
  warnings.warn("y_pred contains classes not in y_true")
C:\Anaconda3\envs\pytorch\lib\site-packages\sklearn\metrics\_classification.py:2399: UserWarning: y_pred contains classes not in y_true
  warnings.warn("y_pred contains classes not in y_true")
C:\Anaconda3\envs\pytorch\lib\site-packages\sklearn\metrics\_classification.py:2399: UserWarning: y_pred contains classes not in y_true
  warnings.warn("y_pred contains classes not in y_true")
C:\Anaconda3\envs\pytorch\lib\site-packages\sklearn\metrics\_classification.py:2399: UserWarning: y_pred contains classes not in y_true
  warnings.warn("y_pred contains classes not in y_true")
C:\Anaconda3\envs\pytorch\lib\site-packages\sklearn\metrics\_classification.py:2399: UserWarning: y_pred contains classes not in y_true
  warnings.warn("y_pred contains classes not in y_true")
C:\Anaconda3\envs\pytorch\lib\site-packages\sklearn\metrics\_classification.py:2399: UserWarning: y_pred contains classes not in y_true
  warnings.warn("y_pred contains classes not in y_true")
C:\Anaconda3\envs\pytorch\lib\site-packages\sklearn\metrics\_classification.py:2399: UserWarning: y_pred contains classes not in y_true
  warnings.warn("y_pred contains classes not in y_true")
C:\Anaconda3\envs\pytorch\lib\site-packages\sklearn\metrics\_classification.py:2399: UserWarning: y_pred contains classes not in y_true
  warnings.warn("y_pred contains classes not in y_true")
C:\Anaconda3\envs\pytorch\lib\site-packages\sklearn\metrics\_classification.py:2399: UserWarning: y_pred contains classes not in y_true
  warnings.warn("y_pred contains classes not in y_true")
C:\Anaconda3\envs\pytorch\lib\site-packages\sklearn\metrics\_classification.py:2399: UserWarning: y_pred contains classes not in y_true
  warnings.warn("y_pred contains classes not in y_true")
C:\Anaconda3\envs\pytorch\lib\site-packages\sklearn\metrics\_classification.py:2399: UserWarning: y_pred contains classes not in y_true
  warnings.warn("y_pred contains classes not in y_true")
C:\Anaconda3\envs\pytorch\lib\site-packages\sklearn\metrics\_classification.py:2399: UserWarning: y_pred contains classes not in y_true
  warnings.warn("y_pred contains classes not in y_true")
C:\Anaconda3\envs\pytorch\lib\site-packages\sklearn\metrics\_classification.py:2399: UserWarning: y_pred contains classes not in y_true
  warnings.warn("y_pred contains classes not in y_true")
C:\Anaconda3\envs\pytorch\lib\site-packages\sklearn\metrics\_classification.py:2399: UserWarning: y_pred contains classes not in y_true
  warnings.warn("y_pred contains classes not in y_true")
C:\Anaconda3\envs\pytorch\lib\site-packages\sklearn\metrics\_classification.py:2399: UserWarning: y_pred contains classes not in y_true
  warnings.warn("y_pred contains classes not in y_true")
C:\Anaconda3\envs\pytorch\lib\site-packages\sklearn\metrics\_classification.py:2399: UserWarning: y_pred contains classes not in y_true
  warnings.warn("y_pred contains classes not in y_true")
C:\Anaconda3\envs\pytorch\lib\site-packages\sklearn\metrics\_classification.py:2399: UserWarning: y_pred contains classes not in y_true
  warnings.warn("y_pred contains classes not in y_true")
C:\Anaconda3\envs\pytorch\lib\site-packages\sklearn\metrics\_classification.py:2399: UserWarning: y_pred contains classes not in y_true
  warnings.warn("y_pred contains classes not in y_true")
C:\Anaconda3\envs\pytorch\lib\site-packages\sklearn\metrics\_classification.py:2399: UserWarning: y_pred contains classes not in y_true
  warnings.warn("y_pred contains classes not in y_true")
C:\Anaconda3\envs\pytorch\lib\site-packages\sklearn\metrics\_classification.py:2399: UserWarning: y_pred contains classes not in y_true
  warnings.warn("y_pred contains classes not in y_true")
C:\Anaconda3\envs\pytorch\lib\site-packages\sklearn\metrics\_classification.py:2399: UserWarning: y_pred contains classes not in y_true
  warnings.warn("y_pred contains classes not in y_true")
C:\Anaconda3\envs\pytorch\lib\site-packages\sklearn\metrics\_classification.py:2399: UserWarning: y_pred contains classes not in y_true
  warnings.warn("y_pred contains classes not in y_true")
C:\Anaconda3\envs\pytorch\lib\site-packages\sklearn\metrics\_classification.py:2399: UserWarning: y_pred contains classes not in y_true
  warnings.warn("y_pred contains classes not in y_true")
C:\Anaconda3\envs\pytorch\lib\site-packages\sklearn\metrics\_classification.py:2399: UserWarning: y_pred contains classes not in y_true
  warnings.warn("y_pred contains classes not in y_true")
C:\Anaconda3\envs\pytorch\lib\site-packages\sklearn\metrics\_classification.py:2399: UserWarning: y_pred contains classes not in y_true
  warnings.warn("y_pred contains classes not in y_true")
C:\Anaconda3\envs\pytorch\lib\site-packages\sklearn\metrics\_classification.py:2399: UserWarning: y_pred contains classes not in y_true
  warnings.warn("y_pred contains classes not in y_true")
C:\Anaconda3\envs\pytorch\lib\site-packages\sklearn\metrics\_classification.py:2399: UserWarning: y_pred contains classes not in y_true
  warnings.warn("y_pred contains classes not in y_true")
C:\Anaconda3\envs\pytorch\lib\site-packages\sklearn\metrics\_classification.py:2399: UserWarning: y_pred contains classes not in y_true
  warnings.warn("y_pred contains classes not in y_true")
C:\Anaconda3\envs\pytorch\lib\site-packages\sklearn\metrics\_classification.py:2399: UserWarning: y_pred contains classes not in y_true
  warnings.warn("y_pred contains classes not in y_true")
C:\Anaconda3\envs\pytorch\lib\site-packages\sklearn\metrics\_classification.py:2399: UserWarning: y_pred contains classes not in y_true
  warnings.warn("y_pred contains classes not in y_true")
C:\Anaconda3\envs\pytorch\lib\site-packages\sklearn\metrics\_classification.py:2399: UserWarning: y_pred contains classes not in y_true
  warnings.warn("y_pred contains classes not in y_true")
C:\Anaconda3\envs\pytorch\lib\site-packages\sklearn\metrics\_classification.py:2399: UserWarning: y_pred contains classes not in y_true
  warnings.warn("y_pred contains classes not in y_true")
C:\Anaconda3\envs\pytorch\lib\site-packages\sklearn\metrics\_classification.py:2399: UserWarning: y_pred contains classes not in y_true
  warnings.warn("y_pred contains classes not in y_true")
C:\Anaconda3\envs\pytorch\lib\site-packages\sklearn\metrics\_classification.py:2399: UserWarning: y_pred contains classes not in y_true
  warnings.warn("y_pred contains classes not in y_true")
C:\Anaconda3\envs\pytorch\lib\site-packages\sklearn\metrics\_classification.py:2399: UserWarning: y_pred contains classes not in y_true
  warnings.warn("y_pred contains classes not in y_true")
C:\Anaconda3\envs\pytorch\lib\site-packages\sklearn\metrics\_classification.py:2399: UserWarning: y_pred contains classes not in y_true
  warnings.warn("y_pred contains classes not in y_true")
C:\Anaconda3\envs\pytorch\lib\site-packages\sklearn\metrics\_classification.py:2399: UserWarning: y_pred contains classes not in y_true
  warnings.warn("y_pred contains classes not in y_true")
C:\Anaconda3\envs\pytorch\lib\site-packages\sklearn\metrics\_classification.py:2399: UserWarning: y_pred contains classes not in y_true
  warnings.warn("y_pred contains classes not in y_true")
C:\Anaconda3\envs\pytorch\lib\site-packages\sklearn\metrics\_classification.py:2399: UserWarning: y_pred contains classes not in y_true
  warnings.warn("y_pred contains classes not in y_true")
C:\Anaconda3\envs\pytorch\lib\site-packages\sklearn\metrics\_classification.py:2399: UserWarning: y_pred contains classes not in y_true
  warnings.warn("y_pred contains classes not in y_true")
C:\Anaconda3\envs\pytorch\lib\site-packages\sklearn\metrics\_classification.py:2399: UserWarning: y_pred contains classes not in y_true
  warnings.warn("y_pred contains classes not in y_true")
C:\Anaconda3\envs\pytorch\lib\site-packages\sklearn\metrics\_classification.py:2399: UserWarning: y_pred contains classes not in y_true
  warnings.warn("y_pred contains classes not in y_true")
C:\Anaconda3\envs\pytorch\lib\site-packages\sklearn\metrics\_classification.py:2399: UserWarning: y_pred contains classes not in y_true
  warnings.warn("y_pred contains classes not in y_true")
C:\Anaconda3\envs\pytorch\lib\site-packages\sklearn\metrics\_classification.py:2399: UserWarning: y_pred contains classes not in y_true
  warnings.warn("y_pred contains classes not in y_true")
C:\Anaconda3\envs\pytorch\lib\site-packages\sklearn\metrics\_classification.py:2399: UserWarning: y_pred contains classes not in y_true
  warnings.warn("y_pred contains classes not in y_true")
C:\Anaconda3\envs\pytorch\lib\site-packages\sklearn\metrics\_classification.py:2399: UserWarning: y_pred contains classes not in y_true
  warnings.warn("y_pred contains classes not in y_true")
C:\Anaconda3\envs\pytorch\lib\site-packages\sklearn\metrics\_classification.py:2399: UserWarning: y_pred contains classes not in y_true
  warnings.warn("y_pred contains classes not in y_true")
C:\Anaconda3\envs\pytorch\lib\site-packages\sklearn\metrics\_classification.py:2399: UserWarning: y_pred contains classes not in y_true
  warnings.warn("y_pred contains classes not in y_true")
C:\Anaconda3\envs\pytorch\lib\site-packages\sklearn\metrics\_classification.py:2399: UserWarning: y_pred contains classes not in y_true
  warnings.warn("y_pred contains classes not in y_true")
C:\Anaconda3\envs\pytorch\lib\site-packages\sklearn\metrics\_classification.py:2399: UserWarning: y_pred contains classes not in y_true
  warnings.warn("y_pred contains classes not in y_true")
C:\Anaconda3\envs\pytorch\lib\site-packages\sklearn\metrics\_classification.py:2399: UserWarning: y_pred contains classes not in y_true
  warnings.warn("y_pred contains classes not in y_true")
C:\Anaconda3\envs\pytorch\lib\site-packages\sklearn\metrics\_classification.py:2399: UserWarning: y_pred contains classes not in y_true
  warnings.warn("y_pred contains classes not in y_true")
C:\Anaconda3\envs\pytorch\lib\site-packages\sklearn\metrics\_classification.py:2399: UserWarning: y_pred contains classes not in y_true
  warnings.warn("y_pred contains classes not in y_true")
C:\Anaconda3\envs\pytorch\lib\site-packages\sklearn\metrics\_classification.py:2399: UserWarning: y_pred contains classes not in y_true
  warnings.warn("y_pred contains classes not in y_true")
C:\Anaconda3\envs\pytorch\lib\site-packages\sklearn\metrics\_classification.py:2399: UserWarning: y_pred contains classes not in y_true
  warnings.warn("y_pred contains classes not in y_true")
C:\Anaconda3\envs\pytorch\lib\site-packages\sklearn\metrics\_classification.py:2399: UserWarning: y_pred contains classes not in y_true
  warnings.warn("y_pred contains classes not in y_true")
C:\Anaconda3\envs\pytorch\lib\site-packages\sklearn\metrics\_classification.py:2399: UserWarning: y_pred contains classes not in y_true
  warnings.warn("y_pred contains classes not in y_true")
C:\Anaconda3\envs\pytorch\lib\site-packages\sklearn\metrics\_classification.py:2399: UserWarning: y_pred contains classes not in y_true
  warnings.warn("y_pred contains classes not in y_true")
C:\Anaconda3\envs\pytorch\lib\site-packages\sklearn\metrics\_classification.py:2399: UserWarning: y_pred contains classes not in y_true
  warnings.warn("y_pred contains classes not in y_true")
C:\Anaconda3\envs\pytorch\lib\site-packages\sklearn\metrics\_classification.py:2399: UserWarning: y_pred contains classes not in y_true
  warnings.warn("y_pred contains classes not in y_true")
C:\Anaconda3\envs\pytorch\lib\site-packages\sklearn\metrics\_classification.py:2399: UserWarning: y_pred contains classes not in y_true
  warnings.warn("y_pred contains classes not in y_true")
C:\Anaconda3\envs\pytorch\lib\site-packages\sklearn\metrics\_classification.py:2399: UserWarning: y_pred contains classes not in y_true
  warnings.warn("y_pred contains classes not in y_true")
C:\Anaconda3\envs\pytorch\lib\site-packages\sklearn\metrics\_classification.py:2399: UserWarning: y_pred contains classes not in y_true
  warnings.warn("y_pred contains classes not in y_true")
C:\Anaconda3\envs\pytorch\lib\site-packages\sklearn\metrics\_classification.py:2399: UserWarning: y_pred contains classes not in y_true
  warnings.warn("y_pred contains classes not in y_true")
C:\Anaconda3\envs\pytorch\lib\site-packages\sklearn\metrics\_classification.py:2399: UserWarning: y_pred contains classes not in y_true
  warnings.warn("y_pred contains classes not in y_true")
C:\Anaconda3\envs\pytorch\lib\site-packages\sklearn\metrics\_classification.py:2399: UserWarning: y_pred contains classes not in y_true
  warnings.warn("y_pred contains classes not in y_true")
C:\Anaconda3\envs\pytorch\lib\site-packages\sklearn\metrics\_classification.py:2399: UserWarning: y_pred contains classes not in y_true
  warnings.warn("y_pred contains classes not in y_true")
C:\Anaconda3\envs\pytorch\lib\site-packages\sklearn\metrics\_classification.py:2399: UserWarning: y_pred contains classes not in y_true
  warnings.warn("y_pred contains classes not in y_true")
C:\Anaconda3\envs\pytorch\lib\site-packages\sklearn\metrics\_classification.py:2399: UserWarning: y_pred contains classes not in y_true
  warnings.warn("y_pred contains classes not in y_true")
C:\Anaconda3\envs\pytorch\lib\site-packages\sklearn\metrics\_classification.py:2399: UserWarning: y_pred contains classes not in y_true
  warnings.warn("y_pred contains classes not in y_true")
C:\Anaconda3\envs\pytorch\lib\site-packages\sklearn\metrics\_classification.py:2399: UserWarning: y_pred contains classes not in y_true
  warnings.warn("y_pred contains classes not in y_true")
C:\Anaconda3\envs\pytorch\lib\site-packages\sklearn\metrics\_classification.py:2399: UserWarning: y_pred contains classes not in y_true
  warnings.warn("y_pred contains classes not in y_true")
C:\Anaconda3\envs\pytorch\lib\site-packages\sklearn\metrics\_classification.py:2399: UserWarning: y_pred contains classes not in y_true
  warnings.warn("y_pred contains classes not in y_true")
C:\Anaconda3\envs\pytorch\lib\site-packages\sklearn\metrics\_classification.py:2399: UserWarning: y_pred contains classes not in y_true
  warnings.warn("y_pred contains classes not in y_true")
C:\Anaconda3\envs\pytorch\lib\site-packages\sklearn\metrics\_classification.py:2399: UserWarning: y_pred contains classes not in y_true
  warnings.warn("y_pred contains classes not in y_true")
C:\Anaconda3\envs\pytorch\lib\site-packages\sklearn\metrics\_classification.py:2399: UserWarning: y_pred contains classes not in y_true
  warnings.warn("y_pred contains classes not in y_true")
C:\Anaconda3\envs\pytorch\lib\site-packages\sklearn\metrics\_classification.py:2399: UserWarning: y_pred contains classes not in y_true
  warnings.warn("y_pred contains classes not in y_true")
C:\Anaconda3\envs\pytorch\lib\site-packages\sklearn\metrics\_classification.py:2399: UserWarning: y_pred contains classes not in y_true
  warnings.warn("y_pred contains classes not in y_true")
C:\Anaconda3\envs\pytorch\lib\site-packages\sklearn\metrics\_classification.py:2399: UserWarning: y_pred contains classes not in y_true
  warnings.warn("y_pred contains classes not in y_true")
C:\Anaconda3\envs\pytorch\lib\site-packages\sklearn\metrics\_classification.py:2399: UserWarning: y_pred contains classes not in y_true
  warnings.warn("y_pred contains classes not in y_true")
C:\Anaconda3\envs\pytorch\lib\site-packages\sklearn\metrics\_classification.py:2399: UserWarning: y_pred contains classes not in y_true
  warnings.warn("y_pred contains classes not in y_true")
C:\Anaconda3\envs\pytorch\lib\site-packages\sklearn\metrics\_classification.py:2399: UserWarning: y_pred contains classes not in y_true
  warnings.warn("y_pred contains classes not in y_true")
C:\Anaconda3\envs\pytorch\lib\site-packages\sklearn\metrics\_classification.py:2399: UserWarning: y_pred contains classes not in y_true
  warnings.warn("y_pred contains classes not in y_true")
C:\Anaconda3\envs\pytorch\lib\site-packages\sklearn\metrics\_classification.py:2399: UserWarning: y_pred contains classes not in y_true
  warnings.warn("y_pred contains classes not in y_true")
C:\Anaconda3\envs\pytorch\lib\site-packages\sklearn\metrics\_classification.py:2399: UserWarning: y_pred contains classes not in y_true
  warnings.warn("y_pred contains classes not in y_true")
C:\Anaconda3\envs\pytorch\lib\site-packages\sklearn\metrics\_classification.py:2399: UserWarning: y_pred contains classes not in y_true
  warnings.warn("y_pred contains classes not in y_true")
C:\Anaconda3\envs\pytorch\lib\site-packages\sklearn\metrics\_classification.py:2399: UserWarning: y_pred contains classes not in y_true
  warnings.warn("y_pred contains classes not in y_true")
C:\Anaconda3\envs\pytorch\lib\site-packages\sklearn\metrics\_classification.py:2399: UserWarning: y_pred contains classes not in y_true
  warnings.warn("y_pred contains classes not in y_true")
C:\Anaconda3\envs\pytorch\lib\site-packages\sklearn\metrics\_classification.py:2399: UserWarning: y_pred contains classes not in y_true
  warnings.warn("y_pred contains classes not in y_true")
C:\Anaconda3\envs\pytorch\lib\site-packages\sklearn\metrics\_classification.py:2399: UserWarning: y_pred contains classes not in y_true
  warnings.warn("y_pred contains classes not in y_true")
C:\Anaconda3\envs\pytorch\lib\site-packages\sklearn\metrics\_classification.py:2399: UserWarning: y_pred contains classes not in y_true
  warnings.warn("y_pred contains classes not in y_true")
C:\Anaconda3\envs\pytorch\lib\site-packages\sklearn\metrics\_classification.py:2399: UserWarning: y_pred contains classes not in y_true
  warnings.warn("y_pred contains classes not in y_true")
C:\Anaconda3\envs\pytorch\lib\site-packages\sklearn\metrics\_classification.py:2399: UserWarning: y_pred contains classes not in y_true
  warnings.warn("y_pred contains classes not in y_true")
C:\Anaconda3\envs\pytorch\lib\site-packages\sklearn\metrics\_classification.py:2399: UserWarning: y_pred contains classes not in y_true
  warnings.warn("y_pred contains classes not in y_true")
C:\Anaconda3\envs\pytorch\lib\site-packages\sklearn\metrics\_classification.py:2399: UserWarning: y_pred contains classes not in y_true
  warnings.warn("y_pred contains classes not in y_true")
C:\Anaconda3\envs\pytorch\lib\site-packages\sklearn\metrics\_classification.py:2399: UserWarning: y_pred contains classes not in y_true
  warnings.warn("y_pred contains classes not in y_true")
C:\Anaconda3\envs\pytorch\lib\site-packages\sklearn\metrics\_classification.py:2399: UserWarning: y_pred contains classes not in y_true
  warnings.warn("y_pred contains classes not in y_true")
C:\Anaconda3\envs\pytorch\lib\site-packages\sklearn\metrics\_classification.py:2399: UserWarning: y_pred contains classes not in y_true
  warnings.warn("y_pred contains classes not in y_true")
C:\Anaconda3\envs\pytorch\lib\site-packages\sklearn\metrics\_classification.py:2399: UserWarning: y_pred contains classes not in y_true
  warnings.warn("y_pred contains classes not in y_true")
C:\Anaconda3\envs\pytorch\lib\site-packages\sklearn\metrics\_classification.py:2399: UserWarning: y_pred contains classes not in y_true
  warnings.warn("y_pred contains classes not in y_true")
C:\Anaconda3\envs\pytorch\lib\site-packages\sklearn\metrics\_classification.py:2399: UserWarning: y_pred contains classes not in y_true
  warnings.warn("y_pred contains classes not in y_true")
C:\Anaconda3\envs\pytorch\lib\site-packages\sklearn\metrics\_classification.py:2399: UserWarning: y_pred contains classes not in y_true
  warnings.warn("y_pred contains classes not in y_true")
C:\Anaconda3\envs\pytorch\lib\site-packages\sklearn\metrics\_classification.py:2399: UserWarning: y_pred contains classes not in y_true
  warnings.warn("y_pred contains classes not in y_true")
C:\Anaconda3\envs\pytorch\lib\site-packages\sklearn\metrics\_classification.py:2399: UserWarning: y_pred contains classes not in y_true
  warnings.warn("y_pred contains classes not in y_true")
C:\Anaconda3\envs\pytorch\lib\site-packages\sklearn\metrics\_classification.py:2399: UserWarning: y_pred contains classes not in y_true
  warnings.warn("y_pred contains classes not in y_true")
C:\Anaconda3\envs\pytorch\lib\site-packages\sklearn\metrics\_classification.py:2399: UserWarning: y_pred contains classes not in y_true
  warnings.warn("y_pred contains classes not in y_true")
C:\Anaconda3\envs\pytorch\lib\site-packages\sklearn\metrics\_classification.py:2399: UserWarning: y_pred contains classes not in y_true
  warnings.warn("y_pred contains classes not in y_true")
C:\Anaconda3\envs\pytorch\lib\site-packages\sklearn\metrics\_classification.py:2399: UserWarning: y_pred contains classes not in y_true
  warnings.warn("y_pred contains classes not in y_true")
C:\Anaconda3\envs\pytorch\lib\site-packages\sklearn\metrics\_classification.py:2399: UserWarning: y_pred contains classes not in y_true
  warnings.warn("y_pred contains classes not in y_true")
C:\Anaconda3\envs\pytorch\lib\site-packages\sklearn\metrics\_classification.py:2399: UserWarning: y_pred contains classes not in y_true
  warnings.warn("y_pred contains classes not in y_true")
C:\Anaconda3\envs\pytorch\lib\site-packages\sklearn\metrics\_classification.py:2399: UserWarning: y_pred contains classes not in y_true
  warnings.warn("y_pred contains classes not in y_true")
C:\Anaconda3\envs\pytorch\lib\site-packages\sklearn\metrics\_classification.py:2399: UserWarning: y_pred contains classes not in y_true
  warnings.warn("y_pred contains classes not in y_true")
C:\Anaconda3\envs\pytorch\lib\site-packages\sklearn\metrics\_classification.py:2399: UserWarning: y_pred contains classes not in y_true
  warnings.warn("y_pred contains classes not in y_true")
C:\Anaconda3\envs\pytorch\lib\site-packages\sklearn\metrics\_classification.py:2399: UserWarning: y_pred contains classes not in y_true
  warnings.warn("y_pred contains classes not in y_true")
C:\Anaconda3\envs\pytorch\lib\site-packages\sklearn\metrics\_classification.py:2399: UserWarning: y_pred contains classes not in y_true
  warnings.warn("y_pred contains classes not in y_true")
C:\Anaconda3\envs\pytorch\lib\site-packages\sklearn\metrics\_classification.py:2399: UserWarning: y_pred contains classes not in y_true
  warnings.warn("y_pred contains classes not in y_true")
C:\Anaconda3\envs\pytorch\lib\site-packages\sklearn\metrics\_classification.py:2399: UserWarning: y_pred contains classes not in y_true
  warnings.warn("y_pred contains classes not in y_true")
C:\Anaconda3\envs\pytorch\lib\site-packages\sklearn\metrics\_classification.py:2399: UserWarning: y_pred contains classes not in y_true
  warnings.warn("y_pred contains classes not in y_true")
C:\Anaconda3\envs\pytorch\lib\site-packages\sklearn\metrics\_classification.py:2399: UserWarning: y_pred contains classes not in y_true
  warnings.warn("y_pred contains classes not in y_true")
C:\Anaconda3\envs\pytorch\lib\site-packages\sklearn\metrics\_classification.py:2399: UserWarning: y_pred contains classes not in y_true
  warnings.warn("y_pred contains classes not in y_true")
C:\Anaconda3\envs\pytorch\lib\site-packages\sklearn\metrics\_classification.py:2399: UserWarning: y_pred contains classes not in y_true
  warnings.warn("y_pred contains classes not in y_true")
C:\Anaconda3\envs\pytorch\lib\site-packages\sklearn\metrics\_classification.py:2399: UserWarning: y_pred contains classes not in y_true
  warnings.warn("y_pred contains classes not in y_true")
C:\Anaconda3\envs\pytorch\lib\site-packages\sklearn\metrics\_classification.py:2399: UserWarning: y_pred contains classes not in y_true
  warnings.warn("y_pred contains classes not in y_true")
C:\Anaconda3\envs\pytorch\lib\site-packages\sklearn\metrics\_classification.py:2399: UserWarning: y_pred contains classes not in y_true
  warnings.warn("y_pred contains classes not in y_true")
C:\Anaconda3\envs\pytorch\lib\site-packages\sklearn\metrics\_classification.py:2399: UserWarning: y_pred contains classes not in y_true
  warnings.warn("y_pred contains classes not in y_true")
C:\Anaconda3\envs\pytorch\lib\site-packages\sklearn\metrics\_classification.py:2399: UserWarning: y_pred contains classes not in y_true
  warnings.warn("y_pred contains classes not in y_true")
C:\Anaconda3\envs\pytorch\lib\site-packages\sklearn\metrics\_classification.py:2399: UserWarning: y_pred contains classes not in y_true
  warnings.warn("y_pred contains classes not in y_true")
C:\Anaconda3\envs\pytorch\lib\site-packages\sklearn\metrics\_classification.py:2399: UserWarning: y_pred contains classes not in y_true
  warnings.warn("y_pred contains classes not in y_true")
C:\Anaconda3\envs\pytorch\lib\site-packages\sklearn\metrics\_classification.py:2399: UserWarning: y_pred contains classes not in y_true
  warnings.warn("y_pred contains classes not in y_true")
C:\Anaconda3\envs\pytorch\lib\site-packages\sklearn\metrics\_classification.py:2399: UserWarning: y_pred contains classes not in y_true
  warnings.warn("y_pred contains classes not in y_true")
C:\Anaconda3\envs\pytorch\lib\site-packages\sklearn\metrics\_classification.py:2399: UserWarning: y_pred contains classes not in y_true
  warnings.warn("y_pred contains classes not in y_true")
C:\Anaconda3\envs\pytorch\lib\site-packages\sklearn\metrics\_classification.py:2399: UserWarning: y_pred contains classes not in y_true
  warnings.warn("y_pred contains classes not in y_true")
C:\Anaconda3\envs\pytorch\lib\site-packages\sklearn\metrics\_classification.py:2399: UserWarning: y_pred contains classes not in y_true
  warnings.warn("y_pred contains classes not in y_true")
C:\Anaconda3\envs\pytorch\lib\site-packages\sklearn\metrics\_classification.py:2399: UserWarning: y_pred contains classes not in y_true
  warnings.warn("y_pred contains classes not in y_true")
C:\Anaconda3\envs\pytorch\lib\site-packages\sklearn\metrics\_classification.py:2399: UserWarning: y_pred contains classes not in y_true
  warnings.warn("y_pred contains classes not in y_true")
C:\Anaconda3\envs\pytorch\lib\site-packages\sklearn\metrics\_classification.py:2399: UserWarning: y_pred contains classes not in y_true
  warnings.warn("y_pred contains classes not in y_true")
C:\Anaconda3\envs\pytorch\lib\site-packages\sklearn\metrics\_classification.py:2399: UserWarning: y_pred contains classes not in y_true
  warnings.warn("y_pred contains classes not in y_true")
C:\Anaconda3\envs\pytorch\lib\site-packages\sklearn\metrics\_classification.py:2399: UserWarning: y_pred contains classes not in y_true
  warnings.warn("y_pred contains classes not in y_true")
C:\Anaconda3\envs\pytorch\lib\site-packages\sklearn\metrics\_classification.py:2399: UserWarning: y_pred contains classes not in y_true
  warnings.warn("y_pred contains classes not in y_true")
C:\Anaconda3\envs\pytorch\lib\site-packages\sklearn\metrics\_classification.py:2399: UserWarning: y_pred contains classes not in y_true
  warnings.warn("y_pred contains classes not in y_true")
C:\Anaconda3\envs\pytorch\lib\site-packages\sklearn\metrics\_classification.py:2399: UserWarning: y_pred contains classes not in y_true
  warnings.warn("y_pred contains classes not in y_true")
C:\Anaconda3\envs\pytorch\lib\site-packages\sklearn\metrics\_classification.py:2399: UserWarning: y_pred contains classes not in y_true
  warnings.warn("y_pred contains classes not in y_true")
C:\Anaconda3\envs\pytorch\lib\site-packages\sklearn\metrics\_classification.py:2399: UserWarning: y_pred contains classes not in y_true
  warnings.warn("y_pred contains classes not in y_true")
C:\Anaconda3\envs\pytorch\lib\site-packages\sklearn\metrics\_classification.py:2399: UserWarning: y_pred contains classes not in y_true
  warnings.warn("y_pred contains classes not in y_true")
C:\Anaconda3\envs\pytorch\lib\site-packages\sklearn\metrics\_classification.py:2399: UserWarning: y_pred contains classes not in y_true
  warnings.warn("y_pred contains classes not in y_true")
C:\Anaconda3\envs\pytorch\lib\site-packages\sklearn\metrics\_classification.py:2399: UserWarning: y_pred contains classes not in y_true
  warnings.warn("y_pred contains classes not in y_true")
C:\Anaconda3\envs\pytorch\lib\site-packages\sklearn\metrics\_classification.py:2399: UserWarning: y_pred contains classes not in y_true
  warnings.warn("y_pred contains classes not in y_true")
C:\Anaconda3\envs\pytorch\lib\site-packages\sklearn\metrics\_classification.py:2399: UserWarning: y_pred contains classes not in y_true
  warnings.warn("y_pred contains classes not in y_true")
C:\Anaconda3\envs\pytorch\lib\site-packages\sklearn\metrics\_classification.py:2399: UserWarning: y_pred contains classes not in y_true
  warnings.warn("y_pred contains classes not in y_true")
C:\Anaconda3\envs\pytorch\lib\site-packages\sklearn\metrics\_classification.py:2399: UserWarning: y_pred contains classes not in y_true
  warnings.warn("y_pred contains classes not in y_true")
C:\Anaconda3\envs\pytorch\lib\site-packages\sklearn\metrics\_classification.py:2399: UserWarning: y_pred contains classes not in y_true
  warnings.warn("y_pred contains classes not in y_true")
C:\Anaconda3\envs\pytorch\lib\site-packages\sklearn\metrics\_classification.py:2399: UserWarning: y_pred contains classes not in y_true
  warnings.warn("y_pred contains classes not in y_true")
C:\Anaconda3\envs\pytorch\lib\site-packages\sklearn\metrics\_classification.py:2399: UserWarning: y_pred contains classes not in y_true
  warnings.warn("y_pred contains classes not in y_true")
C:\Anaconda3\envs\pytorch\lib\site-packages\sklearn\metrics\_classification.py:2399: UserWarning: y_pred contains classes not in y_true
  warnings.warn("y_pred contains classes not in y_true")
C:\Anaconda3\envs\pytorch\lib\site-packages\sklearn\metrics\_classification.py:2399: UserWarning: y_pred contains classes not in y_true
  warnings.warn("y_pred contains classes not in y_true")
C:\Anaconda3\envs\pytorch\lib\site-packages\sklearn\metrics\_classification.py:2399: UserWarning: y_pred contains classes not in y_true
  warnings.warn("y_pred contains classes not in y_true")
C:\Anaconda3\envs\pytorch\lib\site-packages\sklearn\metrics\_classification.py:2399: UserWarning: y_pred contains classes not in y_true
  warnings.warn("y_pred contains classes not in y_true")
C:\Anaconda3\envs\pytorch\lib\site-packages\sklearn\metrics\_classification.py:2399: UserWarning: y_pred contains classes not in y_true
  warnings.warn("y_pred contains classes not in y_true")
C:\Anaconda3\envs\pytorch\lib\site-packages\sklearn\metrics\_classification.py:2399: UserWarning: y_pred contains classes not in y_true
  warnings.warn("y_pred contains classes not in y_true")
C:\Anaconda3\envs\pytorch\lib\site-packages\sklearn\metrics\_classification.py:2399: UserWarning: y_pred contains classes not in y_true
  warnings.warn("y_pred contains classes not in y_true")
C:\Anaconda3\envs\pytorch\lib\site-packages\sklearn\metrics\_classification.py:2399: UserWarning: y_pred contains classes not in y_true
  warnings.warn("y_pred contains classes not in y_true")
C:\Anaconda3\envs\pytorch\lib\site-packages\sklearn\metrics\_classification.py:2399: UserWarning: y_pred contains classes not in y_true
  warnings.warn("y_pred contains classes not in y_true")
C:\Anaconda3\envs\pytorch\lib\site-packages\sklearn\metrics\_classification.py:2399: UserWarning: y_pred contains classes not in y_true
  warnings.warn("y_pred contains classes not in y_true")
C:\Anaconda3\envs\pytorch\lib\site-packages\sklearn\metrics\_classification.py:2399: UserWarning: y_pred contains classes not in y_true
  warnings.warn("y_pred contains classes not in y_true")
C:\Anaconda3\envs\pytorch\lib\site-packages\sklearn\metrics\_classification.py:2399: UserWarning: y_pred contains classes not in y_true
  warnings.warn("y_pred contains classes not in y_true")
C:\Anaconda3\envs\pytorch\lib\site-packages\sklearn\metrics\_classification.py:2399: UserWarning: y_pred contains classes not in y_true
  warnings.warn("y_pred contains classes not in y_true")
C:\Anaconda3\envs\pytorch\lib\site-packages\sklearn\metrics\_classification.py:2399: UserWarning: y_pred contains classes not in y_true
  warnings.warn("y_pred contains classes not in y_true")
C:\Anaconda3\envs\pytorch\lib\site-packages\sklearn\metrics\_classification.py:2399: UserWarning: y_pred contains classes not in y_true
  warnings.warn("y_pred contains classes not in y_true")
C:\Anaconda3\envs\pytorch\lib\site-packages\sklearn\metrics\_classification.py:2399: UserWarning: y_pred contains classes not in y_true
  warnings.warn("y_pred contains classes not in y_true")
C:\Anaconda3\envs\pytorch\lib\site-packages\sklearn\metrics\_classification.py:2399: UserWarning: y_pred contains classes not in y_true
  warnings.warn("y_pred contains classes not in y_true")
C:\Anaconda3\envs\pytorch\lib\site-packages\sklearn\metrics\_classification.py:2399: UserWarning: y_pred contains classes not in y_true
  warnings.warn("y_pred contains classes not in y_true")
C:\Anaconda3\envs\pytorch\lib\site-packages\sklearn\metrics\_classification.py:2399: UserWarning: y_pred contains classes not in y_true
  warnings.warn("y_pred contains classes not in y_true")
C:\Anaconda3\envs\pytorch\lib\site-packages\sklearn\metrics\_classification.py:2399: UserWarning: y_pred contains classes not in y_true
  warnings.warn("y_pred contains classes not in y_true")
C:\Anaconda3\envs\pytorch\lib\site-packages\sklearn\metrics\_classification.py:2399: UserWarning: y_pred contains classes not in y_true
  warnings.warn("y_pred contains classes not in y_true")
C:\Anaconda3\envs\pytorch\lib\site-packages\sklearn\metrics\_classification.py:2399: UserWarning: y_pred contains classes not in y_true
  warnings.warn("y_pred contains classes not in y_true")
C:\Anaconda3\envs\pytorch\lib\site-packages\sklearn\metrics\_classification.py:2399: UserWarning: y_pred contains classes not in y_true
  warnings.warn("y_pred contains classes not in y_true")
C:\Anaconda3\envs\pytorch\lib\site-packages\sklearn\metrics\_classification.py:2399: UserWarning: y_pred contains classes not in y_true
  warnings.warn("y_pred contains classes not in y_true")
C:\Anaconda3\envs\pytorch\lib\site-packages\sklearn\metrics\_classification.py:2399: UserWarning: y_pred contains classes not in y_true
  warnings.warn("y_pred contains classes not in y_true")
C:\Anaconda3\envs\pytorch\lib\site-packages\sklearn\metrics\_classification.py:2399: UserWarning: y_pred contains classes not in y_true
  warnings.warn("y_pred contains classes not in y_true")
C:\Anaconda3\envs\pytorch\lib\site-packages\sklearn\metrics\_classification.py:2399: UserWarning: y_pred contains classes not in y_true
  warnings.warn("y_pred contains classes not in y_true")
C:\Anaconda3\envs\pytorch\lib\site-packages\sklearn\metrics\_classification.py:2399: UserWarning: y_pred contains classes not in y_true
  warnings.warn("y_pred contains classes not in y_true")
C:\Anaconda3\envs\pytorch\lib\site-packages\sklearn\metrics\_classification.py:2399: UserWarning: y_pred contains classes not in y_true
  warnings.warn("y_pred contains classes not in y_true")
C:\Anaconda3\envs\pytorch\lib\site-packages\sklearn\metrics\_classification.py:2399: UserWarning: y_pred contains classes not in y_true
  warnings.warn("y_pred contains classes not in y_true")
C:\Anaconda3\envs\pytorch\lib\site-packages\sklearn\metrics\_classification.py:2399: UserWarning: y_pred contains classes not in y_true
  warnings.warn("y_pred contains classes not in y_true")
C:\Anaconda3\envs\pytorch\lib\site-packages\sklearn\metrics\_classification.py:2399: UserWarning: y_pred contains classes not in y_true
  warnings.warn("y_pred contains classes not in y_true")
C:\Anaconda3\envs\pytorch\lib\site-packages\sklearn\metrics\_classification.py:2399: UserWarning: y_pred contains classes not in y_true
  warnings.warn("y_pred contains classes not in y_true")
C:\Anaconda3\envs\pytorch\lib\site-packages\sklearn\metrics\_classification.py:2399: UserWarning: y_pred contains classes not in y_true
  warnings.warn("y_pred contains classes not in y_true")
C:\Anaconda3\envs\pytorch\lib\site-packages\sklearn\metrics\_classification.py:2399: UserWarning: y_pred contains classes not in y_true
  warnings.warn("y_pred contains classes not in y_true")
C:\Anaconda3\envs\pytorch\lib\site-packages\sklearn\metrics\_classification.py:2399: UserWarning: y_pred contains classes not in y_true
  warnings.warn("y_pred contains classes not in y_true")
C:\Anaconda3\envs\pytorch\lib\site-packages\sklearn\metrics\_classification.py:2399: UserWarning: y_pred contains classes not in y_true
  warnings.warn("y_pred contains classes not in y_true")
C:\Anaconda3\envs\pytorch\lib\site-packages\sklearn\metrics\_classification.py:2399: UserWarning: y_pred contains classes not in y_true
  warnings.warn("y_pred contains classes not in y_true")
C:\Anaconda3\envs\pytorch\lib\site-packages\sklearn\metrics\_classification.py:2399: UserWarning: y_pred contains classes not in y_true
  warnings.warn("y_pred contains classes not in y_true")
C:\Anaconda3\envs\pytorch\lib\site-packages\sklearn\metrics\_classification.py:2399: UserWarning: y_pred contains classes not in y_true
  warnings.warn("y_pred contains classes not in y_true")
C:\Anaconda3\envs\pytorch\lib\site-packages\sklearn\metrics\_classification.py:2399: UserWarning: y_pred contains classes not in y_true
  warnings.warn("y_pred contains classes not in y_true")
C:\Anaconda3\envs\pytorch\lib\site-packages\sklearn\metrics\_classification.py:2399: UserWarning: y_pred contains classes not in y_true
  warnings.warn("y_pred contains classes not in y_true")
C:\Anaconda3\envs\pytorch\lib\site-packages\sklearn\metrics\_classification.py:2399: UserWarning: y_pred contains classes not in y_true
  warnings.warn("y_pred contains classes not in y_true")
C:\Anaconda3\envs\pytorch\lib\site-packages\sklearn\metrics\_classification.py:2399: UserWarning: y_pred contains classes not in y_true
  warnings.warn("y_pred contains classes not in y_true")
C:\Anaconda3\envs\pytorch\lib\site-packages\sklearn\metrics\_classification.py:2399: UserWarning: y_pred contains classes not in y_true
  warnings.warn("y_pred contains classes not in y_true")
C:\Anaconda3\envs\pytorch\lib\site-packages\sklearn\metrics\_classification.py:2399: UserWarning: y_pred contains classes not in y_true
  warnings.warn("y_pred contains classes not in y_true")
C:\Anaconda3\envs\pytorch\lib\site-packages\sklearn\metrics\_classification.py:2399: UserWarning: y_pred contains classes not in y_true
  warnings.warn("y_pred contains classes not in y_true")
C:\Anaconda3\envs\pytorch\lib\site-packages\sklearn\metrics\_classification.py:2399: UserWarning: y_pred contains classes not in y_true
  warnings.warn("y_pred contains classes not in y_true")
C:\Anaconda3\envs\pytorch\lib\site-packages\sklearn\metrics\_classification.py:2399: UserWarning: y_pred contains classes not in y_true
  warnings.warn("y_pred contains classes not in y_true")
C:\Anaconda3\envs\pytorch\lib\site-packages\sklearn\metrics\_classification.py:2399: UserWarning: y_pred contains classes not in y_true
  warnings.warn("y_pred contains classes not in y_true")
C:\Anaconda3\envs\pytorch\lib\site-packages\sklearn\metrics\_classification.py:2399: UserWarning: y_pred contains classes not in y_true
  warnings.warn("y_pred contains classes not in y_true")
C:\Anaconda3\envs\pytorch\lib\site-packages\sklearn\metrics\_classification.py:2399: UserWarning: y_pred contains classes not in y_true
  warnings.warn("y_pred contains classes not in y_true")
C:\Anaconda3\envs\pytorch\lib\site-packages\sklearn\metrics\_classification.py:2399: UserWarning: y_pred contains classes not in y_true
  warnings.warn("y_pred contains classes not in y_true")
C:\Anaconda3\envs\pytorch\lib\site-packages\sklearn\metrics\_classification.py:2399: UserWarning: y_pred contains classes not in y_true
  warnings.warn("y_pred contains classes not in y_true")
C:\Anaconda3\envs\pytorch\lib\site-packages\sklearn\metrics\_classification.py:2399: UserWarning: y_pred contains classes not in y_true
  warnings.warn("y_pred contains classes not in y_true")
C:\Anaconda3\envs\pytorch\lib\site-packages\sklearn\metrics\_classification.py:2399: UserWarning: y_pred contains classes not in y_true
  warnings.warn("y_pred contains classes not in y_true")
C:\Anaconda3\envs\pytorch\lib\site-packages\sklearn\metrics\_classification.py:2399: UserWarning: y_pred contains classes not in y_true
  warnings.warn("y_pred contains classes not in y_true")
C:\Anaconda3\envs\pytorch\lib\site-packages\sklearn\metrics\_classification.py:2399: UserWarning: y_pred contains classes not in y_true
  warnings.warn("y_pred contains classes not in y_true")
C:\Anaconda3\envs\pytorch\lib\site-packages\sklearn\metrics\_classification.py:2399: UserWarning: y_pred contains classes not in y_true
  warnings.warn("y_pred contains classes not in y_true")
C:\Anaconda3\envs\pytorch\lib\site-packages\sklearn\metrics\_classification.py:2399: UserWarning: y_pred contains classes not in y_true
  warnings.warn("y_pred contains classes not in y_true")
C:\Anaconda3\envs\pytorch\lib\site-packages\sklearn\metrics\_classification.py:2399: UserWarning: y_pred contains classes not in y_true
  warnings.warn("y_pred contains classes not in y_true")
C:\Anaconda3\envs\pytorch\lib\site-packages\sklearn\metrics\_classification.py:2399: UserWarning: y_pred contains classes not in y_true
  warnings.warn("y_pred contains classes not in y_true")
C:\Anaconda3\envs\pytorch\lib\site-packages\sklearn\metrics\_classification.py:2399: UserWarning: y_pred contains classes not in y_true
  warnings.warn("y_pred contains classes not in y_true")
C:\Anaconda3\envs\pytorch\lib\site-packages\sklearn\metrics\_classification.py:2399: UserWarning: y_pred contains classes not in y_true
  warnings.warn("y_pred contains classes not in y_true")
C:\Anaconda3\envs\pytorch\lib\site-packages\sklearn\metrics\_classification.py:2399: UserWarning: y_pred contains classes not in y_true
  warnings.warn("y_pred contains classes not in y_true")
C:\Anaconda3\envs\pytorch\lib\site-packages\sklearn\metrics\_classification.py:2399: UserWarning: y_pred contains classes not in y_true
  warnings.warn("y_pred contains classes not in y_true")
C:\Anaconda3\envs\pytorch\lib\site-packages\sklearn\metrics\_classification.py:2399: UserWarning: y_pred contains classes not in y_true
  warnings.warn("y_pred contains classes not in y_true")
C:\Anaconda3\envs\pytorch\lib\site-packages\sklearn\metrics\_classification.py:2399: UserWarning: y_pred contains classes not in y_true
  warnings.warn("y_pred contains classes not in y_true")
C:\Anaconda3\envs\pytorch\lib\site-packages\sklearn\metrics\_classification.py:2399: UserWarning: y_pred contains classes not in y_true
  warnings.warn("y_pred contains classes not in y_true")
C:\Anaconda3\envs\pytorch\lib\site-packages\sklearn\metrics\_classification.py:2399: UserWarning: y_pred contains classes not in y_true
  warnings.warn("y_pred contains classes not in y_true")
C:\Anaconda3\envs\pytorch\lib\site-packages\sklearn\metrics\_classification.py:2399: UserWarning: y_pred contains classes not in y_true
  warnings.warn("y_pred contains classes not in y_true")
C:\Anaconda3\envs\pytorch\lib\site-packages\sklearn\metrics\_classification.py:2399: UserWarning: y_pred contains classes not in y_true
  warnings.warn("y_pred contains classes not in y_true")
[journal] completed: D:\cyh\dictionary_learn\outputs\journal\apic_v3_screening_cn_ad\s1\seed43\nacc_to_adni
