[journal] ce_x epoch 1/50 train_loss=0.4891 val_loss=0.4731 val_auc=0.9812893106397664 phase=clean apis_l2=0.0 valid_frac=0.0
[journal] ce_x epoch 2/50 train_loss=0.3809 val_loss=2.4959 val_auc=0.8009598246493378 phase=clean apis_l2=0.0 valid_frac=0.0
[journal] ce_x epoch 3/50 train_loss=0.3381 val_loss=0.3713 val_auc=1.0455959873118599 phase=clean apis_l2=0.0 valid_frac=0.0
[journal] ce_x epoch 4/50 train_loss=0.3012 val_loss=0.3991 val_auc=1.003580086087816 phase=clean apis_l2=0.0 valid_frac=0.0
[journal] ce_x epoch 5/50 train_loss=0.2044 val_loss=0.4791 val_auc=1.0802931912567093 phase=clean apis_l2=0.0 valid_frac=0.0
[journal] ce_x epoch 6/50 train_loss=0.1199 val_loss=0.4585 val_auc=1.0753188534644078 phase=clean apis_l2=0.0 valid_frac=0.0
[journal] ce_x epoch 7/50 train_loss=0.1114 val_loss=0.3295 val_auc=1.0862136746604394 phase=clean apis_l2=0.0 valid_frac=0.0
[journal] ce_x epoch 8/50 train_loss=0.1356 val_loss=0.3566 val_auc=1.0594320902642766 phase=clean apis_l2=0.0 valid_frac=0.0
[journal] ce_x epoch 9/50 train_loss=0.1115 val_loss=0.3208 val_auc=1.1128629261410763 phase=clean apis_l2=0.0 valid_frac=0.0
[journal] ce_x epoch 10/50 train_loss=0.0511 val_loss=0.3692 val_auc=1.0985197654474832 phase=clean apis_l2=0.0 valid_frac=0.0
[journal] ce_x epoch 11/50 train_loss=0.0391 val_loss=0.7183 val_auc=1.0476519985255575 phase=clean apis_l2=0.0 valid_frac=0.0
[journal] ce_x epoch 12/50 train_loss=0.1520 val_loss=0.4494 val_auc=1.0466024849875242 phase=clean apis_l2=0.0 valid_frac=0.0
[journal] ce_x epoch 13/50 train_loss=0.1758 val_loss=0.3340 val_auc=1.0781266132732925 phase=clean apis_l2=0.0 valid_frac=0.0
[journal] ce_x epoch 14/50 train_loss=0.1563 val_loss=0.3755 val_auc=1.0787560446724112 phase=clean apis_l2=0.0 valid_frac=0.0
[journal] ce_x epoch 15/50 train_loss=0.0937 val_loss=0.5772 val_auc=1.0686423740155437 phase=clean apis_l2=0.0 valid_frac=0.0
[journal] ce_x epoch 16/50 train_loss=0.1185 val_loss=0.7231 val_auc=1.036335849174934 phase=clean apis_l2=0.0 valid_frac=0.0
[journal] ce_x epoch 17/50 train_loss=0.0467 val_loss=0.4720 val_auc=1.0769177223425461 phase=clean apis_l2=0.0 valid_frac=0.0
[journal] ce_x epoch 18/50 train_loss=0.0109 val_loss=0.3500 val_auc=1.068679133893402 phase=clean apis_l2=0.0 valid_frac=0.0
[journal] ce_x epoch 19/50 train_loss=0.0212 val_loss=0.3949 val_auc=1.093767981236395 phase=clean apis_l2=0.0 valid_frac=0.0
[journal] ce_x epoch 20/50 train_loss=0.0043 val_loss=0.4468 val_auc=1.086145610542473 phase=clean apis_l2=0.0 valid_frac=0.0
[journal] ce_x epoch 21/50 train_loss=0.0861 val_loss=0.5080 val_auc=1.0528042795536556 phase=clean apis_l2=0.0 valid_frac=0.0
[journal] ce_x epoch 22/50 train_loss=0.0232 val_loss=1.4783 val_auc=0.9641669450499389 phase=clean apis_l2=0.0 valid_frac=0.0
[journal] ce_x epoch 23/50 train_loss=0.1673 val_loss=0.4006 val_auc=1.0378170970581873 phase=clean apis_l2=0.0 valid_frac=0.0
[journal] ce_x epoch 24/50 train_loss=0.0713 val_loss=0.7313 val_auc=1.0034365631615239 phase=clean apis_l2=0.0 valid_frac=0.0
[journal] ce_x epoch 25/50 train_loss=0.0199 val_loss=0.4643 val_auc=1.0264263698644394 phase=clean apis_l2=0.0 valid_frac=0.0
[journal] ce_x epoch 26/50 train_loss=0.0060 val_loss=0.3969 val_auc=1.042167305462852 phase=clean apis_l2=0.0 valid_frac=0.0
[journal] ce_x epoch 27/50 train_loss=0.0420 val_loss=0.8212 val_auc=0.9894478752850788 phase=clean apis_l2=0.0 valid_frac=0.0
[journal] ce_x epoch 28/50 train_loss=0.1911 val_loss=4.6044 val_auc=0.8536210951445757 phase=clean apis_l2=0.0 valid_frac=0.0
[journal] ce_x epoch 29/50 train_loss=0.0479 val_loss=0.4219 val_auc=1.0835415494854492 phase=clean apis_l2=0.0 valid_frac=0.0
[journal] ce_x epoch 30/50 train_loss=0.0116 val_loss=0.3809 val_auc=1.0897245093116237 phase=clean apis_l2=0.0 valid_frac=0.0
[journal] ce_x epoch 31/50 train_loss=0.0049 val_loss=0.4942 val_auc=1.0816655911513022 phase=clean apis_l2=0.0 valid_frac=0.0
[journal] ce_x epoch 32/50 train_loss=0.0029 val_loss=0.3493 val_auc=1.1032666917025062 phase=clean apis_l2=0.0 valid_frac=0.0
[journal] ce_x epoch 33/50 train_loss=0.1075 val_loss=0.4909 val_auc=1.035263770581042 phase=clean apis_l2=0.0 valid_frac=0.0
[journal] ce_x epoch 34/50 train_loss=0.0823 val_loss=0.3397 val_auc=1.056515108047041 phase=clean apis_l2=0.0 valid_frac=0.0
[journal] ce_x epoch 35/50 train_loss=0.0367 val_loss=0.3669 val_auc=1.0486186456088948 phase=clean apis_l2=0.0 valid_frac=0.0
[journal] ce_x epoch 36/50 train_loss=0.0082 val_loss=0.4510 val_auc=1.0613863854919185 phase=clean apis_l2=0.0 valid_frac=0.0
[journal] ce_x epoch 37/50 train_loss=0.0048 val_loss=0.3460 val_auc=1.0651328878957247 phase=clean apis_l2=0.0 valid_frac=0.0
[journal] ce_x epoch 38/50 train_loss=0.0022 val_loss=0.3395 val_auc=1.066751852095179 phase=clean apis_l2=0.0 valid_frac=0.0
[journal] ce_x epoch 39/50 train_loss=0.0678 val_loss=0.3992 val_auc=1.0536559225016973 phase=clean apis_l2=0.0 valid_frac=0.0
[journal] ce_x epoch 40/50 train_loss=0.0125 val_loss=0.3592 val_auc=1.0958857419147245 phase=clean apis_l2=0.0 valid_frac=0.0
[journal] ce_x epoch 41/50 train_loss=0.0013 val_loss=0.3403 val_auc=1.0952805546403694 phase=clean apis_l2=0.0 valid_frac=0.0
[journal] ce_x epoch 42/50 train_loss=0.0020 val_loss=0.3331 val_auc=1.102940765504229 phase=clean apis_l2=0.0 valid_frac=0.0
[journal] ce_x epoch 43/50 train_loss=0.0008 val_loss=0.3311 val_auc=1.1021020103651418 phase=clean apis_l2=0.0 valid_frac=0.0
[journal] ce_x epoch 44/50 train_loss=0.0007 val_loss=0.3336 val_auc=1.1121133693624488 phase=clean apis_l2=0.0 valid_frac=0.0
[journal] ce_x epoch 45/50 train_loss=0.0005 val_loss=0.3443 val_auc=1.107142040413882 phase=clean apis_l2=0.0 valid_frac=0.0
[journal] ce_x epoch 46/50 train_loss=0.0471 val_loss=0.6280 val_auc=1.0741821418953168 phase=clean apis_l2=0.0 valid_frac=0.0
[journal] ce_x epoch 47/50 train_loss=0.0810 val_loss=0.8153 val_auc=1.0625840077491528 phase=clean apis_l2=0.0 valid_frac=0.0
[journal] ce_x epoch 48/50 train_loss=0.0364 val_loss=0.3936 val_auc=1.0850336737744146 phase=clean apis_l2=0.0 valid_frac=0.0
[journal] ce_x epoch 49/50 train_loss=0.0066 val_loss=0.4374 val_auc=1.081632328586078 phase=clean apis_l2=0.0 valid_frac=0.0
[journal] ce_x epoch 50/50 train_loss=0.0026 val_loss=0.5019 val_auc=1.0804393882013166 phase=clean apis_l2=0.0 valid_frac=0.0
C:\Anaconda3\envs\pytorch\lib\site-packages\sklearn\metrics\_classification.py:2399: UserWarning: y_pred contains classes not in y_true
  warnings.warn("y_pred contains classes not in y_true")
C:\Anaconda3\envs\pytorch\lib\site-packages\sklearn\metrics\_classification.py:2399: UserWarning: y_pred contains classes not in y_true
  warnings.warn("y_pred contains classes not in y_true")
C:\Anaconda3\envs\pytorch\lib\site-packages\sklearn\metrics\_classification.py:2399: UserWarning: y_pred contains classes not in y_true
  warnings.warn("y_pred contains classes not in y_true")
C:\Anaconda3\envs\pytorch\lib\site-packages\sklearn\metrics\_classification.py:2399: UserWarning: y_pred contains classes not in y_true
  warnings.warn("y_pred contains classes not in y_true")
C:\Anaconda3\envs\pytorch\lib\site-packages\sklearn\metrics\_classification.py:2399: UserWarning: y_pred contains classes not in y_true
  warnings.warn("y_pred contains classes not in y_true")
C:\Anaconda3\envs\pytorch\lib\site-packages\sklearn\metrics\_classification.py:2399: UserWarning: y_pred contains classes not in y_true
  warnings.warn("y_pred contains classes not in y_true")
C:\Anaconda3\envs\pytorch\lib\site-packages\sklearn\metrics\_classification.py:2399: UserWarning: y_pred contains classes not in y_true
  warnings.warn("y_pred contains classes not in y_true")
C:\Anaconda3\envs\pytorch\lib\site-packages\sklearn\metrics\_classification.py:2399: UserWarning: y_pred contains classes not in y_true
  warnings.warn("y_pred contains classes not in y_true")
C:\Anaconda3\envs\pytorch\lib\site-packages\sklearn\metrics\_classification.py:2399: UserWarning: y_pred contains classes not in y_true
  warnings.warn("y_pred contains classes not in y_true")
C:\Anaconda3\envs\pytorch\lib\site-packages\sklearn\metrics\_classification.py:2399: UserWarning: y_pred contains classes not in y_true
  warnings.warn("y_pred contains classes not in y_true")
C:\Anaconda3\envs\pytorch\lib\site-packages\sklearn\metrics\_classification.py:2399: UserWarning: y_pred contains classes not in y_true
  warnings.warn("y_pred contains classes not in y_true")
C:\Anaconda3\envs\pytorch\lib\site-packages\sklearn\metrics\_classification.py:2399: UserWarning: y_pred contains classes not in y_true
  warnings.warn("y_pred contains classes not in y_true")
C:\Anaconda3\envs\pytorch\lib\site-packages\sklearn\metrics\_classification.py:2399: UserWarning: y_pred contains classes not in y_true
  warnings.warn("y_pred contains classes not in y_true")
C:\Anaconda3\envs\pytorch\lib\site-packages\sklearn\metrics\_classification.py:2399: UserWarning: y_pred contains classes not in y_true
  warnings.warn("y_pred contains classes not in y_true")
C:\Anaconda3\envs\pytorch\lib\site-packages\sklearn\metrics\_classification.py:2399: UserWarning: y_pred contains classes not in y_true
  warnings.warn("y_pred contains classes not in y_true")
C:\Anaconda3\envs\pytorch\lib\site-packages\sklearn\metrics\_classification.py:2399: UserWarning: y_pred contains classes not in y_true
  warnings.warn("y_pred contains classes not in y_true")
C:\Anaconda3\envs\pytorch\lib\site-packages\sklearn\metrics\_classification.py:2399: UserWarning: y_pred contains classes not in y_true
  warnings.warn("y_pred contains classes not in y_true")
C:\Anaconda3\envs\pytorch\lib\site-packages\sklearn\metrics\_classification.py:2399: UserWarning: y_pred contains classes not in y_true
  warnings.warn("y_pred contains classes not in y_true")
C:\Anaconda3\envs\pytorch\lib\site-packages\sklearn\metrics\_classification.py:2399: UserWarning: y_pred contains classes not in y_true
  warnings.warn("y_pred contains classes not in y_true")
C:\Anaconda3\envs\pytorch\lib\site-packages\sklearn\metrics\_classification.py:2399: UserWarning: y_pred contains classes not in y_true
  warnings.warn("y_pred contains classes not in y_true")
C:\Anaconda3\envs\pytorch\lib\site-packages\sklearn\metrics\_classification.py:2399: UserWarning: y_pred contains classes not in y_true
  warnings.warn("y_pred contains classes not in y_true")
C:\Anaconda3\envs\pytorch\lib\site-packages\sklearn\metrics\_classification.py:2399: UserWarning: y_pred contains classes not in y_true
  warnings.warn("y_pred contains classes not in y_true")
C:\Anaconda3\envs\pytorch\lib\site-packages\sklearn\metrics\_classification.py:2399: UserWarning: y_pred contains classes not in y_true
  warnings.warn("y_pred contains classes not in y_true")
C:\Anaconda3\envs\pytorch\lib\site-packages\sklearn\metrics\_classification.py:2399: UserWarning: y_pred contains classes not in y_true
  warnings.warn("y_pred contains classes not in y_true")
C:\Anaconda3\envs\pytorch\lib\site-packages\sklearn\metrics\_classification.py:2399: UserWarning: y_pred contains classes not in y_true
  warnings.warn("y_pred contains classes not in y_true")
C:\Anaconda3\envs\pytorch\lib\site-packages\sklearn\metrics\_classification.py:2399: UserWarning: y_pred contains classes not in y_true
  warnings.warn("y_pred contains classes not in y_true")
C:\Anaconda3\envs\pytorch\lib\site-packages\sklearn\metrics\_classification.py:2399: UserWarning: y_pred contains classes not in y_true
  warnings.warn("y_pred contains classes not in y_true")
C:\Anaconda3\envs\pytorch\lib\site-packages\sklearn\metrics\_classification.py:2399: UserWarning: y_pred contains classes not in y_true
  warnings.warn("y_pred contains classes not in y_true")
C:\Anaconda3\envs\pytorch\lib\site-packages\sklearn\metrics\_classification.py:2399: UserWarning: y_pred contains classes not in y_true
  warnings.warn("y_pred contains classes not in y_true")
C:\Anaconda3\envs\pytorch\lib\site-packages\sklearn\metrics\_classification.py:2399: UserWarning: y_pred contains classes not in y_true
  warnings.warn("y_pred contains classes not in y_true")
C:\Anaconda3\envs\pytorch\lib\site-packages\sklearn\metrics\_classification.py:2399: UserWarning: y_pred contains classes not in y_true
  warnings.warn("y_pred contains classes not in y_true")
C:\Anaconda3\envs\pytorch\lib\site-packages\sklearn\metrics\_classification.py:2399: UserWarning: y_pred contains classes not in y_true
  warnings.warn("y_pred contains classes not in y_true")
C:\Anaconda3\envs\pytorch\lib\site-packages\sklearn\metrics\_classification.py:2399: UserWarning: y_pred contains classes not in y_true
  warnings.warn("y_pred contains classes not in y_true")
C:\Anaconda3\envs\pytorch\lib\site-packages\sklearn\metrics\_classification.py:2399: UserWarning: y_pred contains classes not in y_true
  warnings.warn("y_pred contains classes not in y_true")
C:\Anaconda3\envs\pytorch\lib\site-packages\sklearn\metrics\_classification.py:2399: UserWarning: y_pred contains classes not in y_true
  warnings.warn("y_pred contains classes not in y_true")
C:\Anaconda3\envs\pytorch\lib\site-packages\sklearn\metrics\_classification.py:2399: UserWarning: y_pred contains classes not in y_true
  warnings.warn("y_pred contains classes not in y_true")
C:\Anaconda3\envs\pytorch\lib\site-packages\sklearn\metrics\_classification.py:2399: UserWarning: y_pred contains classes not in y_true
  warnings.warn("y_pred contains classes not in y_true")
C:\Anaconda3\envs\pytorch\lib\site-packages\sklearn\metrics\_classification.py:2399: UserWarning: y_pred contains classes not in y_true
  warnings.warn("y_pred contains classes not in y_true")
C:\Anaconda3\envs\pytorch\lib\site-packages\sklearn\metrics\_classification.py:2399: UserWarning: y_pred contains classes not in y_true
  warnings.warn("y_pred contains classes not in y_true")
C:\Anaconda3\envs\pytorch\lib\site-packages\sklearn\metrics\_classification.py:2399: UserWarning: y_pred contains classes not in y_true
  warnings.warn("y_pred contains classes not in y_true")
C:\Anaconda3\envs\pytorch\lib\site-packages\sklearn\metrics\_classification.py:2399: UserWarning: y_pred contains classes not in y_true
  warnings.warn("y_pred contains classes not in y_true")
C:\Anaconda3\envs\pytorch\lib\site-packages\sklearn\metrics\_classification.py:2399: UserWarning: y_pred contains classes not in y_true
  warnings.warn("y_pred contains classes not in y_true")
[journal] mixstyle_x epoch 1/50 train_loss=0.5054 val_loss=0.7845 val_auc=0.9646783936384754 phase=mixstyle apis_l2=0.0 valid_frac=0.0
[journal] mixstyle_x epoch 2/50 train_loss=0.3862 val_loss=1.7635 val_auc=0.7763450217177288 phase=mixstyle apis_l2=0.0 valid_frac=0.0
[journal] mixstyle_x epoch 3/50 train_loss=0.3333 val_loss=0.4310 val_auc=1.0177506641908842 phase=mixstyle apis_l2=0.0 valid_frac=0.0
[journal] mixstyle_x epoch 4/50 train_loss=0.2525 val_loss=1.0095 val_auc=0.9175256726056915 phase=mixstyle apis_l2=0.0 valid_frac=0.0
[journal] mixstyle_x epoch 5/50 train_loss=0.2163 val_loss=0.4189 val_auc=1.047019424570874 phase=mixstyle apis_l2=0.0 valid_frac=0.0
[journal] mixstyle_x epoch 6/50 train_loss=0.1826 val_loss=0.3894 val_auc=1.0649209086299483 phase=mixstyle apis_l2=0.0 valid_frac=0.0
[journal] mixstyle_x epoch 7/50 train_loss=0.1752 val_loss=0.5159 val_auc=1.0471128473493967 phase=mixstyle apis_l2=0.0 valid_frac=0.0
[journal] mixstyle_x epoch 8/50 train_loss=0.1484 val_loss=0.4419 val_auc=1.0202996565262765 phase=mixstyle apis_l2=0.0 valid_frac=0.0
[journal] mixstyle_x epoch 9/50 train_loss=0.0873 val_loss=0.3779 val_auc=1.0906258811574512 phase=mixstyle apis_l2=0.0 valid_frac=0.0
[journal] mixstyle_x epoch 10/50 train_loss=0.0710 val_loss=0.3923 val_auc=1.0722750734211275 phase=mixstyle apis_l2=0.0 valid_frac=0.0
[journal] mixstyle_x epoch 11/50 train_loss=0.0406 val_loss=0.3578 val_auc=1.0752410232076741 phase=mixstyle apis_l2=0.0 valid_frac=0.0
[journal] mixstyle_x epoch 12/50 train_loss=0.1385 val_loss=0.3979 val_auc=1.0228110791637064 phase=mixstyle apis_l2=0.0 valid_frac=0.0
[journal] mixstyle_x epoch 13/50 train_loss=0.1351 val_loss=0.3967 val_auc=1.0450672452165897 phase=mixstyle apis_l2=0.0 valid_frac=0.0
[journal] mixstyle_x epoch 14/50 train_loss=0.1668 val_loss=0.3889 val_auc=1.05605048580109 phase=mixstyle apis_l2=0.0 valid_frac=0.0
[journal] mixstyle_x epoch 15/50 train_loss=0.0654 val_loss=0.9160 val_auc=0.9893748289651884 phase=mixstyle apis_l2=0.0 valid_frac=0.0
[journal] mixstyle_x epoch 16/50 train_loss=0.0807 val_loss=0.3838 val_auc=1.0676636075738886 phase=mixstyle apis_l2=0.0 valid_frac=0.0
[journal] mixstyle_x epoch 17/50 train_loss=0.0130 val_loss=0.3959 val_auc=1.0850074183259601 phase=mixstyle apis_l2=0.0 valid_frac=0.0
[journal] mixstyle_x epoch 18/50 train_loss=0.0036 val_loss=0.4043 val_auc=1.0742235321201519 phase=mixstyle apis_l2=0.0 valid_frac=0.0
[journal] mixstyle_x epoch 19/50 train_loss=0.0051 val_loss=0.3421 val_auc=1.0930454272615873 phase=mixstyle apis_l2=0.0 valid_frac=0.0
[journal] mixstyle_x epoch 20/50 train_loss=0.0023 val_loss=0.3790 val_auc=1.0951803113526806 phase=mixstyle apis_l2=0.0 valid_frac=0.0
[journal] mixstyle_x epoch 21/50 train_loss=0.0461 val_loss=0.3404 val_auc=1.0530538353742074 phase=mixstyle apis_l2=0.0 valid_frac=0.0
[journal] mixstyle_x epoch 22/50 train_loss=0.1012 val_loss=0.6553 val_auc=1.0157481549002738 phase=mixstyle apis_l2=0.0 valid_frac=0.0
[journal] mixstyle_x epoch 23/50 train_loss=0.0853 val_loss=0.3632 val_auc=1.0631230816450135 phase=mixstyle apis_l2=0.0 valid_frac=0.0
[journal] mixstyle_x epoch 24/50 train_loss=0.0101 val_loss=0.5738 val_auc=1.054473468614926 phase=mixstyle apis_l2=0.0 valid_frac=0.0
[journal] mixstyle_x epoch 25/50 train_loss=0.0195 val_loss=0.6197 val_auc=1.0484298060604258 phase=mixstyle apis_l2=0.0 valid_frac=0.0
[journal] mixstyle_x epoch 26/50 train_loss=0.0281 val_loss=0.3493 val_auc=1.0847946221515874 phase=mixstyle apis_l2=0.0 valid_frac=0.0
[journal] mixstyle_x epoch 27/50 train_loss=0.0515 val_loss=0.4657 val_auc=1.0229797097164588 phase=mixstyle apis_l2=0.0 valid_frac=0.0
[journal] mixstyle_x epoch 28/50 train_loss=0.0894 val_loss=0.5795 val_auc=1.0237097486869378 phase=mixstyle apis_l2=0.0 valid_frac=0.0
[journal] mixstyle_x epoch 29/50 train_loss=0.0214 val_loss=0.4197 val_auc=1.076533263273779 phase=mixstyle apis_l2=0.0 valid_frac=0.0
[journal] mixstyle_x epoch 30/50 train_loss=0.0034 val_loss=0.4186 val_auc=1.0793482881337904 phase=mixstyle apis_l2=0.0 valid_frac=0.0
[journal] mixstyle_x epoch 31/50 train_loss=0.0203 val_loss=0.3309 val_auc=1.099809008315406 phase=mixstyle apis_l2=0.0 valid_frac=0.0
[journal] mixstyle_x epoch 32/50 train_loss=0.0040 val_loss=0.3288 val_auc=1.1129079419078172 phase=mixstyle apis_l2=0.0 valid_frac=0.0
[journal] mixstyle_x epoch 33/50 train_loss=0.0368 val_loss=0.4307 val_auc=1.0364931591485895 phase=mixstyle apis_l2=0.0 valid_frac=0.0
[journal] mixstyle_x epoch 34/50 train_loss=0.0550 val_loss=0.3427 val_auc=1.1072065848522732 phase=mixstyle apis_l2=0.0 valid_frac=0.0
[journal] mixstyle_x epoch 35/50 train_loss=0.0565 val_loss=0.4460 val_auc=1.0674414015703124 phase=mixstyle apis_l2=0.0 valid_frac=0.0
[journal] mixstyle_x epoch 36/50 train_loss=0.0127 val_loss=0.3777 val_auc=1.0812322039857825 phase=mixstyle apis_l2=0.0 valid_frac=0.0
[journal] mixstyle_x epoch 37/50 train_loss=0.0156 val_loss=0.3471 val_auc=1.0967387929773782 phase=mixstyle apis_l2=0.0 valid_frac=0.0
[journal] mixstyle_x epoch 38/50 train_loss=0.0021 val_loss=0.3648 val_auc=1.0962329747408779 phase=mixstyle apis_l2=0.0 valid_frac=0.0
[journal] mixstyle_x epoch 39/50 train_loss=0.1003 val_loss=0.4449 val_auc=1.0854918947278334 phase=mixstyle apis_l2=0.0 valid_frac=0.0
[journal] mixstyle_x epoch 40/50 train_loss=0.0492 val_loss=2.5305 val_auc=0.9494391575509549 phase=mixstyle apis_l2=0.0 valid_frac=0.0
[journal] mixstyle_x epoch 41/50 train_loss=0.0261 val_loss=0.4324 val_auc=1.0516930115433696 phase=mixstyle apis_l2=0.0 valid_frac=0.0
[journal] mixstyle_x epoch 42/50 train_loss=0.0030 val_loss=0.4387 val_auc=1.066935797336355 phase=mixstyle apis_l2=0.0 valid_frac=0.0
[journal] mixstyle_x epoch 43/50 train_loss=0.0269 val_loss=0.3667 val_auc=1.087818570898204 phase=mixstyle apis_l2=0.0 valid_frac=0.0
[journal] mixstyle_x epoch 44/50 train_loss=0.0037 val_loss=0.2929 val_auc=1.105191316782124 phase=mixstyle apis_l2=0.0 valid_frac=0.0
[journal] mixstyle_x epoch 45/50 train_loss=0.0013 val_loss=0.3818 val_auc=1.0865504875152394 phase=mixstyle apis_l2=0.0 valid_frac=0.0
[journal] mixstyle_x epoch 46/50 train_loss=0.0533 val_loss=0.4833 val_auc=1.0928743822158893 phase=mixstyle apis_l2=0.0 valid_frac=0.0
[journal] mixstyle_x epoch 47/50 train_loss=0.1083 val_loss=0.5620 val_auc=1.055139629154474 phase=mixstyle apis_l2=0.0 valid_frac=0.0
[journal] mixstyle_x epoch 48/50 train_loss=0.0196 val_loss=0.2789 val_auc=1.1235239991624315 phase=mixstyle apis_l2=0.0 valid_frac=0.0
[journal] mixstyle_x epoch 49/50 train_loss=0.0026 val_loss=0.3155 val_auc=1.1155565251095523 phase=mixstyle apis_l2=0.0 valid_frac=0.0
[journal] mixstyle_x epoch 50/50 train_loss=0.0019 val_loss=0.3034 val_auc=1.1245758429662254 phase=mixstyle apis_l2=0.0 valid_frac=0.0
C:\Anaconda3\envs\pytorch\lib\site-packages\sklearn\metrics\_classification.py:2399: UserWarning: y_pred contains classes not in y_true
  warnings.warn("y_pred contains classes not in y_true")
C:\Anaconda3\envs\pytorch\lib\site-packages\sklearn\metrics\_classification.py:2399: UserWarning: y_pred contains classes not in y_true
  warnings.warn("y_pred contains classes not in y_true")
C:\Anaconda3\envs\pytorch\lib\site-packages\sklearn\metrics\_classification.py:2399: UserWarning: y_pred contains classes not in y_true
  warnings.warn("y_pred contains classes not in y_true")
C:\Anaconda3\envs\pytorch\lib\site-packages\sklearn\metrics\_classification.py:2399: UserWarning: y_pred contains classes not in y_true
  warnings.warn("y_pred contains classes not in y_true")
C:\Anaconda3\envs\pytorch\lib\site-packages\sklearn\metrics\_classification.py:2399: UserWarning: y_pred contains classes not in y_true
  warnings.warn("y_pred contains classes not in y_true")
C:\Anaconda3\envs\pytorch\lib\site-packages\sklearn\metrics\_classification.py:2399: UserWarning: y_pred contains classes not in y_true
  warnings.warn("y_pred contains classes not in y_true")
C:\Anaconda3\envs\pytorch\lib\site-packages\sklearn\metrics\_classification.py:2399: UserWarning: y_pred contains classes not in y_true
  warnings.warn("y_pred contains classes not in y_true")
C:\Anaconda3\envs\pytorch\lib\site-packages\sklearn\metrics\_classification.py:2399: UserWarning: y_pred contains classes not in y_true
  warnings.warn("y_pred contains classes not in y_true")
C:\Anaconda3\envs\pytorch\lib\site-packages\sklearn\metrics\_classification.py:2399: UserWarning: y_pred contains classes not in y_true
  warnings.warn("y_pred contains classes not in y_true")
C:\Anaconda3\envs\pytorch\lib\site-packages\sklearn\metrics\_classification.py:2399: UserWarning: y_pred contains classes not in y_true
  warnings.warn("y_pred contains classes not in y_true")
C:\Anaconda3\envs\pytorch\lib\site-packages\sklearn\metrics\_classification.py:2399: UserWarning: y_pred contains classes not in y_true
  warnings.warn("y_pred contains classes not in y_true")
C:\Anaconda3\envs\pytorch\lib\site-packages\sklearn\metrics\_classification.py:2399: UserWarning: y_pred contains classes not in y_true
  warnings.warn("y_pred contains classes not in y_true")
C:\Anaconda3\envs\pytorch\lib\site-packages\sklearn\metrics\_classification.py:2399: UserWarning: y_pred contains classes not in y_true
  warnings.warn("y_pred contains classes not in y_true")
C:\Anaconda3\envs\pytorch\lib\site-packages\sklearn\metrics\_classification.py:2399: UserWarning: y_pred contains classes not in y_true
  warnings.warn("y_pred contains classes not in y_true")
C:\Anaconda3\envs\pytorch\lib\site-packages\sklearn\metrics\_classification.py:2399: UserWarning: y_pred contains classes not in y_true
  warnings.warn("y_pred contains classes not in y_true")
C:\Anaconda3\envs\pytorch\lib\site-packages\sklearn\metrics\_classification.py:2399: UserWarning: y_pred contains classes not in y_true
  warnings.warn("y_pred contains classes not in y_true")
C:\Anaconda3\envs\pytorch\lib\site-packages\sklearn\metrics\_classification.py:2399: UserWarning: y_pred contains classes not in y_true
  warnings.warn("y_pred contains classes not in y_true")
C:\Anaconda3\envs\pytorch\lib\site-packages\sklearn\metrics\_classification.py:2399: UserWarning: y_pred contains classes not in y_true
  warnings.warn("y_pred contains classes not in y_true")
C:\Anaconda3\envs\pytorch\lib\site-packages\sklearn\metrics\_classification.py:2399: UserWarning: y_pred contains classes not in y_true
  warnings.warn("y_pred contains classes not in y_true")
C:\Anaconda3\envs\pytorch\lib\site-packages\sklearn\metrics\_classification.py:2399: UserWarning: y_pred contains classes not in y_true
  warnings.warn("y_pred contains classes not in y_true")
C:\Anaconda3\envs\pytorch\lib\site-packages\sklearn\metrics\_classification.py:2399: UserWarning: y_pred contains classes not in y_true
  warnings.warn("y_pred contains classes not in y_true")
C:\Anaconda3\envs\pytorch\lib\site-packages\sklearn\metrics\_classification.py:2399: UserWarning: y_pred contains classes not in y_true
  warnings.warn("y_pred contains classes not in y_true")
C:\Anaconda3\envs\pytorch\lib\site-packages\sklearn\metrics\_classification.py:2399: UserWarning: y_pred contains classes not in y_true
  warnings.warn("y_pred contains classes not in y_true")
C:\Anaconda3\envs\pytorch\lib\site-packages\sklearn\metrics\_classification.py:2399: UserWarning: y_pred contains classes not in y_true
  warnings.warn("y_pred contains classes not in y_true")
C:\Anaconda3\envs\pytorch\lib\site-packages\sklearn\metrics\_classification.py:2399: UserWarning: y_pred contains classes not in y_true
  warnings.warn("y_pred contains classes not in y_true")
C:\Anaconda3\envs\pytorch\lib\site-packages\sklearn\metrics\_classification.py:2399: UserWarning: y_pred contains classes not in y_true
  warnings.warn("y_pred contains classes not in y_true")
C:\Anaconda3\envs\pytorch\lib\site-packages\sklearn\metrics\_classification.py:2399: UserWarning: y_pred contains classes not in y_true
  warnings.warn("y_pred contains classes not in y_true")
C:\Anaconda3\envs\pytorch\lib\site-packages\sklearn\metrics\_classification.py:2399: UserWarning: y_pred contains classes not in y_true
  warnings.warn("y_pred contains classes not in y_true")
C:\Anaconda3\envs\pytorch\lib\site-packages\sklearn\metrics\_classification.py:2399: UserWarning: y_pred contains classes not in y_true
  warnings.warn("y_pred contains classes not in y_true")
C:\Anaconda3\envs\pytorch\lib\site-packages\sklearn\metrics\_classification.py:2399: UserWarning: y_pred contains classes not in y_true
  warnings.warn("y_pred contains classes not in y_true")
C:\Anaconda3\envs\pytorch\lib\site-packages\sklearn\metrics\_classification.py:2399: UserWarning: y_pred contains classes not in y_true
  warnings.warn("y_pred contains classes not in y_true")
C:\Anaconda3\envs\pytorch\lib\site-packages\sklearn\metrics\_classification.py:2399: UserWarning: y_pred contains classes not in y_true
  warnings.warn("y_pred contains classes not in y_true")
C:\Anaconda3\envs\pytorch\lib\site-packages\sklearn\metrics\_classification.py:2399: UserWarning: y_pred contains classes not in y_true
  warnings.warn("y_pred contains classes not in y_true")
C:\Anaconda3\envs\pytorch\lib\site-packages\sklearn\metrics\_classification.py:2399: UserWarning: y_pred contains classes not in y_true
  warnings.warn("y_pred contains classes not in y_true")
C:\Anaconda3\envs\pytorch\lib\site-packages\sklearn\metrics\_classification.py:2399: UserWarning: y_pred contains classes not in y_true
  warnings.warn("y_pred contains classes not in y_true")
C:\Anaconda3\envs\pytorch\lib\site-packages\sklearn\metrics\_classification.py:2399: UserWarning: y_pred contains classes not in y_true
  warnings.warn("y_pred contains classes not in y_true")
C:\Anaconda3\envs\pytorch\lib\site-packages\sklearn\metrics\_classification.py:2399: UserWarning: y_pred contains classes not in y_true
  warnings.warn("y_pred contains classes not in y_true")
C:\Anaconda3\envs\pytorch\lib\site-packages\sklearn\metrics\_classification.py:2399: UserWarning: y_pred contains classes not in y_true
  warnings.warn("y_pred contains classes not in y_true")
C:\Anaconda3\envs\pytorch\lib\site-packages\sklearn\metrics\_classification.py:2399: UserWarning: y_pred contains classes not in y_true
  warnings.warn("y_pred contains classes not in y_true")
C:\Anaconda3\envs\pytorch\lib\site-packages\sklearn\metrics\_classification.py:2399: UserWarning: y_pred contains classes not in y_true
  warnings.warn("y_pred contains classes not in y_true")
C:\Anaconda3\envs\pytorch\lib\site-packages\sklearn\metrics\_classification.py:2399: UserWarning: y_pred contains classes not in y_true
  warnings.warn("y_pred contains classes not in y_true")
C:\Anaconda3\envs\pytorch\lib\site-packages\sklearn\metrics\_classification.py:2399: UserWarning: y_pred contains classes not in y_true
  warnings.warn("y_pred contains classes not in y_true")
C:\Anaconda3\envs\pytorch\lib\site-packages\sklearn\metrics\_classification.py:2399: UserWarning: y_pred contains classes not in y_true
  warnings.warn("y_pred contains classes not in y_true")
C:\Anaconda3\envs\pytorch\lib\site-packages\sklearn\metrics\_classification.py:2399: UserWarning: y_pred contains classes not in y_true
  warnings.warn("y_pred contains classes not in y_true")
C:\Anaconda3\envs\pytorch\lib\site-packages\sklearn\metrics\_classification.py:2399: UserWarning: y_pred contains classes not in y_true
  warnings.warn("y_pred contains classes not in y_true")
C:\Anaconda3\envs\pytorch\lib\site-packages\sklearn\metrics\_classification.py:2399: UserWarning: y_pred contains classes not in y_true
  warnings.warn("y_pred contains classes not in y_true")
C:\Anaconda3\envs\pytorch\lib\site-packages\sklearn\metrics\_classification.py:2399: UserWarning: y_pred contains classes not in y_true
  warnings.warn("y_pred contains classes not in y_true")
C:\Anaconda3\envs\pytorch\lib\site-packages\sklearn\metrics\_classification.py:2399: UserWarning: y_pred contains classes not in y_true
  warnings.warn("y_pred contains classes not in y_true")
C:\Anaconda3\envs\pytorch\lib\site-packages\sklearn\metrics\_classification.py:2399: UserWarning: y_pred contains classes not in y_true
  warnings.warn("y_pred contains classes not in y_true")
C:\Anaconda3\envs\pytorch\lib\site-packages\sklearn\metrics\_classification.py:2399: UserWarning: y_pred contains classes not in y_true
  warnings.warn("y_pred contains classes not in y_true")
C:\Anaconda3\envs\pytorch\lib\site-packages\sklearn\metrics\_classification.py:2399: UserWarning: y_pred contains classes not in y_true
  warnings.warn("y_pred contains classes not in y_true")
C:\Anaconda3\envs\pytorch\lib\site-packages\sklearn\metrics\_classification.py:2399: UserWarning: y_pred contains classes not in y_true
  warnings.warn("y_pred contains classes not in y_true")
C:\Anaconda3\envs\pytorch\lib\site-packages\sklearn\metrics\_classification.py:2399: UserWarning: y_pred contains classes not in y_true
  warnings.warn("y_pred contains classes not in y_true")
C:\Anaconda3\envs\pytorch\lib\site-packages\sklearn\metrics\_classification.py:2399: UserWarning: y_pred contains classes not in y_true
  warnings.warn("y_pred contains classes not in y_true")
C:\Anaconda3\envs\pytorch\lib\site-packages\sklearn\metrics\_classification.py:2399: UserWarning: y_pred contains classes not in y_true
  warnings.warn("y_pred contains classes not in y_true")
C:\Anaconda3\envs\pytorch\lib\site-packages\sklearn\metrics\_classification.py:2399: UserWarning: y_pred contains classes not in y_true
  warnings.warn("y_pred contains classes not in y_true")
C:\Anaconda3\envs\pytorch\lib\site-packages\sklearn\metrics\_classification.py:2399: UserWarning: y_pred contains classes not in y_true
  warnings.warn("y_pred contains classes not in y_true")
C:\Anaconda3\envs\pytorch\lib\site-packages\sklearn\metrics\_classification.py:2399: UserWarning: y_pred contains classes not in y_true
  warnings.warn("y_pred contains classes not in y_true")
C:\Anaconda3\envs\pytorch\lib\site-packages\sklearn\metrics\_classification.py:2399: UserWarning: y_pred contains classes not in y_true
  warnings.warn("y_pred contains classes not in y_true")
C:\Anaconda3\envs\pytorch\lib\site-packages\sklearn\metrics\_classification.py:2399: UserWarning: y_pred contains classes not in y_true
  warnings.warn("y_pred contains classes not in y_true")
C:\Anaconda3\envs\pytorch\lib\site-packages\sklearn\metrics\_classification.py:2399: UserWarning: y_pred contains classes not in y_true
  warnings.warn("y_pred contains classes not in y_true")
C:\Anaconda3\envs\pytorch\lib\site-packages\sklearn\metrics\_classification.py:2399: UserWarning: y_pred contains classes not in y_true
  warnings.warn("y_pred contains classes not in y_true")
C:\Anaconda3\envs\pytorch\lib\site-packages\sklearn\metrics\_classification.py:2399: UserWarning: y_pred contains classes not in y_true
  warnings.warn("y_pred contains classes not in y_true")
C:\Anaconda3\envs\pytorch\lib\site-packages\sklearn\metrics\_classification.py:2399: UserWarning: y_pred contains classes not in y_true
  warnings.warn("y_pred contains classes not in y_true")
C:\Anaconda3\envs\pytorch\lib\site-packages\sklearn\metrics\_classification.py:2399: UserWarning: y_pred contains classes not in y_true
  warnings.warn("y_pred contains classes not in y_true")
C:\Anaconda3\envs\pytorch\lib\site-packages\sklearn\metrics\_classification.py:2399: UserWarning: y_pred contains classes not in y_true
  warnings.warn("y_pred contains classes not in y_true")
C:\Anaconda3\envs\pytorch\lib\site-packages\sklearn\metrics\_classification.py:2399: UserWarning: y_pred contains classes not in y_true
  warnings.warn("y_pred contains classes not in y_true")
C:\Anaconda3\envs\pytorch\lib\site-packages\sklearn\metrics\_classification.py:2399: UserWarning: y_pred contains classes not in y_true
  warnings.warn("y_pred contains classes not in y_true")
C:\Anaconda3\envs\pytorch\lib\site-packages\sklearn\metrics\_classification.py:2399: UserWarning: y_pred contains classes not in y_true
  warnings.warn("y_pred contains classes not in y_true")
C:\Anaconda3\envs\pytorch\lib\site-packages\sklearn\metrics\_classification.py:2399: UserWarning: y_pred contains classes not in y_true
  warnings.warn("y_pred contains classes not in y_true")
C:\Anaconda3\envs\pytorch\lib\site-packages\sklearn\metrics\_classification.py:2399: UserWarning: y_pred contains classes not in y_true
  warnings.warn("y_pred contains classes not in y_true")
C:\Anaconda3\envs\pytorch\lib\site-packages\sklearn\metrics\_classification.py:2399: UserWarning: y_pred contains classes not in y_true
  warnings.warn("y_pred contains classes not in y_true")
C:\Anaconda3\envs\pytorch\lib\site-packages\sklearn\metrics\_classification.py:2399: UserWarning: y_pred contains classes not in y_true
  warnings.warn("y_pred contains classes not in y_true")
C:\Anaconda3\envs\pytorch\lib\site-packages\sklearn\metrics\_classification.py:2399: UserWarning: y_pred contains classes not in y_true
  warnings.warn("y_pred contains classes not in y_true")
C:\Anaconda3\envs\pytorch\lib\site-packages\sklearn\metrics\_classification.py:2399: UserWarning: y_pred contains classes not in y_true
  warnings.warn("y_pred contains classes not in y_true")
C:\Anaconda3\envs\pytorch\lib\site-packages\sklearn\metrics\_classification.py:2399: UserWarning: y_pred contains classes not in y_true
  warnings.warn("y_pred contains classes not in y_true")
C:\Anaconda3\envs\pytorch\lib\site-packages\sklearn\metrics\_classification.py:2399: UserWarning: y_pred contains classes not in y_true
  warnings.warn("y_pred contains classes not in y_true")
C:\Anaconda3\envs\pytorch\lib\site-packages\sklearn\metrics\_classification.py:2399: UserWarning: y_pred contains classes not in y_true
  warnings.warn("y_pred contains classes not in y_true")
C:\Anaconda3\envs\pytorch\lib\site-packages\sklearn\metrics\_classification.py:2399: UserWarning: y_pred contains classes not in y_true
  warnings.warn("y_pred contains classes not in y_true")
C:\Anaconda3\envs\pytorch\lib\site-packages\sklearn\metrics\_classification.py:2399: UserWarning: y_pred contains classes not in y_true
  warnings.warn("y_pred contains classes not in y_true")
C:\Anaconda3\envs\pytorch\lib\site-packages\sklearn\metrics\_classification.py:2399: UserWarning: y_pred contains classes not in y_true
  warnings.warn("y_pred contains classes not in y_true")
C:\Anaconda3\envs\pytorch\lib\site-packages\sklearn\metrics\_classification.py:2399: UserWarning: y_pred contains classes not in y_true
  warnings.warn("y_pred contains classes not in y_true")
C:\Anaconda3\envs\pytorch\lib\site-packages\sklearn\metrics\_classification.py:2399: UserWarning: y_pred contains classes not in y_true
  warnings.warn("y_pred contains classes not in y_true")
C:\Anaconda3\envs\pytorch\lib\site-packages\sklearn\metrics\_classification.py:2399: UserWarning: y_pred contains classes not in y_true
  warnings.warn("y_pred contains classes not in y_true")
C:\Anaconda3\envs\pytorch\lib\site-packages\sklearn\metrics\_classification.py:2399: UserWarning: y_pred contains classes not in y_true
  warnings.warn("y_pred contains classes not in y_true")
C:\Anaconda3\envs\pytorch\lib\site-packages\sklearn\metrics\_classification.py:2399: UserWarning: y_pred contains classes not in y_true
  warnings.warn("y_pred contains classes not in y_true")
C:\Anaconda3\envs\pytorch\lib\site-packages\sklearn\metrics\_classification.py:2399: UserWarning: y_pred contains classes not in y_true
  warnings.warn("y_pred contains classes not in y_true")
C:\Anaconda3\envs\pytorch\lib\site-packages\sklearn\metrics\_classification.py:2399: UserWarning: y_pred contains classes not in y_true
  warnings.warn("y_pred contains classes not in y_true")
C:\Anaconda3\envs\pytorch\lib\site-packages\sklearn\metrics\_classification.py:2399: UserWarning: y_pred contains classes not in y_true
  warnings.warn("y_pred contains classes not in y_true")
C:\Anaconda3\envs\pytorch\lib\site-packages\sklearn\metrics\_classification.py:2399: UserWarning: y_pred contains classes not in y_true
  warnings.warn("y_pred contains classes not in y_true")
C:\Anaconda3\envs\pytorch\lib\site-packages\sklearn\metrics\_classification.py:2399: UserWarning: y_pred contains classes not in y_true
  warnings.warn("y_pred contains classes not in y_true")
C:\Anaconda3\envs\pytorch\lib\site-packages\sklearn\metrics\_classification.py:2399: UserWarning: y_pred contains classes not in y_true
  warnings.warn("y_pred contains classes not in y_true")
C:\Anaconda3\envs\pytorch\lib\site-packages\sklearn\metrics\_classification.py:2399: UserWarning: y_pred contains classes not in y_true
  warnings.warn("y_pred contains classes not in y_true")
C:\Anaconda3\envs\pytorch\lib\site-packages\sklearn\metrics\_classification.py:2399: UserWarning: y_pred contains classes not in y_true
  warnings.warn("y_pred contains classes not in y_true")
C:\Anaconda3\envs\pytorch\lib\site-packages\sklearn\metrics\_classification.py:2399: UserWarning: y_pred contains classes not in y_true
  warnings.warn("y_pred contains classes not in y_true")
C:\Anaconda3\envs\pytorch\lib\site-packages\sklearn\metrics\_classification.py:2399: UserWarning: y_pred contains classes not in y_true
  warnings.warn("y_pred contains classes not in y_true")
C:\Anaconda3\envs\pytorch\lib\site-packages\sklearn\metrics\_classification.py:2399: UserWarning: y_pred contains classes not in y_true
  warnings.warn("y_pred contains classes not in y_true")
C:\Anaconda3\envs\pytorch\lib\site-packages\sklearn\metrics\_classification.py:2399: UserWarning: y_pred contains classes not in y_true
  warnings.warn("y_pred contains classes not in y_true")
C:\Anaconda3\envs\pytorch\lib\site-packages\sklearn\metrics\_classification.py:2399: UserWarning: y_pred contains classes not in y_true
  warnings.warn("y_pred contains classes not in y_true")
C:\Anaconda3\envs\pytorch\lib\site-packages\sklearn\metrics\_classification.py:2399: UserWarning: y_pred contains classes not in y_true
  warnings.warn("y_pred contains classes not in y_true")
C:\Anaconda3\envs\pytorch\lib\site-packages\sklearn\metrics\_classification.py:2399: UserWarning: y_pred contains classes not in y_true
  warnings.warn("y_pred contains classes not in y_true")
C:\Anaconda3\envs\pytorch\lib\site-packages\sklearn\metrics\_classification.py:2399: UserWarning: y_pred contains classes not in y_true
  warnings.warn("y_pred contains classes not in y_true")
C:\Anaconda3\envs\pytorch\lib\site-packages\sklearn\metrics\_classification.py:2399: UserWarning: y_pred contains classes not in y_true
  warnings.warn("y_pred contains classes not in y_true")
C:\Anaconda3\envs\pytorch\lib\site-packages\sklearn\metrics\_classification.py:2399: UserWarning: y_pred contains classes not in y_true
  warnings.warn("y_pred contains classes not in y_true")
C:\Anaconda3\envs\pytorch\lib\site-packages\sklearn\metrics\_classification.py:2399: UserWarning: y_pred contains classes not in y_true
  warnings.warn("y_pred contains classes not in y_true")
C:\Anaconda3\envs\pytorch\lib\site-packages\sklearn\metrics\_classification.py:2399: UserWarning: y_pred contains classes not in y_true
  warnings.warn("y_pred contains classes not in y_true")
C:\Anaconda3\envs\pytorch\lib\site-packages\sklearn\metrics\_classification.py:2399: UserWarning: y_pred contains classes not in y_true
  warnings.warn("y_pred contains classes not in y_true")
C:\Anaconda3\envs\pytorch\lib\site-packages\sklearn\metrics\_classification.py:2399: UserWarning: y_pred contains classes not in y_true
  warnings.warn("y_pred contains classes not in y_true")
C:\Anaconda3\envs\pytorch\lib\site-packages\sklearn\metrics\_classification.py:2399: UserWarning: y_pred contains classes not in y_true
  warnings.warn("y_pred contains classes not in y_true")
C:\Anaconda3\envs\pytorch\lib\site-packages\sklearn\metrics\_classification.py:2399: UserWarning: y_pred contains classes not in y_true
  warnings.warn("y_pred contains classes not in y_true")
C:\Anaconda3\envs\pytorch\lib\site-packages\sklearn\metrics\_classification.py:2399: UserWarning: y_pred contains classes not in y_true
  warnings.warn("y_pred contains classes not in y_true")
C:\Anaconda3\envs\pytorch\lib\site-packages\sklearn\metrics\_classification.py:2399: UserWarning: y_pred contains classes not in y_true
  warnings.warn("y_pred contains classes not in y_true")
[journal] apic_v3_x epoch 1/50 train_loss=0.5035 val_loss=1.7708 val_auc=0.8913351171798121 phase=clean_warmup apis_l2=0.0 valid_frac=0.0
[journal] apic_v3_x epoch 2/50 train_loss=0.4048 val_loss=1.5417 val_auc=0.8235650957746073 phase=clean_warmup apis_l2=0.0 valid_frac=0.0
[journal] apic_v3_x epoch 3/50 train_loss=0.3289 val_loss=0.3531 val_auc=1.0565584256303122 phase=clean_warmup apis_l2=0.0 valid_frac=0.0
[journal] apic_v3_x epoch 4/50 train_loss=0.2580 val_loss=0.3123 val_auc=1.0567068132046933 phase=clean_warmup apis_l2=0.0 valid_frac=0.0
[journal] apic_v3_x epoch 5/50 train_loss=0.2122 val_loss=1.1035 val_auc=1.0105205122137462 phase=clean_warmup apis_l2=0.0 valid_frac=0.0
[journal] apic_v3_x epoch 6/50 train_loss=0.5375 val_loss=0.3653 val_auc=1.0543233135843257 phase=apis_warmup apis_l2=1.983033940961588e-05 valid_frac=1.0
[journal] apic_v3_x epoch 7/50 train_loss=0.5500 val_loss=0.3053 val_auc=1.0885795852642095 phase=apis_warmup apis_l2=1.3756180181052661e-05 valid_frac=1.0
[journal] apic_v3_x epoch 8/50 train_loss=0.3647 val_loss=0.5458 val_auc=1.0465988260859447 phase=apis_warmup apis_l2=1.0437268902252433e-05 valid_frac=1.0
[journal] apic_v3_x epoch 9/50 train_loss=0.2639 val_loss=0.2620 val_auc=1.1119175965576702 phase=apis_warmup apis_l2=8.310189694044037e-06 valid_frac=1.0
[journal] apic_v3_x epoch 10/50 train_loss=0.2169 val_loss=0.3677 val_auc=1.0935971523012267 phase=apis_warmup apis_l2=8.893194863607756e-06 valid_frac=1.0
[journal] apic_v3_x epoch 11/50 train_loss=0.1989 val_loss=0.4135 val_auc=1.0658520824102438 phase=joint apis_l2=9.28626168235862e-06 valid_frac=1.0
[journal] apic_v3_x epoch 12/50 train_loss=0.3537 val_loss=0.3377 val_auc=1.1182757310955964 phase=joint apis_l2=1.7184125719631486e-05 valid_frac=1.0
[journal] apic_v3_x epoch 13/50 train_loss=0.2629 val_loss=0.2689 val_auc=1.122940393255914 phase=joint apis_l2=1.2578960392129781e-05 valid_frac=1.0
[journal] apic_v3_x epoch 14/50 train_loss=0.3749 val_loss=0.3234 val_auc=1.1045969840643506 phase=joint apis_l2=2.281379307258543e-05 valid_frac=1.0
[journal] apic_v3_x epoch 15/50 train_loss=0.0714 val_loss=0.8845 val_auc=1.0325888002736625 phase=joint apis_l2=3.844744506933346e-06 valid_frac=1.0
[journal] apic_v3_x epoch 16/50 train_loss=0.2299 val_loss=0.3755 val_auc=1.083437568952658 phase=joint apis_l2=3.5621181451567574e-05 valid_frac=1.0
[journal] apic_v3_x epoch 17/50 train_loss=0.0329 val_loss=0.4554 val_auc=1.0891943897110288 phase=joint apis_l2=4.063193769267382e-06 valid_frac=1.0
[journal] apic_v3_x epoch 18/50 train_loss=0.0203 val_loss=0.3463 val_auc=1.1029051412950057 phase=joint apis_l2=1.5507057056392465e-06 valid_frac=1.0
[journal] apic_v3_x epoch 19/50 train_loss=0.0111 val_loss=0.3398 val_auc=1.1118849141070204 phase=joint apis_l2=1.247022269907519e-06 valid_frac=1.0
[journal] apic_v3_x epoch 20/50 train_loss=0.0053 val_loss=0.3519 val_auc=1.116141996222452 phase=joint apis_l2=7.293247864656258e-07 valid_frac=1.0
[journal] apic_v3_x epoch 21/50 train_loss=0.0603 val_loss=0.4600 val_auc=1.086297368658322 phase=joint apis_l2=5.051196055761496e-06 valid_frac=1.0
[journal] apic_v3_x epoch 22/50 train_loss=0.0711 val_loss=0.3935 val_auc=1.0283513986351132 phase=joint apis_l2=1.2265688020222862e-06 valid_frac=1.0
[journal] apic_v3_x epoch 23/50 train_loss=0.2907 val_loss=0.3278 val_auc=1.094252466430044 phase=joint apis_l2=1.3858906045217797e-05 valid_frac=1.0
[journal] apic_v3_x epoch 24/50 train_loss=0.0633 val_loss=0.3736 val_auc=1.0796885837140702 phase=joint apis_l2=6.624768951057158e-06 valid_frac=1.0
[journal] apic_v3_x epoch 25/50 train_loss=0.0869 val_loss=1.5047 val_auc=0.9906477479525043 phase=joint apis_l2=5.794262316499679e-06 valid_frac=1.0
[journal] apic_v3_x epoch 26/50 train_loss=0.0505 val_loss=0.3001 val_auc=1.148116532883959 phase=joint apis_l2=4.335677548479709e-06 valid_frac=1.0
[journal] apic_v3_x epoch 27/50 train_loss=0.1337 val_loss=0.4857 val_auc=1.05509848114083 phase=joint apis_l2=1.141016399635811e-05 valid_frac=1.0
[journal] apic_v3_x epoch 28/50 train_loss=0.3329 val_loss=1.9016 val_auc=0.945300660579644 phase=joint apis_l2=3.7148503977925694e-05 valid_frac=1.0
[journal] apic_v3_x epoch 29/50 train_loss=0.0974 val_loss=0.4858 val_auc=1.0900137650768125 phase=joint apis_l2=3.1279204388702865e-05 valid_frac=1.0
[journal] apic_v3_x epoch 30/50 train_loss=0.0339 val_loss=0.3848 val_auc=1.086295737956627 phase=joint apis_l2=1.2025522020757708e-05 valid_frac=1.0
[journal] apic_v3_x epoch 31/50 train_loss=0.0180 val_loss=0.4016 val_auc=1.0988911084491673 phase=joint apis_l2=4.449612140624137e-06 valid_frac=1.0
[journal] apic_v3_x epoch 32/50 train_loss=0.0044 val_loss=0.4306 val_auc=1.0937711274294843 phase=joint apis_l2=7.080788377632355e-07 valid_frac=1.0
[journal] apic_v3_x epoch 33/50 train_loss=0.1922 val_loss=0.3373 val_auc=1.094285372712839 phase=joint apis_l2=7.882634063853897e-06 valid_frac=1.0
[journal] apic_v3_x epoch 34/50 train_loss=0.0840 val_loss=0.3393 val_auc=1.0847517080178037 phase=joint apis_l2=2.973790421172493e-05 valid_frac=1.0
[journal] apic_v3_x epoch 35/50 train_loss=0.0147 val_loss=0.3545 val_auc=1.0856626247567158 phase=joint apis_l2=4.10714990622238e-06 valid_frac=1.0
[journal] apic_v3_x epoch 36/50 train_loss=0.0083 val_loss=0.3629 val_auc=1.1117003678516528 phase=joint apis_l2=1.6475797262409689e-06 valid_frac=1.0
[journal] apic_v3_x epoch 37/50 train_loss=0.0032 val_loss=0.3547 val_auc=1.1085142488062047 phase=joint apis_l2=5.681406910714397e-07 valid_frac=1.0
[journal] apic_v3_x epoch 38/50 train_loss=0.0025 val_loss=0.3746 val_auc=1.112048377623569 phase=joint apis_l2=7.15447268981612e-07 valid_frac=1.0
[journal] apic_v3_x epoch 39/50 train_loss=0.0838 val_loss=0.6444 val_auc=1.0866872274290102 phase=joint apis_l2=7.210309175145958e-06 valid_frac=1.0
[journal] apic_v3_x epoch 40/50 train_loss=0.3180 val_loss=0.4668 val_auc=1.061998766739844 phase=joint apis_l2=2.0097720178394375e-05 valid_frac=1.0
[journal] apic_v3_x epoch 41/50 train_loss=0.0280 val_loss=0.3693 val_auc=1.1016885862534498 phase=joint apis_l2=8.632935723196357e-06 valid_frac=1.0
[journal] apic_v3_x epoch 42/50 train_loss=0.0123 val_loss=0.4102 val_auc=1.1026609875951732 phase=joint apis_l2=1.635859970527581e-06 valid_frac=1.0
[journal] apic_v3_x epoch 43/50 train_loss=0.0054 val_loss=0.3610 val_auc=1.1116572138167324 phase=joint apis_l2=1.613187837316401e-06 valid_frac=1.0
[journal] apic_v3_x epoch 44/50 train_loss=0.0047 val_loss=0.3855 val_auc=1.108198458434012 phase=joint apis_l2=1.0165883028588082e-06 valid_frac=1.0
[journal] apic_v3_x epoch 45/50 train_loss=0.0024 val_loss=0.3688 val_auc=1.1145897045320374 phase=joint apis_l2=5.903006748039894e-07 valid_frac=1.0
[journal] apic_v3_x epoch 46/50 train_loss=0.0770 val_loss=0.5586 val_auc=1.055379347313934 phase=joint apis_l2=7.907268217312154e-06 valid_frac=1.0
[journal] apic_v3_x epoch 47/50 train_loss=0.0140 val_loss=0.5690 val_auc=1.070249674528841 phase=joint apis_l2=5.4029787874211685e-06 valid_frac=1.0
[journal] apic_v3_x epoch 48/50 train_loss=0.0069 val_loss=0.4362 val_auc=1.0916686181520878 phase=joint apis_l2=1.0749975939683657e-06 valid_frac=1.0
[journal] apic_v3_x epoch 49/50 train_loss=0.0026 val_loss=0.4663 val_auc=1.0995964165912557 phase=joint apis_l2=3.385811566557974e-07 valid_frac=1.0
[journal] apic_v3_x epoch 50/50 train_loss=0.0016 val_loss=0.4798 val_auc=1.1025922494139209 phase=joint apis_l2=1.8457774053316135e-07 valid_frac=1.0
C:\Anaconda3\envs\pytorch\lib\site-packages\sklearn\metrics\_classification.py:2399: UserWarning: y_pred contains classes not in y_true
  warnings.warn("y_pred contains classes not in y_true")
C:\Anaconda3\envs\pytorch\lib\site-packages\sklearn\metrics\_classification.py:2399: UserWarning: y_pred contains classes not in y_true
  warnings.warn("y_pred contains classes not in y_true")
C:\Anaconda3\envs\pytorch\lib\site-packages\sklearn\metrics\_classification.py:2399: UserWarning: y_pred contains classes not in y_true
  warnings.warn("y_pred contains classes not in y_true")
C:\Anaconda3\envs\pytorch\lib\site-packages\sklearn\metrics\_classification.py:2399: UserWarning: y_pred contains classes not in y_true
  warnings.warn("y_pred contains classes not in y_true")
C:\Anaconda3\envs\pytorch\lib\site-packages\sklearn\metrics\_classification.py:2399: UserWarning: y_pred contains classes not in y_true
  warnings.warn("y_pred contains classes not in y_true")
C:\Anaconda3\envs\pytorch\lib\site-packages\sklearn\metrics\_classification.py:2399: UserWarning: y_pred contains classes not in y_true
  warnings.warn("y_pred contains classes not in y_true")
C:\Anaconda3\envs\pytorch\lib\site-packages\sklearn\metrics\_classification.py:2399: UserWarning: y_pred contains classes not in y_true
  warnings.warn("y_pred contains classes not in y_true")
C:\Anaconda3\envs\pytorch\lib\site-packages\sklearn\metrics\_classification.py:2399: UserWarning: y_pred contains classes not in y_true
  warnings.warn("y_pred contains classes not in y_true")
C:\Anaconda3\envs\pytorch\lib\site-packages\sklearn\metrics\_classification.py:2399: UserWarning: y_pred contains classes not in y_true
  warnings.warn("y_pred contains classes not in y_true")
C:\Anaconda3\envs\pytorch\lib\site-packages\sklearn\metrics\_classification.py:2399: UserWarning: y_pred contains classes not in y_true
  warnings.warn("y_pred contains classes not in y_true")
C:\Anaconda3\envs\pytorch\lib\site-packages\sklearn\metrics\_classification.py:2399: UserWarning: y_pred contains classes not in y_true
  warnings.warn("y_pred contains classes not in y_true")
C:\Anaconda3\envs\pytorch\lib\site-packages\sklearn\metrics\_classification.py:2399: UserWarning: y_pred contains classes not in y_true
  warnings.warn("y_pred contains classes not in y_true")
C:\Anaconda3\envs\pytorch\lib\site-packages\sklearn\metrics\_classification.py:2399: UserWarning: y_pred contains classes not in y_true
  warnings.warn("y_pred contains classes not in y_true")
C:\Anaconda3\envs\pytorch\lib\site-packages\sklearn\metrics\_classification.py:2399: UserWarning: y_pred contains classes not in y_true
  warnings.warn("y_pred contains classes not in y_true")
C:\Anaconda3\envs\pytorch\lib\site-packages\sklearn\metrics\_classification.py:2399: UserWarning: y_pred contains classes not in y_true
  warnings.warn("y_pred contains classes not in y_true")
C:\Anaconda3\envs\pytorch\lib\site-packages\sklearn\metrics\_classification.py:2399: UserWarning: y_pred contains classes not in y_true
  warnings.warn("y_pred contains classes not in y_true")
C:\Anaconda3\envs\pytorch\lib\site-packages\sklearn\metrics\_classification.py:2399: UserWarning: y_pred contains classes not in y_true
  warnings.warn("y_pred contains classes not in y_true")
C:\Anaconda3\envs\pytorch\lib\site-packages\sklearn\metrics\_classification.py:2399: UserWarning: y_pred contains classes not in y_true
  warnings.warn("y_pred contains classes not in y_true")
C:\Anaconda3\envs\pytorch\lib\site-packages\sklearn\metrics\_classification.py:2399: UserWarning: y_pred contains classes not in y_true
  warnings.warn("y_pred contains classes not in y_true")
C:\Anaconda3\envs\pytorch\lib\site-packages\sklearn\metrics\_classification.py:2399: UserWarning: y_pred contains classes not in y_true
  warnings.warn("y_pred contains classes not in y_true")
C:\Anaconda3\envs\pytorch\lib\site-packages\sklearn\metrics\_classification.py:2399: UserWarning: y_pred contains classes not in y_true
  warnings.warn("y_pred contains classes not in y_true")
C:\Anaconda3\envs\pytorch\lib\site-packages\sklearn\metrics\_classification.py:2399: UserWarning: y_pred contains classes not in y_true
  warnings.warn("y_pred contains classes not in y_true")
C:\Anaconda3\envs\pytorch\lib\site-packages\sklearn\metrics\_classification.py:2399: UserWarning: y_pred contains classes not in y_true
  warnings.warn("y_pred contains classes not in y_true")
C:\Anaconda3\envs\pytorch\lib\site-packages\sklearn\metrics\_classification.py:2399: UserWarning: y_pred contains classes not in y_true
  warnings.warn("y_pred contains classes not in y_true")
C:\Anaconda3\envs\pytorch\lib\site-packages\sklearn\metrics\_classification.py:2399: UserWarning: y_pred contains classes not in y_true
  warnings.warn("y_pred contains classes not in y_true")
C:\Anaconda3\envs\pytorch\lib\site-packages\sklearn\metrics\_classification.py:2399: UserWarning: y_pred contains classes not in y_true
  warnings.warn("y_pred contains classes not in y_true")
C:\Anaconda3\envs\pytorch\lib\site-packages\sklearn\metrics\_classification.py:2399: UserWarning: y_pred contains classes not in y_true
  warnings.warn("y_pred contains classes not in y_true")
C:\Anaconda3\envs\pytorch\lib\site-packages\sklearn\metrics\_classification.py:2399: UserWarning: y_pred contains classes not in y_true
  warnings.warn("y_pred contains classes not in y_true")
C:\Anaconda3\envs\pytorch\lib\site-packages\sklearn\metrics\_classification.py:2399: UserWarning: y_pred contains classes not in y_true
  warnings.warn("y_pred contains classes not in y_true")
C:\Anaconda3\envs\pytorch\lib\site-packages\sklearn\metrics\_classification.py:2399: UserWarning: y_pred contains classes not in y_true
  warnings.warn("y_pred contains classes not in y_true")
C:\Anaconda3\envs\pytorch\lib\site-packages\sklearn\metrics\_classification.py:2399: UserWarning: y_pred contains classes not in y_true
  warnings.warn("y_pred contains classes not in y_true")
C:\Anaconda3\envs\pytorch\lib\site-packages\sklearn\metrics\_classification.py:2399: UserWarning: y_pred contains classes not in y_true
  warnings.warn("y_pred contains classes not in y_true")
C:\Anaconda3\envs\pytorch\lib\site-packages\sklearn\metrics\_classification.py:2399: UserWarning: y_pred contains classes not in y_true
  warnings.warn("y_pred contains classes not in y_true")
C:\Anaconda3\envs\pytorch\lib\site-packages\sklearn\metrics\_classification.py:2399: UserWarning: y_pred contains classes not in y_true
  warnings.warn("y_pred contains classes not in y_true")
C:\Anaconda3\envs\pytorch\lib\site-packages\sklearn\metrics\_classification.py:2399: UserWarning: y_pred contains classes not in y_true
  warnings.warn("y_pred contains classes not in y_true")
C:\Anaconda3\envs\pytorch\lib\site-packages\sklearn\metrics\_classification.py:2399: UserWarning: y_pred contains classes not in y_true
  warnings.warn("y_pred contains classes not in y_true")
C:\Anaconda3\envs\pytorch\lib\site-packages\sklearn\metrics\_classification.py:2399: UserWarning: y_pred contains classes not in y_true
  warnings.warn("y_pred contains classes not in y_true")
C:\Anaconda3\envs\pytorch\lib\site-packages\sklearn\metrics\_classification.py:2399: UserWarning: y_pred contains classes not in y_true
  warnings.warn("y_pred contains classes not in y_true")
C:\Anaconda3\envs\pytorch\lib\site-packages\sklearn\metrics\_classification.py:2399: UserWarning: y_pred contains classes not in y_true
  warnings.warn("y_pred contains classes not in y_true")
C:\Anaconda3\envs\pytorch\lib\site-packages\sklearn\metrics\_classification.py:2399: UserWarning: y_pred contains classes not in y_true
  warnings.warn("y_pred contains classes not in y_true")
C:\Anaconda3\envs\pytorch\lib\site-packages\sklearn\metrics\_classification.py:2399: UserWarning: y_pred contains classes not in y_true
  warnings.warn("y_pred contains classes not in y_true")
C:\Anaconda3\envs\pytorch\lib\site-packages\sklearn\metrics\_classification.py:2399: UserWarning: y_pred contains classes not in y_true
  warnings.warn("y_pred contains classes not in y_true")
C:\Anaconda3\envs\pytorch\lib\site-packages\sklearn\metrics\_classification.py:2399: UserWarning: y_pred contains classes not in y_true
  warnings.warn("y_pred contains classes not in y_true")
C:\Anaconda3\envs\pytorch\lib\site-packages\sklearn\metrics\_classification.py:2399: UserWarning: y_pred contains classes not in y_true
  warnings.warn("y_pred contains classes not in y_true")
C:\Anaconda3\envs\pytorch\lib\site-packages\sklearn\metrics\_classification.py:2399: UserWarning: y_pred contains classes not in y_true
  warnings.warn("y_pred contains classes not in y_true")
C:\Anaconda3\envs\pytorch\lib\site-packages\sklearn\metrics\_classification.py:2399: UserWarning: y_pred contains classes not in y_true
  warnings.warn("y_pred contains classes not in y_true")
C:\Anaconda3\envs\pytorch\lib\site-packages\sklearn\metrics\_classification.py:2399: UserWarning: y_pred contains classes not in y_true
  warnings.warn("y_pred contains classes not in y_true")
C:\Anaconda3\envs\pytorch\lib\site-packages\sklearn\metrics\_classification.py:2399: UserWarning: y_pred contains classes not in y_true
  warnings.warn("y_pred contains classes not in y_true")
C:\Anaconda3\envs\pytorch\lib\site-packages\sklearn\metrics\_classification.py:2399: UserWarning: y_pred contains classes not in y_true
  warnings.warn("y_pred contains classes not in y_true")
C:\Anaconda3\envs\pytorch\lib\site-packages\sklearn\metrics\_classification.py:2399: UserWarning: y_pred contains classes not in y_true
  warnings.warn("y_pred contains classes not in y_true")
C:\Anaconda3\envs\pytorch\lib\site-packages\sklearn\metrics\_classification.py:2399: UserWarning: y_pred contains classes not in y_true
  warnings.warn("y_pred contains classes not in y_true")
C:\Anaconda3\envs\pytorch\lib\site-packages\sklearn\metrics\_classification.py:2399: UserWarning: y_pred contains classes not in y_true
  warnings.warn("y_pred contains classes not in y_true")
C:\Anaconda3\envs\pytorch\lib\site-packages\sklearn\metrics\_classification.py:2399: UserWarning: y_pred contains classes not in y_true
  warnings.warn("y_pred contains classes not in y_true")
C:\Anaconda3\envs\pytorch\lib\site-packages\sklearn\metrics\_classification.py:2399: UserWarning: y_pred contains classes not in y_true
  warnings.warn("y_pred contains classes not in y_true")
C:\Anaconda3\envs\pytorch\lib\site-packages\sklearn\metrics\_classification.py:2399: UserWarning: y_pred contains classes not in y_true
  warnings.warn("y_pred contains classes not in y_true")
C:\Anaconda3\envs\pytorch\lib\site-packages\sklearn\metrics\_classification.py:2399: UserWarning: y_pred contains classes not in y_true
  warnings.warn("y_pred contains classes not in y_true")
C:\Anaconda3\envs\pytorch\lib\site-packages\sklearn\metrics\_classification.py:2399: UserWarning: y_pred contains classes not in y_true
  warnings.warn("y_pred contains classes not in y_true")
C:\Anaconda3\envs\pytorch\lib\site-packages\sklearn\metrics\_classification.py:2399: UserWarning: y_pred contains classes not in y_true
  warnings.warn("y_pred contains classes not in y_true")
C:\Anaconda3\envs\pytorch\lib\site-packages\sklearn\metrics\_classification.py:2399: UserWarning: y_pred contains classes not in y_true
  warnings.warn("y_pred contains classes not in y_true")
C:\Anaconda3\envs\pytorch\lib\site-packages\sklearn\metrics\_classification.py:2399: UserWarning: y_pred contains classes not in y_true
  warnings.warn("y_pred contains classes not in y_true")
C:\Anaconda3\envs\pytorch\lib\site-packages\sklearn\metrics\_classification.py:2399: UserWarning: y_pred contains classes not in y_true
  warnings.warn("y_pred contains classes not in y_true")
C:\Anaconda3\envs\pytorch\lib\site-packages\sklearn\metrics\_classification.py:2399: UserWarning: y_pred contains classes not in y_true
  warnings.warn("y_pred contains classes not in y_true")
C:\Anaconda3\envs\pytorch\lib\site-packages\sklearn\metrics\_classification.py:2399: UserWarning: y_pred contains classes not in y_true
  warnings.warn("y_pred contains classes not in y_true")
C:\Anaconda3\envs\pytorch\lib\site-packages\sklearn\metrics\_classification.py:2399: UserWarning: y_pred contains classes not in y_true
  warnings.warn("y_pred contains classes not in y_true")
C:\Anaconda3\envs\pytorch\lib\site-packages\sklearn\metrics\_classification.py:2399: UserWarning: y_pred contains classes not in y_true
  warnings.warn("y_pred contains classes not in y_true")
C:\Anaconda3\envs\pytorch\lib\site-packages\sklearn\metrics\_classification.py:2399: UserWarning: y_pred contains classes not in y_true
  warnings.warn("y_pred contains classes not in y_true")
C:\Anaconda3\envs\pytorch\lib\site-packages\sklearn\metrics\_classification.py:2399: UserWarning: y_pred contains classes not in y_true
  warnings.warn("y_pred contains classes not in y_true")
C:\Anaconda3\envs\pytorch\lib\site-packages\sklearn\metrics\_classification.py:2399: UserWarning: y_pred contains classes not in y_true
  warnings.warn("y_pred contains classes not in y_true")
C:\Anaconda3\envs\pytorch\lib\site-packages\sklearn\metrics\_classification.py:2399: UserWarning: y_pred contains classes not in y_true
  warnings.warn("y_pred contains classes not in y_true")
C:\Anaconda3\envs\pytorch\lib\site-packages\sklearn\metrics\_classification.py:2399: UserWarning: y_pred contains classes not in y_true
  warnings.warn("y_pred contains classes not in y_true")
C:\Anaconda3\envs\pytorch\lib\site-packages\sklearn\metrics\_classification.py:2399: UserWarning: y_pred contains classes not in y_true
  warnings.warn("y_pred contains classes not in y_true")
C:\Anaconda3\envs\pytorch\lib\site-packages\sklearn\metrics\_classification.py:2399: UserWarning: y_pred contains classes not in y_true
  warnings.warn("y_pred contains classes not in y_true")
C:\Anaconda3\envs\pytorch\lib\site-packages\sklearn\metrics\_classification.py:2399: UserWarning: y_pred contains classes not in y_true
  warnings.warn("y_pred contains classes not in y_true")
C:\Anaconda3\envs\pytorch\lib\site-packages\sklearn\metrics\_classification.py:2399: UserWarning: y_pred contains classes not in y_true
  warnings.warn("y_pred contains classes not in y_true")
C:\Anaconda3\envs\pytorch\lib\site-packages\sklearn\metrics\_classification.py:2399: UserWarning: y_pred contains classes not in y_true
  warnings.warn("y_pred contains classes not in y_true")
C:\Anaconda3\envs\pytorch\lib\site-packages\sklearn\metrics\_classification.py:2399: UserWarning: y_pred contains classes not in y_true
  warnings.warn("y_pred contains classes not in y_true")
C:\Anaconda3\envs\pytorch\lib\site-packages\sklearn\metrics\_classification.py:2399: UserWarning: y_pred contains classes not in y_true
  warnings.warn("y_pred contains classes not in y_true")
C:\Anaconda3\envs\pytorch\lib\site-packages\sklearn\metrics\_classification.py:2399: UserWarning: y_pred contains classes not in y_true
  warnings.warn("y_pred contains classes not in y_true")
C:\Anaconda3\envs\pytorch\lib\site-packages\sklearn\metrics\_classification.py:2399: UserWarning: y_pred contains classes not in y_true
  warnings.warn("y_pred contains classes not in y_true")
C:\Anaconda3\envs\pytorch\lib\site-packages\sklearn\metrics\_classification.py:2399: UserWarning: y_pred contains classes not in y_true
  warnings.warn("y_pred contains classes not in y_true")
C:\Anaconda3\envs\pytorch\lib\site-packages\sklearn\metrics\_classification.py:2399: UserWarning: y_pred contains classes not in y_true
  warnings.warn("y_pred contains classes not in y_true")
C:\Anaconda3\envs\pytorch\lib\site-packages\sklearn\metrics\_classification.py:2399: UserWarning: y_pred contains classes not in y_true
  warnings.warn("y_pred contains classes not in y_true")
C:\Anaconda3\envs\pytorch\lib\site-packages\sklearn\metrics\_classification.py:2399: UserWarning: y_pred contains classes not in y_true
  warnings.warn("y_pred contains classes not in y_true")
C:\Anaconda3\envs\pytorch\lib\site-packages\sklearn\metrics\_classification.py:2399: UserWarning: y_pred contains classes not in y_true
  warnings.warn("y_pred contains classes not in y_true")
C:\Anaconda3\envs\pytorch\lib\site-packages\sklearn\metrics\_classification.py:2399: UserWarning: y_pred contains classes not in y_true
  warnings.warn("y_pred contains classes not in y_true")
C:\Anaconda3\envs\pytorch\lib\site-packages\sklearn\metrics\_classification.py:2399: UserWarning: y_pred contains classes not in y_true
  warnings.warn("y_pred contains classes not in y_true")
C:\Anaconda3\envs\pytorch\lib\site-packages\sklearn\metrics\_classification.py:2399: UserWarning: y_pred contains classes not in y_true
  warnings.warn("y_pred contains classes not in y_true")
C:\Anaconda3\envs\pytorch\lib\site-packages\sklearn\metrics\_classification.py:2399: UserWarning: y_pred contains classes not in y_true
  warnings.warn("y_pred contains classes not in y_true")
C:\Anaconda3\envs\pytorch\lib\site-packages\sklearn\metrics\_classification.py:2399: UserWarning: y_pred contains classes not in y_true
  warnings.warn("y_pred contains classes not in y_true")
C:\Anaconda3\envs\pytorch\lib\site-packages\sklearn\metrics\_classification.py:2399: UserWarning: y_pred contains classes not in y_true
  warnings.warn("y_pred contains classes not in y_true")
C:\Anaconda3\envs\pytorch\lib\site-packages\sklearn\metrics\_classification.py:2399: UserWarning: y_pred contains classes not in y_true
  warnings.warn("y_pred contains classes not in y_true")
C:\Anaconda3\envs\pytorch\lib\site-packages\sklearn\metrics\_classification.py:2399: UserWarning: y_pred contains classes not in y_true
  warnings.warn("y_pred contains classes not in y_true")
C:\Anaconda3\envs\pytorch\lib\site-packages\sklearn\metrics\_classification.py:2399: UserWarning: y_pred contains classes not in y_true
  warnings.warn("y_pred contains classes not in y_true")
C:\Anaconda3\envs\pytorch\lib\site-packages\sklearn\metrics\_classification.py:2399: UserWarning: y_pred contains classes not in y_true
  warnings.warn("y_pred contains classes not in y_true")
C:\Anaconda3\envs\pytorch\lib\site-packages\sklearn\metrics\_classification.py:2399: UserWarning: y_pred contains classes not in y_true
  warnings.warn("y_pred contains classes not in y_true")
C:\Anaconda3\envs\pytorch\lib\site-packages\sklearn\metrics\_classification.py:2399: UserWarning: y_pred contains classes not in y_true
  warnings.warn("y_pred contains classes not in y_true")
C:\Anaconda3\envs\pytorch\lib\site-packages\sklearn\metrics\_classification.py:2399: UserWarning: y_pred contains classes not in y_true
  warnings.warn("y_pred contains classes not in y_true")
C:\Anaconda3\envs\pytorch\lib\site-packages\sklearn\metrics\_classification.py:2399: UserWarning: y_pred contains classes not in y_true
  warnings.warn("y_pred contains classes not in y_true")
C:\Anaconda3\envs\pytorch\lib\site-packages\sklearn\metrics\_classification.py:2399: UserWarning: y_pred contains classes not in y_true
  warnings.warn("y_pred contains classes not in y_true")
C:\Anaconda3\envs\pytorch\lib\site-packages\sklearn\metrics\_classification.py:2399: UserWarning: y_pred contains classes not in y_true
  warnings.warn("y_pred contains classes not in y_true")
C:\Anaconda3\envs\pytorch\lib\site-packages\sklearn\metrics\_classification.py:2399: UserWarning: y_pred contains classes not in y_true
  warnings.warn("y_pred contains classes not in y_true")
C:\Anaconda3\envs\pytorch\lib\site-packages\sklearn\metrics\_classification.py:2399: UserWarning: y_pred contains classes not in y_true
  warnings.warn("y_pred contains classes not in y_true")
C:\Anaconda3\envs\pytorch\lib\site-packages\sklearn\metrics\_classification.py:2399: UserWarning: y_pred contains classes not in y_true
  warnings.warn("y_pred contains classes not in y_true")
C:\Anaconda3\envs\pytorch\lib\site-packages\sklearn\metrics\_classification.py:2399: UserWarning: y_pred contains classes not in y_true
  warnings.warn("y_pred contains classes not in y_true")
C:\Anaconda3\envs\pytorch\lib\site-packages\sklearn\metrics\_classification.py:2399: UserWarning: y_pred contains classes not in y_true
  warnings.warn("y_pred contains classes not in y_true")
C:\Anaconda3\envs\pytorch\lib\site-packages\sklearn\metrics\_classification.py:2399: UserWarning: y_pred contains classes not in y_true
  warnings.warn("y_pred contains classes not in y_true")
C:\Anaconda3\envs\pytorch\lib\site-packages\sklearn\metrics\_classification.py:2399: UserWarning: y_pred contains classes not in y_true
  warnings.warn("y_pred contains classes not in y_true")
C:\Anaconda3\envs\pytorch\lib\site-packages\sklearn\metrics\_classification.py:2399: UserWarning: y_pred contains classes not in y_true
  warnings.warn("y_pred contains classes not in y_true")
C:\Anaconda3\envs\pytorch\lib\site-packages\sklearn\metrics\_classification.py:2399: UserWarning: y_pred contains classes not in y_true
  warnings.warn("y_pred contains classes not in y_true")
C:\Anaconda3\envs\pytorch\lib\site-packages\sklearn\metrics\_classification.py:2399: UserWarning: y_pred contains classes not in y_true
  warnings.warn("y_pred contains classes not in y_true")
C:\Anaconda3\envs\pytorch\lib\site-packages\sklearn\metrics\_classification.py:2399: UserWarning: y_pred contains classes not in y_true
  warnings.warn("y_pred contains classes not in y_true")
C:\Anaconda3\envs\pytorch\lib\site-packages\sklearn\metrics\_classification.py:2399: UserWarning: y_pred contains classes not in y_true
  warnings.warn("y_pred contains classes not in y_true")
C:\Anaconda3\envs\pytorch\lib\site-packages\sklearn\metrics\_classification.py:2399: UserWarning: y_pred contains classes not in y_true
  warnings.warn("y_pred contains classes not in y_true")
C:\Anaconda3\envs\pytorch\lib\site-packages\sklearn\metrics\_classification.py:2399: UserWarning: y_pred contains classes not in y_true
  warnings.warn("y_pred contains classes not in y_true")
C:\Anaconda3\envs\pytorch\lib\site-packages\sklearn\metrics\_classification.py:2399: UserWarning: y_pred contains classes not in y_true
  warnings.warn("y_pred contains classes not in y_true")
C:\Anaconda3\envs\pytorch\lib\site-packages\sklearn\metrics\_classification.py:2399: UserWarning: y_pred contains classes not in y_true
  warnings.warn("y_pred contains classes not in y_true")
C:\Anaconda3\envs\pytorch\lib\site-packages\sklearn\metrics\_classification.py:2399: UserWarning: y_pred contains classes not in y_true
  warnings.warn("y_pred contains classes not in y_true")
C:\Anaconda3\envs\pytorch\lib\site-packages\sklearn\metrics\_classification.py:2399: UserWarning: y_pred contains classes not in y_true
  warnings.warn("y_pred contains classes not in y_true")
C:\Anaconda3\envs\pytorch\lib\site-packages\sklearn\metrics\_classification.py:2399: UserWarning: y_pred contains classes not in y_true
  warnings.warn("y_pred contains classes not in y_true")
C:\Anaconda3\envs\pytorch\lib\site-packages\sklearn\metrics\_classification.py:2399: UserWarning: y_pred contains classes not in y_true
  warnings.warn("y_pred contains classes not in y_true")
C:\Anaconda3\envs\pytorch\lib\site-packages\sklearn\metrics\_classification.py:2399: UserWarning: y_pred contains classes not in y_true
  warnings.warn("y_pred contains classes not in y_true")
C:\Anaconda3\envs\pytorch\lib\site-packages\sklearn\metrics\_classification.py:2399: UserWarning: y_pred contains classes not in y_true
  warnings.warn("y_pred contains classes not in y_true")
C:\Anaconda3\envs\pytorch\lib\site-packages\sklearn\metrics\_classification.py:2399: UserWarning: y_pred contains classes not in y_true
  warnings.warn("y_pred contains classes not in y_true")
C:\Anaconda3\envs\pytorch\lib\site-packages\sklearn\metrics\_classification.py:2399: UserWarning: y_pred contains classes not in y_true
  warnings.warn("y_pred contains classes not in y_true")
C:\Anaconda3\envs\pytorch\lib\site-packages\sklearn\metrics\_classification.py:2399: UserWarning: y_pred contains classes not in y_true
  warnings.warn("y_pred contains classes not in y_true")
C:\Anaconda3\envs\pytorch\lib\site-packages\sklearn\metrics\_classification.py:2399: UserWarning: y_pred contains classes not in y_true
  warnings.warn("y_pred contains classes not in y_true")
C:\Anaconda3\envs\pytorch\lib\site-packages\sklearn\metrics\_classification.py:2399: UserWarning: y_pred contains classes not in y_true
  warnings.warn("y_pred contains classes not in y_true")
C:\Anaconda3\envs\pytorch\lib\site-packages\sklearn\metrics\_classification.py:2399: UserWarning: y_pred contains classes not in y_true
  warnings.warn("y_pred contains classes not in y_true")
C:\Anaconda3\envs\pytorch\lib\site-packages\sklearn\metrics\_classification.py:2399: UserWarning: y_pred contains classes not in y_true
  warnings.warn("y_pred contains classes not in y_true")
C:\Anaconda3\envs\pytorch\lib\site-packages\sklearn\metrics\_classification.py:2399: UserWarning: y_pred contains classes not in y_true
  warnings.warn("y_pred contains classes not in y_true")
C:\Anaconda3\envs\pytorch\lib\site-packages\sklearn\metrics\_classification.py:2399: UserWarning: y_pred contains classes not in y_true
  warnings.warn("y_pred contains classes not in y_true")
C:\Anaconda3\envs\pytorch\lib\site-packages\sklearn\metrics\_classification.py:2399: UserWarning: y_pred contains classes not in y_true
  warnings.warn("y_pred contains classes not in y_true")
C:\Anaconda3\envs\pytorch\lib\site-packages\sklearn\metrics\_classification.py:2399: UserWarning: y_pred contains classes not in y_true
  warnings.warn("y_pred contains classes not in y_true")
C:\Anaconda3\envs\pytorch\lib\site-packages\sklearn\metrics\_classification.py:2399: UserWarning: y_pred contains classes not in y_true
  warnings.warn("y_pred contains classes not in y_true")
C:\Anaconda3\envs\pytorch\lib\site-packages\sklearn\metrics\_classification.py:2399: UserWarning: y_pred contains classes not in y_true
  warnings.warn("y_pred contains classes not in y_true")
C:\Anaconda3\envs\pytorch\lib\site-packages\sklearn\metrics\_classification.py:2399: UserWarning: y_pred contains classes not in y_true
  warnings.warn("y_pred contains classes not in y_true")
C:\Anaconda3\envs\pytorch\lib\site-packages\sklearn\metrics\_classification.py:2399: UserWarning: y_pred contains classes not in y_true
  warnings.warn("y_pred contains classes not in y_true")
C:\Anaconda3\envs\pytorch\lib\site-packages\sklearn\metrics\_classification.py:2399: UserWarning: y_pred contains classes not in y_true
  warnings.warn("y_pred contains classes not in y_true")
C:\Anaconda3\envs\pytorch\lib\site-packages\sklearn\metrics\_classification.py:2399: UserWarning: y_pred contains classes not in y_true
  warnings.warn("y_pred contains classes not in y_true")
C:\Anaconda3\envs\pytorch\lib\site-packages\sklearn\metrics\_classification.py:2399: UserWarning: y_pred contains classes not in y_true
  warnings.warn("y_pred contains classes not in y_true")
C:\Anaconda3\envs\pytorch\lib\site-packages\sklearn\metrics\_classification.py:2399: UserWarning: y_pred contains classes not in y_true
  warnings.warn("y_pred contains classes not in y_true")
C:\Anaconda3\envs\pytorch\lib\site-packages\sklearn\metrics\_classification.py:2399: UserWarning: y_pred contains classes not in y_true
  warnings.warn("y_pred contains classes not in y_true")
C:\Anaconda3\envs\pytorch\lib\site-packages\sklearn\metrics\_classification.py:2399: UserWarning: y_pred contains classes not in y_true
  warnings.warn("y_pred contains classes not in y_true")
C:\Anaconda3\envs\pytorch\lib\site-packages\sklearn\metrics\_classification.py:2399: UserWarning: y_pred contains classes not in y_true
  warnings.warn("y_pred contains classes not in y_true")
C:\Anaconda3\envs\pytorch\lib\site-packages\sklearn\metrics\_classification.py:2399: UserWarning: y_pred contains classes not in y_true
  warnings.warn("y_pred contains classes not in y_true")
C:\Anaconda3\envs\pytorch\lib\site-packages\sklearn\metrics\_classification.py:2399: UserWarning: y_pred contains classes not in y_true
  warnings.warn("y_pred contains classes not in y_true")
C:\Anaconda3\envs\pytorch\lib\site-packages\sklearn\metrics\_classification.py:2399: UserWarning: y_pred contains classes not in y_true
  warnings.warn("y_pred contains classes not in y_true")
C:\Anaconda3\envs\pytorch\lib\site-packages\sklearn\metrics\_classification.py:2399: UserWarning: y_pred contains classes not in y_true
  warnings.warn("y_pred contains classes not in y_true")
C:\Anaconda3\envs\pytorch\lib\site-packages\sklearn\metrics\_classification.py:2399: UserWarning: y_pred contains classes not in y_true
  warnings.warn("y_pred contains classes not in y_true")
C:\Anaconda3\envs\pytorch\lib\site-packages\sklearn\metrics\_classification.py:2399: UserWarning: y_pred contains classes not in y_true
  warnings.warn("y_pred contains classes not in y_true")
C:\Anaconda3\envs\pytorch\lib\site-packages\sklearn\metrics\_classification.py:2399: UserWarning: y_pred contains classes not in y_true
  warnings.warn("y_pred contains classes not in y_true")
C:\Anaconda3\envs\pytorch\lib\site-packages\sklearn\metrics\_classification.py:2399: UserWarning: y_pred contains classes not in y_true
  warnings.warn("y_pred contains classes not in y_true")
C:\Anaconda3\envs\pytorch\lib\site-packages\sklearn\metrics\_classification.py:2399: UserWarning: y_pred contains classes not in y_true
  warnings.warn("y_pred contains classes not in y_true")
C:\Anaconda3\envs\pytorch\lib\site-packages\sklearn\metrics\_classification.py:2399: UserWarning: y_pred contains classes not in y_true
  warnings.warn("y_pred contains classes not in y_true")
C:\Anaconda3\envs\pytorch\lib\site-packages\sklearn\metrics\_classification.py:2399: UserWarning: y_pred contains classes not in y_true
  warnings.warn("y_pred contains classes not in y_true")
C:\Anaconda3\envs\pytorch\lib\site-packages\sklearn\metrics\_classification.py:2399: UserWarning: y_pred contains classes not in y_true
  warnings.warn("y_pred contains classes not in y_true")
C:\Anaconda3\envs\pytorch\lib\site-packages\sklearn\metrics\_classification.py:2399: UserWarning: y_pred contains classes not in y_true
  warnings.warn("y_pred contains classes not in y_true")
C:\Anaconda3\envs\pytorch\lib\site-packages\sklearn\metrics\_classification.py:2399: UserWarning: y_pred contains classes not in y_true
  warnings.warn("y_pred contains classes not in y_true")
C:\Anaconda3\envs\pytorch\lib\site-packages\sklearn\metrics\_classification.py:2399: UserWarning: y_pred contains classes not in y_true
  warnings.warn("y_pred contains classes not in y_true")
C:\Anaconda3\envs\pytorch\lib\site-packages\sklearn\metrics\_classification.py:2399: UserWarning: y_pred contains classes not in y_true
  warnings.warn("y_pred contains classes not in y_true")
C:\Anaconda3\envs\pytorch\lib\site-packages\sklearn\metrics\_classification.py:2399: UserWarning: y_pred contains classes not in y_true
  warnings.warn("y_pred contains classes not in y_true")
C:\Anaconda3\envs\pytorch\lib\site-packages\sklearn\metrics\_classification.py:2399: UserWarning: y_pred contains classes not in y_true
  warnings.warn("y_pred contains classes not in y_true")
C:\Anaconda3\envs\pytorch\lib\site-packages\sklearn\metrics\_classification.py:2399: UserWarning: y_pred contains classes not in y_true
  warnings.warn("y_pred contains classes not in y_true")
C:\Anaconda3\envs\pytorch\lib\site-packages\sklearn\metrics\_classification.py:2399: UserWarning: y_pred contains classes not in y_true
  warnings.warn("y_pred contains classes not in y_true")
C:\Anaconda3\envs\pytorch\lib\site-packages\sklearn\metrics\_classification.py:2399: UserWarning: y_pred contains classes not in y_true
  warnings.warn("y_pred contains classes not in y_true")
C:\Anaconda3\envs\pytorch\lib\site-packages\sklearn\metrics\_classification.py:2399: UserWarning: y_pred contains classes not in y_true
  warnings.warn("y_pred contains classes not in y_true")
C:\Anaconda3\envs\pytorch\lib\site-packages\sklearn\metrics\_classification.py:2399: UserWarning: y_pred contains classes not in y_true
  warnings.warn("y_pred contains classes not in y_true")
C:\Anaconda3\envs\pytorch\lib\site-packages\sklearn\metrics\_classification.py:2399: UserWarning: y_pred contains classes not in y_true
  warnings.warn("y_pred contains classes not in y_true")
C:\Anaconda3\envs\pytorch\lib\site-packages\sklearn\metrics\_classification.py:2399: UserWarning: y_pred contains classes not in y_true
  warnings.warn("y_pred contains classes not in y_true")
C:\Anaconda3\envs\pytorch\lib\site-packages\sklearn\metrics\_classification.py:2399: UserWarning: y_pred contains classes not in y_true
  warnings.warn("y_pred contains classes not in y_true")
C:\Anaconda3\envs\pytorch\lib\site-packages\sklearn\metrics\_classification.py:2399: UserWarning: y_pred contains classes not in y_true
  warnings.warn("y_pred contains classes not in y_true")
C:\Anaconda3\envs\pytorch\lib\site-packages\sklearn\metrics\_classification.py:2399: UserWarning: y_pred contains classes not in y_true
  warnings.warn("y_pred contains classes not in y_true")
C:\Anaconda3\envs\pytorch\lib\site-packages\sklearn\metrics\_classification.py:2399: UserWarning: y_pred contains classes not in y_true
  warnings.warn("y_pred contains classes not in y_true")
C:\Anaconda3\envs\pytorch\lib\site-packages\sklearn\metrics\_classification.py:2399: UserWarning: y_pred contains classes not in y_true
  warnings.warn("y_pred contains classes not in y_true")
C:\Anaconda3\envs\pytorch\lib\site-packages\sklearn\metrics\_classification.py:2399: UserWarning: y_pred contains classes not in y_true
  warnings.warn("y_pred contains classes not in y_true")
C:\Anaconda3\envs\pytorch\lib\site-packages\sklearn\metrics\_classification.py:2399: UserWarning: y_pred contains classes not in y_true
  warnings.warn("y_pred contains classes not in y_true")
C:\Anaconda3\envs\pytorch\lib\site-packages\sklearn\metrics\_classification.py:2399: UserWarning: y_pred contains classes not in y_true
  warnings.warn("y_pred contains classes not in y_true")
C:\Anaconda3\envs\pytorch\lib\site-packages\sklearn\metrics\_classification.py:2399: UserWarning: y_pred contains classes not in y_true
  warnings.warn("y_pred contains classes not in y_true")
C:\Anaconda3\envs\pytorch\lib\site-packages\sklearn\metrics\_classification.py:2399: UserWarning: y_pred contains classes not in y_true
  warnings.warn("y_pred contains classes not in y_true")
C:\Anaconda3\envs\pytorch\lib\site-packages\sklearn\metrics\_classification.py:2399: UserWarning: y_pred contains classes not in y_true
  warnings.warn("y_pred contains classes not in y_true")
C:\Anaconda3\envs\pytorch\lib\site-packages\sklearn\metrics\_classification.py:2399: UserWarning: y_pred contains classes not in y_true
  warnings.warn("y_pred contains classes not in y_true")
C:\Anaconda3\envs\pytorch\lib\site-packages\sklearn\metrics\_classification.py:2399: UserWarning: y_pred contains classes not in y_true
  warnings.warn("y_pred contains classes not in y_true")
C:\Anaconda3\envs\pytorch\lib\site-packages\sklearn\metrics\_classification.py:2399: UserWarning: y_pred contains classes not in y_true
  warnings.warn("y_pred contains classes not in y_true")
C:\Anaconda3\envs\pytorch\lib\site-packages\sklearn\metrics\_classification.py:2399: UserWarning: y_pred contains classes not in y_true
  warnings.warn("y_pred contains classes not in y_true")
C:\Anaconda3\envs\pytorch\lib\site-packages\sklearn\metrics\_classification.py:2399: UserWarning: y_pred contains classes not in y_true
  warnings.warn("y_pred contains classes not in y_true")
C:\Anaconda3\envs\pytorch\lib\site-packages\sklearn\metrics\_classification.py:2399: UserWarning: y_pred contains classes not in y_true
  warnings.warn("y_pred contains classes not in y_true")
C:\Anaconda3\envs\pytorch\lib\site-packages\sklearn\metrics\_classification.py:2399: UserWarning: y_pred contains classes not in y_true
  warnings.warn("y_pred contains classes not in y_true")
C:\Anaconda3\envs\pytorch\lib\site-packages\sklearn\metrics\_classification.py:2399: UserWarning: y_pred contains classes not in y_true
  warnings.warn("y_pred contains classes not in y_true")
C:\Anaconda3\envs\pytorch\lib\site-packages\sklearn\metrics\_classification.py:2399: UserWarning: y_pred contains classes not in y_true
  warnings.warn("y_pred contains classes not in y_true")
C:\Anaconda3\envs\pytorch\lib\site-packages\sklearn\metrics\_classification.py:2399: UserWarning: y_pred contains classes not in y_true
  warnings.warn("y_pred contains classes not in y_true")
C:\Anaconda3\envs\pytorch\lib\site-packages\sklearn\metrics\_classification.py:2399: UserWarning: y_pred contains classes not in y_true
  warnings.warn("y_pred contains classes not in y_true")
C:\Anaconda3\envs\pytorch\lib\site-packages\sklearn\metrics\_classification.py:2399: UserWarning: y_pred contains classes not in y_true
  warnings.warn("y_pred contains classes not in y_true")
C:\Anaconda3\envs\pytorch\lib\site-packages\sklearn\metrics\_classification.py:2399: UserWarning: y_pred contains classes not in y_true
  warnings.warn("y_pred contains classes not in y_true")
C:\Anaconda3\envs\pytorch\lib\site-packages\sklearn\metrics\_classification.py:2399: UserWarning: y_pred contains classes not in y_true
  warnings.warn("y_pred contains classes not in y_true")
C:\Anaconda3\envs\pytorch\lib\site-packages\sklearn\metrics\_classification.py:2399: UserWarning: y_pred contains classes not in y_true
  warnings.warn("y_pred contains classes not in y_true")
C:\Anaconda3\envs\pytorch\lib\site-packages\sklearn\metrics\_classification.py:2399: UserWarning: y_pred contains classes not in y_true
  warnings.warn("y_pred contains classes not in y_true")
C:\Anaconda3\envs\pytorch\lib\site-packages\sklearn\metrics\_classification.py:2399: UserWarning: y_pred contains classes not in y_true
  warnings.warn("y_pred contains classes not in y_true")
C:\Anaconda3\envs\pytorch\lib\site-packages\sklearn\metrics\_classification.py:2399: UserWarning: y_pred contains classes not in y_true
  warnings.warn("y_pred contains classes not in y_true")
C:\Anaconda3\envs\pytorch\lib\site-packages\sklearn\metrics\_classification.py:2399: UserWarning: y_pred contains classes not in y_true
  warnings.warn("y_pred contains classes not in y_true")
C:\Anaconda3\envs\pytorch\lib\site-packages\sklearn\metrics\_classification.py:2399: UserWarning: y_pred contains classes not in y_true
  warnings.warn("y_pred contains classes not in y_true")
C:\Anaconda3\envs\pytorch\lib\site-packages\sklearn\metrics\_classification.py:2399: UserWarning: y_pred contains classes not in y_true
  warnings.warn("y_pred contains classes not in y_true")
C:\Anaconda3\envs\pytorch\lib\site-packages\sklearn\metrics\_classification.py:2399: UserWarning: y_pred contains classes not in y_true
  warnings.warn("y_pred contains classes not in y_true")
C:\Anaconda3\envs\pytorch\lib\site-packages\sklearn\metrics\_classification.py:2399: UserWarning: y_pred contains classes not in y_true
  warnings.warn("y_pred contains classes not in y_true")
C:\Anaconda3\envs\pytorch\lib\site-packages\sklearn\metrics\_classification.py:2399: UserWarning: y_pred contains classes not in y_true
  warnings.warn("y_pred contains classes not in y_true")
C:\Anaconda3\envs\pytorch\lib\site-packages\sklearn\metrics\_classification.py:2399: UserWarning: y_pred contains classes not in y_true
  warnings.warn("y_pred contains classes not in y_true")
C:\Anaconda3\envs\pytorch\lib\site-packages\sklearn\metrics\_classification.py:2399: UserWarning: y_pred contains classes not in y_true
  warnings.warn("y_pred contains classes not in y_true")
C:\Anaconda3\envs\pytorch\lib\site-packages\sklearn\metrics\_classification.py:2399: UserWarning: y_pred contains classes not in y_true
  warnings.warn("y_pred contains classes not in y_true")
C:\Anaconda3\envs\pytorch\lib\site-packages\sklearn\metrics\_classification.py:2399: UserWarning: y_pred contains classes not in y_true
  warnings.warn("y_pred contains classes not in y_true")
C:\Anaconda3\envs\pytorch\lib\site-packages\sklearn\metrics\_classification.py:2399: UserWarning: y_pred contains classes not in y_true
  warnings.warn("y_pred contains classes not in y_true")
C:\Anaconda3\envs\pytorch\lib\site-packages\sklearn\metrics\_classification.py:2399: UserWarning: y_pred contains classes not in y_true
  warnings.warn("y_pred contains classes not in y_true")
C:\Anaconda3\envs\pytorch\lib\site-packages\sklearn\metrics\_classification.py:2399: UserWarning: y_pred contains classes not in y_true
  warnings.warn("y_pred contains classes not in y_true")
C:\Anaconda3\envs\pytorch\lib\site-packages\sklearn\metrics\_classification.py:2399: UserWarning: y_pred contains classes not in y_true
  warnings.warn("y_pred contains classes not in y_true")
C:\Anaconda3\envs\pytorch\lib\site-packages\sklearn\metrics\_classification.py:2399: UserWarning: y_pred contains classes not in y_true
  warnings.warn("y_pred contains classes not in y_true")
C:\Anaconda3\envs\pytorch\lib\site-packages\sklearn\metrics\_classification.py:2399: UserWarning: y_pred contains classes not in y_true
  warnings.warn("y_pred contains classes not in y_true")
C:\Anaconda3\envs\pytorch\lib\site-packages\sklearn\metrics\_classification.py:2399: UserWarning: y_pred contains classes not in y_true
  warnings.warn("y_pred contains classes not in y_true")
C:\Anaconda3\envs\pytorch\lib\site-packages\sklearn\metrics\_classification.py:2399: UserWarning: y_pred contains classes not in y_true
  warnings.warn("y_pred contains classes not in y_true")
C:\Anaconda3\envs\pytorch\lib\site-packages\sklearn\metrics\_classification.py:2399: UserWarning: y_pred contains classes not in y_true
  warnings.warn("y_pred contains classes not in y_true")
C:\Anaconda3\envs\pytorch\lib\site-packages\sklearn\metrics\_classification.py:2399: UserWarning: y_pred contains classes not in y_true
  warnings.warn("y_pred contains classes not in y_true")
C:\Anaconda3\envs\pytorch\lib\site-packages\sklearn\metrics\_classification.py:2399: UserWarning: y_pred contains classes not in y_true
  warnings.warn("y_pred contains classes not in y_true")
C:\Anaconda3\envs\pytorch\lib\site-packages\sklearn\metrics\_classification.py:2399: UserWarning: y_pred contains classes not in y_true
  warnings.warn("y_pred contains classes not in y_true")
C:\Anaconda3\envs\pytorch\lib\site-packages\sklearn\metrics\_classification.py:2399: UserWarning: y_pred contains classes not in y_true
  warnings.warn("y_pred contains classes not in y_true")
C:\Anaconda3\envs\pytorch\lib\site-packages\sklearn\metrics\_classification.py:2399: UserWarning: y_pred contains classes not in y_true
  warnings.warn("y_pred contains classes not in y_true")
C:\Anaconda3\envs\pytorch\lib\site-packages\sklearn\metrics\_classification.py:2399: UserWarning: y_pred contains classes not in y_true
  warnings.warn("y_pred contains classes not in y_true")
C:\Anaconda3\envs\pytorch\lib\site-packages\sklearn\metrics\_classification.py:2399: UserWarning: y_pred contains classes not in y_true
  warnings.warn("y_pred contains classes not in y_true")
C:\Anaconda3\envs\pytorch\lib\site-packages\sklearn\metrics\_classification.py:2399: UserWarning: y_pred contains classes not in y_true
  warnings.warn("y_pred contains classes not in y_true")
C:\Anaconda3\envs\pytorch\lib\site-packages\sklearn\metrics\_classification.py:2399: UserWarning: y_pred contains classes not in y_true
  warnings.warn("y_pred contains classes not in y_true")
C:\Anaconda3\envs\pytorch\lib\site-packages\sklearn\metrics\_classification.py:2399: UserWarning: y_pred contains classes not in y_true
  warnings.warn("y_pred contains classes not in y_true")
C:\Anaconda3\envs\pytorch\lib\site-packages\sklearn\metrics\_classification.py:2399: UserWarning: y_pred contains classes not in y_true
  warnings.warn("y_pred contains classes not in y_true")
C:\Anaconda3\envs\pytorch\lib\site-packages\sklearn\metrics\_classification.py:2399: UserWarning: y_pred contains classes not in y_true
  warnings.warn("y_pred contains classes not in y_true")
C:\Anaconda3\envs\pytorch\lib\site-packages\sklearn\metrics\_classification.py:2399: UserWarning: y_pred contains classes not in y_true
  warnings.warn("y_pred contains classes not in y_true")
C:\Anaconda3\envs\pytorch\lib\site-packages\sklearn\metrics\_classification.py:2399: UserWarning: y_pred contains classes not in y_true
  warnings.warn("y_pred contains classes not in y_true")
C:\Anaconda3\envs\pytorch\lib\site-packages\sklearn\metrics\_classification.py:2399: UserWarning: y_pred contains classes not in y_true
  warnings.warn("y_pred contains classes not in y_true")
C:\Anaconda3\envs\pytorch\lib\site-packages\sklearn\metrics\_classification.py:2399: UserWarning: y_pred contains classes not in y_true
  warnings.warn("y_pred contains classes not in y_true")
C:\Anaconda3\envs\pytorch\lib\site-packages\sklearn\metrics\_classification.py:2399: UserWarning: y_pred contains classes not in y_true
  warnings.warn("y_pred contains classes not in y_true")
C:\Anaconda3\envs\pytorch\lib\site-packages\sklearn\metrics\_classification.py:2399: UserWarning: y_pred contains classes not in y_true
  warnings.warn("y_pred contains classes not in y_true")
C:\Anaconda3\envs\pytorch\lib\site-packages\sklearn\metrics\_classification.py:2399: UserWarning: y_pred contains classes not in y_true
  warnings.warn("y_pred contains classes not in y_true")
C:\Anaconda3\envs\pytorch\lib\site-packages\sklearn\metrics\_classification.py:2399: UserWarning: y_pred contains classes not in y_true
  warnings.warn("y_pred contains classes not in y_true")
C:\Anaconda3\envs\pytorch\lib\site-packages\sklearn\metrics\_classification.py:2399: UserWarning: y_pred contains classes not in y_true
  warnings.warn("y_pred contains classes not in y_true")
C:\Anaconda3\envs\pytorch\lib\site-packages\sklearn\metrics\_classification.py:2399: UserWarning: y_pred contains classes not in y_true
  warnings.warn("y_pred contains classes not in y_true")
C:\Anaconda3\envs\pytorch\lib\site-packages\sklearn\metrics\_classification.py:2399: UserWarning: y_pred contains classes not in y_true
  warnings.warn("y_pred contains classes not in y_true")
C:\Anaconda3\envs\pytorch\lib\site-packages\sklearn\metrics\_classification.py:2399: UserWarning: y_pred contains classes not in y_true
  warnings.warn("y_pred contains classes not in y_true")
C:\Anaconda3\envs\pytorch\lib\site-packages\sklearn\metrics\_classification.py:2399: UserWarning: y_pred contains classes not in y_true
  warnings.warn("y_pred contains classes not in y_true")
C:\Anaconda3\envs\pytorch\lib\site-packages\sklearn\metrics\_classification.py:2399: UserWarning: y_pred contains classes not in y_true
  warnings.warn("y_pred contains classes not in y_true")
C:\Anaconda3\envs\pytorch\lib\site-packages\sklearn\metrics\_classification.py:2399: UserWarning: y_pred contains classes not in y_true
  warnings.warn("y_pred contains classes not in y_true")
C:\Anaconda3\envs\pytorch\lib\site-packages\sklearn\metrics\_classification.py:2399: UserWarning: y_pred contains classes not in y_true
  warnings.warn("y_pred contains classes not in y_true")
C:\Anaconda3\envs\pytorch\lib\site-packages\sklearn\metrics\_classification.py:2399: UserWarning: y_pred contains classes not in y_true
  warnings.warn("y_pred contains classes not in y_true")
C:\Anaconda3\envs\pytorch\lib\site-packages\sklearn\metrics\_classification.py:2399: UserWarning: y_pred contains classes not in y_true
  warnings.warn("y_pred contains classes not in y_true")
C:\Anaconda3\envs\pytorch\lib\site-packages\sklearn\metrics\_classification.py:2399: UserWarning: y_pred contains classes not in y_true
  warnings.warn("y_pred contains classes not in y_true")
C:\Anaconda3\envs\pytorch\lib\site-packages\sklearn\metrics\_classification.py:2399: UserWarning: y_pred contains classes not in y_true
  warnings.warn("y_pred contains classes not in y_true")
C:\Anaconda3\envs\pytorch\lib\site-packages\sklearn\metrics\_classification.py:2399: UserWarning: y_pred contains classes not in y_true
  warnings.warn("y_pred contains classes not in y_true")
C:\Anaconda3\envs\pytorch\lib\site-packages\sklearn\metrics\_classification.py:2399: UserWarning: y_pred contains classes not in y_true
  warnings.warn("y_pred contains classes not in y_true")
C:\Anaconda3\envs\pytorch\lib\site-packages\sklearn\metrics\_classification.py:2399: UserWarning: y_pred contains classes not in y_true
  warnings.warn("y_pred contains classes not in y_true")
C:\Anaconda3\envs\pytorch\lib\site-packages\sklearn\metrics\_classification.py:2399: UserWarning: y_pred contains classes not in y_true
  warnings.warn("y_pred contains classes not in y_true")
C:\Anaconda3\envs\pytorch\lib\site-packages\sklearn\metrics\_classification.py:2399: UserWarning: y_pred contains classes not in y_true
  warnings.warn("y_pred contains classes not in y_true")
C:\Anaconda3\envs\pytorch\lib\site-packages\sklearn\metrics\_classification.py:2399: UserWarning: y_pred contains classes not in y_true
  warnings.warn("y_pred contains classes not in y_true")
C:\Anaconda3\envs\pytorch\lib\site-packages\sklearn\metrics\_classification.py:2399: UserWarning: y_pred contains classes not in y_true
  warnings.warn("y_pred contains classes not in y_true")
C:\Anaconda3\envs\pytorch\lib\site-packages\sklearn\metrics\_classification.py:2399: UserWarning: y_pred contains classes not in y_true
  warnings.warn("y_pred contains classes not in y_true")
C:\Anaconda3\envs\pytorch\lib\site-packages\sklearn\metrics\_classification.py:2399: UserWarning: y_pred contains classes not in y_true
  warnings.warn("y_pred contains classes not in y_true")
C:\Anaconda3\envs\pytorch\lib\site-packages\sklearn\metrics\_classification.py:2399: UserWarning: y_pred contains classes not in y_true
  warnings.warn("y_pred contains classes not in y_true")
C:\Anaconda3\envs\pytorch\lib\site-packages\sklearn\metrics\_classification.py:2399: UserWarning: y_pred contains classes not in y_true
  warnings.warn("y_pred contains classes not in y_true")
C:\Anaconda3\envs\pytorch\lib\site-packages\sklearn\metrics\_classification.py:2399: UserWarning: y_pred contains classes not in y_true
  warnings.warn("y_pred contains classes not in y_true")
C:\Anaconda3\envs\pytorch\lib\site-packages\sklearn\metrics\_classification.py:2399: UserWarning: y_pred contains classes not in y_true
  warnings.warn("y_pred contains classes not in y_true")
C:\Anaconda3\envs\pytorch\lib\site-packages\sklearn\metrics\_classification.py:2399: UserWarning: y_pred contains classes not in y_true
  warnings.warn("y_pred contains classes not in y_true")
C:\Anaconda3\envs\pytorch\lib\site-packages\sklearn\metrics\_classification.py:2399: UserWarning: y_pred contains classes not in y_true
  warnings.warn("y_pred contains classes not in y_true")
C:\Anaconda3\envs\pytorch\lib\site-packages\sklearn\metrics\_classification.py:2399: UserWarning: y_pred contains classes not in y_true
  warnings.warn("y_pred contains classes not in y_true")
C:\Anaconda3\envs\pytorch\lib\site-packages\sklearn\metrics\_classification.py:2399: UserWarning: y_pred contains classes not in y_true
  warnings.warn("y_pred contains classes not in y_true")
C:\Anaconda3\envs\pytorch\lib\site-packages\sklearn\metrics\_classification.py:2399: UserWarning: y_pred contains classes not in y_true
  warnings.warn("y_pred contains classes not in y_true")
C:\Anaconda3\envs\pytorch\lib\site-packages\sklearn\metrics\_classification.py:2399: UserWarning: y_pred contains classes not in y_true
  warnings.warn("y_pred contains classes not in y_true")
C:\Anaconda3\envs\pytorch\lib\site-packages\sklearn\metrics\_classification.py:2399: UserWarning: y_pred contains classes not in y_true
  warnings.warn("y_pred contains classes not in y_true")
C:\Anaconda3\envs\pytorch\lib\site-packages\sklearn\metrics\_classification.py:2399: UserWarning: y_pred contains classes not in y_true
  warnings.warn("y_pred contains classes not in y_true")
C:\Anaconda3\envs\pytorch\lib\site-packages\sklearn\metrics\_classification.py:2399: UserWarning: y_pred contains classes not in y_true
  warnings.warn("y_pred contains classes not in y_true")
C:\Anaconda3\envs\pytorch\lib\site-packages\sklearn\metrics\_classification.py:2399: UserWarning: y_pred contains classes not in y_true
  warnings.warn("y_pred contains classes not in y_true")
C:\Anaconda3\envs\pytorch\lib\site-packages\sklearn\metrics\_classification.py:2399: UserWarning: y_pred contains classes not in y_true
  warnings.warn("y_pred contains classes not in y_true")
C:\Anaconda3\envs\pytorch\lib\site-packages\sklearn\metrics\_classification.py:2399: UserWarning: y_pred contains classes not in y_true
  warnings.warn("y_pred contains classes not in y_true")
C:\Anaconda3\envs\pytorch\lib\site-packages\sklearn\metrics\_classification.py:2399: UserWarning: y_pred contains classes not in y_true
  warnings.warn("y_pred contains classes not in y_true")
C:\Anaconda3\envs\pytorch\lib\site-packages\sklearn\metrics\_classification.py:2399: UserWarning: y_pred contains classes not in y_true
  warnings.warn("y_pred contains classes not in y_true")
C:\Anaconda3\envs\pytorch\lib\site-packages\sklearn\metrics\_classification.py:2399: UserWarning: y_pred contains classes not in y_true
  warnings.warn("y_pred contains classes not in y_true")
C:\Anaconda3\envs\pytorch\lib\site-packages\sklearn\metrics\_classification.py:2399: UserWarning: y_pred contains classes not in y_true
  warnings.warn("y_pred contains classes not in y_true")
C:\Anaconda3\envs\pytorch\lib\site-packages\sklearn\metrics\_classification.py:2399: UserWarning: y_pred contains classes not in y_true
  warnings.warn("y_pred contains classes not in y_true")
C:\Anaconda3\envs\pytorch\lib\site-packages\sklearn\metrics\_classification.py:2399: UserWarning: y_pred contains classes not in y_true
  warnings.warn("y_pred contains classes not in y_true")
C:\Anaconda3\envs\pytorch\lib\site-packages\sklearn\metrics\_classification.py:2399: UserWarning: y_pred contains classes not in y_true
  warnings.warn("y_pred contains classes not in y_true")
C:\Anaconda3\envs\pytorch\lib\site-packages\sklearn\metrics\_classification.py:2399: UserWarning: y_pred contains classes not in y_true
  warnings.warn("y_pred contains classes not in y_true")
C:\Anaconda3\envs\pytorch\lib\site-packages\sklearn\metrics\_classification.py:2399: UserWarning: y_pred contains classes not in y_true
  warnings.warn("y_pred contains classes not in y_true")
C:\Anaconda3\envs\pytorch\lib\site-packages\sklearn\metrics\_classification.py:2399: UserWarning: y_pred contains classes not in y_true
  warnings.warn("y_pred contains classes not in y_true")
C:\Anaconda3\envs\pytorch\lib\site-packages\sklearn\metrics\_classification.py:2399: UserWarning: y_pred contains classes not in y_true
  warnings.warn("y_pred contains classes not in y_true")
C:\Anaconda3\envs\pytorch\lib\site-packages\sklearn\metrics\_classification.py:2399: UserWarning: y_pred contains classes not in y_true
  warnings.warn("y_pred contains classes not in y_true")
C:\Anaconda3\envs\pytorch\lib\site-packages\sklearn\metrics\_classification.py:2399: UserWarning: y_pred contains classes not in y_true
  warnings.warn("y_pred contains classes not in y_true")
C:\Anaconda3\envs\pytorch\lib\site-packages\sklearn\metrics\_classification.py:2399: UserWarning: y_pred contains classes not in y_true
  warnings.warn("y_pred contains classes not in y_true")
C:\Anaconda3\envs\pytorch\lib\site-packages\sklearn\metrics\_classification.py:2399: UserWarning: y_pred contains classes not in y_true
  warnings.warn("y_pred contains classes not in y_true")
C:\Anaconda3\envs\pytorch\lib\site-packages\sklearn\metrics\_classification.py:2399: UserWarning: y_pred contains classes not in y_true
  warnings.warn("y_pred contains classes not in y_true")
C:\Anaconda3\envs\pytorch\lib\site-packages\sklearn\metrics\_classification.py:2399: UserWarning: y_pred contains classes not in y_true
  warnings.warn("y_pred contains classes not in y_true")
C:\Anaconda3\envs\pytorch\lib\site-packages\sklearn\metrics\_classification.py:2399: UserWarning: y_pred contains classes not in y_true
  warnings.warn("y_pred contains classes not in y_true")
C:\Anaconda3\envs\pytorch\lib\site-packages\sklearn\metrics\_classification.py:2399: UserWarning: y_pred contains classes not in y_true
  warnings.warn("y_pred contains classes not in y_true")
C:\Anaconda3\envs\pytorch\lib\site-packages\sklearn\metrics\_classification.py:2399: UserWarning: y_pred contains classes not in y_true
  warnings.warn("y_pred contains classes not in y_true")
C:\Anaconda3\envs\pytorch\lib\site-packages\sklearn\metrics\_classification.py:2399: UserWarning: y_pred contains classes not in y_true
  warnings.warn("y_pred contains classes not in y_true")
C:\Anaconda3\envs\pytorch\lib\site-packages\sklearn\metrics\_classification.py:2399: UserWarning: y_pred contains classes not in y_true
  warnings.warn("y_pred contains classes not in y_true")
C:\Anaconda3\envs\pytorch\lib\site-packages\sklearn\metrics\_classification.py:2399: UserWarning: y_pred contains classes not in y_true
  warnings.warn("y_pred contains classes not in y_true")
C:\Anaconda3\envs\pytorch\lib\site-packages\sklearn\metrics\_classification.py:2399: UserWarning: y_pred contains classes not in y_true
  warnings.warn("y_pred contains classes not in y_true")
C:\Anaconda3\envs\pytorch\lib\site-packages\sklearn\metrics\_classification.py:2399: UserWarning: y_pred contains classes not in y_true
  warnings.warn("y_pred contains classes not in y_true")
C:\Anaconda3\envs\pytorch\lib\site-packages\sklearn\metrics\_classification.py:2399: UserWarning: y_pred contains classes not in y_true
  warnings.warn("y_pred contains classes not in y_true")
C:\Anaconda3\envs\pytorch\lib\site-packages\sklearn\metrics\_classification.py:2399: UserWarning: y_pred contains classes not in y_true
  warnings.warn("y_pred contains classes not in y_true")
C:\Anaconda3\envs\pytorch\lib\site-packages\sklearn\metrics\_classification.py:2399: UserWarning: y_pred contains classes not in y_true
  warnings.warn("y_pred contains classes not in y_true")
C:\Anaconda3\envs\pytorch\lib\site-packages\sklearn\metrics\_classification.py:2399: UserWarning: y_pred contains classes not in y_true
  warnings.warn("y_pred contains classes not in y_true")
C:\Anaconda3\envs\pytorch\lib\site-packages\sklearn\metrics\_classification.py:2399: UserWarning: y_pred contains classes not in y_true
  warnings.warn("y_pred contains classes not in y_true")
C:\Anaconda3\envs\pytorch\lib\site-packages\sklearn\metrics\_classification.py:2399: UserWarning: y_pred contains classes not in y_true
  warnings.warn("y_pred contains classes not in y_true")
C:\Anaconda3\envs\pytorch\lib\site-packages\sklearn\metrics\_classification.py:2399: UserWarning: y_pred contains classes not in y_true
  warnings.warn("y_pred contains classes not in y_true")
C:\Anaconda3\envs\pytorch\lib\site-packages\sklearn\metrics\_classification.py:2399: UserWarning: y_pred contains classes not in y_true
  warnings.warn("y_pred contains classes not in y_true")
C:\Anaconda3\envs\pytorch\lib\site-packages\sklearn\metrics\_classification.py:2399: UserWarning: y_pred contains classes not in y_true
  warnings.warn("y_pred contains classes not in y_true")
C:\Anaconda3\envs\pytorch\lib\site-packages\sklearn\metrics\_classification.py:2399: UserWarning: y_pred contains classes not in y_true
  warnings.warn("y_pred contains classes not in y_true")
C:\Anaconda3\envs\pytorch\lib\site-packages\sklearn\metrics\_classification.py:2399: UserWarning: y_pred contains classes not in y_true
  warnings.warn("y_pred contains classes not in y_true")
C:\Anaconda3\envs\pytorch\lib\site-packages\sklearn\metrics\_classification.py:2399: UserWarning: y_pred contains classes not in y_true
  warnings.warn("y_pred contains classes not in y_true")
C:\Anaconda3\envs\pytorch\lib\site-packages\sklearn\metrics\_classification.py:2399: UserWarning: y_pred contains classes not in y_true
  warnings.warn("y_pred contains classes not in y_true")
C:\Anaconda3\envs\pytorch\lib\site-packages\sklearn\metrics\_classification.py:2399: UserWarning: y_pred contains classes not in y_true
  warnings.warn("y_pred contains classes not in y_true")
C:\Anaconda3\envs\pytorch\lib\site-packages\sklearn\metrics\_classification.py:2399: UserWarning: y_pred contains classes not in y_true
  warnings.warn("y_pred contains classes not in y_true")
C:\Anaconda3\envs\pytorch\lib\site-packages\sklearn\metrics\_classification.py:2399: UserWarning: y_pred contains classes not in y_true
  warnings.warn("y_pred contains classes not in y_true")
C:\Anaconda3\envs\pytorch\lib\site-packages\sklearn\metrics\_classification.py:2399: UserWarning: y_pred contains classes not in y_true
  warnings.warn("y_pred contains classes not in y_true")
C:\Anaconda3\envs\pytorch\lib\site-packages\sklearn\metrics\_classification.py:2399: UserWarning: y_pred contains classes not in y_true
  warnings.warn("y_pred contains classes not in y_true")
C:\Anaconda3\envs\pytorch\lib\site-packages\sklearn\metrics\_classification.py:2399: UserWarning: y_pred contains classes not in y_true
  warnings.warn("y_pred contains classes not in y_true")
C:\Anaconda3\envs\pytorch\lib\site-packages\sklearn\metrics\_classification.py:2399: UserWarning: y_pred contains classes not in y_true
  warnings.warn("y_pred contains classes not in y_true")
C:\Anaconda3\envs\pytorch\lib\site-packages\sklearn\metrics\_classification.py:2399: UserWarning: y_pred contains classes not in y_true
  warnings.warn("y_pred contains classes not in y_true")
C:\Anaconda3\envs\pytorch\lib\site-packages\sklearn\metrics\_classification.py:2399: UserWarning: y_pred contains classes not in y_true
  warnings.warn("y_pred contains classes not in y_true")
C:\Anaconda3\envs\pytorch\lib\site-packages\sklearn\metrics\_classification.py:2399: UserWarning: y_pred contains classes not in y_true
  warnings.warn("y_pred contains classes not in y_true")
C:\Anaconda3\envs\pytorch\lib\site-packages\sklearn\metrics\_classification.py:2399: UserWarning: y_pred contains classes not in y_true
  warnings.warn("y_pred contains classes not in y_true")
C:\Anaconda3\envs\pytorch\lib\site-packages\sklearn\metrics\_classification.py:2399: UserWarning: y_pred contains classes not in y_true
  warnings.warn("y_pred contains classes not in y_true")
C:\Anaconda3\envs\pytorch\lib\site-packages\sklearn\metrics\_classification.py:2399: UserWarning: y_pred contains classes not in y_true
  warnings.warn("y_pred contains classes not in y_true")
C:\Anaconda3\envs\pytorch\lib\site-packages\sklearn\metrics\_classification.py:2399: UserWarning: y_pred contains classes not in y_true
  warnings.warn("y_pred contains classes not in y_true")
C:\Anaconda3\envs\pytorch\lib\site-packages\sklearn\metrics\_classification.py:2399: UserWarning: y_pred contains classes not in y_true
  warnings.warn("y_pred contains classes not in y_true")
C:\Anaconda3\envs\pytorch\lib\site-packages\sklearn\metrics\_classification.py:2399: UserWarning: y_pred contains classes not in y_true
  warnings.warn("y_pred contains classes not in y_true")
C:\Anaconda3\envs\pytorch\lib\site-packages\sklearn\metrics\_classification.py:2399: UserWarning: y_pred contains classes not in y_true
  warnings.warn("y_pred contains classes not in y_true")
C:\Anaconda3\envs\pytorch\lib\site-packages\sklearn\metrics\_classification.py:2399: UserWarning: y_pred contains classes not in y_true
  warnings.warn("y_pred contains classes not in y_true")
C:\Anaconda3\envs\pytorch\lib\site-packages\sklearn\metrics\_classification.py:2399: UserWarning: y_pred contains classes not in y_true
  warnings.warn("y_pred contains classes not in y_true")
C:\Anaconda3\envs\pytorch\lib\site-packages\sklearn\metrics\_classification.py:2399: UserWarning: y_pred contains classes not in y_true
  warnings.warn("y_pred contains classes not in y_true")
C:\Anaconda3\envs\pytorch\lib\site-packages\sklearn\metrics\_classification.py:2399: UserWarning: y_pred contains classes not in y_true
  warnings.warn("y_pred contains classes not in y_true")
C:\Anaconda3\envs\pytorch\lib\site-packages\sklearn\metrics\_classification.py:2399: UserWarning: y_pred contains classes not in y_true
  warnings.warn("y_pred contains classes not in y_true")
C:\Anaconda3\envs\pytorch\lib\site-packages\sklearn\metrics\_classification.py:2399: UserWarning: y_pred contains classes not in y_true
  warnings.warn("y_pred contains classes not in y_true")
C:\Anaconda3\envs\pytorch\lib\site-packages\sklearn\metrics\_classification.py:2399: UserWarning: y_pred contains classes not in y_true
  warnings.warn("y_pred contains classes not in y_true")
C:\Anaconda3\envs\pytorch\lib\site-packages\sklearn\metrics\_classification.py:2399: UserWarning: y_pred contains classes not in y_true
  warnings.warn("y_pred contains classes not in y_true")
C:\Anaconda3\envs\pytorch\lib\site-packages\sklearn\metrics\_classification.py:2399: UserWarning: y_pred contains classes not in y_true
  warnings.warn("y_pred contains classes not in y_true")
C:\Anaconda3\envs\pytorch\lib\site-packages\sklearn\metrics\_classification.py:2399: UserWarning: y_pred contains classes not in y_true
  warnings.warn("y_pred contains classes not in y_true")
C:\Anaconda3\envs\pytorch\lib\site-packages\sklearn\metrics\_classification.py:2399: UserWarning: y_pred contains classes not in y_true
  warnings.warn("y_pred contains classes not in y_true")
C:\Anaconda3\envs\pytorch\lib\site-packages\sklearn\metrics\_classification.py:2399: UserWarning: y_pred contains classes not in y_true
  warnings.warn("y_pred contains classes not in y_true")
C:\Anaconda3\envs\pytorch\lib\site-packages\sklearn\metrics\_classification.py:2399: UserWarning: y_pred contains classes not in y_true
  warnings.warn("y_pred contains classes not in y_true")
C:\Anaconda3\envs\pytorch\lib\site-packages\sklearn\metrics\_classification.py:2399: UserWarning: y_pred contains classes not in y_true
  warnings.warn("y_pred contains classes not in y_true")
C:\Anaconda3\envs\pytorch\lib\site-packages\sklearn\metrics\_classification.py:2399: UserWarning: y_pred contains classes not in y_true
  warnings.warn("y_pred contains classes not in y_true")
C:\Anaconda3\envs\pytorch\lib\site-packages\sklearn\metrics\_classification.py:2399: UserWarning: y_pred contains classes not in y_true
  warnings.warn("y_pred contains classes not in y_true")
C:\Anaconda3\envs\pytorch\lib\site-packages\sklearn\metrics\_classification.py:2399: UserWarning: y_pred contains classes not in y_true
  warnings.warn("y_pred contains classes not in y_true")
C:\Anaconda3\envs\pytorch\lib\site-packages\sklearn\metrics\_classification.py:2399: UserWarning: y_pred contains classes not in y_true
  warnings.warn("y_pred contains classes not in y_true")
C:\Anaconda3\envs\pytorch\lib\site-packages\sklearn\metrics\_classification.py:2399: UserWarning: y_pred contains classes not in y_true
  warnings.warn("y_pred contains classes not in y_true")
C:\Anaconda3\envs\pytorch\lib\site-packages\sklearn\metrics\_classification.py:2399: UserWarning: y_pred contains classes not in y_true
  warnings.warn("y_pred contains classes not in y_true")
C:\Anaconda3\envs\pytorch\lib\site-packages\sklearn\metrics\_classification.py:2399: UserWarning: y_pred contains classes not in y_true
  warnings.warn("y_pred contains classes not in y_true")
C:\Anaconda3\envs\pytorch\lib\site-packages\sklearn\metrics\_classification.py:2399: UserWarning: y_pred contains classes not in y_true
  warnings.warn("y_pred contains classes not in y_true")
C:\Anaconda3\envs\pytorch\lib\site-packages\sklearn\metrics\_classification.py:2399: UserWarning: y_pred contains classes not in y_true
  warnings.warn("y_pred contains classes not in y_true")
C:\Anaconda3\envs\pytorch\lib\site-packages\sklearn\metrics\_classification.py:2399: UserWarning: y_pred contains classes not in y_true
  warnings.warn("y_pred contains classes not in y_true")
C:\Anaconda3\envs\pytorch\lib\site-packages\sklearn\metrics\_classification.py:2399: UserWarning: y_pred contains classes not in y_true
  warnings.warn("y_pred contains classes not in y_true")
C:\Anaconda3\envs\pytorch\lib\site-packages\sklearn\metrics\_classification.py:2399: UserWarning: y_pred contains classes not in y_true
  warnings.warn("y_pred contains classes not in y_true")
C:\Anaconda3\envs\pytorch\lib\site-packages\sklearn\metrics\_classification.py:2399: UserWarning: y_pred contains classes not in y_true
  warnings.warn("y_pred contains classes not in y_true")
C:\Anaconda3\envs\pytorch\lib\site-packages\sklearn\metrics\_classification.py:2399: UserWarning: y_pred contains classes not in y_true
  warnings.warn("y_pred contains classes not in y_true")
C:\Anaconda3\envs\pytorch\lib\site-packages\sklearn\metrics\_classification.py:2399: UserWarning: y_pred contains classes not in y_true
  warnings.warn("y_pred contains classes not in y_true")
C:\Anaconda3\envs\pytorch\lib\site-packages\sklearn\metrics\_classification.py:2399: UserWarning: y_pred contains classes not in y_true
  warnings.warn("y_pred contains classes not in y_true")
C:\Anaconda3\envs\pytorch\lib\site-packages\sklearn\metrics\_classification.py:2399: UserWarning: y_pred contains classes not in y_true
  warnings.warn("y_pred contains classes not in y_true")
C:\Anaconda3\envs\pytorch\lib\site-packages\sklearn\metrics\_classification.py:2399: UserWarning: y_pred contains classes not in y_true
  warnings.warn("y_pred contains classes not in y_true")
C:\Anaconda3\envs\pytorch\lib\site-packages\sklearn\metrics\_classification.py:2399: UserWarning: y_pred contains classes not in y_true
  warnings.warn("y_pred contains classes not in y_true")
C:\Anaconda3\envs\pytorch\lib\site-packages\sklearn\metrics\_classification.py:2399: UserWarning: y_pred contains classes not in y_true
  warnings.warn("y_pred contains classes not in y_true")
C:\Anaconda3\envs\pytorch\lib\site-packages\sklearn\metrics\_classification.py:2399: UserWarning: y_pred contains classes not in y_true
  warnings.warn("y_pred contains classes not in y_true")
C:\Anaconda3\envs\pytorch\lib\site-packages\sklearn\metrics\_classification.py:2399: UserWarning: y_pred contains classes not in y_true
  warnings.warn("y_pred contains classes not in y_true")
C:\Anaconda3\envs\pytorch\lib\site-packages\sklearn\metrics\_classification.py:2399: UserWarning: y_pred contains classes not in y_true
  warnings.warn("y_pred contains classes not in y_true")
C:\Anaconda3\envs\pytorch\lib\site-packages\sklearn\metrics\_classification.py:2399: UserWarning: y_pred contains classes not in y_true
  warnings.warn("y_pred contains classes not in y_true")
C:\Anaconda3\envs\pytorch\lib\site-packages\sklearn\metrics\_classification.py:2399: UserWarning: y_pred contains classes not in y_true
  warnings.warn("y_pred contains classes not in y_true")
C:\Anaconda3\envs\pytorch\lib\site-packages\sklearn\metrics\_classification.py:2399: UserWarning: y_pred contains classes not in y_true
  warnings.warn("y_pred contains classes not in y_true")
C:\Anaconda3\envs\pytorch\lib\site-packages\sklearn\metrics\_classification.py:2399: UserWarning: y_pred contains classes not in y_true
  warnings.warn("y_pred contains classes not in y_true")
C:\Anaconda3\envs\pytorch\lib\site-packages\sklearn\metrics\_classification.py:2399: UserWarning: y_pred contains classes not in y_true
  warnings.warn("y_pred contains classes not in y_true")
C:\Anaconda3\envs\pytorch\lib\site-packages\sklearn\metrics\_classification.py:2399: UserWarning: y_pred contains classes not in y_true
  warnings.warn("y_pred contains classes not in y_true")
C:\Anaconda3\envs\pytorch\lib\site-packages\sklearn\metrics\_classification.py:2399: UserWarning: y_pred contains classes not in y_true
  warnings.warn("y_pred contains classes not in y_true")
C:\Anaconda3\envs\pytorch\lib\site-packages\sklearn\metrics\_classification.py:2399: UserWarning: y_pred contains classes not in y_true
  warnings.warn("y_pred contains classes not in y_true")
C:\Anaconda3\envs\pytorch\lib\site-packages\sklearn\metrics\_classification.py:2399: UserWarning: y_pred contains classes not in y_true
  warnings.warn("y_pred contains classes not in y_true")
C:\Anaconda3\envs\pytorch\lib\site-packages\sklearn\metrics\_classification.py:2399: UserWarning: y_pred contains classes not in y_true
  warnings.warn("y_pred contains classes not in y_true")
C:\Anaconda3\envs\pytorch\lib\site-packages\sklearn\metrics\_classification.py:2399: UserWarning: y_pred contains classes not in y_true
  warnings.warn("y_pred contains classes not in y_true")
C:\Anaconda3\envs\pytorch\lib\site-packages\sklearn\metrics\_classification.py:2399: UserWarning: y_pred contains classes not in y_true
  warnings.warn("y_pred contains classes not in y_true")
C:\Anaconda3\envs\pytorch\lib\site-packages\sklearn\metrics\_classification.py:2399: UserWarning: y_pred contains classes not in y_true
  warnings.warn("y_pred contains classes not in y_true")
C:\Anaconda3\envs\pytorch\lib\site-packages\sklearn\metrics\_classification.py:2399: UserWarning: y_pred contains classes not in y_true
  warnings.warn("y_pred contains classes not in y_true")
C:\Anaconda3\envs\pytorch\lib\site-packages\sklearn\metrics\_classification.py:2399: UserWarning: y_pred contains classes not in y_true
  warnings.warn("y_pred contains classes not in y_true")
C:\Anaconda3\envs\pytorch\lib\site-packages\sklearn\metrics\_classification.py:2399: UserWarning: y_pred contains classes not in y_true
  warnings.warn("y_pred contains classes not in y_true")
C:\Anaconda3\envs\pytorch\lib\site-packages\sklearn\metrics\_classification.py:2399: UserWarning: y_pred contains classes not in y_true
  warnings.warn("y_pred contains classes not in y_true")
C:\Anaconda3\envs\pytorch\lib\site-packages\sklearn\metrics\_classification.py:2399: UserWarning: y_pred contains classes not in y_true
  warnings.warn("y_pred contains classes not in y_true")
C:\Anaconda3\envs\pytorch\lib\site-packages\sklearn\metrics\_classification.py:2399: UserWarning: y_pred contains classes not in y_true
  warnings.warn("y_pred contains classes not in y_true")
C:\Anaconda3\envs\pytorch\lib\site-packages\sklearn\metrics\_classification.py:2399: UserWarning: y_pred contains classes not in y_true
  warnings.warn("y_pred contains classes not in y_true")
C:\Anaconda3\envs\pytorch\lib\site-packages\sklearn\metrics\_classification.py:2399: UserWarning: y_pred contains classes not in y_true
  warnings.warn("y_pred contains classes not in y_true")
C:\Anaconda3\envs\pytorch\lib\site-packages\sklearn\metrics\_classification.py:2399: UserWarning: y_pred contains classes not in y_true
  warnings.warn("y_pred contains classes not in y_true")
C:\Anaconda3\envs\pytorch\lib\site-packages\sklearn\metrics\_classification.py:2399: UserWarning: y_pred contains classes not in y_true
  warnings.warn("y_pred contains classes not in y_true")
C:\Anaconda3\envs\pytorch\lib\site-packages\sklearn\metrics\_classification.py:2399: UserWarning: y_pred contains classes not in y_true
  warnings.warn("y_pred contains classes not in y_true")
C:\Anaconda3\envs\pytorch\lib\site-packages\sklearn\metrics\_classification.py:2399: UserWarning: y_pred contains classes not in y_true
  warnings.warn("y_pred contains classes not in y_true")
C:\Anaconda3\envs\pytorch\lib\site-packages\sklearn\metrics\_classification.py:2399: UserWarning: y_pred contains classes not in y_true
  warnings.warn("y_pred contains classes not in y_true")
C:\Anaconda3\envs\pytorch\lib\site-packages\sklearn\metrics\_classification.py:2399: UserWarning: y_pred contains classes not in y_true
  warnings.warn("y_pred contains classes not in y_true")
C:\Anaconda3\envs\pytorch\lib\site-packages\sklearn\metrics\_classification.py:2399: UserWarning: y_pred contains classes not in y_true
  warnings.warn("y_pred contains classes not in y_true")
C:\Anaconda3\envs\pytorch\lib\site-packages\sklearn\metrics\_classification.py:2399: UserWarning: y_pred contains classes not in y_true
  warnings.warn("y_pred contains classes not in y_true")
C:\Anaconda3\envs\pytorch\lib\site-packages\sklearn\metrics\_classification.py:2399: UserWarning: y_pred contains classes not in y_true
  warnings.warn("y_pred contains classes not in y_true")
C:\Anaconda3\envs\pytorch\lib\site-packages\sklearn\metrics\_classification.py:2399: UserWarning: y_pred contains classes not in y_true
  warnings.warn("y_pred contains classes not in y_true")
C:\Anaconda3\envs\pytorch\lib\site-packages\sklearn\metrics\_classification.py:2399: UserWarning: y_pred contains classes not in y_true
  warnings.warn("y_pred contains classes not in y_true")
C:\Anaconda3\envs\pytorch\lib\site-packages\sklearn\metrics\_classification.py:2399: UserWarning: y_pred contains classes not in y_true
  warnings.warn("y_pred contains classes not in y_true")
C:\Anaconda3\envs\pytorch\lib\site-packages\sklearn\metrics\_classification.py:2399: UserWarning: y_pred contains classes not in y_true
  warnings.warn("y_pred contains classes not in y_true")
C:\Anaconda3\envs\pytorch\lib\site-packages\sklearn\metrics\_classification.py:2399: UserWarning: y_pred contains classes not in y_true
  warnings.warn("y_pred contains classes not in y_true")
C:\Anaconda3\envs\pytorch\lib\site-packages\sklearn\metrics\_classification.py:2399: UserWarning: y_pred contains classes not in y_true
  warnings.warn("y_pred contains classes not in y_true")
C:\Anaconda3\envs\pytorch\lib\site-packages\sklearn\metrics\_classification.py:2399: UserWarning: y_pred contains classes not in y_true
  warnings.warn("y_pred contains classes not in y_true")
C:\Anaconda3\envs\pytorch\lib\site-packages\sklearn\metrics\_classification.py:2399: UserWarning: y_pred contains classes not in y_true
  warnings.warn("y_pred contains classes not in y_true")
C:\Anaconda3\envs\pytorch\lib\site-packages\sklearn\metrics\_classification.py:2399: UserWarning: y_pred contains classes not in y_true
  warnings.warn("y_pred contains classes not in y_true")
C:\Anaconda3\envs\pytorch\lib\site-packages\sklearn\metrics\_classification.py:2399: UserWarning: y_pred contains classes not in y_true
  warnings.warn("y_pred contains classes not in y_true")
C:\Anaconda3\envs\pytorch\lib\site-packages\sklearn\metrics\_classification.py:2399: UserWarning: y_pred contains classes not in y_true
  warnings.warn("y_pred contains classes not in y_true")
C:\Anaconda3\envs\pytorch\lib\site-packages\sklearn\metrics\_classification.py:2399: UserWarning: y_pred contains classes not in y_true
  warnings.warn("y_pred contains classes not in y_true")
C:\Anaconda3\envs\pytorch\lib\site-packages\sklearn\metrics\_classification.py:2399: UserWarning: y_pred contains classes not in y_true
  warnings.warn("y_pred contains classes not in y_true")
C:\Anaconda3\envs\pytorch\lib\site-packages\sklearn\metrics\_classification.py:2399: UserWarning: y_pred contains classes not in y_true
  warnings.warn("y_pred contains classes not in y_true")
C:\Anaconda3\envs\pytorch\lib\site-packages\sklearn\metrics\_classification.py:2399: UserWarning: y_pred contains classes not in y_true
  warnings.warn("y_pred contains classes not in y_true")
C:\Anaconda3\envs\pytorch\lib\site-packages\sklearn\metrics\_classification.py:2399: UserWarning: y_pred contains classes not in y_true
  warnings.warn("y_pred contains classes not in y_true")
C:\Anaconda3\envs\pytorch\lib\site-packages\sklearn\metrics\_classification.py:2399: UserWarning: y_pred contains classes not in y_true
  warnings.warn("y_pred contains classes not in y_true")
C:\Anaconda3\envs\pytorch\lib\site-packages\sklearn\metrics\_classification.py:2399: UserWarning: y_pred contains classes not in y_true
  warnings.warn("y_pred contains classes not in y_true")
C:\Anaconda3\envs\pytorch\lib\site-packages\sklearn\metrics\_classification.py:2399: UserWarning: y_pred contains classes not in y_true
  warnings.warn("y_pred contains classes not in y_true")
C:\Anaconda3\envs\pytorch\lib\site-packages\sklearn\metrics\_classification.py:2399: UserWarning: y_pred contains classes not in y_true
  warnings.warn("y_pred contains classes not in y_true")
C:\Anaconda3\envs\pytorch\lib\site-packages\sklearn\metrics\_classification.py:2399: UserWarning: y_pred contains classes not in y_true
  warnings.warn("y_pred contains classes not in y_true")
C:\Anaconda3\envs\pytorch\lib\site-packages\sklearn\metrics\_classification.py:2399: UserWarning: y_pred contains classes not in y_true
  warnings.warn("y_pred contains classes not in y_true")
C:\Anaconda3\envs\pytorch\lib\site-packages\sklearn\metrics\_classification.py:2399: UserWarning: y_pred contains classes not in y_true
  warnings.warn("y_pred contains classes not in y_true")
C:\Anaconda3\envs\pytorch\lib\site-packages\sklearn\metrics\_classification.py:2399: UserWarning: y_pred contains classes not in y_true
  warnings.warn("y_pred contains classes not in y_true")
C:\Anaconda3\envs\pytorch\lib\site-packages\sklearn\metrics\_classification.py:2399: UserWarning: y_pred contains classes not in y_true
  warnings.warn("y_pred contains classes not in y_true")
C:\Anaconda3\envs\pytorch\lib\site-packages\sklearn\metrics\_classification.py:2399: UserWarning: y_pred contains classes not in y_true
  warnings.warn("y_pred contains classes not in y_true")
C:\Anaconda3\envs\pytorch\lib\site-packages\sklearn\metrics\_classification.py:2399: UserWarning: y_pred contains classes not in y_true
  warnings.warn("y_pred contains classes not in y_true")
C:\Anaconda3\envs\pytorch\lib\site-packages\sklearn\metrics\_classification.py:2399: UserWarning: y_pred contains classes not in y_true
  warnings.warn("y_pred contains classes not in y_true")
C:\Anaconda3\envs\pytorch\lib\site-packages\sklearn\metrics\_classification.py:2399: UserWarning: y_pred contains classes not in y_true
  warnings.warn("y_pred contains classes not in y_true")
C:\Anaconda3\envs\pytorch\lib\site-packages\sklearn\metrics\_classification.py:2399: UserWarning: y_pred contains classes not in y_true
  warnings.warn("y_pred contains classes not in y_true")
C:\Anaconda3\envs\pytorch\lib\site-packages\sklearn\metrics\_classification.py:2399: UserWarning: y_pred contains classes not in y_true
  warnings.warn("y_pred contains classes not in y_true")
C:\Anaconda3\envs\pytorch\lib\site-packages\sklearn\metrics\_classification.py:2399: UserWarning: y_pred contains classes not in y_true
  warnings.warn("y_pred contains classes not in y_true")
C:\Anaconda3\envs\pytorch\lib\site-packages\sklearn\metrics\_classification.py:2399: UserWarning: y_pred contains classes not in y_true
  warnings.warn("y_pred contains classes not in y_true")
C:\Anaconda3\envs\pytorch\lib\site-packages\sklearn\metrics\_classification.py:2399: UserWarning: y_pred contains classes not in y_true
  warnings.warn("y_pred contains classes not in y_true")
C:\Anaconda3\envs\pytorch\lib\site-packages\sklearn\metrics\_classification.py:2399: UserWarning: y_pred contains classes not in y_true
  warnings.warn("y_pred contains classes not in y_true")
C:\Anaconda3\envs\pytorch\lib\site-packages\sklearn\metrics\_classification.py:2399: UserWarning: y_pred contains classes not in y_true
  warnings.warn("y_pred contains classes not in y_true")
C:\Anaconda3\envs\pytorch\lib\site-packages\sklearn\metrics\_classification.py:2399: UserWarning: y_pred contains classes not in y_true
  warnings.warn("y_pred contains classes not in y_true")
C:\Anaconda3\envs\pytorch\lib\site-packages\sklearn\metrics\_classification.py:2399: UserWarning: y_pred contains classes not in y_true
  warnings.warn("y_pred contains classes not in y_true")
C:\Anaconda3\envs\pytorch\lib\site-packages\sklearn\metrics\_classification.py:2399: UserWarning: y_pred contains classes not in y_true
  warnings.warn("y_pred contains classes not in y_true")
C:\Anaconda3\envs\pytorch\lib\site-packages\sklearn\metrics\_classification.py:2399: UserWarning: y_pred contains classes not in y_true
  warnings.warn("y_pred contains classes not in y_true")
C:\Anaconda3\envs\pytorch\lib\site-packages\sklearn\metrics\_classification.py:2399: UserWarning: y_pred contains classes not in y_true
  warnings.warn("y_pred contains classes not in y_true")
C:\Anaconda3\envs\pytorch\lib\site-packages\sklearn\metrics\_classification.py:2399: UserWarning: y_pred contains classes not in y_true
  warnings.warn("y_pred contains classes not in y_true")
C:\Anaconda3\envs\pytorch\lib\site-packages\sklearn\metrics\_classification.py:2399: UserWarning: y_pred contains classes not in y_true
  warnings.warn("y_pred contains classes not in y_true")
C:\Anaconda3\envs\pytorch\lib\site-packages\sklearn\metrics\_classification.py:2399: UserWarning: y_pred contains classes not in y_true
  warnings.warn("y_pred contains classes not in y_true")
C:\Anaconda3\envs\pytorch\lib\site-packages\sklearn\metrics\_classification.py:2399: UserWarning: y_pred contains classes not in y_true
  warnings.warn("y_pred contains classes not in y_true")
C:\Anaconda3\envs\pytorch\lib\site-packages\sklearn\metrics\_classification.py:2399: UserWarning: y_pred contains classes not in y_true
  warnings.warn("y_pred contains classes not in y_true")
C:\Anaconda3\envs\pytorch\lib\site-packages\sklearn\metrics\_classification.py:2399: UserWarning: y_pred contains classes not in y_true
  warnings.warn("y_pred contains classes not in y_true")
C:\Anaconda3\envs\pytorch\lib\site-packages\sklearn\metrics\_classification.py:2399: UserWarning: y_pred contains classes not in y_true
  warnings.warn("y_pred contains classes not in y_true")
C:\Anaconda3\envs\pytorch\lib\site-packages\sklearn\metrics\_classification.py:2399: UserWarning: y_pred contains classes not in y_true
  warnings.warn("y_pred contains classes not in y_true")
C:\Anaconda3\envs\pytorch\lib\site-packages\sklearn\metrics\_classification.py:2399: UserWarning: y_pred contains classes not in y_true
  warnings.warn("y_pred contains classes not in y_true")
C:\Anaconda3\envs\pytorch\lib\site-packages\sklearn\metrics\_classification.py:2399: UserWarning: y_pred contains classes not in y_true
  warnings.warn("y_pred contains classes not in y_true")
C:\Anaconda3\envs\pytorch\lib\site-packages\sklearn\metrics\_classification.py:2399: UserWarning: y_pred contains classes not in y_true
  warnings.warn("y_pred contains classes not in y_true")
C:\Anaconda3\envs\pytorch\lib\site-packages\sklearn\metrics\_classification.py:2399: UserWarning: y_pred contains classes not in y_true
  warnings.warn("y_pred contains classes not in y_true")
C:\Anaconda3\envs\pytorch\lib\site-packages\sklearn\metrics\_classification.py:2399: UserWarning: y_pred contains classes not in y_true
  warnings.warn("y_pred contains classes not in y_true")
C:\Anaconda3\envs\pytorch\lib\site-packages\sklearn\metrics\_classification.py:2399: UserWarning: y_pred contains classes not in y_true
  warnings.warn("y_pred contains classes not in y_true")
C:\Anaconda3\envs\pytorch\lib\site-packages\sklearn\metrics\_classification.py:2399: UserWarning: y_pred contains classes not in y_true
  warnings.warn("y_pred contains classes not in y_true")
C:\Anaconda3\envs\pytorch\lib\site-packages\sklearn\metrics\_classification.py:2399: UserWarning: y_pred contains classes not in y_true
  warnings.warn("y_pred contains classes not in y_true")
C:\Anaconda3\envs\pytorch\lib\site-packages\sklearn\metrics\_classification.py:2399: UserWarning: y_pred contains classes not in y_true
  warnings.warn("y_pred contains classes not in y_true")
C:\Anaconda3\envs\pytorch\lib\site-packages\sklearn\metrics\_classification.py:2399: UserWarning: y_pred contains classes not in y_true
  warnings.warn("y_pred contains classes not in y_true")
C:\Anaconda3\envs\pytorch\lib\site-packages\sklearn\metrics\_classification.py:2399: UserWarning: y_pred contains classes not in y_true
  warnings.warn("y_pred contains classes not in y_true")
C:\Anaconda3\envs\pytorch\lib\site-packages\sklearn\metrics\_classification.py:2399: UserWarning: y_pred contains classes not in y_true
  warnings.warn("y_pred contains classes not in y_true")
C:\Anaconda3\envs\pytorch\lib\site-packages\sklearn\metrics\_classification.py:2399: UserWarning: y_pred contains classes not in y_true
  warnings.warn("y_pred contains classes not in y_true")
C:\Anaconda3\envs\pytorch\lib\site-packages\sklearn\metrics\_classification.py:2399: UserWarning: y_pred contains classes not in y_true
  warnings.warn("y_pred contains classes not in y_true")
C:\Anaconda3\envs\pytorch\lib\site-packages\sklearn\metrics\_classification.py:2399: UserWarning: y_pred contains classes not in y_true
  warnings.warn("y_pred contains classes not in y_true")
C:\Anaconda3\envs\pytorch\lib\site-packages\sklearn\metrics\_classification.py:2399: UserWarning: y_pred contains classes not in y_true
  warnings.warn("y_pred contains classes not in y_true")
C:\Anaconda3\envs\pytorch\lib\site-packages\sklearn\metrics\_classification.py:2399: UserWarning: y_pred contains classes not in y_true
  warnings.warn("y_pred contains classes not in y_true")
C:\Anaconda3\envs\pytorch\lib\site-packages\sklearn\metrics\_classification.py:2399: UserWarning: y_pred contains classes not in y_true
  warnings.warn("y_pred contains classes not in y_true")
C:\Anaconda3\envs\pytorch\lib\site-packages\sklearn\metrics\_classification.py:2399: UserWarning: y_pred contains classes not in y_true
  warnings.warn("y_pred contains classes not in y_true")
C:\Anaconda3\envs\pytorch\lib\site-packages\sklearn\metrics\_classification.py:2399: UserWarning: y_pred contains classes not in y_true
  warnings.warn("y_pred contains classes not in y_true")
C:\Anaconda3\envs\pytorch\lib\site-packages\sklearn\metrics\_classification.py:2399: UserWarning: y_pred contains classes not in y_true
  warnings.warn("y_pred contains classes not in y_true")
C:\Anaconda3\envs\pytorch\lib\site-packages\sklearn\metrics\_classification.py:2399: UserWarning: y_pred contains classes not in y_true
  warnings.warn("y_pred contains classes not in y_true")
C:\Anaconda3\envs\pytorch\lib\site-packages\sklearn\metrics\_classification.py:2399: UserWarning: y_pred contains classes not in y_true
  warnings.warn("y_pred contains classes not in y_true")
C:\Anaconda3\envs\pytorch\lib\site-packages\sklearn\metrics\_classification.py:2399: UserWarning: y_pred contains classes not in y_true
  warnings.warn("y_pred contains classes not in y_true")
C:\Anaconda3\envs\pytorch\lib\site-packages\sklearn\metrics\_classification.py:2399: UserWarning: y_pred contains classes not in y_true
  warnings.warn("y_pred contains classes not in y_true")
C:\Anaconda3\envs\pytorch\lib\site-packages\sklearn\metrics\_classification.py:2399: UserWarning: y_pred contains classes not in y_true
  warnings.warn("y_pred contains classes not in y_true")
C:\Anaconda3\envs\pytorch\lib\site-packages\sklearn\metrics\_classification.py:2399: UserWarning: y_pred contains classes not in y_true
  warnings.warn("y_pred contains classes not in y_true")
C:\Anaconda3\envs\pytorch\lib\site-packages\sklearn\metrics\_classification.py:2399: UserWarning: y_pred contains classes not in y_true
  warnings.warn("y_pred contains classes not in y_true")
C:\Anaconda3\envs\pytorch\lib\site-packages\sklearn\metrics\_classification.py:2399: UserWarning: y_pred contains classes not in y_true
  warnings.warn("y_pred contains classes not in y_true")
C:\Anaconda3\envs\pytorch\lib\site-packages\sklearn\metrics\_classification.py:2399: UserWarning: y_pred contains classes not in y_true
  warnings.warn("y_pred contains classes not in y_true")
C:\Anaconda3\envs\pytorch\lib\site-packages\sklearn\metrics\_classification.py:2399: UserWarning: y_pred contains classes not in y_true
  warnings.warn("y_pred contains classes not in y_true")
C:\Anaconda3\envs\pytorch\lib\site-packages\sklearn\metrics\_classification.py:2399: UserWarning: y_pred contains classes not in y_true
  warnings.warn("y_pred contains classes not in y_true")
C:\Anaconda3\envs\pytorch\lib\site-packages\sklearn\metrics\_classification.py:2399: UserWarning: y_pred contains classes not in y_true
  warnings.warn("y_pred contains classes not in y_true")
C:\Anaconda3\envs\pytorch\lib\site-packages\sklearn\metrics\_classification.py:2399: UserWarning: y_pred contains classes not in y_true
  warnings.warn("y_pred contains classes not in y_true")
C:\Anaconda3\envs\pytorch\lib\site-packages\sklearn\metrics\_classification.py:2399: UserWarning: y_pred contains classes not in y_true
  warnings.warn("y_pred contains classes not in y_true")
C:\Anaconda3\envs\pytorch\lib\site-packages\sklearn\metrics\_classification.py:2399: UserWarning: y_pred contains classes not in y_true
  warnings.warn("y_pred contains classes not in y_true")
C:\Anaconda3\envs\pytorch\lib\site-packages\sklearn\metrics\_classification.py:2399: UserWarning: y_pred contains classes not in y_true
  warnings.warn("y_pred contains classes not in y_true")
C:\Anaconda3\envs\pytorch\lib\site-packages\sklearn\metrics\_classification.py:2399: UserWarning: y_pred contains classes not in y_true
  warnings.warn("y_pred contains classes not in y_true")
C:\Anaconda3\envs\pytorch\lib\site-packages\sklearn\metrics\_classification.py:2399: UserWarning: y_pred contains classes not in y_true
  warnings.warn("y_pred contains classes not in y_true")
C:\Anaconda3\envs\pytorch\lib\site-packages\sklearn\metrics\_classification.py:2399: UserWarning: y_pred contains classes not in y_true
  warnings.warn("y_pred contains classes not in y_true")
C:\Anaconda3\envs\pytorch\lib\site-packages\sklearn\metrics\_classification.py:2399: UserWarning: y_pred contains classes not in y_true
  warnings.warn("y_pred contains classes not in y_true")
C:\Anaconda3\envs\pytorch\lib\site-packages\sklearn\metrics\_classification.py:2399: UserWarning: y_pred contains classes not in y_true
  warnings.warn("y_pred contains classes not in y_true")
C:\Anaconda3\envs\pytorch\lib\site-packages\sklearn\metrics\_classification.py:2399: UserWarning: y_pred contains classes not in y_true
  warnings.warn("y_pred contains classes not in y_true")
C:\Anaconda3\envs\pytorch\lib\site-packages\sklearn\metrics\_classification.py:2399: UserWarning: y_pred contains classes not in y_true
  warnings.warn("y_pred contains classes not in y_true")
C:\Anaconda3\envs\pytorch\lib\site-packages\sklearn\metrics\_classification.py:2399: UserWarning: y_pred contains classes not in y_true
  warnings.warn("y_pred contains classes not in y_true")
C:\Anaconda3\envs\pytorch\lib\site-packages\sklearn\metrics\_classification.py:2399: UserWarning: y_pred contains classes not in y_true
  warnings.warn("y_pred contains classes not in y_true")
C:\Anaconda3\envs\pytorch\lib\site-packages\sklearn\metrics\_classification.py:2399: UserWarning: y_pred contains classes not in y_true
  warnings.warn("y_pred contains classes not in y_true")
C:\Anaconda3\envs\pytorch\lib\site-packages\sklearn\metrics\_classification.py:2399: UserWarning: y_pred contains classes not in y_true
  warnings.warn("y_pred contains classes not in y_true")
C:\Anaconda3\envs\pytorch\lib\site-packages\sklearn\metrics\_classification.py:2399: UserWarning: y_pred contains classes not in y_true
  warnings.warn("y_pred contains classes not in y_true")
C:\Anaconda3\envs\pytorch\lib\site-packages\sklearn\metrics\_classification.py:2399: UserWarning: y_pred contains classes not in y_true
  warnings.warn("y_pred contains classes not in y_true")
C:\Anaconda3\envs\pytorch\lib\site-packages\sklearn\metrics\_classification.py:2399: UserWarning: y_pred contains classes not in y_true
  warnings.warn("y_pred contains classes not in y_true")
C:\Anaconda3\envs\pytorch\lib\site-packages\sklearn\metrics\_classification.py:2399: UserWarning: y_pred contains classes not in y_true
  warnings.warn("y_pred contains classes not in y_true")
C:\Anaconda3\envs\pytorch\lib\site-packages\sklearn\metrics\_classification.py:2399: UserWarning: y_pred contains classes not in y_true
  warnings.warn("y_pred contains classes not in y_true")
C:\Anaconda3\envs\pytorch\lib\site-packages\sklearn\metrics\_classification.py:2399: UserWarning: y_pred contains classes not in y_true
  warnings.warn("y_pred contains classes not in y_true")
C:\Anaconda3\envs\pytorch\lib\site-packages\sklearn\metrics\_classification.py:2399: UserWarning: y_pred contains classes not in y_true
  warnings.warn("y_pred contains classes not in y_true")
C:\Anaconda3\envs\pytorch\lib\site-packages\sklearn\metrics\_classification.py:2399: UserWarning: y_pred contains classes not in y_true
  warnings.warn("y_pred contains classes not in y_true")
C:\Anaconda3\envs\pytorch\lib\site-packages\sklearn\metrics\_classification.py:2399: UserWarning: y_pred contains classes not in y_true
  warnings.warn("y_pred contains classes not in y_true")
C:\Anaconda3\envs\pytorch\lib\site-packages\sklearn\metrics\_classification.py:2399: UserWarning: y_pred contains classes not in y_true
  warnings.warn("y_pred contains classes not in y_true")
C:\Anaconda3\envs\pytorch\lib\site-packages\sklearn\metrics\_classification.py:2399: UserWarning: y_pred contains classes not in y_true
  warnings.warn("y_pred contains classes not in y_true")
C:\Anaconda3\envs\pytorch\lib\site-packages\sklearn\metrics\_classification.py:2399: UserWarning: y_pred contains classes not in y_true
  warnings.warn("y_pred contains classes not in y_true")
C:\Anaconda3\envs\pytorch\lib\site-packages\sklearn\metrics\_classification.py:2399: UserWarning: y_pred contains classes not in y_true
  warnings.warn("y_pred contains classes not in y_true")
C:\Anaconda3\envs\pytorch\lib\site-packages\sklearn\metrics\_classification.py:2399: UserWarning: y_pred contains classes not in y_true
  warnings.warn("y_pred contains classes not in y_true")
C:\Anaconda3\envs\pytorch\lib\site-packages\sklearn\metrics\_classification.py:2399: UserWarning: y_pred contains classes not in y_true
  warnings.warn("y_pred contains classes not in y_true")
C:\Anaconda3\envs\pytorch\lib\site-packages\sklearn\metrics\_classification.py:2399: UserWarning: y_pred contains classes not in y_true
  warnings.warn("y_pred contains classes not in y_true")
C:\Anaconda3\envs\pytorch\lib\site-packages\sklearn\metrics\_classification.py:2399: UserWarning: y_pred contains classes not in y_true
  warnings.warn("y_pred contains classes not in y_true")
C:\Anaconda3\envs\pytorch\lib\site-packages\sklearn\metrics\_classification.py:2399: UserWarning: y_pred contains classes not in y_true
  warnings.warn("y_pred contains classes not in y_true")
C:\Anaconda3\envs\pytorch\lib\site-packages\sklearn\metrics\_classification.py:2399: UserWarning: y_pred contains classes not in y_true
  warnings.warn("y_pred contains classes not in y_true")
C:\Anaconda3\envs\pytorch\lib\site-packages\sklearn\metrics\_classification.py:2399: UserWarning: y_pred contains classes not in y_true
  warnings.warn("y_pred contains classes not in y_true")
C:\Anaconda3\envs\pytorch\lib\site-packages\sklearn\metrics\_classification.py:2399: UserWarning: y_pred contains classes not in y_true
  warnings.warn("y_pred contains classes not in y_true")
C:\Anaconda3\envs\pytorch\lib\site-packages\sklearn\metrics\_classification.py:2399: UserWarning: y_pred contains classes not in y_true
  warnings.warn("y_pred contains classes not in y_true")
C:\Anaconda3\envs\pytorch\lib\site-packages\sklearn\metrics\_classification.py:2399: UserWarning: y_pred contains classes not in y_true
  warnings.warn("y_pred contains classes not in y_true")
C:\Anaconda3\envs\pytorch\lib\site-packages\sklearn\metrics\_classification.py:2399: UserWarning: y_pred contains classes not in y_true
  warnings.warn("y_pred contains classes not in y_true")
C:\Anaconda3\envs\pytorch\lib\site-packages\sklearn\metrics\_classification.py:2399: UserWarning: y_pred contains classes not in y_true
  warnings.warn("y_pred contains classes not in y_true")
C:\Anaconda3\envs\pytorch\lib\site-packages\sklearn\metrics\_classification.py:2399: UserWarning: y_pred contains classes not in y_true
  warnings.warn("y_pred contains classes not in y_true")
C:\Anaconda3\envs\pytorch\lib\site-packages\sklearn\metrics\_classification.py:2399: UserWarning: y_pred contains classes not in y_true
  warnings.warn("y_pred contains classes not in y_true")
C:\Anaconda3\envs\pytorch\lib\site-packages\sklearn\metrics\_classification.py:2399: UserWarning: y_pred contains classes not in y_true
  warnings.warn("y_pred contains classes not in y_true")
C:\Anaconda3\envs\pytorch\lib\site-packages\sklearn\metrics\_classification.py:2399: UserWarning: y_pred contains classes not in y_true
  warnings.warn("y_pred contains classes not in y_true")
C:\Anaconda3\envs\pytorch\lib\site-packages\sklearn\metrics\_classification.py:2399: UserWarning: y_pred contains classes not in y_true
  warnings.warn("y_pred contains classes not in y_true")
C:\Anaconda3\envs\pytorch\lib\site-packages\sklearn\metrics\_classification.py:2399: UserWarning: y_pred contains classes not in y_true
  warnings.warn("y_pred contains classes not in y_true")
C:\Anaconda3\envs\pytorch\lib\site-packages\sklearn\metrics\_classification.py:2399: UserWarning: y_pred contains classes not in y_true
  warnings.warn("y_pred contains classes not in y_true")
C:\Anaconda3\envs\pytorch\lib\site-packages\sklearn\metrics\_classification.py:2399: UserWarning: y_pred contains classes not in y_true
  warnings.warn("y_pred contains classes not in y_true")
C:\Anaconda3\envs\pytorch\lib\site-packages\sklearn\metrics\_classification.py:2399: UserWarning: y_pred contains classes not in y_true
  warnings.warn("y_pred contains classes not in y_true")
C:\Anaconda3\envs\pytorch\lib\site-packages\sklearn\metrics\_classification.py:2399: UserWarning: y_pred contains classes not in y_true
  warnings.warn("y_pred contains classes not in y_true")
C:\Anaconda3\envs\pytorch\lib\site-packages\sklearn\metrics\_classification.py:2399: UserWarning: y_pred contains classes not in y_true
  warnings.warn("y_pred contains classes not in y_true")
C:\Anaconda3\envs\pytorch\lib\site-packages\sklearn\metrics\_classification.py:2399: UserWarning: y_pred contains classes not in y_true
  warnings.warn("y_pred contains classes not in y_true")
C:\Anaconda3\envs\pytorch\lib\site-packages\sklearn\metrics\_classification.py:2399: UserWarning: y_pred contains classes not in y_true
  warnings.warn("y_pred contains classes not in y_true")
C:\Anaconda3\envs\pytorch\lib\site-packages\sklearn\metrics\_classification.py:2399: UserWarning: y_pred contains classes not in y_true
  warnings.warn("y_pred contains classes not in y_true")
C:\Anaconda3\envs\pytorch\lib\site-packages\sklearn\metrics\_classification.py:2399: UserWarning: y_pred contains classes not in y_true
  warnings.warn("y_pred contains classes not in y_true")
C:\Anaconda3\envs\pytorch\lib\site-packages\sklearn\metrics\_classification.py:2399: UserWarning: y_pred contains classes not in y_true
  warnings.warn("y_pred contains classes not in y_true")
C:\Anaconda3\envs\pytorch\lib\site-packages\sklearn\metrics\_classification.py:2399: UserWarning: y_pred contains classes not in y_true
  warnings.warn("y_pred contains classes not in y_true")
C:\Anaconda3\envs\pytorch\lib\site-packages\sklearn\metrics\_classification.py:2399: UserWarning: y_pred contains classes not in y_true
  warnings.warn("y_pred contains classes not in y_true")
C:\Anaconda3\envs\pytorch\lib\site-packages\sklearn\metrics\_classification.py:2399: UserWarning: y_pred contains classes not in y_true
  warnings.warn("y_pred contains classes not in y_true")
C:\Anaconda3\envs\pytorch\lib\site-packages\sklearn\metrics\_classification.py:2399: UserWarning: y_pred contains classes not in y_true
  warnings.warn("y_pred contains classes not in y_true")
C:\Anaconda3\envs\pytorch\lib\site-packages\sklearn\metrics\_classification.py:2399: UserWarning: y_pred contains classes not in y_true
  warnings.warn("y_pred contains classes not in y_true")
C:\Anaconda3\envs\pytorch\lib\site-packages\sklearn\metrics\_classification.py:2399: UserWarning: y_pred contains classes not in y_true
  warnings.warn("y_pred contains classes not in y_true")
C:\Anaconda3\envs\pytorch\lib\site-packages\sklearn\metrics\_classification.py:2399: UserWarning: y_pred contains classes not in y_true
  warnings.warn("y_pred contains classes not in y_true")
C:\Anaconda3\envs\pytorch\lib\site-packages\sklearn\metrics\_classification.py:2399: UserWarning: y_pred contains classes not in y_true
  warnings.warn("y_pred contains classes not in y_true")
C:\Anaconda3\envs\pytorch\lib\site-packages\sklearn\metrics\_classification.py:2399: UserWarning: y_pred contains classes not in y_true
  warnings.warn("y_pred contains classes not in y_true")
C:\Anaconda3\envs\pytorch\lib\site-packages\sklearn\metrics\_classification.py:2399: UserWarning: y_pred contains classes not in y_true
  warnings.warn("y_pred contains classes not in y_true")
C:\Anaconda3\envs\pytorch\lib\site-packages\sklearn\metrics\_classification.py:2399: UserWarning: y_pred contains classes not in y_true
  warnings.warn("y_pred contains classes not in y_true")
C:\Anaconda3\envs\pytorch\lib\site-packages\sklearn\metrics\_classification.py:2399: UserWarning: y_pred contains classes not in y_true
  warnings.warn("y_pred contains classes not in y_true")
C:\Anaconda3\envs\pytorch\lib\site-packages\sklearn\metrics\_classification.py:2399: UserWarning: y_pred contains classes not in y_true
  warnings.warn("y_pred contains classes not in y_true")
C:\Anaconda3\envs\pytorch\lib\site-packages\sklearn\metrics\_classification.py:2399: UserWarning: y_pred contains classes not in y_true
  warnings.warn("y_pred contains classes not in y_true")
C:\Anaconda3\envs\pytorch\lib\site-packages\sklearn\metrics\_classification.py:2399: UserWarning: y_pred contains classes not in y_true
  warnings.warn("y_pred contains classes not in y_true")
C:\Anaconda3\envs\pytorch\lib\site-packages\sklearn\metrics\_classification.py:2399: UserWarning: y_pred contains classes not in y_true
  warnings.warn("y_pred contains classes not in y_true")
C:\Anaconda3\envs\pytorch\lib\site-packages\sklearn\metrics\_classification.py:2399: UserWarning: y_pred contains classes not in y_true
  warnings.warn("y_pred contains classes not in y_true")
C:\Anaconda3\envs\pytorch\lib\site-packages\sklearn\metrics\_classification.py:2399: UserWarning: y_pred contains classes not in y_true
  warnings.warn("y_pred contains classes not in y_true")
C:\Anaconda3\envs\pytorch\lib\site-packages\sklearn\metrics\_classification.py:2399: UserWarning: y_pred contains classes not in y_true
  warnings.warn("y_pred contains classes not in y_true")
C:\Anaconda3\envs\pytorch\lib\site-packages\sklearn\metrics\_classification.py:2399: UserWarning: y_pred contains classes not in y_true
  warnings.warn("y_pred contains classes not in y_true")
C:\Anaconda3\envs\pytorch\lib\site-packages\sklearn\metrics\_classification.py:2399: UserWarning: y_pred contains classes not in y_true
  warnings.warn("y_pred contains classes not in y_true")
C:\Anaconda3\envs\pytorch\lib\site-packages\sklearn\metrics\_classification.py:2399: UserWarning: y_pred contains classes not in y_true
  warnings.warn("y_pred contains classes not in y_true")
C:\Anaconda3\envs\pytorch\lib\site-packages\sklearn\metrics\_classification.py:2399: UserWarning: y_pred contains classes not in y_true
  warnings.warn("y_pred contains classes not in y_true")
C:\Anaconda3\envs\pytorch\lib\site-packages\sklearn\metrics\_classification.py:2399: UserWarning: y_pred contains classes not in y_true
  warnings.warn("y_pred contains classes not in y_true")
C:\Anaconda3\envs\pytorch\lib\site-packages\sklearn\metrics\_classification.py:2399: UserWarning: y_pred contains classes not in y_true
  warnings.warn("y_pred contains classes not in y_true")
C:\Anaconda3\envs\pytorch\lib\site-packages\sklearn\metrics\_classification.py:2399: UserWarning: y_pred contains classes not in y_true
  warnings.warn("y_pred contains classes not in y_true")
C:\Anaconda3\envs\pytorch\lib\site-packages\sklearn\metrics\_classification.py:2399: UserWarning: y_pred contains classes not in y_true
  warnings.warn("y_pred contains classes not in y_true")
C:\Anaconda3\envs\pytorch\lib\site-packages\sklearn\metrics\_classification.py:2399: UserWarning: y_pred contains classes not in y_true
  warnings.warn("y_pred contains classes not in y_true")
C:\Anaconda3\envs\pytorch\lib\site-packages\sklearn\metrics\_classification.py:2399: UserWarning: y_pred contains classes not in y_true
  warnings.warn("y_pred contains classes not in y_true")
C:\Anaconda3\envs\pytorch\lib\site-packages\sklearn\metrics\_classification.py:2399: UserWarning: y_pred contains classes not in y_true
  warnings.warn("y_pred contains classes not in y_true")
C:\Anaconda3\envs\pytorch\lib\site-packages\sklearn\metrics\_classification.py:2399: UserWarning: y_pred contains classes not in y_true
  warnings.warn("y_pred contains classes not in y_true")
C:\Anaconda3\envs\pytorch\lib\site-packages\sklearn\metrics\_classification.py:2399: UserWarning: y_pred contains classes not in y_true
  warnings.warn("y_pred contains classes not in y_true")
C:\Anaconda3\envs\pytorch\lib\site-packages\sklearn\metrics\_classification.py:2399: UserWarning: y_pred contains classes not in y_true
  warnings.warn("y_pred contains classes not in y_true")
C:\Anaconda3\envs\pytorch\lib\site-packages\sklearn\metrics\_classification.py:2399: UserWarning: y_pred contains classes not in y_true
  warnings.warn("y_pred contains classes not in y_true")
C:\Anaconda3\envs\pytorch\lib\site-packages\sklearn\metrics\_classification.py:2399: UserWarning: y_pred contains classes not in y_true
  warnings.warn("y_pred contains classes not in y_true")
C:\Anaconda3\envs\pytorch\lib\site-packages\sklearn\metrics\_classification.py:2399: UserWarning: y_pred contains classes not in y_true
  warnings.warn("y_pred contains classes not in y_true")
C:\Anaconda3\envs\pytorch\lib\site-packages\sklearn\metrics\_classification.py:2399: UserWarning: y_pred contains classes not in y_true
  warnings.warn("y_pred contains classes not in y_true")
C:\Anaconda3\envs\pytorch\lib\site-packages\sklearn\metrics\_classification.py:2399: UserWarning: y_pred contains classes not in y_true
  warnings.warn("y_pred contains classes not in y_true")
C:\Anaconda3\envs\pytorch\lib\site-packages\sklearn\metrics\_classification.py:2399: UserWarning: y_pred contains classes not in y_true
  warnings.warn("y_pred contains classes not in y_true")
C:\Anaconda3\envs\pytorch\lib\site-packages\sklearn\metrics\_classification.py:2399: UserWarning: y_pred contains classes not in y_true
  warnings.warn("y_pred contains classes not in y_true")
C:\Anaconda3\envs\pytorch\lib\site-packages\sklearn\metrics\_classification.py:2399: UserWarning: y_pred contains classes not in y_true
  warnings.warn("y_pred contains classes not in y_true")
C:\Anaconda3\envs\pytorch\lib\site-packages\sklearn\metrics\_classification.py:2399: UserWarning: y_pred contains classes not in y_true
  warnings.warn("y_pred contains classes not in y_true")
C:\Anaconda3\envs\pytorch\lib\site-packages\sklearn\metrics\_classification.py:2399: UserWarning: y_pred contains classes not in y_true
  warnings.warn("y_pred contains classes not in y_true")
C:\Anaconda3\envs\pytorch\lib\site-packages\sklearn\metrics\_classification.py:2399: UserWarning: y_pred contains classes not in y_true
  warnings.warn("y_pred contains classes not in y_true")
C:\Anaconda3\envs\pytorch\lib\site-packages\sklearn\metrics\_classification.py:2399: UserWarning: y_pred contains classes not in y_true
  warnings.warn("y_pred contains classes not in y_true")
C:\Anaconda3\envs\pytorch\lib\site-packages\sklearn\metrics\_classification.py:2399: UserWarning: y_pred contains classes not in y_true
  warnings.warn("y_pred contains classes not in y_true")
C:\Anaconda3\envs\pytorch\lib\site-packages\sklearn\metrics\_classification.py:2399: UserWarning: y_pred contains classes not in y_true
  warnings.warn("y_pred contains classes not in y_true")
C:\Anaconda3\envs\pytorch\lib\site-packages\sklearn\metrics\_classification.py:2399: UserWarning: y_pred contains classes not in y_true
  warnings.warn("y_pred contains classes not in y_true")
C:\Anaconda3\envs\pytorch\lib\site-packages\sklearn\metrics\_classification.py:2399: UserWarning: y_pred contains classes not in y_true
  warnings.warn("y_pred contains classes not in y_true")
C:\Anaconda3\envs\pytorch\lib\site-packages\sklearn\metrics\_classification.py:2399: UserWarning: y_pred contains classes not in y_true
  warnings.warn("y_pred contains classes not in y_true")
C:\Anaconda3\envs\pytorch\lib\site-packages\sklearn\metrics\_classification.py:2399: UserWarning: y_pred contains classes not in y_true
  warnings.warn("y_pred contains classes not in y_true")
C:\Anaconda3\envs\pytorch\lib\site-packages\sklearn\metrics\_classification.py:2399: UserWarning: y_pred contains classes not in y_true
  warnings.warn("y_pred contains classes not in y_true")
C:\Anaconda3\envs\pytorch\lib\site-packages\sklearn\metrics\_classification.py:2399: UserWarning: y_pred contains classes not in y_true
  warnings.warn("y_pred contains classes not in y_true")
C:\Anaconda3\envs\pytorch\lib\site-packages\sklearn\metrics\_classification.py:2399: UserWarning: y_pred contains classes not in y_true
  warnings.warn("y_pred contains classes not in y_true")
C:\Anaconda3\envs\pytorch\lib\site-packages\sklearn\metrics\_classification.py:2399: UserWarning: y_pred contains classes not in y_true
  warnings.warn("y_pred contains classes not in y_true")
C:\Anaconda3\envs\pytorch\lib\site-packages\sklearn\metrics\_classification.py:2399: UserWarning: y_pred contains classes not in y_true
  warnings.warn("y_pred contains classes not in y_true")
C:\Anaconda3\envs\pytorch\lib\site-packages\sklearn\metrics\_classification.py:2399: UserWarning: y_pred contains classes not in y_true
  warnings.warn("y_pred contains classes not in y_true")
C:\Anaconda3\envs\pytorch\lib\site-packages\sklearn\metrics\_classification.py:2399: UserWarning: y_pred contains classes not in y_true
  warnings.warn("y_pred contains classes not in y_true")
C:\Anaconda3\envs\pytorch\lib\site-packages\sklearn\metrics\_classification.py:2399: UserWarning: y_pred contains classes not in y_true
  warnings.warn("y_pred contains classes not in y_true")
C:\Anaconda3\envs\pytorch\lib\site-packages\sklearn\metrics\_classification.py:2399: UserWarning: y_pred contains classes not in y_true
  warnings.warn("y_pred contains classes not in y_true")
C:\Anaconda3\envs\pytorch\lib\site-packages\sklearn\metrics\_classification.py:2399: UserWarning: y_pred contains classes not in y_true
  warnings.warn("y_pred contains classes not in y_true")
C:\Anaconda3\envs\pytorch\lib\site-packages\sklearn\metrics\_classification.py:2399: UserWarning: y_pred contains classes not in y_true
  warnings.warn("y_pred contains classes not in y_true")
C:\Anaconda3\envs\pytorch\lib\site-packages\sklearn\metrics\_classification.py:2399: UserWarning: y_pred contains classes not in y_true
  warnings.warn("y_pred contains classes not in y_true")
C:\Anaconda3\envs\pytorch\lib\site-packages\sklearn\metrics\_classification.py:2399: UserWarning: y_pred contains classes not in y_true
  warnings.warn("y_pred contains classes not in y_true")
C:\Anaconda3\envs\pytorch\lib\site-packages\sklearn\metrics\_classification.py:2399: UserWarning: y_pred contains classes not in y_true
  warnings.warn("y_pred contains classes not in y_true")
C:\Anaconda3\envs\pytorch\lib\site-packages\sklearn\metrics\_classification.py:2399: UserWarning: y_pred contains classes not in y_true
  warnings.warn("y_pred contains classes not in y_true")
C:\Anaconda3\envs\pytorch\lib\site-packages\sklearn\metrics\_classification.py:2399: UserWarning: y_pred contains classes not in y_true
  warnings.warn("y_pred contains classes not in y_true")
C:\Anaconda3\envs\pytorch\lib\site-packages\sklearn\metrics\_classification.py:2399: UserWarning: y_pred contains classes not in y_true
  warnings.warn("y_pred contains classes not in y_true")
C:\Anaconda3\envs\pytorch\lib\site-packages\sklearn\metrics\_classification.py:2399: UserWarning: y_pred contains classes not in y_true
  warnings.warn("y_pred contains classes not in y_true")
C:\Anaconda3\envs\pytorch\lib\site-packages\sklearn\metrics\_classification.py:2399: UserWarning: y_pred contains classes not in y_true
  warnings.warn("y_pred contains classes not in y_true")
C:\Anaconda3\envs\pytorch\lib\site-packages\sklearn\metrics\_classification.py:2399: UserWarning: y_pred contains classes not in y_true
  warnings.warn("y_pred contains classes not in y_true")
C:\Anaconda3\envs\pytorch\lib\site-packages\sklearn\metrics\_classification.py:2399: UserWarning: y_pred contains classes not in y_true
  warnings.warn("y_pred contains classes not in y_true")
C:\Anaconda3\envs\pytorch\lib\site-packages\sklearn\metrics\_classification.py:2399: UserWarning: y_pred contains classes not in y_true
  warnings.warn("y_pred contains classes not in y_true")
C:\Anaconda3\envs\pytorch\lib\site-packages\sklearn\metrics\_classification.py:2399: UserWarning: y_pred contains classes not in y_true
  warnings.warn("y_pred contains classes not in y_true")
C:\Anaconda3\envs\pytorch\lib\site-packages\sklearn\metrics\_classification.py:2399: UserWarning: y_pred contains classes not in y_true
  warnings.warn("y_pred contains classes not in y_true")
C:\Anaconda3\envs\pytorch\lib\site-packages\sklearn\metrics\_classification.py:2399: UserWarning: y_pred contains classes not in y_true
  warnings.warn("y_pred contains classes not in y_true")
C:\Anaconda3\envs\pytorch\lib\site-packages\sklearn\metrics\_classification.py:2399: UserWarning: y_pred contains classes not in y_true
  warnings.warn("y_pred contains classes not in y_true")
C:\Anaconda3\envs\pytorch\lib\site-packages\sklearn\metrics\_classification.py:2399: UserWarning: y_pred contains classes not in y_true
  warnings.warn("y_pred contains classes not in y_true")
C:\Anaconda3\envs\pytorch\lib\site-packages\sklearn\metrics\_classification.py:2399: UserWarning: y_pred contains classes not in y_true
  warnings.warn("y_pred contains classes not in y_true")
C:\Anaconda3\envs\pytorch\lib\site-packages\sklearn\metrics\_classification.py:2399: UserWarning: y_pred contains classes not in y_true
  warnings.warn("y_pred contains classes not in y_true")
C:\Anaconda3\envs\pytorch\lib\site-packages\sklearn\metrics\_classification.py:2399: UserWarning: y_pred contains classes not in y_true
  warnings.warn("y_pred contains classes not in y_true")
C:\Anaconda3\envs\pytorch\lib\site-packages\sklearn\metrics\_classification.py:2399: UserWarning: y_pred contains classes not in y_true
  warnings.warn("y_pred contains classes not in y_true")
C:\Anaconda3\envs\pytorch\lib\site-packages\sklearn\metrics\_classification.py:2399: UserWarning: y_pred contains classes not in y_true
  warnings.warn("y_pred contains classes not in y_true")
C:\Anaconda3\envs\pytorch\lib\site-packages\sklearn\metrics\_classification.py:2399: UserWarning: y_pred contains classes not in y_true
  warnings.warn("y_pred contains classes not in y_true")
C:\Anaconda3\envs\pytorch\lib\site-packages\sklearn\metrics\_classification.py:2399: UserWarning: y_pred contains classes not in y_true
  warnings.warn("y_pred contains classes not in y_true")
C:\Anaconda3\envs\pytorch\lib\site-packages\sklearn\metrics\_classification.py:2399: UserWarning: y_pred contains classes not in y_true
  warnings.warn("y_pred contains classes not in y_true")
C:\Anaconda3\envs\pytorch\lib\site-packages\sklearn\metrics\_classification.py:2399: UserWarning: y_pred contains classes not in y_true
  warnings.warn("y_pred contains classes not in y_true")
C:\Anaconda3\envs\pytorch\lib\site-packages\sklearn\metrics\_classification.py:2399: UserWarning: y_pred contains classes not in y_true
  warnings.warn("y_pred contains classes not in y_true")
C:\Anaconda3\envs\pytorch\lib\site-packages\sklearn\metrics\_classification.py:2399: UserWarning: y_pred contains classes not in y_true
  warnings.warn("y_pred contains classes not in y_true")
C:\Anaconda3\envs\pytorch\lib\site-packages\sklearn\metrics\_classification.py:2399: UserWarning: y_pred contains classes not in y_true
  warnings.warn("y_pred contains classes not in y_true")
C:\Anaconda3\envs\pytorch\lib\site-packages\sklearn\metrics\_classification.py:2399: UserWarning: y_pred contains classes not in y_true
  warnings.warn("y_pred contains classes not in y_true")
C:\Anaconda3\envs\pytorch\lib\site-packages\sklearn\metrics\_classification.py:2399: UserWarning: y_pred contains classes not in y_true
  warnings.warn("y_pred contains classes not in y_true")
C:\Anaconda3\envs\pytorch\lib\site-packages\sklearn\metrics\_classification.py:2399: UserWarning: y_pred contains classes not in y_true
  warnings.warn("y_pred contains classes not in y_true")
C:\Anaconda3\envs\pytorch\lib\site-packages\sklearn\metrics\_classification.py:2399: UserWarning: y_pred contains classes not in y_true
  warnings.warn("y_pred contains classes not in y_true")
C:\Anaconda3\envs\pytorch\lib\site-packages\sklearn\metrics\_classification.py:2399: UserWarning: y_pred contains classes not in y_true
  warnings.warn("y_pred contains classes not in y_true")
C:\Anaconda3\envs\pytorch\lib\site-packages\sklearn\metrics\_classification.py:2399: UserWarning: y_pred contains classes not in y_true
  warnings.warn("y_pred contains classes not in y_true")
C:\Anaconda3\envs\pytorch\lib\site-packages\sklearn\metrics\_classification.py:2399: UserWarning: y_pred contains classes not in y_true
  warnings.warn("y_pred contains classes not in y_true")
C:\Anaconda3\envs\pytorch\lib\site-packages\sklearn\metrics\_classification.py:2399: UserWarning: y_pred contains classes not in y_true
  warnings.warn("y_pred contains classes not in y_true")
C:\Anaconda3\envs\pytorch\lib\site-packages\sklearn\metrics\_classification.py:2399: UserWarning: y_pred contains classes not in y_true
  warnings.warn("y_pred contains classes not in y_true")
C:\Anaconda3\envs\pytorch\lib\site-packages\sklearn\metrics\_classification.py:2399: UserWarning: y_pred contains classes not in y_true
  warnings.warn("y_pred contains classes not in y_true")
C:\Anaconda3\envs\pytorch\lib\site-packages\sklearn\metrics\_classification.py:2399: UserWarning: y_pred contains classes not in y_true
  warnings.warn("y_pred contains classes not in y_true")
C:\Anaconda3\envs\pytorch\lib\site-packages\sklearn\metrics\_classification.py:2399: UserWarning: y_pred contains classes not in y_true
  warnings.warn("y_pred contains classes not in y_true")
C:\Anaconda3\envs\pytorch\lib\site-packages\sklearn\metrics\_classification.py:2399: UserWarning: y_pred contains classes not in y_true
  warnings.warn("y_pred contains classes not in y_true")
C:\Anaconda3\envs\pytorch\lib\site-packages\sklearn\metrics\_classification.py:2399: UserWarning: y_pred contains classes not in y_true
  warnings.warn("y_pred contains classes not in y_true")
C:\Anaconda3\envs\pytorch\lib\site-packages\sklearn\metrics\_classification.py:2399: UserWarning: y_pred contains classes not in y_true
  warnings.warn("y_pred contains classes not in y_true")
C:\Anaconda3\envs\pytorch\lib\site-packages\sklearn\metrics\_classification.py:2399: UserWarning: y_pred contains classes not in y_true
  warnings.warn("y_pred contains classes not in y_true")
C:\Anaconda3\envs\pytorch\lib\site-packages\sklearn\metrics\_classification.py:2399: UserWarning: y_pred contains classes not in y_true
  warnings.warn("y_pred contains classes not in y_true")
C:\Anaconda3\envs\pytorch\lib\site-packages\sklearn\metrics\_classification.py:2399: UserWarning: y_pred contains classes not in y_true
  warnings.warn("y_pred contains classes not in y_true")
C:\Anaconda3\envs\pytorch\lib\site-packages\sklearn\metrics\_classification.py:2399: UserWarning: y_pred contains classes not in y_true
  warnings.warn("y_pred contains classes not in y_true")
C:\Anaconda3\envs\pytorch\lib\site-packages\sklearn\metrics\_classification.py:2399: UserWarning: y_pred contains classes not in y_true
  warnings.warn("y_pred contains classes not in y_true")
C:\Anaconda3\envs\pytorch\lib\site-packages\sklearn\metrics\_classification.py:2399: UserWarning: y_pred contains classes not in y_true
  warnings.warn("y_pred contains classes not in y_true")
C:\Anaconda3\envs\pytorch\lib\site-packages\sklearn\metrics\_classification.py:2399: UserWarning: y_pred contains classes not in y_true
  warnings.warn("y_pred contains classes not in y_true")
C:\Anaconda3\envs\pytorch\lib\site-packages\sklearn\metrics\_classification.py:2399: UserWarning: y_pred contains classes not in y_true
  warnings.warn("y_pred contains classes not in y_true")
C:\Anaconda3\envs\pytorch\lib\site-packages\sklearn\metrics\_classification.py:2399: UserWarning: y_pred contains classes not in y_true
  warnings.warn("y_pred contains classes not in y_true")
C:\Anaconda3\envs\pytorch\lib\site-packages\sklearn\metrics\_classification.py:2399: UserWarning: y_pred contains classes not in y_true
  warnings.warn("y_pred contains classes not in y_true")
C:\Anaconda3\envs\pytorch\lib\site-packages\sklearn\metrics\_classification.py:2399: UserWarning: y_pred contains classes not in y_true
  warnings.warn("y_pred contains classes not in y_true")
C:\Anaconda3\envs\pytorch\lib\site-packages\sklearn\metrics\_classification.py:2399: UserWarning: y_pred contains classes not in y_true
  warnings.warn("y_pred contains classes not in y_true")
C:\Anaconda3\envs\pytorch\lib\site-packages\sklearn\metrics\_classification.py:2399: UserWarning: y_pred contains classes not in y_true
  warnings.warn("y_pred contains classes not in y_true")
C:\Anaconda3\envs\pytorch\lib\site-packages\sklearn\metrics\_classification.py:2399: UserWarning: y_pred contains classes not in y_true
  warnings.warn("y_pred contains classes not in y_true")
C:\Anaconda3\envs\pytorch\lib\site-packages\sklearn\metrics\_classification.py:2399: UserWarning: y_pred contains classes not in y_true
  warnings.warn("y_pred contains classes not in y_true")
C:\Anaconda3\envs\pytorch\lib\site-packages\sklearn\metrics\_classification.py:2399: UserWarning: y_pred contains classes not in y_true
  warnings.warn("y_pred contains classes not in y_true")
C:\Anaconda3\envs\pytorch\lib\site-packages\sklearn\metrics\_classification.py:2399: UserWarning: y_pred contains classes not in y_true
  warnings.warn("y_pred contains classes not in y_true")
C:\Anaconda3\envs\pytorch\lib\site-packages\sklearn\metrics\_classification.py:2399: UserWarning: y_pred contains classes not in y_true
  warnings.warn("y_pred contains classes not in y_true")
C:\Anaconda3\envs\pytorch\lib\site-packages\sklearn\metrics\_classification.py:2399: UserWarning: y_pred contains classes not in y_true
  warnings.warn("y_pred contains classes not in y_true")
C:\Anaconda3\envs\pytorch\lib\site-packages\sklearn\metrics\_classification.py:2399: UserWarning: y_pred contains classes not in y_true
  warnings.warn("y_pred contains classes not in y_true")
C:\Anaconda3\envs\pytorch\lib\site-packages\sklearn\metrics\_classification.py:2399: UserWarning: y_pred contains classes not in y_true
  warnings.warn("y_pred contains classes not in y_true")
C:\Anaconda3\envs\pytorch\lib\site-packages\sklearn\metrics\_classification.py:2399: UserWarning: y_pred contains classes not in y_true
  warnings.warn("y_pred contains classes not in y_true")
C:\Anaconda3\envs\pytorch\lib\site-packages\sklearn\metrics\_classification.py:2399: UserWarning: y_pred contains classes not in y_true
  warnings.warn("y_pred contains classes not in y_true")
C:\Anaconda3\envs\pytorch\lib\site-packages\sklearn\metrics\_classification.py:2399: UserWarning: y_pred contains classes not in y_true
  warnings.warn("y_pred contains classes not in y_true")
C:\Anaconda3\envs\pytorch\lib\site-packages\sklearn\metrics\_classification.py:2399: UserWarning: y_pred contains classes not in y_true
  warnings.warn("y_pred contains classes not in y_true")
C:\Anaconda3\envs\pytorch\lib\site-packages\sklearn\metrics\_classification.py:2399: UserWarning: y_pred contains classes not in y_true
  warnings.warn("y_pred contains classes not in y_true")
C:\Anaconda3\envs\pytorch\lib\site-packages\sklearn\metrics\_classification.py:2399: UserWarning: y_pred contains classes not in y_true
  warnings.warn("y_pred contains classes not in y_true")
C:\Anaconda3\envs\pytorch\lib\site-packages\sklearn\metrics\_classification.py:2399: UserWarning: y_pred contains classes not in y_true
  warnings.warn("y_pred contains classes not in y_true")
C:\Anaconda3\envs\pytorch\lib\site-packages\sklearn\metrics\_classification.py:2399: UserWarning: y_pred contains classes not in y_true
  warnings.warn("y_pred contains classes not in y_true")
C:\Anaconda3\envs\pytorch\lib\site-packages\sklearn\metrics\_classification.py:2399: UserWarning: y_pred contains classes not in y_true
  warnings.warn("y_pred contains classes not in y_true")
C:\Anaconda3\envs\pytorch\lib\site-packages\sklearn\metrics\_classification.py:2399: UserWarning: y_pred contains classes not in y_true
  warnings.warn("y_pred contains classes not in y_true")
C:\Anaconda3\envs\pytorch\lib\site-packages\sklearn\metrics\_classification.py:2399: UserWarning: y_pred contains classes not in y_true
  warnings.warn("y_pred contains classes not in y_true")
C:\Anaconda3\envs\pytorch\lib\site-packages\sklearn\metrics\_classification.py:2399: UserWarning: y_pred contains classes not in y_true
  warnings.warn("y_pred contains classes not in y_true")
C:\Anaconda3\envs\pytorch\lib\site-packages\sklearn\metrics\_classification.py:2399: UserWarning: y_pred contains classes not in y_true
  warnings.warn("y_pred contains classes not in y_true")
C:\Anaconda3\envs\pytorch\lib\site-packages\sklearn\metrics\_classification.py:2399: UserWarning: y_pred contains classes not in y_true
  warnings.warn("y_pred contains classes not in y_true")
C:\Anaconda3\envs\pytorch\lib\site-packages\sklearn\metrics\_classification.py:2399: UserWarning: y_pred contains classes not in y_true
  warnings.warn("y_pred contains classes not in y_true")
C:\Anaconda3\envs\pytorch\lib\site-packages\sklearn\metrics\_classification.py:2399: UserWarning: y_pred contains classes not in y_true
  warnings.warn("y_pred contains classes not in y_true")
C:\Anaconda3\envs\pytorch\lib\site-packages\sklearn\metrics\_classification.py:2399: UserWarning: y_pred contains classes not in y_true
  warnings.warn("y_pred contains classes not in y_true")
C:\Anaconda3\envs\pytorch\lib\site-packages\sklearn\metrics\_classification.py:2399: UserWarning: y_pred contains classes not in y_true
  warnings.warn("y_pred contains classes not in y_true")
C:\Anaconda3\envs\pytorch\lib\site-packages\sklearn\metrics\_classification.py:2399: UserWarning: y_pred contains classes not in y_true
  warnings.warn("y_pred contains classes not in y_true")
C:\Anaconda3\envs\pytorch\lib\site-packages\sklearn\metrics\_classification.py:2399: UserWarning: y_pred contains classes not in y_true
  warnings.warn("y_pred contains classes not in y_true")
C:\Anaconda3\envs\pytorch\lib\site-packages\sklearn\metrics\_classification.py:2399: UserWarning: y_pred contains classes not in y_true
  warnings.warn("y_pred contains classes not in y_true")
C:\Anaconda3\envs\pytorch\lib\site-packages\sklearn\metrics\_classification.py:2399: UserWarning: y_pred contains classes not in y_true
  warnings.warn("y_pred contains classes not in y_true")
C:\Anaconda3\envs\pytorch\lib\site-packages\sklearn\metrics\_classification.py:2399: UserWarning: y_pred contains classes not in y_true
  warnings.warn("y_pred contains classes not in y_true")
C:\Anaconda3\envs\pytorch\lib\site-packages\sklearn\metrics\_classification.py:2399: UserWarning: y_pred contains classes not in y_true
  warnings.warn("y_pred contains classes not in y_true")
C:\Anaconda3\envs\pytorch\lib\site-packages\sklearn\metrics\_classification.py:2399: UserWarning: y_pred contains classes not in y_true
  warnings.warn("y_pred contains classes not in y_true")
C:\Anaconda3\envs\pytorch\lib\site-packages\sklearn\metrics\_classification.py:2399: UserWarning: y_pred contains classes not in y_true
  warnings.warn("y_pred contains classes not in y_true")
C:\Anaconda3\envs\pytorch\lib\site-packages\sklearn\metrics\_classification.py:2399: UserWarning: y_pred contains classes not in y_true
  warnings.warn("y_pred contains classes not in y_true")
C:\Anaconda3\envs\pytorch\lib\site-packages\sklearn\metrics\_classification.py:2399: UserWarning: y_pred contains classes not in y_true
  warnings.warn("y_pred contains classes not in y_true")
C:\Anaconda3\envs\pytorch\lib\site-packages\sklearn\metrics\_classification.py:2399: UserWarning: y_pred contains classes not in y_true
  warnings.warn("y_pred contains classes not in y_true")
C:\Anaconda3\envs\pytorch\lib\site-packages\sklearn\metrics\_classification.py:2399: UserWarning: y_pred contains classes not in y_true
  warnings.warn("y_pred contains classes not in y_true")
C:\Anaconda3\envs\pytorch\lib\site-packages\sklearn\metrics\_classification.py:2399: UserWarning: y_pred contains classes not in y_true
  warnings.warn("y_pred contains classes not in y_true")
C:\Anaconda3\envs\pytorch\lib\site-packages\sklearn\metrics\_classification.py:2399: UserWarning: y_pred contains classes not in y_true
  warnings.warn("y_pred contains classes not in y_true")
C:\Anaconda3\envs\pytorch\lib\site-packages\sklearn\metrics\_classification.py:2399: UserWarning: y_pred contains classes not in y_true
  warnings.warn("y_pred contains classes not in y_true")
C:\Anaconda3\envs\pytorch\lib\site-packages\sklearn\metrics\_classification.py:2399: UserWarning: y_pred contains classes not in y_true
  warnings.warn("y_pred contains classes not in y_true")
C:\Anaconda3\envs\pytorch\lib\site-packages\sklearn\metrics\_classification.py:2399: UserWarning: y_pred contains classes not in y_true
  warnings.warn("y_pred contains classes not in y_true")
C:\Anaconda3\envs\pytorch\lib\site-packages\sklearn\metrics\_classification.py:2399: UserWarning: y_pred contains classes not in y_true
  warnings.warn("y_pred contains classes not in y_true")
C:\Anaconda3\envs\pytorch\lib\site-packages\sklearn\metrics\_classification.py:2399: UserWarning: y_pred contains classes not in y_true
  warnings.warn("y_pred contains classes not in y_true")
C:\Anaconda3\envs\pytorch\lib\site-packages\sklearn\metrics\_classification.py:2399: UserWarning: y_pred contains classes not in y_true
  warnings.warn("y_pred contains classes not in y_true")
C:\Anaconda3\envs\pytorch\lib\site-packages\sklearn\metrics\_classification.py:2399: UserWarning: y_pred contains classes not in y_true
  warnings.warn("y_pred contains classes not in y_true")
C:\Anaconda3\envs\pytorch\lib\site-packages\sklearn\metrics\_classification.py:2399: UserWarning: y_pred contains classes not in y_true
  warnings.warn("y_pred contains classes not in y_true")
C:\Anaconda3\envs\pytorch\lib\site-packages\sklearn\metrics\_classification.py:2399: UserWarning: y_pred contains classes not in y_true
  warnings.warn("y_pred contains classes not in y_true")
C:\Anaconda3\envs\pytorch\lib\site-packages\sklearn\metrics\_classification.py:2399: UserWarning: y_pred contains classes not in y_true
  warnings.warn("y_pred contains classes not in y_true")
C:\Anaconda3\envs\pytorch\lib\site-packages\sklearn\metrics\_classification.py:2399: UserWarning: y_pred contains classes not in y_true
  warnings.warn("y_pred contains classes not in y_true")
C:\Anaconda3\envs\pytorch\lib\site-packages\sklearn\metrics\_classification.py:2399: UserWarning: y_pred contains classes not in y_true
  warnings.warn("y_pred contains classes not in y_true")
C:\Anaconda3\envs\pytorch\lib\site-packages\sklearn\metrics\_classification.py:2399: UserWarning: y_pred contains classes not in y_true
  warnings.warn("y_pred contains classes not in y_true")
C:\Anaconda3\envs\pytorch\lib\site-packages\sklearn\metrics\_classification.py:2399: UserWarning: y_pred contains classes not in y_true
  warnings.warn("y_pred contains classes not in y_true")
C:\Anaconda3\envs\pytorch\lib\site-packages\sklearn\metrics\_classification.py:2399: UserWarning: y_pred contains classes not in y_true
  warnings.warn("y_pred contains classes not in y_true")
C:\Anaconda3\envs\pytorch\lib\site-packages\sklearn\metrics\_classification.py:2399: UserWarning: y_pred contains classes not in y_true
  warnings.warn("y_pred contains classes not in y_true")
C:\Anaconda3\envs\pytorch\lib\site-packages\sklearn\metrics\_classification.py:2399: UserWarning: y_pred contains classes not in y_true
  warnings.warn("y_pred contains classes not in y_true")
C:\Anaconda3\envs\pytorch\lib\site-packages\sklearn\metrics\_classification.py:2399: UserWarning: y_pred contains classes not in y_true
  warnings.warn("y_pred contains classes not in y_true")
C:\Anaconda3\envs\pytorch\lib\site-packages\sklearn\metrics\_classification.py:2399: UserWarning: y_pred contains classes not in y_true
  warnings.warn("y_pred contains classes not in y_true")
C:\Anaconda3\envs\pytorch\lib\site-packages\sklearn\metrics\_classification.py:2399: UserWarning: y_pred contains classes not in y_true
  warnings.warn("y_pred contains classes not in y_true")
C:\Anaconda3\envs\pytorch\lib\site-packages\sklearn\metrics\_classification.py:2399: UserWarning: y_pred contains classes not in y_true
  warnings.warn("y_pred contains classes not in y_true")
C:\Anaconda3\envs\pytorch\lib\site-packages\sklearn\metrics\_classification.py:2399: UserWarning: y_pred contains classes not in y_true
  warnings.warn("y_pred contains classes not in y_true")
C:\Anaconda3\envs\pytorch\lib\site-packages\sklearn\metrics\_classification.py:2399: UserWarning: y_pred contains classes not in y_true
  warnings.warn("y_pred contains classes not in y_true")
C:\Anaconda3\envs\pytorch\lib\site-packages\sklearn\metrics\_classification.py:2399: UserWarning: y_pred contains classes not in y_true
  warnings.warn("y_pred contains classes not in y_true")
C:\Anaconda3\envs\pytorch\lib\site-packages\sklearn\metrics\_classification.py:2399: UserWarning: y_pred contains classes not in y_true
  warnings.warn("y_pred contains classes not in y_true")
C:\Anaconda3\envs\pytorch\lib\site-packages\sklearn\metrics\_classification.py:2399: UserWarning: y_pred contains classes not in y_true
  warnings.warn("y_pred contains classes not in y_true")
C:\Anaconda3\envs\pytorch\lib\site-packages\sklearn\metrics\_classification.py:2399: UserWarning: y_pred contains classes not in y_true
  warnings.warn("y_pred contains classes not in y_true")
C:\Anaconda3\envs\pytorch\lib\site-packages\sklearn\metrics\_classification.py:2399: UserWarning: y_pred contains classes not in y_true
  warnings.warn("y_pred contains classes not in y_true")
C:\Anaconda3\envs\pytorch\lib\site-packages\sklearn\metrics\_classification.py:2399: UserWarning: y_pred contains classes not in y_true
  warnings.warn("y_pred contains classes not in y_true")
C:\Anaconda3\envs\pytorch\lib\site-packages\sklearn\metrics\_classification.py:2399: UserWarning: y_pred contains classes not in y_true
  warnings.warn("y_pred contains classes not in y_true")
C:\Anaconda3\envs\pytorch\lib\site-packages\sklearn\metrics\_classification.py:2399: UserWarning: y_pred contains classes not in y_true
  warnings.warn("y_pred contains classes not in y_true")
C:\Anaconda3\envs\pytorch\lib\site-packages\sklearn\metrics\_classification.py:2399: UserWarning: y_pred contains classes not in y_true
  warnings.warn("y_pred contains classes not in y_true")
C:\Anaconda3\envs\pytorch\lib\site-packages\sklearn\metrics\_classification.py:2399: UserWarning: y_pred contains classes not in y_true
  warnings.warn("y_pred contains classes not in y_true")
C:\Anaconda3\envs\pytorch\lib\site-packages\sklearn\metrics\_classification.py:2399: UserWarning: y_pred contains classes not in y_true
  warnings.warn("y_pred contains classes not in y_true")
C:\Anaconda3\envs\pytorch\lib\site-packages\sklearn\metrics\_classification.py:2399: UserWarning: y_pred contains classes not in y_true
  warnings.warn("y_pred contains classes not in y_true")
C:\Anaconda3\envs\pytorch\lib\site-packages\sklearn\metrics\_classification.py:2399: UserWarning: y_pred contains classes not in y_true
  warnings.warn("y_pred contains classes not in y_true")
C:\Anaconda3\envs\pytorch\lib\site-packages\sklearn\metrics\_classification.py:2399: UserWarning: y_pred contains classes not in y_true
  warnings.warn("y_pred contains classes not in y_true")
C:\Anaconda3\envs\pytorch\lib\site-packages\sklearn\metrics\_classification.py:2399: UserWarning: y_pred contains classes not in y_true
  warnings.warn("y_pred contains classes not in y_true")
C:\Anaconda3\envs\pytorch\lib\site-packages\sklearn\metrics\_classification.py:2399: UserWarning: y_pred contains classes not in y_true
  warnings.warn("y_pred contains classes not in y_true")
C:\Anaconda3\envs\pytorch\lib\site-packages\sklearn\metrics\_classification.py:2399: UserWarning: y_pred contains classes not in y_true
  warnings.warn("y_pred contains classes not in y_true")
C:\Anaconda3\envs\pytorch\lib\site-packages\sklearn\metrics\_classification.py:2399: UserWarning: y_pred contains classes not in y_true
  warnings.warn("y_pred contains classes not in y_true")
C:\Anaconda3\envs\pytorch\lib\site-packages\sklearn\metrics\_classification.py:2399: UserWarning: y_pred contains classes not in y_true
  warnings.warn("y_pred contains classes not in y_true")
C:\Anaconda3\envs\pytorch\lib\site-packages\sklearn\metrics\_classification.py:2399: UserWarning: y_pred contains classes not in y_true
  warnings.warn("y_pred contains classes not in y_true")
C:\Anaconda3\envs\pytorch\lib\site-packages\sklearn\metrics\_classification.py:2399: UserWarning: y_pred contains classes not in y_true
  warnings.warn("y_pred contains classes not in y_true")
C:\Anaconda3\envs\pytorch\lib\site-packages\sklearn\metrics\_classification.py:2399: UserWarning: y_pred contains classes not in y_true
  warnings.warn("y_pred contains classes not in y_true")
C:\Anaconda3\envs\pytorch\lib\site-packages\sklearn\metrics\_classification.py:2399: UserWarning: y_pred contains classes not in y_true
  warnings.warn("y_pred contains classes not in y_true")
C:\Anaconda3\envs\pytorch\lib\site-packages\sklearn\metrics\_classification.py:2399: UserWarning: y_pred contains classes not in y_true
  warnings.warn("y_pred contains classes not in y_true")
C:\Anaconda3\envs\pytorch\lib\site-packages\sklearn\metrics\_classification.py:2399: UserWarning: y_pred contains classes not in y_true
  warnings.warn("y_pred contains classes not in y_true")
C:\Anaconda3\envs\pytorch\lib\site-packages\sklearn\metrics\_classification.py:2399: UserWarning: y_pred contains classes not in y_true
  warnings.warn("y_pred contains classes not in y_true")
C:\Anaconda3\envs\pytorch\lib\site-packages\sklearn\metrics\_classification.py:2399: UserWarning: y_pred contains classes not in y_true
  warnings.warn("y_pred contains classes not in y_true")
C:\Anaconda3\envs\pytorch\lib\site-packages\sklearn\metrics\_classification.py:2399: UserWarning: y_pred contains classes not in y_true
  warnings.warn("y_pred contains classes not in y_true")
C:\Anaconda3\envs\pytorch\lib\site-packages\sklearn\metrics\_classification.py:2399: UserWarning: y_pred contains classes not in y_true
  warnings.warn("y_pred contains classes not in y_true")
C:\Anaconda3\envs\pytorch\lib\site-packages\sklearn\metrics\_classification.py:2399: UserWarning: y_pred contains classes not in y_true
  warnings.warn("y_pred contains classes not in y_true")
C:\Anaconda3\envs\pytorch\lib\site-packages\sklearn\metrics\_classification.py:2399: UserWarning: y_pred contains classes not in y_true
  warnings.warn("y_pred contains classes not in y_true")
C:\Anaconda3\envs\pytorch\lib\site-packages\sklearn\metrics\_classification.py:2399: UserWarning: y_pred contains classes not in y_true
  warnings.warn("y_pred contains classes not in y_true")
C:\Anaconda3\envs\pytorch\lib\site-packages\sklearn\metrics\_classification.py:2399: UserWarning: y_pred contains classes not in y_true
  warnings.warn("y_pred contains classes not in y_true")
C:\Anaconda3\envs\pytorch\lib\site-packages\sklearn\metrics\_classification.py:2399: UserWarning: y_pred contains classes not in y_true
  warnings.warn("y_pred contains classes not in y_true")
C:\Anaconda3\envs\pytorch\lib\site-packages\sklearn\metrics\_classification.py:2399: UserWarning: y_pred contains classes not in y_true
  warnings.warn("y_pred contains classes not in y_true")
C:\Anaconda3\envs\pytorch\lib\site-packages\sklearn\metrics\_classification.py:2399: UserWarning: y_pred contains classes not in y_true
  warnings.warn("y_pred contains classes not in y_true")
C:\Anaconda3\envs\pytorch\lib\site-packages\sklearn\metrics\_classification.py:2399: UserWarning: y_pred contains classes not in y_true
  warnings.warn("y_pred contains classes not in y_true")
C:\Anaconda3\envs\pytorch\lib\site-packages\sklearn\metrics\_classification.py:2399: UserWarning: y_pred contains classes not in y_true
  warnings.warn("y_pred contains classes not in y_true")
C:\Anaconda3\envs\pytorch\lib\site-packages\sklearn\metrics\_classification.py:2399: UserWarning: y_pred contains classes not in y_true
  warnings.warn("y_pred contains classes not in y_true")
C:\Anaconda3\envs\pytorch\lib\site-packages\sklearn\metrics\_classification.py:2399: UserWarning: y_pred contains classes not in y_true
  warnings.warn("y_pred contains classes not in y_true")
C:\Anaconda3\envs\pytorch\lib\site-packages\sklearn\metrics\_classification.py:2399: UserWarning: y_pred contains classes not in y_true
  warnings.warn("y_pred contains classes not in y_true")
C:\Anaconda3\envs\pytorch\lib\site-packages\sklearn\metrics\_classification.py:2399: UserWarning: y_pred contains classes not in y_true
  warnings.warn("y_pred contains classes not in y_true")
C:\Anaconda3\envs\pytorch\lib\site-packages\sklearn\metrics\_classification.py:2399: UserWarning: y_pred contains classes not in y_true
  warnings.warn("y_pred contains classes not in y_true")
C:\Anaconda3\envs\pytorch\lib\site-packages\sklearn\metrics\_classification.py:2399: UserWarning: y_pred contains classes not in y_true
  warnings.warn("y_pred contains classes not in y_true")
C:\Anaconda3\envs\pytorch\lib\site-packages\sklearn\metrics\_classification.py:2399: UserWarning: y_pred contains classes not in y_true
  warnings.warn("y_pred contains classes not in y_true")
C:\Anaconda3\envs\pytorch\lib\site-packages\sklearn\metrics\_classification.py:2399: UserWarning: y_pred contains classes not in y_true
  warnings.warn("y_pred contains classes not in y_true")
C:\Anaconda3\envs\pytorch\lib\site-packages\sklearn\metrics\_classification.py:2399: UserWarning: y_pred contains classes not in y_true
  warnings.warn("y_pred contains classes not in y_true")
C:\Anaconda3\envs\pytorch\lib\site-packages\sklearn\metrics\_classification.py:2399: UserWarning: y_pred contains classes not in y_true
  warnings.warn("y_pred contains classes not in y_true")
C:\Anaconda3\envs\pytorch\lib\site-packages\sklearn\metrics\_classification.py:2399: UserWarning: y_pred contains classes not in y_true
  warnings.warn("y_pred contains classes not in y_true")
C:\Anaconda3\envs\pytorch\lib\site-packages\sklearn\metrics\_classification.py:2399: UserWarning: y_pred contains classes not in y_true
  warnings.warn("y_pred contains classes not in y_true")
C:\Anaconda3\envs\pytorch\lib\site-packages\sklearn\metrics\_classification.py:2399: UserWarning: y_pred contains classes not in y_true
  warnings.warn("y_pred contains classes not in y_true")
C:\Anaconda3\envs\pytorch\lib\site-packages\sklearn\metrics\_classification.py:2399: UserWarning: y_pred contains classes not in y_true
  warnings.warn("y_pred contains classes not in y_true")
C:\Anaconda3\envs\pytorch\lib\site-packages\sklearn\metrics\_classification.py:2399: UserWarning: y_pred contains classes not in y_true
  warnings.warn("y_pred contains classes not in y_true")
C:\Anaconda3\envs\pytorch\lib\site-packages\sklearn\metrics\_classification.py:2399: UserWarning: y_pred contains classes not in y_true
  warnings.warn("y_pred contains classes not in y_true")
C:\Anaconda3\envs\pytorch\lib\site-packages\sklearn\metrics\_classification.py:2399: UserWarning: y_pred contains classes not in y_true
  warnings.warn("y_pred contains classes not in y_true")
C:\Anaconda3\envs\pytorch\lib\site-packages\sklearn\metrics\_classification.py:2399: UserWarning: y_pred contains classes not in y_true
  warnings.warn("y_pred contains classes not in y_true")
C:\Anaconda3\envs\pytorch\lib\site-packages\sklearn\metrics\_classification.py:2399: UserWarning: y_pred contains classes not in y_true
  warnings.warn("y_pred contains classes not in y_true")
C:\Anaconda3\envs\pytorch\lib\site-packages\sklearn\metrics\_classification.py:2399: UserWarning: y_pred contains classes not in y_true
  warnings.warn("y_pred contains classes not in y_true")
C:\Anaconda3\envs\pytorch\lib\site-packages\sklearn\metrics\_classification.py:2399: UserWarning: y_pred contains classes not in y_true
  warnings.warn("y_pred contains classes not in y_true")
C:\Anaconda3\envs\pytorch\lib\site-packages\sklearn\metrics\_classification.py:2399: UserWarning: y_pred contains classes not in y_true
  warnings.warn("y_pred contains classes not in y_true")
C:\Anaconda3\envs\pytorch\lib\site-packages\sklearn\metrics\_classification.py:2399: UserWarning: y_pred contains classes not in y_true
  warnings.warn("y_pred contains classes not in y_true")
C:\Anaconda3\envs\pytorch\lib\site-packages\sklearn\metrics\_classification.py:2399: UserWarning: y_pred contains classes not in y_true
  warnings.warn("y_pred contains classes not in y_true")
C:\Anaconda3\envs\pytorch\lib\site-packages\sklearn\metrics\_classification.py:2399: UserWarning: y_pred contains classes not in y_true
  warnings.warn("y_pred contains classes not in y_true")
C:\Anaconda3\envs\pytorch\lib\site-packages\sklearn\metrics\_classification.py:2399: UserWarning: y_pred contains classes not in y_true
  warnings.warn("y_pred contains classes not in y_true")
C:\Anaconda3\envs\pytorch\lib\site-packages\sklearn\metrics\_classification.py:2399: UserWarning: y_pred contains classes not in y_true
  warnings.warn("y_pred contains classes not in y_true")
C:\Anaconda3\envs\pytorch\lib\site-packages\sklearn\metrics\_classification.py:2399: UserWarning: y_pred contains classes not in y_true
  warnings.warn("y_pred contains classes not in y_true")
C:\Anaconda3\envs\pytorch\lib\site-packages\sklearn\metrics\_classification.py:2399: UserWarning: y_pred contains classes not in y_true
  warnings.warn("y_pred contains classes not in y_true")
C:\Anaconda3\envs\pytorch\lib\site-packages\sklearn\metrics\_classification.py:2399: UserWarning: y_pred contains classes not in y_true
  warnings.warn("y_pred contains classes not in y_true")
C:\Anaconda3\envs\pytorch\lib\site-packages\sklearn\metrics\_classification.py:2399: UserWarning: y_pred contains classes not in y_true
  warnings.warn("y_pred contains classes not in y_true")
C:\Anaconda3\envs\pytorch\lib\site-packages\sklearn\metrics\_classification.py:2399: UserWarning: y_pred contains classes not in y_true
  warnings.warn("y_pred contains classes not in y_true")
C:\Anaconda3\envs\pytorch\lib\site-packages\sklearn\metrics\_classification.py:2399: UserWarning: y_pred contains classes not in y_true
  warnings.warn("y_pred contains classes not in y_true")
C:\Anaconda3\envs\pytorch\lib\site-packages\sklearn\metrics\_classification.py:2399: UserWarning: y_pred contains classes not in y_true
  warnings.warn("y_pred contains classes not in y_true")
C:\Anaconda3\envs\pytorch\lib\site-packages\sklearn\metrics\_classification.py:2399: UserWarning: y_pred contains classes not in y_true
  warnings.warn("y_pred contains classes not in y_true")
C:\Anaconda3\envs\pytorch\lib\site-packages\sklearn\metrics\_classification.py:2399: UserWarning: y_pred contains classes not in y_true
  warnings.warn("y_pred contains classes not in y_true")
C:\Anaconda3\envs\pytorch\lib\site-packages\sklearn\metrics\_classification.py:2399: UserWarning: y_pred contains classes not in y_true
  warnings.warn("y_pred contains classes not in y_true")
C:\Anaconda3\envs\pytorch\lib\site-packages\sklearn\metrics\_classification.py:2399: UserWarning: y_pred contains classes not in y_true
  warnings.warn("y_pred contains classes not in y_true")
C:\Anaconda3\envs\pytorch\lib\site-packages\sklearn\metrics\_classification.py:2399: UserWarning: y_pred contains classes not in y_true
  warnings.warn("y_pred contains classes not in y_true")
C:\Anaconda3\envs\pytorch\lib\site-packages\sklearn\metrics\_classification.py:2399: UserWarning: y_pred contains classes not in y_true
  warnings.warn("y_pred contains classes not in y_true")
C:\Anaconda3\envs\pytorch\lib\site-packages\sklearn\metrics\_classification.py:2399: UserWarning: y_pred contains classes not in y_true
  warnings.warn("y_pred contains classes not in y_true")
C:\Anaconda3\envs\pytorch\lib\site-packages\sklearn\metrics\_classification.py:2399: UserWarning: y_pred contains classes not in y_true
  warnings.warn("y_pred contains classes not in y_true")
C:\Anaconda3\envs\pytorch\lib\site-packages\sklearn\metrics\_classification.py:2399: UserWarning: y_pred contains classes not in y_true
  warnings.warn("y_pred contains classes not in y_true")
C:\Anaconda3\envs\pytorch\lib\site-packages\sklearn\metrics\_classification.py:2399: UserWarning: y_pred contains classes not in y_true
  warnings.warn("y_pred contains classes not in y_true")
C:\Anaconda3\envs\pytorch\lib\site-packages\sklearn\metrics\_classification.py:2399: UserWarning: y_pred contains classes not in y_true
  warnings.warn("y_pred contains classes not in y_true")
C:\Anaconda3\envs\pytorch\lib\site-packages\sklearn\metrics\_classification.py:2399: UserWarning: y_pred contains classes not in y_true
  warnings.warn("y_pred contains classes not in y_true")
C:\Anaconda3\envs\pytorch\lib\site-packages\sklearn\metrics\_classification.py:2399: UserWarning: y_pred contains classes not in y_true
  warnings.warn("y_pred contains classes not in y_true")
C:\Anaconda3\envs\pytorch\lib\site-packages\sklearn\metrics\_classification.py:2399: UserWarning: y_pred contains classes not in y_true
  warnings.warn("y_pred contains classes not in y_true")
C:\Anaconda3\envs\pytorch\lib\site-packages\sklearn\metrics\_classification.py:2399: UserWarning: y_pred contains classes not in y_true
  warnings.warn("y_pred contains classes not in y_true")
C:\Anaconda3\envs\pytorch\lib\site-packages\sklearn\metrics\_classification.py:2399: UserWarning: y_pred contains classes not in y_true
  warnings.warn("y_pred contains classes not in y_true")
C:\Anaconda3\envs\pytorch\lib\site-packages\sklearn\metrics\_classification.py:2399: UserWarning: y_pred contains classes not in y_true
  warnings.warn("y_pred contains classes not in y_true")
C:\Anaconda3\envs\pytorch\lib\site-packages\sklearn\metrics\_classification.py:2399: UserWarning: y_pred contains classes not in y_true
  warnings.warn("y_pred contains classes not in y_true")
C:\Anaconda3\envs\pytorch\lib\site-packages\sklearn\metrics\_classification.py:2399: UserWarning: y_pred contains classes not in y_true
  warnings.warn("y_pred contains classes not in y_true")
C:\Anaconda3\envs\pytorch\lib\site-packages\sklearn\metrics\_classification.py:2399: UserWarning: y_pred contains classes not in y_true
  warnings.warn("y_pred contains classes not in y_true")
C:\Anaconda3\envs\pytorch\lib\site-packages\sklearn\metrics\_classification.py:2399: UserWarning: y_pred contains classes not in y_true
  warnings.warn("y_pred contains classes not in y_true")
C:\Anaconda3\envs\pytorch\lib\site-packages\sklearn\metrics\_classification.py:2399: UserWarning: y_pred contains classes not in y_true
  warnings.warn("y_pred contains classes not in y_true")
C:\Anaconda3\envs\pytorch\lib\site-packages\sklearn\metrics\_classification.py:2399: UserWarning: y_pred contains classes not in y_true
  warnings.warn("y_pred contains classes not in y_true")
C:\Anaconda3\envs\pytorch\lib\site-packages\sklearn\metrics\_classification.py:2399: UserWarning: y_pred contains classes not in y_true
  warnings.warn("y_pred contains classes not in y_true")
C:\Anaconda3\envs\pytorch\lib\site-packages\sklearn\metrics\_classification.py:2399: UserWarning: y_pred contains classes not in y_true
  warnings.warn("y_pred contains classes not in y_true")
C:\Anaconda3\envs\pytorch\lib\site-packages\sklearn\metrics\_classification.py:2399: UserWarning: y_pred contains classes not in y_true
  warnings.warn("y_pred contains classes not in y_true")
C:\Anaconda3\envs\pytorch\lib\site-packages\sklearn\metrics\_classification.py:2399: UserWarning: y_pred contains classes not in y_true
  warnings.warn("y_pred contains classes not in y_true")
C:\Anaconda3\envs\pytorch\lib\site-packages\sklearn\metrics\_classification.py:2399: UserWarning: y_pred contains classes not in y_true
  warnings.warn("y_pred contains classes not in y_true")
C:\Anaconda3\envs\pytorch\lib\site-packages\sklearn\metrics\_classification.py:2399: UserWarning: y_pred contains classes not in y_true
  warnings.warn("y_pred contains classes not in y_true")
C:\Anaconda3\envs\pytorch\lib\site-packages\sklearn\metrics\_classification.py:2399: UserWarning: y_pred contains classes not in y_true
  warnings.warn("y_pred contains classes not in y_true")
C:\Anaconda3\envs\pytorch\lib\site-packages\sklearn\metrics\_classification.py:2399: UserWarning: y_pred contains classes not in y_true
  warnings.warn("y_pred contains classes not in y_true")
C:\Anaconda3\envs\pytorch\lib\site-packages\sklearn\metrics\_classification.py:2399: UserWarning: y_pred contains classes not in y_true
  warnings.warn("y_pred contains classes not in y_true")
C:\Anaconda3\envs\pytorch\lib\site-packages\sklearn\metrics\_classification.py:2399: UserWarning: y_pred contains classes not in y_true
  warnings.warn("y_pred contains classes not in y_true")
C:\Anaconda3\envs\pytorch\lib\site-packages\sklearn\metrics\_classification.py:2399: UserWarning: y_pred contains classes not in y_true
  warnings.warn("y_pred contains classes not in y_true")
C:\Anaconda3\envs\pytorch\lib\site-packages\sklearn\metrics\_classification.py:2399: UserWarning: y_pred contains classes not in y_true
  warnings.warn("y_pred contains classes not in y_true")
C:\Anaconda3\envs\pytorch\lib\site-packages\sklearn\metrics\_classification.py:2399: UserWarning: y_pred contains classes not in y_true
  warnings.warn("y_pred contains classes not in y_true")
C:\Anaconda3\envs\pytorch\lib\site-packages\sklearn\metrics\_classification.py:2399: UserWarning: y_pred contains classes not in y_true
  warnings.warn("y_pred contains classes not in y_true")
C:\Anaconda3\envs\pytorch\lib\site-packages\sklearn\metrics\_classification.py:2399: UserWarning: y_pred contains classes not in y_true
  warnings.warn("y_pred contains classes not in y_true")
C:\Anaconda3\envs\pytorch\lib\site-packages\sklearn\metrics\_classification.py:2399: UserWarning: y_pred contains classes not in y_true
  warnings.warn("y_pred contains classes not in y_true")
C:\Anaconda3\envs\pytorch\lib\site-packages\sklearn\metrics\_classification.py:2399: UserWarning: y_pred contains classes not in y_true
  warnings.warn("y_pred contains classes not in y_true")
C:\Anaconda3\envs\pytorch\lib\site-packages\sklearn\metrics\_classification.py:2399: UserWarning: y_pred contains classes not in y_true
  warnings.warn("y_pred contains classes not in y_true")
C:\Anaconda3\envs\pytorch\lib\site-packages\sklearn\metrics\_classification.py:2399: UserWarning: y_pred contains classes not in y_true
  warnings.warn("y_pred contains classes not in y_true")
C:\Anaconda3\envs\pytorch\lib\site-packages\sklearn\metrics\_classification.py:2399: UserWarning: y_pred contains classes not in y_true
  warnings.warn("y_pred contains classes not in y_true")
C:\Anaconda3\envs\pytorch\lib\site-packages\sklearn\metrics\_classification.py:2399: UserWarning: y_pred contains classes not in y_true
  warnings.warn("y_pred contains classes not in y_true")
C:\Anaconda3\envs\pytorch\lib\site-packages\sklearn\metrics\_classification.py:2399: UserWarning: y_pred contains classes not in y_true
  warnings.warn("y_pred contains classes not in y_true")
C:\Anaconda3\envs\pytorch\lib\site-packages\sklearn\metrics\_classification.py:2399: UserWarning: y_pred contains classes not in y_true
  warnings.warn("y_pred contains classes not in y_true")
C:\Anaconda3\envs\pytorch\lib\site-packages\sklearn\metrics\_classification.py:2399: UserWarning: y_pred contains classes not in y_true
  warnings.warn("y_pred contains classes not in y_true")
C:\Anaconda3\envs\pytorch\lib\site-packages\sklearn\metrics\_classification.py:2399: UserWarning: y_pred contains classes not in y_true
  warnings.warn("y_pred contains classes not in y_true")
C:\Anaconda3\envs\pytorch\lib\site-packages\sklearn\metrics\_classification.py:2399: UserWarning: y_pred contains classes not in y_true
  warnings.warn("y_pred contains classes not in y_true")
C:\Anaconda3\envs\pytorch\lib\site-packages\sklearn\metrics\_classification.py:2399: UserWarning: y_pred contains classes not in y_true
  warnings.warn("y_pred contains classes not in y_true")
C:\Anaconda3\envs\pytorch\lib\site-packages\sklearn\metrics\_classification.py:2399: UserWarning: y_pred contains classes not in y_true
  warnings.warn("y_pred contains classes not in y_true")
C:\Anaconda3\envs\pytorch\lib\site-packages\sklearn\metrics\_classification.py:2399: UserWarning: y_pred contains classes not in y_true
  warnings.warn("y_pred contains classes not in y_true")
C:\Anaconda3\envs\pytorch\lib\site-packages\sklearn\metrics\_classification.py:2399: UserWarning: y_pred contains classes not in y_true
  warnings.warn("y_pred contains classes not in y_true")
C:\Anaconda3\envs\pytorch\lib\site-packages\sklearn\metrics\_classification.py:2399: UserWarning: y_pred contains classes not in y_true
  warnings.warn("y_pred contains classes not in y_true")
C:\Anaconda3\envs\pytorch\lib\site-packages\sklearn\metrics\_classification.py:2399: UserWarning: y_pred contains classes not in y_true
  warnings.warn("y_pred contains classes not in y_true")
C:\Anaconda3\envs\pytorch\lib\site-packages\sklearn\metrics\_classification.py:2399: UserWarning: y_pred contains classes not in y_true
  warnings.warn("y_pred contains classes not in y_true")
C:\Anaconda3\envs\pytorch\lib\site-packages\sklearn\metrics\_classification.py:2399: UserWarning: y_pred contains classes not in y_true
  warnings.warn("y_pred contains classes not in y_true")
C:\Anaconda3\envs\pytorch\lib\site-packages\sklearn\metrics\_classification.py:2399: UserWarning: y_pred contains classes not in y_true
  warnings.warn("y_pred contains classes not in y_true")
C:\Anaconda3\envs\pytorch\lib\site-packages\sklearn\metrics\_classification.py:2399: UserWarning: y_pred contains classes not in y_true
  warnings.warn("y_pred contains classes not in y_true")
C:\Anaconda3\envs\pytorch\lib\site-packages\sklearn\metrics\_classification.py:2399: UserWarning: y_pred contains classes not in y_true
  warnings.warn("y_pred contains classes not in y_true")
C:\Anaconda3\envs\pytorch\lib\site-packages\sklearn\metrics\_classification.py:2399: UserWarning: y_pred contains classes not in y_true
  warnings.warn("y_pred contains classes not in y_true")
C:\Anaconda3\envs\pytorch\lib\site-packages\sklearn\metrics\_classification.py:2399: UserWarning: y_pred contains classes not in y_true
  warnings.warn("y_pred contains classes not in y_true")
C:\Anaconda3\envs\pytorch\lib\site-packages\sklearn\metrics\_classification.py:2399: UserWarning: y_pred contains classes not in y_true
  warnings.warn("y_pred contains classes not in y_true")
C:\Anaconda3\envs\pytorch\lib\site-packages\sklearn\metrics\_classification.py:2399: UserWarning: y_pred contains classes not in y_true
  warnings.warn("y_pred contains classes not in y_true")
C:\Anaconda3\envs\pytorch\lib\site-packages\sklearn\metrics\_classification.py:2399: UserWarning: y_pred contains classes not in y_true
  warnings.warn("y_pred contains classes not in y_true")
C:\Anaconda3\envs\pytorch\lib\site-packages\sklearn\metrics\_classification.py:2399: UserWarning: y_pred contains classes not in y_true
  warnings.warn("y_pred contains classes not in y_true")
C:\Anaconda3\envs\pytorch\lib\site-packages\sklearn\metrics\_classification.py:2399: UserWarning: y_pred contains classes not in y_true
  warnings.warn("y_pred contains classes not in y_true")
C:\Anaconda3\envs\pytorch\lib\site-packages\sklearn\metrics\_classification.py:2399: UserWarning: y_pred contains classes not in y_true
  warnings.warn("y_pred contains classes not in y_true")
C:\Anaconda3\envs\pytorch\lib\site-packages\sklearn\metrics\_classification.py:2399: UserWarning: y_pred contains classes not in y_true
  warnings.warn("y_pred contains classes not in y_true")
C:\Anaconda3\envs\pytorch\lib\site-packages\sklearn\metrics\_classification.py:2399: UserWarning: y_pred contains classes not in y_true
  warnings.warn("y_pred contains classes not in y_true")
C:\Anaconda3\envs\pytorch\lib\site-packages\sklearn\metrics\_classification.py:2399: UserWarning: y_pred contains classes not in y_true
  warnings.warn("y_pred contains classes not in y_true")
C:\Anaconda3\envs\pytorch\lib\site-packages\sklearn\metrics\_classification.py:2399: UserWarning: y_pred contains classes not in y_true
  warnings.warn("y_pred contains classes not in y_true")
C:\Anaconda3\envs\pytorch\lib\site-packages\sklearn\metrics\_classification.py:2399: UserWarning: y_pred contains classes not in y_true
  warnings.warn("y_pred contains classes not in y_true")
C:\Anaconda3\envs\pytorch\lib\site-packages\sklearn\metrics\_classification.py:2399: UserWarning: y_pred contains classes not in y_true
  warnings.warn("y_pred contains classes not in y_true")
C:\Anaconda3\envs\pytorch\lib\site-packages\sklearn\metrics\_classification.py:2399: UserWarning: y_pred contains classes not in y_true
  warnings.warn("y_pred contains classes not in y_true")
C:\Anaconda3\envs\pytorch\lib\site-packages\sklearn\metrics\_classification.py:2399: UserWarning: y_pred contains classes not in y_true
  warnings.warn("y_pred contains classes not in y_true")
C:\Anaconda3\envs\pytorch\lib\site-packages\sklearn\metrics\_classification.py:2399: UserWarning: y_pred contains classes not in y_true
  warnings.warn("y_pred contains classes not in y_true")
C:\Anaconda3\envs\pytorch\lib\site-packages\sklearn\metrics\_classification.py:2399: UserWarning: y_pred contains classes not in y_true
  warnings.warn("y_pred contains classes not in y_true")
C:\Anaconda3\envs\pytorch\lib\site-packages\sklearn\metrics\_classification.py:2399: UserWarning: y_pred contains classes not in y_true
  warnings.warn("y_pred contains classes not in y_true")
C:\Anaconda3\envs\pytorch\lib\site-packages\sklearn\metrics\_classification.py:2399: UserWarning: y_pred contains classes not in y_true
  warnings.warn("y_pred contains classes not in y_true")
C:\Anaconda3\envs\pytorch\lib\site-packages\sklearn\metrics\_classification.py:2399: UserWarning: y_pred contains classes not in y_true
  warnings.warn("y_pred contains classes not in y_true")
C:\Anaconda3\envs\pytorch\lib\site-packages\sklearn\metrics\_classification.py:2399: UserWarning: y_pred contains classes not in y_true
  warnings.warn("y_pred contains classes not in y_true")
C:\Anaconda3\envs\pytorch\lib\site-packages\sklearn\metrics\_classification.py:2399: UserWarning: y_pred contains classes not in y_true
  warnings.warn("y_pred contains classes not in y_true")
C:\Anaconda3\envs\pytorch\lib\site-packages\sklearn\metrics\_classification.py:2399: UserWarning: y_pred contains classes not in y_true
  warnings.warn("y_pred contains classes not in y_true")
C:\Anaconda3\envs\pytorch\lib\site-packages\sklearn\metrics\_classification.py:2399: UserWarning: y_pred contains classes not in y_true
  warnings.warn("y_pred contains classes not in y_true")
C:\Anaconda3\envs\pytorch\lib\site-packages\sklearn\metrics\_classification.py:2399: UserWarning: y_pred contains classes not in y_true
  warnings.warn("y_pred contains classes not in y_true")
C:\Anaconda3\envs\pytorch\lib\site-packages\sklearn\metrics\_classification.py:2399: UserWarning: y_pred contains classes not in y_true
  warnings.warn("y_pred contains classes not in y_true")
C:\Anaconda3\envs\pytorch\lib\site-packages\sklearn\metrics\_classification.py:2399: UserWarning: y_pred contains classes not in y_true
  warnings.warn("y_pred contains classes not in y_true")
C:\Anaconda3\envs\pytorch\lib\site-packages\sklearn\metrics\_classification.py:2399: UserWarning: y_pred contains classes not in y_true
  warnings.warn("y_pred contains classes not in y_true")
C:\Anaconda3\envs\pytorch\lib\site-packages\sklearn\metrics\_classification.py:2399: UserWarning: y_pred contains classes not in y_true
  warnings.warn("y_pred contains classes not in y_true")
C:\Anaconda3\envs\pytorch\lib\site-packages\sklearn\metrics\_classification.py:2399: UserWarning: y_pred contains classes not in y_true
  warnings.warn("y_pred contains classes not in y_true")
C:\Anaconda3\envs\pytorch\lib\site-packages\sklearn\metrics\_classification.py:2399: UserWarning: y_pred contains classes not in y_true
  warnings.warn("y_pred contains classes not in y_true")
C:\Anaconda3\envs\pytorch\lib\site-packages\sklearn\metrics\_classification.py:2399: UserWarning: y_pred contains classes not in y_true
  warnings.warn("y_pred contains classes not in y_true")
C:\Anaconda3\envs\pytorch\lib\site-packages\sklearn\metrics\_classification.py:2399: UserWarning: y_pred contains classes not in y_true
  warnings.warn("y_pred contains classes not in y_true")
C:\Anaconda3\envs\pytorch\lib\site-packages\sklearn\metrics\_classification.py:2399: UserWarning: y_pred contains classes not in y_true
  warnings.warn("y_pred contains classes not in y_true")
C:\Anaconda3\envs\pytorch\lib\site-packages\sklearn\metrics\_classification.py:2399: UserWarning: y_pred contains classes not in y_true
  warnings.warn("y_pred contains classes not in y_true")
C:\Anaconda3\envs\pytorch\lib\site-packages\sklearn\metrics\_classification.py:2399: UserWarning: y_pred contains classes not in y_true
  warnings.warn("y_pred contains classes not in y_true")
C:\Anaconda3\envs\pytorch\lib\site-packages\sklearn\metrics\_classification.py:2399: UserWarning: y_pred contains classes not in y_true
  warnings.warn("y_pred contains classes not in y_true")
C:\Anaconda3\envs\pytorch\lib\site-packages\sklearn\metrics\_classification.py:2399: UserWarning: y_pred contains classes not in y_true
  warnings.warn("y_pred contains classes not in y_true")
C:\Anaconda3\envs\pytorch\lib\site-packages\sklearn\metrics\_classification.py:2399: UserWarning: y_pred contains classes not in y_true
  warnings.warn("y_pred contains classes not in y_true")
C:\Anaconda3\envs\pytorch\lib\site-packages\sklearn\metrics\_classification.py:2399: UserWarning: y_pred contains classes not in y_true
  warnings.warn("y_pred contains classes not in y_true")
C:\Anaconda3\envs\pytorch\lib\site-packages\sklearn\metrics\_classification.py:2399: UserWarning: y_pred contains classes not in y_true
  warnings.warn("y_pred contains classes not in y_true")
C:\Anaconda3\envs\pytorch\lib\site-packages\sklearn\metrics\_classification.py:2399: UserWarning: y_pred contains classes not in y_true
  warnings.warn("y_pred contains classes not in y_true")
C:\Anaconda3\envs\pytorch\lib\site-packages\sklearn\metrics\_classification.py:2399: UserWarning: y_pred contains classes not in y_true
  warnings.warn("y_pred contains classes not in y_true")
C:\Anaconda3\envs\pytorch\lib\site-packages\sklearn\metrics\_classification.py:2399: UserWarning: y_pred contains classes not in y_true
  warnings.warn("y_pred contains classes not in y_true")
C:\Anaconda3\envs\pytorch\lib\site-packages\sklearn\metrics\_classification.py:2399: UserWarning: y_pred contains classes not in y_true
  warnings.warn("y_pred contains classes not in y_true")
C:\Anaconda3\envs\pytorch\lib\site-packages\sklearn\metrics\_classification.py:2399: UserWarning: y_pred contains classes not in y_true
  warnings.warn("y_pred contains classes not in y_true")
C:\Anaconda3\envs\pytorch\lib\site-packages\sklearn\metrics\_classification.py:2399: UserWarning: y_pred contains classes not in y_true
  warnings.warn("y_pred contains classes not in y_true")
C:\Anaconda3\envs\pytorch\lib\site-packages\sklearn\metrics\_classification.py:2399: UserWarning: y_pred contains classes not in y_true
  warnings.warn("y_pred contains classes not in y_true")
C:\Anaconda3\envs\pytorch\lib\site-packages\sklearn\metrics\_classification.py:2399: UserWarning: y_pred contains classes not in y_true
  warnings.warn("y_pred contains classes not in y_true")
C:\Anaconda3\envs\pytorch\lib\site-packages\sklearn\metrics\_classification.py:2399: UserWarning: y_pred contains classes not in y_true
  warnings.warn("y_pred contains classes not in y_true")
C:\Anaconda3\envs\pytorch\lib\site-packages\sklearn\metrics\_classification.py:2399: UserWarning: y_pred contains classes not in y_true
  warnings.warn("y_pred contains classes not in y_true")
C:\Anaconda3\envs\pytorch\lib\site-packages\sklearn\metrics\_classification.py:2399: UserWarning: y_pred contains classes not in y_true
  warnings.warn("y_pred contains classes not in y_true")
C:\Anaconda3\envs\pytorch\lib\site-packages\sklearn\metrics\_classification.py:2399: UserWarning: y_pred contains classes not in y_true
  warnings.warn("y_pred contains classes not in y_true")
C:\Anaconda3\envs\pytorch\lib\site-packages\sklearn\metrics\_classification.py:2399: UserWarning: y_pred contains classes not in y_true
  warnings.warn("y_pred contains classes not in y_true")
C:\Anaconda3\envs\pytorch\lib\site-packages\sklearn\metrics\_classification.py:2399: UserWarning: y_pred contains classes not in y_true
  warnings.warn("y_pred contains classes not in y_true")
C:\Anaconda3\envs\pytorch\lib\site-packages\sklearn\metrics\_classification.py:2399: UserWarning: y_pred contains classes not in y_true
  warnings.warn("y_pred contains classes not in y_true")
C:\Anaconda3\envs\pytorch\lib\site-packages\sklearn\metrics\_classification.py:2399: UserWarning: y_pred contains classes not in y_true
  warnings.warn("y_pred contains classes not in y_true")
C:\Anaconda3\envs\pytorch\lib\site-packages\sklearn\metrics\_classification.py:2399: UserWarning: y_pred contains classes not in y_true
  warnings.warn("y_pred contains classes not in y_true")
C:\Anaconda3\envs\pytorch\lib\site-packages\sklearn\metrics\_classification.py:2399: UserWarning: y_pred contains classes not in y_true
  warnings.warn("y_pred contains classes not in y_true")
C:\Anaconda3\envs\pytorch\lib\site-packages\sklearn\metrics\_classification.py:2399: UserWarning: y_pred contains classes not in y_true
  warnings.warn("y_pred contains classes not in y_true")
C:\Anaconda3\envs\pytorch\lib\site-packages\sklearn\metrics\_classification.py:2399: UserWarning: y_pred contains classes not in y_true
  warnings.warn("y_pred contains classes not in y_true")
C:\Anaconda3\envs\pytorch\lib\site-packages\sklearn\metrics\_classification.py:2399: UserWarning: y_pred contains classes not in y_true
  warnings.warn("y_pred contains classes not in y_true")
C:\Anaconda3\envs\pytorch\lib\site-packages\sklearn\metrics\_classification.py:2399: UserWarning: y_pred contains classes not in y_true
  warnings.warn("y_pred contains classes not in y_true")
C:\Anaconda3\envs\pytorch\lib\site-packages\sklearn\metrics\_classification.py:2399: UserWarning: y_pred contains classes not in y_true
  warnings.warn("y_pred contains classes not in y_true")
C:\Anaconda3\envs\pytorch\lib\site-packages\sklearn\metrics\_classification.py:2399: UserWarning: y_pred contains classes not in y_true
  warnings.warn("y_pred contains classes not in y_true")
C:\Anaconda3\envs\pytorch\lib\site-packages\sklearn\metrics\_classification.py:2399: UserWarning: y_pred contains classes not in y_true
  warnings.warn("y_pred contains classes not in y_true")
C:\Anaconda3\envs\pytorch\lib\site-packages\sklearn\metrics\_classification.py:2399: UserWarning: y_pred contains classes not in y_true
  warnings.warn("y_pred contains classes not in y_true")
C:\Anaconda3\envs\pytorch\lib\site-packages\sklearn\metrics\_classification.py:2399: UserWarning: y_pred contains classes not in y_true
  warnings.warn("y_pred contains classes not in y_true")
C:\Anaconda3\envs\pytorch\lib\site-packages\sklearn\metrics\_classification.py:2399: UserWarning: y_pred contains classes not in y_true
  warnings.warn("y_pred contains classes not in y_true")
C:\Anaconda3\envs\pytorch\lib\site-packages\sklearn\metrics\_classification.py:2399: UserWarning: y_pred contains classes not in y_true
  warnings.warn("y_pred contains classes not in y_true")
C:\Anaconda3\envs\pytorch\lib\site-packages\sklearn\metrics\_classification.py:2399: UserWarning: y_pred contains classes not in y_true
  warnings.warn("y_pred contains classes not in y_true")
C:\Anaconda3\envs\pytorch\lib\site-packages\sklearn\metrics\_classification.py:2399: UserWarning: y_pred contains classes not in y_true
  warnings.warn("y_pred contains classes not in y_true")
C:\Anaconda3\envs\pytorch\lib\site-packages\sklearn\metrics\_classification.py:2399: UserWarning: y_pred contains classes not in y_true
  warnings.warn("y_pred contains classes not in y_true")
C:\Anaconda3\envs\pytorch\lib\site-packages\sklearn\metrics\_classification.py:2399: UserWarning: y_pred contains classes not in y_true
  warnings.warn("y_pred contains classes not in y_true")
C:\Anaconda3\envs\pytorch\lib\site-packages\sklearn\metrics\_classification.py:2399: UserWarning: y_pred contains classes not in y_true
  warnings.warn("y_pred contains classes not in y_true")
C:\Anaconda3\envs\pytorch\lib\site-packages\sklearn\metrics\_classification.py:2399: UserWarning: y_pred contains classes not in y_true
  warnings.warn("y_pred contains classes not in y_true")
C:\Anaconda3\envs\pytorch\lib\site-packages\sklearn\metrics\_classification.py:2399: UserWarning: y_pred contains classes not in y_true
  warnings.warn("y_pred contains classes not in y_true")
C:\Anaconda3\envs\pytorch\lib\site-packages\sklearn\metrics\_classification.py:2399: UserWarning: y_pred contains classes not in y_true
  warnings.warn("y_pred contains classes not in y_true")
C:\Anaconda3\envs\pytorch\lib\site-packages\sklearn\metrics\_classification.py:2399: UserWarning: y_pred contains classes not in y_true
  warnings.warn("y_pred contains classes not in y_true")
C:\Anaconda3\envs\pytorch\lib\site-packages\sklearn\metrics\_classification.py:2399: UserWarning: y_pred contains classes not in y_true
  warnings.warn("y_pred contains classes not in y_true")
C:\Anaconda3\envs\pytorch\lib\site-packages\sklearn\metrics\_classification.py:2399: UserWarning: y_pred contains classes not in y_true
  warnings.warn("y_pred contains classes not in y_true")
C:\Anaconda3\envs\pytorch\lib\site-packages\sklearn\metrics\_classification.py:2399: UserWarning: y_pred contains classes not in y_true
  warnings.warn("y_pred contains classes not in y_true")
C:\Anaconda3\envs\pytorch\lib\site-packages\sklearn\metrics\_classification.py:2399: UserWarning: y_pred contains classes not in y_true
  warnings.warn("y_pred contains classes not in y_true")
C:\Anaconda3\envs\pytorch\lib\site-packages\sklearn\metrics\_classification.py:2399: UserWarning: y_pred contains classes not in y_true
  warnings.warn("y_pred contains classes not in y_true")
C:\Anaconda3\envs\pytorch\lib\site-packages\sklearn\metrics\_classification.py:2399: UserWarning: y_pred contains classes not in y_true
  warnings.warn("y_pred contains classes not in y_true")
C:\Anaconda3\envs\pytorch\lib\site-packages\sklearn\metrics\_classification.py:2399: UserWarning: y_pred contains classes not in y_true
  warnings.warn("y_pred contains classes not in y_true")
C:\Anaconda3\envs\pytorch\lib\site-packages\sklearn\metrics\_classification.py:2399: UserWarning: y_pred contains classes not in y_true
  warnings.warn("y_pred contains classes not in y_true")
C:\Anaconda3\envs\pytorch\lib\site-packages\sklearn\metrics\_classification.py:2399: UserWarning: y_pred contains classes not in y_true
  warnings.warn("y_pred contains classes not in y_true")
C:\Anaconda3\envs\pytorch\lib\site-packages\sklearn\metrics\_classification.py:2399: UserWarning: y_pred contains classes not in y_true
  warnings.warn("y_pred contains classes not in y_true")
C:\Anaconda3\envs\pytorch\lib\site-packages\sklearn\metrics\_classification.py:2399: UserWarning: y_pred contains classes not in y_true
  warnings.warn("y_pred contains classes not in y_true")
C:\Anaconda3\envs\pytorch\lib\site-packages\sklearn\metrics\_classification.py:2399: UserWarning: y_pred contains classes not in y_true
  warnings.warn("y_pred contains classes not in y_true")
C:\Anaconda3\envs\pytorch\lib\site-packages\sklearn\metrics\_classification.py:2399: UserWarning: y_pred contains classes not in y_true
  warnings.warn("y_pred contains classes not in y_true")
C:\Anaconda3\envs\pytorch\lib\site-packages\sklearn\metrics\_classification.py:2399: UserWarning: y_pred contains classes not in y_true
  warnings.warn("y_pred contains classes not in y_true")
C:\Anaconda3\envs\pytorch\lib\site-packages\sklearn\metrics\_classification.py:2399: UserWarning: y_pred contains classes not in y_true
  warnings.warn("y_pred contains classes not in y_true")
C:\Anaconda3\envs\pytorch\lib\site-packages\sklearn\metrics\_classification.py:2399: UserWarning: y_pred contains classes not in y_true
  warnings.warn("y_pred contains classes not in y_true")
C:\Anaconda3\envs\pytorch\lib\site-packages\sklearn\metrics\_classification.py:2399: UserWarning: y_pred contains classes not in y_true
  warnings.warn("y_pred contains classes not in y_true")
C:\Anaconda3\envs\pytorch\lib\site-packages\sklearn\metrics\_classification.py:2399: UserWarning: y_pred contains classes not in y_true
  warnings.warn("y_pred contains classes not in y_true")
C:\Anaconda3\envs\pytorch\lib\site-packages\sklearn\metrics\_classification.py:2399: UserWarning: y_pred contains classes not in y_true
  warnings.warn("y_pred contains classes not in y_true")
C:\Anaconda3\envs\pytorch\lib\site-packages\sklearn\metrics\_classification.py:2399: UserWarning: y_pred contains classes not in y_true
  warnings.warn("y_pred contains classes not in y_true")
C:\Anaconda3\envs\pytorch\lib\site-packages\sklearn\metrics\_classification.py:2399: UserWarning: y_pred contains classes not in y_true
  warnings.warn("y_pred contains classes not in y_true")
C:\Anaconda3\envs\pytorch\lib\site-packages\sklearn\metrics\_classification.py:2399: UserWarning: y_pred contains classes not in y_true
  warnings.warn("y_pred contains classes not in y_true")
C:\Anaconda3\envs\pytorch\lib\site-packages\sklearn\metrics\_classification.py:2399: UserWarning: y_pred contains classes not in y_true
  warnings.warn("y_pred contains classes not in y_true")
C:\Anaconda3\envs\pytorch\lib\site-packages\sklearn\metrics\_classification.py:2399: UserWarning: y_pred contains classes not in y_true
  warnings.warn("y_pred contains classes not in y_true")
C:\Anaconda3\envs\pytorch\lib\site-packages\sklearn\metrics\_classification.py:2399: UserWarning: y_pred contains classes not in y_true
  warnings.warn("y_pred contains classes not in y_true")
C:\Anaconda3\envs\pytorch\lib\site-packages\sklearn\metrics\_classification.py:2399: UserWarning: y_pred contains classes not in y_true
  warnings.warn("y_pred contains classes not in y_true")
C:\Anaconda3\envs\pytorch\lib\site-packages\sklearn\metrics\_classification.py:2399: UserWarning: y_pred contains classes not in y_true
  warnings.warn("y_pred contains classes not in y_true")
C:\Anaconda3\envs\pytorch\lib\site-packages\sklearn\metrics\_classification.py:2399: UserWarning: y_pred contains classes not in y_true
  warnings.warn("y_pred contains classes not in y_true")
C:\Anaconda3\envs\pytorch\lib\site-packages\sklearn\metrics\_classification.py:2399: UserWarning: y_pred contains classes not in y_true
  warnings.warn("y_pred contains classes not in y_true")
C:\Anaconda3\envs\pytorch\lib\site-packages\sklearn\metrics\_classification.py:2399: UserWarning: y_pred contains classes not in y_true
  warnings.warn("y_pred contains classes not in y_true")
C:\Anaconda3\envs\pytorch\lib\site-packages\sklearn\metrics\_classification.py:2399: UserWarning: y_pred contains classes not in y_true
  warnings.warn("y_pred contains classes not in y_true")
C:\Anaconda3\envs\pytorch\lib\site-packages\sklearn\metrics\_classification.py:2399: UserWarning: y_pred contains classes not in y_true
  warnings.warn("y_pred contains classes not in y_true")
C:\Anaconda3\envs\pytorch\lib\site-packages\sklearn\metrics\_classification.py:2399: UserWarning: y_pred contains classes not in y_true
  warnings.warn("y_pred contains classes not in y_true")
C:\Anaconda3\envs\pytorch\lib\site-packages\sklearn\metrics\_classification.py:2399: UserWarning: y_pred contains classes not in y_true
  warnings.warn("y_pred contains classes not in y_true")
C:\Anaconda3\envs\pytorch\lib\site-packages\sklearn\metrics\_classification.py:2399: UserWarning: y_pred contains classes not in y_true
  warnings.warn("y_pred contains classes not in y_true")
C:\Anaconda3\envs\pytorch\lib\site-packages\sklearn\metrics\_classification.py:2399: UserWarning: y_pred contains classes not in y_true
  warnings.warn("y_pred contains classes not in y_true")
C:\Anaconda3\envs\pytorch\lib\site-packages\sklearn\metrics\_classification.py:2399: UserWarning: y_pred contains classes not in y_true
  warnings.warn("y_pred contains classes not in y_true")
C:\Anaconda3\envs\pytorch\lib\site-packages\sklearn\metrics\_classification.py:2399: UserWarning: y_pred contains classes not in y_true
  warnings.warn("y_pred contains classes not in y_true")
C:\Anaconda3\envs\pytorch\lib\site-packages\sklearn\metrics\_classification.py:2399: UserWarning: y_pred contains classes not in y_true
  warnings.warn("y_pred contains classes not in y_true")
C:\Anaconda3\envs\pytorch\lib\site-packages\sklearn\metrics\_classification.py:2399: UserWarning: y_pred contains classes not in y_true
  warnings.warn("y_pred contains classes not in y_true")
C:\Anaconda3\envs\pytorch\lib\site-packages\sklearn\metrics\_classification.py:2399: UserWarning: y_pred contains classes not in y_true
  warnings.warn("y_pred contains classes not in y_true")
C:\Anaconda3\envs\pytorch\lib\site-packages\sklearn\metrics\_classification.py:2399: UserWarning: y_pred contains classes not in y_true
  warnings.warn("y_pred contains classes not in y_true")
C:\Anaconda3\envs\pytorch\lib\site-packages\sklearn\metrics\_classification.py:2399: UserWarning: y_pred contains classes not in y_true
  warnings.warn("y_pred contains classes not in y_true")
C:\Anaconda3\envs\pytorch\lib\site-packages\sklearn\metrics\_classification.py:2399: UserWarning: y_pred contains classes not in y_true
  warnings.warn("y_pred contains classes not in y_true")
C:\Anaconda3\envs\pytorch\lib\site-packages\sklearn\metrics\_classification.py:2399: UserWarning: y_pred contains classes not in y_true
  warnings.warn("y_pred contains classes not in y_true")
C:\Anaconda3\envs\pytorch\lib\site-packages\sklearn\metrics\_classification.py:2399: UserWarning: y_pred contains classes not in y_true
  warnings.warn("y_pred contains classes not in y_true")
C:\Anaconda3\envs\pytorch\lib\site-packages\sklearn\metrics\_classification.py:2399: UserWarning: y_pred contains classes not in y_true
  warnings.warn("y_pred contains classes not in y_true")
C:\Anaconda3\envs\pytorch\lib\site-packages\sklearn\metrics\_classification.py:2399: UserWarning: y_pred contains classes not in y_true
  warnings.warn("y_pred contains classes not in y_true")
C:\Anaconda3\envs\pytorch\lib\site-packages\sklearn\metrics\_classification.py:2399: UserWarning: y_pred contains classes not in y_true
  warnings.warn("y_pred contains classes not in y_true")
C:\Anaconda3\envs\pytorch\lib\site-packages\sklearn\metrics\_classification.py:2399: UserWarning: y_pred contains classes not in y_true
  warnings.warn("y_pred contains classes not in y_true")
C:\Anaconda3\envs\pytorch\lib\site-packages\sklearn\metrics\_classification.py:2399: UserWarning: y_pred contains classes not in y_true
  warnings.warn("y_pred contains classes not in y_true")
C:\Anaconda3\envs\pytorch\lib\site-packages\sklearn\metrics\_classification.py:2399: UserWarning: y_pred contains classes not in y_true
  warnings.warn("y_pred contains classes not in y_true")
C:\Anaconda3\envs\pytorch\lib\site-packages\sklearn\metrics\_classification.py:2399: UserWarning: y_pred contains classes not in y_true
  warnings.warn("y_pred contains classes not in y_true")
C:\Anaconda3\envs\pytorch\lib\site-packages\sklearn\metrics\_classification.py:2399: UserWarning: y_pred contains classes not in y_true
  warnings.warn("y_pred contains classes not in y_true")
C:\Anaconda3\envs\pytorch\lib\site-packages\sklearn\metrics\_classification.py:2399: UserWarning: y_pred contains classes not in y_true
  warnings.warn("y_pred contains classes not in y_true")
C:\Anaconda3\envs\pytorch\lib\site-packages\sklearn\metrics\_classification.py:2399: UserWarning: y_pred contains classes not in y_true
  warnings.warn("y_pred contains classes not in y_true")
C:\Anaconda3\envs\pytorch\lib\site-packages\sklearn\metrics\_classification.py:2399: UserWarning: y_pred contains classes not in y_true
  warnings.warn("y_pred contains classes not in y_true")
C:\Anaconda3\envs\pytorch\lib\site-packages\sklearn\metrics\_classification.py:2399: UserWarning: y_pred contains classes not in y_true
  warnings.warn("y_pred contains classes not in y_true")
C:\Anaconda3\envs\pytorch\lib\site-packages\sklearn\metrics\_classification.py:2399: UserWarning: y_pred contains classes not in y_true
  warnings.warn("y_pred contains classes not in y_true")
C:\Anaconda3\envs\pytorch\lib\site-packages\sklearn\metrics\_classification.py:2399: UserWarning: y_pred contains classes not in y_true
  warnings.warn("y_pred contains classes not in y_true")
C:\Anaconda3\envs\pytorch\lib\site-packages\sklearn\metrics\_classification.py:2399: UserWarning: y_pred contains classes not in y_true
  warnings.warn("y_pred contains classes not in y_true")
C:\Anaconda3\envs\pytorch\lib\site-packages\sklearn\metrics\_classification.py:2399: UserWarning: y_pred contains classes not in y_true
  warnings.warn("y_pred contains classes not in y_true")
C:\Anaconda3\envs\pytorch\lib\site-packages\sklearn\metrics\_classification.py:2399: UserWarning: y_pred contains classes not in y_true
  warnings.warn("y_pred contains classes not in y_true")
C:\Anaconda3\envs\pytorch\lib\site-packages\sklearn\metrics\_classification.py:2399: UserWarning: y_pred contains classes not in y_true
  warnings.warn("y_pred contains classes not in y_true")
C:\Anaconda3\envs\pytorch\lib\site-packages\sklearn\metrics\_classification.py:2399: UserWarning: y_pred contains classes not in y_true
  warnings.warn("y_pred contains classes not in y_true")
C:\Anaconda3\envs\pytorch\lib\site-packages\sklearn\metrics\_classification.py:2399: UserWarning: y_pred contains classes not in y_true
  warnings.warn("y_pred contains classes not in y_true")
C:\Anaconda3\envs\pytorch\lib\site-packages\sklearn\metrics\_classification.py:2399: UserWarning: y_pred contains classes not in y_true
  warnings.warn("y_pred contains classes not in y_true")
C:\Anaconda3\envs\pytorch\lib\site-packages\sklearn\metrics\_classification.py:2399: UserWarning: y_pred contains classes not in y_true
  warnings.warn("y_pred contains classes not in y_true")
C:\Anaconda3\envs\pytorch\lib\site-packages\sklearn\metrics\_classification.py:2399: UserWarning: y_pred contains classes not in y_true
  warnings.warn("y_pred contains classes not in y_true")
C:\Anaconda3\envs\pytorch\lib\site-packages\sklearn\metrics\_classification.py:2399: UserWarning: y_pred contains classes not in y_true
  warnings.warn("y_pred contains classes not in y_true")
C:\Anaconda3\envs\pytorch\lib\site-packages\sklearn\metrics\_classification.py:2399: UserWarning: y_pred contains classes not in y_true
  warnings.warn("y_pred contains classes not in y_true")
C:\Anaconda3\envs\pytorch\lib\site-packages\sklearn\metrics\_classification.py:2399: UserWarning: y_pred contains classes not in y_true
  warnings.warn("y_pred contains classes not in y_true")
C:\Anaconda3\envs\pytorch\lib\site-packages\sklearn\metrics\_classification.py:2399: UserWarning: y_pred contains classes not in y_true
  warnings.warn("y_pred contains classes not in y_true")
C:\Anaconda3\envs\pytorch\lib\site-packages\sklearn\metrics\_classification.py:2399: UserWarning: y_pred contains classes not in y_true
  warnings.warn("y_pred contains classes not in y_true")
C:\Anaconda3\envs\pytorch\lib\site-packages\sklearn\metrics\_classification.py:2399: UserWarning: y_pred contains classes not in y_true
  warnings.warn("y_pred contains classes not in y_true")
C:\Anaconda3\envs\pytorch\lib\site-packages\sklearn\metrics\_classification.py:2399: UserWarning: y_pred contains classes not in y_true
  warnings.warn("y_pred contains classes not in y_true")
C:\Anaconda3\envs\pytorch\lib\site-packages\sklearn\metrics\_classification.py:2399: UserWarning: y_pred contains classes not in y_true
  warnings.warn("y_pred contains classes not in y_true")
C:\Anaconda3\envs\pytorch\lib\site-packages\sklearn\metrics\_classification.py:2399: UserWarning: y_pred contains classes not in y_true
  warnings.warn("y_pred contains classes not in y_true")
C:\Anaconda3\envs\pytorch\lib\site-packages\sklearn\metrics\_classification.py:2399: UserWarning: y_pred contains classes not in y_true
  warnings.warn("y_pred contains classes not in y_true")
C:\Anaconda3\envs\pytorch\lib\site-packages\sklearn\metrics\_classification.py:2399: UserWarning: y_pred contains classes not in y_true
  warnings.warn("y_pred contains classes not in y_true")
C:\Anaconda3\envs\pytorch\lib\site-packages\sklearn\metrics\_classification.py:2399: UserWarning: y_pred contains classes not in y_true
  warnings.warn("y_pred contains classes not in y_true")
C:\Anaconda3\envs\pytorch\lib\site-packages\sklearn\metrics\_classification.py:2399: UserWarning: y_pred contains classes not in y_true
  warnings.warn("y_pred contains classes not in y_true")
C:\Anaconda3\envs\pytorch\lib\site-packages\sklearn\metrics\_classification.py:2399: UserWarning: y_pred contains classes not in y_true
  warnings.warn("y_pred contains classes not in y_true")
C:\Anaconda3\envs\pytorch\lib\site-packages\sklearn\metrics\_classification.py:2399: UserWarning: y_pred contains classes not in y_true
  warnings.warn("y_pred contains classes not in y_true")
C:\Anaconda3\envs\pytorch\lib\site-packages\sklearn\metrics\_classification.py:2399: UserWarning: y_pred contains classes not in y_true
  warnings.warn("y_pred contains classes not in y_true")
C:\Anaconda3\envs\pytorch\lib\site-packages\sklearn\metrics\_classification.py:2399: UserWarning: y_pred contains classes not in y_true
  warnings.warn("y_pred contains classes not in y_true")
C:\Anaconda3\envs\pytorch\lib\site-packages\sklearn\metrics\_classification.py:2399: UserWarning: y_pred contains classes not in y_true
  warnings.warn("y_pred contains classes not in y_true")
C:\Anaconda3\envs\pytorch\lib\site-packages\sklearn\metrics\_classification.py:2399: UserWarning: y_pred contains classes not in y_true
  warnings.warn("y_pred contains classes not in y_true")
C:\Anaconda3\envs\pytorch\lib\site-packages\sklearn\metrics\_classification.py:2399: UserWarning: y_pred contains classes not in y_true
  warnings.warn("y_pred contains classes not in y_true")
C:\Anaconda3\envs\pytorch\lib\site-packages\sklearn\metrics\_classification.py:2399: UserWarning: y_pred contains classes not in y_true
  warnings.warn("y_pred contains classes not in y_true")
C:\Anaconda3\envs\pytorch\lib\site-packages\sklearn\metrics\_classification.py:2399: UserWarning: y_pred contains classes not in y_true
  warnings.warn("y_pred contains classes not in y_true")
C:\Anaconda3\envs\pytorch\lib\site-packages\sklearn\metrics\_classification.py:2399: UserWarning: y_pred contains classes not in y_true
  warnings.warn("y_pred contains classes not in y_true")
C:\Anaconda3\envs\pytorch\lib\site-packages\sklearn\metrics\_classification.py:2399: UserWarning: y_pred contains classes not in y_true
  warnings.warn("y_pred contains classes not in y_true")
C:\Anaconda3\envs\pytorch\lib\site-packages\sklearn\metrics\_classification.py:2399: UserWarning: y_pred contains classes not in y_true
  warnings.warn("y_pred contains classes not in y_true")
C:\Anaconda3\envs\pytorch\lib\site-packages\sklearn\metrics\_classification.py:2399: UserWarning: y_pred contains classes not in y_true
  warnings.warn("y_pred contains classes not in y_true")
C:\Anaconda3\envs\pytorch\lib\site-packages\sklearn\metrics\_classification.py:2399: UserWarning: y_pred contains classes not in y_true
  warnings.warn("y_pred contains classes not in y_true")
C:\Anaconda3\envs\pytorch\lib\site-packages\sklearn\metrics\_classification.py:2399: UserWarning: y_pred contains classes not in y_true
  warnings.warn("y_pred contains classes not in y_true")
C:\Anaconda3\envs\pytorch\lib\site-packages\sklearn\metrics\_classification.py:2399: UserWarning: y_pred contains classes not in y_true
  warnings.warn("y_pred contains classes not in y_true")
C:\Anaconda3\envs\pytorch\lib\site-packages\sklearn\metrics\_classification.py:2399: UserWarning: y_pred contains classes not in y_true
  warnings.warn("y_pred contains classes not in y_true")
C:\Anaconda3\envs\pytorch\lib\site-packages\sklearn\metrics\_classification.py:2399: UserWarning: y_pred contains classes not in y_true
  warnings.warn("y_pred contains classes not in y_true")
C:\Anaconda3\envs\pytorch\lib\site-packages\sklearn\metrics\_classification.py:2399: UserWarning: y_pred contains classes not in y_true
  warnings.warn("y_pred contains classes not in y_true")
C:\Anaconda3\envs\pytorch\lib\site-packages\sklearn\metrics\_classification.py:2399: UserWarning: y_pred contains classes not in y_true
  warnings.warn("y_pred contains classes not in y_true")
C:\Anaconda3\envs\pytorch\lib\site-packages\sklearn\metrics\_classification.py:2399: UserWarning: y_pred contains classes not in y_true
  warnings.warn("y_pred contains classes not in y_true")
C:\Anaconda3\envs\pytorch\lib\site-packages\sklearn\metrics\_classification.py:2399: UserWarning: y_pred contains classes not in y_true
  warnings.warn("y_pred contains classes not in y_true")
C:\Anaconda3\envs\pytorch\lib\site-packages\sklearn\metrics\_classification.py:2399: UserWarning: y_pred contains classes not in y_true
  warnings.warn("y_pred contains classes not in y_true")
C:\Anaconda3\envs\pytorch\lib\site-packages\sklearn\metrics\_classification.py:2399: UserWarning: y_pred contains classes not in y_true
  warnings.warn("y_pred contains classes not in y_true")
C:\Anaconda3\envs\pytorch\lib\site-packages\sklearn\metrics\_classification.py:2399: UserWarning: y_pred contains classes not in y_true
  warnings.warn("y_pred contains classes not in y_true")
C:\Anaconda3\envs\pytorch\lib\site-packages\sklearn\metrics\_classification.py:2399: UserWarning: y_pred contains classes not in y_true
  warnings.warn("y_pred contains classes not in y_true")
C:\Anaconda3\envs\pytorch\lib\site-packages\sklearn\metrics\_classification.py:2399: UserWarning: y_pred contains classes not in y_true
  warnings.warn("y_pred contains classes not in y_true")
C:\Anaconda3\envs\pytorch\lib\site-packages\sklearn\metrics\_classification.py:2399: UserWarning: y_pred contains classes not in y_true
  warnings.warn("y_pred contains classes not in y_true")
C:\Anaconda3\envs\pytorch\lib\site-packages\sklearn\metrics\_classification.py:2399: UserWarning: y_pred contains classes not in y_true
  warnings.warn("y_pred contains classes not in y_true")
C:\Anaconda3\envs\pytorch\lib\site-packages\sklearn\metrics\_classification.py:2399: UserWarning: y_pred contains classes not in y_true
  warnings.warn("y_pred contains classes not in y_true")
C:\Anaconda3\envs\pytorch\lib\site-packages\sklearn\metrics\_classification.py:2399: UserWarning: y_pred contains classes not in y_true
  warnings.warn("y_pred contains classes not in y_true")
C:\Anaconda3\envs\pytorch\lib\site-packages\sklearn\metrics\_classification.py:2399: UserWarning: y_pred contains classes not in y_true
  warnings.warn("y_pred contains classes not in y_true")
C:\Anaconda3\envs\pytorch\lib\site-packages\sklearn\metrics\_classification.py:2399: UserWarning: y_pred contains classes not in y_true
  warnings.warn("y_pred contains classes not in y_true")
C:\Anaconda3\envs\pytorch\lib\site-packages\sklearn\metrics\_classification.py:2399: UserWarning: y_pred contains classes not in y_true
  warnings.warn("y_pred contains classes not in y_true")
C:\Anaconda3\envs\pytorch\lib\site-packages\sklearn\metrics\_classification.py:2399: UserWarning: y_pred contains classes not in y_true
  warnings.warn("y_pred contains classes not in y_true")
C:\Anaconda3\envs\pytorch\lib\site-packages\sklearn\metrics\_classification.py:2399: UserWarning: y_pred contains classes not in y_true
  warnings.warn("y_pred contains classes not in y_true")
C:\Anaconda3\envs\pytorch\lib\site-packages\sklearn\metrics\_classification.py:2399: UserWarning: y_pred contains classes not in y_true
  warnings.warn("y_pred contains classes not in y_true")
C:\Anaconda3\envs\pytorch\lib\site-packages\sklearn\metrics\_classification.py:2399: UserWarning: y_pred contains classes not in y_true
  warnings.warn("y_pred contains classes not in y_true")
C:\Anaconda3\envs\pytorch\lib\site-packages\sklearn\metrics\_classification.py:2399: UserWarning: y_pred contains classes not in y_true
  warnings.warn("y_pred contains classes not in y_true")
C:\Anaconda3\envs\pytorch\lib\site-packages\sklearn\metrics\_classification.py:2399: UserWarning: y_pred contains classes not in y_true
  warnings.warn("y_pred contains classes not in y_true")
C:\Anaconda3\envs\pytorch\lib\site-packages\sklearn\metrics\_classification.py:2399: UserWarning: y_pred contains classes not in y_true
  warnings.warn("y_pred contains classes not in y_true")
C:\Anaconda3\envs\pytorch\lib\site-packages\sklearn\metrics\_classification.py:2399: UserWarning: y_pred contains classes not in y_true
  warnings.warn("y_pred contains classes not in y_true")
C:\Anaconda3\envs\pytorch\lib\site-packages\sklearn\metrics\_classification.py:2399: UserWarning: y_pred contains classes not in y_true
  warnings.warn("y_pred contains classes not in y_true")
C:\Anaconda3\envs\pytorch\lib\site-packages\sklearn\metrics\_classification.py:2399: UserWarning: y_pred contains classes not in y_true
  warnings.warn("y_pred contains classes not in y_true")
C:\Anaconda3\envs\pytorch\lib\site-packages\sklearn\metrics\_classification.py:2399: UserWarning: y_pred contains classes not in y_true
  warnings.warn("y_pred contains classes not in y_true")
C:\Anaconda3\envs\pytorch\lib\site-packages\sklearn\metrics\_classification.py:2399: UserWarning: y_pred contains classes not in y_true
  warnings.warn("y_pred contains classes not in y_true")
C:\Anaconda3\envs\pytorch\lib\site-packages\sklearn\metrics\_classification.py:2399: UserWarning: y_pred contains classes not in y_true
  warnings.warn("y_pred contains classes not in y_true")
C:\Anaconda3\envs\pytorch\lib\site-packages\sklearn\metrics\_classification.py:2399: UserWarning: y_pred contains classes not in y_true
  warnings.warn("y_pred contains classes not in y_true")
C:\Anaconda3\envs\pytorch\lib\site-packages\sklearn\metrics\_classification.py:2399: UserWarning: y_pred contains classes not in y_true
  warnings.warn("y_pred contains classes not in y_true")
C:\Anaconda3\envs\pytorch\lib\site-packages\sklearn\metrics\_classification.py:2399: UserWarning: y_pred contains classes not in y_true
  warnings.warn("y_pred contains classes not in y_true")
C:\Anaconda3\envs\pytorch\lib\site-packages\sklearn\metrics\_classification.py:2399: UserWarning: y_pred contains classes not in y_true
  warnings.warn("y_pred contains classes not in y_true")
C:\Anaconda3\envs\pytorch\lib\site-packages\sklearn\metrics\_classification.py:2399: UserWarning: y_pred contains classes not in y_true
  warnings.warn("y_pred contains classes not in y_true")
C:\Anaconda3\envs\pytorch\lib\site-packages\sklearn\metrics\_classification.py:2399: UserWarning: y_pred contains classes not in y_true
  warnings.warn("y_pred contains classes not in y_true")
C:\Anaconda3\envs\pytorch\lib\site-packages\sklearn\metrics\_classification.py:2399: UserWarning: y_pred contains classes not in y_true
  warnings.warn("y_pred contains classes not in y_true")
C:\Anaconda3\envs\pytorch\lib\site-packages\sklearn\metrics\_classification.py:2399: UserWarning: y_pred contains classes not in y_true
  warnings.warn("y_pred contains classes not in y_true")
C:\Anaconda3\envs\pytorch\lib\site-packages\sklearn\metrics\_classification.py:2399: UserWarning: y_pred contains classes not in y_true
  warnings.warn("y_pred contains classes not in y_true")
C:\Anaconda3\envs\pytorch\lib\site-packages\sklearn\metrics\_classification.py:2399: UserWarning: y_pred contains classes not in y_true
  warnings.warn("y_pred contains classes not in y_true")
C:\Anaconda3\envs\pytorch\lib\site-packages\sklearn\metrics\_classification.py:2399: UserWarning: y_pred contains classes not in y_true
  warnings.warn("y_pred contains classes not in y_true")
C:\Anaconda3\envs\pytorch\lib\site-packages\sklearn\metrics\_classification.py:2399: UserWarning: y_pred contains classes not in y_true
  warnings.warn("y_pred contains classes not in y_true")
C:\Anaconda3\envs\pytorch\lib\site-packages\sklearn\metrics\_classification.py:2399: UserWarning: y_pred contains classes not in y_true
  warnings.warn("y_pred contains classes not in y_true")
C:\Anaconda3\envs\pytorch\lib\site-packages\sklearn\metrics\_classification.py:2399: UserWarning: y_pred contains classes not in y_true
  warnings.warn("y_pred contains classes not in y_true")
C:\Anaconda3\envs\pytorch\lib\site-packages\sklearn\metrics\_classification.py:2399: UserWarning: y_pred contains classes not in y_true
  warnings.warn("y_pred contains classes not in y_true")
C:\Anaconda3\envs\pytorch\lib\site-packages\sklearn\metrics\_classification.py:2399: UserWarning: y_pred contains classes not in y_true
  warnings.warn("y_pred contains classes not in y_true")
C:\Anaconda3\envs\pytorch\lib\site-packages\sklearn\metrics\_classification.py:2399: UserWarning: y_pred contains classes not in y_true
  warnings.warn("y_pred contains classes not in y_true")
C:\Anaconda3\envs\pytorch\lib\site-packages\sklearn\metrics\_classification.py:2399: UserWarning: y_pred contains classes not in y_true
  warnings.warn("y_pred contains classes not in y_true")
C:\Anaconda3\envs\pytorch\lib\site-packages\sklearn\metrics\_classification.py:2399: UserWarning: y_pred contains classes not in y_true
  warnings.warn("y_pred contains classes not in y_true")
C:\Anaconda3\envs\pytorch\lib\site-packages\sklearn\metrics\_classification.py:2399: UserWarning: y_pred contains classes not in y_true
  warnings.warn("y_pred contains classes not in y_true")
C:\Anaconda3\envs\pytorch\lib\site-packages\sklearn\metrics\_classification.py:2399: UserWarning: y_pred contains classes not in y_true
  warnings.warn("y_pred contains classes not in y_true")
C:\Anaconda3\envs\pytorch\lib\site-packages\sklearn\metrics\_classification.py:2399: UserWarning: y_pred contains classes not in y_true
  warnings.warn("y_pred contains classes not in y_true")
C:\Anaconda3\envs\pytorch\lib\site-packages\sklearn\metrics\_classification.py:2399: UserWarning: y_pred contains classes not in y_true
  warnings.warn("y_pred contains classes not in y_true")
C:\Anaconda3\envs\pytorch\lib\site-packages\sklearn\metrics\_classification.py:2399: UserWarning: y_pred contains classes not in y_true
  warnings.warn("y_pred contains classes not in y_true")
C:\Anaconda3\envs\pytorch\lib\site-packages\sklearn\metrics\_classification.py:2399: UserWarning: y_pred contains classes not in y_true
  warnings.warn("y_pred contains classes not in y_true")
C:\Anaconda3\envs\pytorch\lib\site-packages\sklearn\metrics\_classification.py:2399: UserWarning: y_pred contains classes not in y_true
  warnings.warn("y_pred contains classes not in y_true")
C:\Anaconda3\envs\pytorch\lib\site-packages\sklearn\metrics\_classification.py:2399: UserWarning: y_pred contains classes not in y_true
  warnings.warn("y_pred contains classes not in y_true")
C:\Anaconda3\envs\pytorch\lib\site-packages\sklearn\metrics\_classification.py:2399: UserWarning: y_pred contains classes not in y_true
  warnings.warn("y_pred contains classes not in y_true")
C:\Anaconda3\envs\pytorch\lib\site-packages\sklearn\metrics\_classification.py:2399: UserWarning: y_pred contains classes not in y_true
  warnings.warn("y_pred contains classes not in y_true")
C:\Anaconda3\envs\pytorch\lib\site-packages\sklearn\metrics\_classification.py:2399: UserWarning: y_pred contains classes not in y_true
  warnings.warn("y_pred contains classes not in y_true")
C:\Anaconda3\envs\pytorch\lib\site-packages\sklearn\metrics\_classification.py:2399: UserWarning: y_pred contains classes not in y_true
  warnings.warn("y_pred contains classes not in y_true")
C:\Anaconda3\envs\pytorch\lib\site-packages\sklearn\metrics\_classification.py:2399: UserWarning: y_pred contains classes not in y_true
  warnings.warn("y_pred contains classes not in y_true")
C:\Anaconda3\envs\pytorch\lib\site-packages\sklearn\metrics\_classification.py:2399: UserWarning: y_pred contains classes not in y_true
  warnings.warn("y_pred contains classes not in y_true")
C:\Anaconda3\envs\pytorch\lib\site-packages\sklearn\metrics\_classification.py:2399: UserWarning: y_pred contains classes not in y_true
  warnings.warn("y_pred contains classes not in y_true")
C:\Anaconda3\envs\pytorch\lib\site-packages\sklearn\metrics\_classification.py:2399: UserWarning: y_pred contains classes not in y_true
  warnings.warn("y_pred contains classes not in y_true")
C:\Anaconda3\envs\pytorch\lib\site-packages\sklearn\metrics\_classification.py:2399: UserWarning: y_pred contains classes not in y_true
  warnings.warn("y_pred contains classes not in y_true")
C:\Anaconda3\envs\pytorch\lib\site-packages\sklearn\metrics\_classification.py:2399: UserWarning: y_pred contains classes not in y_true
  warnings.warn("y_pred contains classes not in y_true")
C:\Anaconda3\envs\pytorch\lib\site-packages\sklearn\metrics\_classification.py:2399: UserWarning: y_pred contains classes not in y_true
  warnings.warn("y_pred contains classes not in y_true")
C:\Anaconda3\envs\pytorch\lib\site-packages\sklearn\metrics\_classification.py:2399: UserWarning: y_pred contains classes not in y_true
  warnings.warn("y_pred contains classes not in y_true")
C:\Anaconda3\envs\pytorch\lib\site-packages\sklearn\metrics\_classification.py:2399: UserWarning: y_pred contains classes not in y_true
  warnings.warn("y_pred contains classes not in y_true")
C:\Anaconda3\envs\pytorch\lib\site-packages\sklearn\metrics\_classification.py:2399: UserWarning: y_pred contains classes not in y_true
  warnings.warn("y_pred contains classes not in y_true")
C:\Anaconda3\envs\pytorch\lib\site-packages\sklearn\metrics\_classification.py:2399: UserWarning: y_pred contains classes not in y_true
  warnings.warn("y_pred contains classes not in y_true")
C:\Anaconda3\envs\pytorch\lib\site-packages\sklearn\metrics\_classification.py:2399: UserWarning: y_pred contains classes not in y_true
  warnings.warn("y_pred contains classes not in y_true")
C:\Anaconda3\envs\pytorch\lib\site-packages\sklearn\metrics\_classification.py:2399: UserWarning: y_pred contains classes not in y_true
  warnings.warn("y_pred contains classes not in y_true")
C:\Anaconda3\envs\pytorch\lib\site-packages\sklearn\metrics\_classification.py:2399: UserWarning: y_pred contains classes not in y_true
  warnings.warn("y_pred contains classes not in y_true")
C:\Anaconda3\envs\pytorch\lib\site-packages\sklearn\metrics\_classification.py:2399: UserWarning: y_pred contains classes not in y_true
  warnings.warn("y_pred contains classes not in y_true")
C:\Anaconda3\envs\pytorch\lib\site-packages\sklearn\metrics\_classification.py:2399: UserWarning: y_pred contains classes not in y_true
  warnings.warn("y_pred contains classes not in y_true")
C:\Anaconda3\envs\pytorch\lib\site-packages\sklearn\metrics\_classification.py:2399: UserWarning: y_pred contains classes not in y_true
  warnings.warn("y_pred contains classes not in y_true")
C:\Anaconda3\envs\pytorch\lib\site-packages\sklearn\metrics\_classification.py:2399: UserWarning: y_pred contains classes not in y_true
  warnings.warn("y_pred contains classes not in y_true")
C:\Anaconda3\envs\pytorch\lib\site-packages\sklearn\metrics\_classification.py:2399: UserWarning: y_pred contains classes not in y_true
  warnings.warn("y_pred contains classes not in y_true")
C:\Anaconda3\envs\pytorch\lib\site-packages\sklearn\metrics\_classification.py:2399: UserWarning: y_pred contains classes not in y_true
  warnings.warn("y_pred contains classes not in y_true")
C:\Anaconda3\envs\pytorch\lib\site-packages\sklearn\metrics\_classification.py:2399: UserWarning: y_pred contains classes not in y_true
  warnings.warn("y_pred contains classes not in y_true")
C:\Anaconda3\envs\pytorch\lib\site-packages\sklearn\metrics\_classification.py:2399: UserWarning: y_pred contains classes not in y_true
  warnings.warn("y_pred contains classes not in y_true")
C:\Anaconda3\envs\pytorch\lib\site-packages\sklearn\metrics\_classification.py:2399: UserWarning: y_pred contains classes not in y_true
  warnings.warn("y_pred contains classes not in y_true")
C:\Anaconda3\envs\pytorch\lib\site-packages\sklearn\metrics\_classification.py:2399: UserWarning: y_pred contains classes not in y_true
  warnings.warn("y_pred contains classes not in y_true")
C:\Anaconda3\envs\pytorch\lib\site-packages\sklearn\metrics\_classification.py:2399: UserWarning: y_pred contains classes not in y_true
  warnings.warn("y_pred contains classes not in y_true")
C:\Anaconda3\envs\pytorch\lib\site-packages\sklearn\metrics\_classification.py:2399: UserWarning: y_pred contains classes not in y_true
  warnings.warn("y_pred contains classes not in y_true")
C:\Anaconda3\envs\pytorch\lib\site-packages\sklearn\metrics\_classification.py:2399: UserWarning: y_pred contains classes not in y_true
  warnings.warn("y_pred contains classes not in y_true")
C:\Anaconda3\envs\pytorch\lib\site-packages\sklearn\metrics\_classification.py:2399: UserWarning: y_pred contains classes not in y_true
  warnings.warn("y_pred contains classes not in y_true")
C:\Anaconda3\envs\pytorch\lib\site-packages\sklearn\metrics\_classification.py:2399: UserWarning: y_pred contains classes not in y_true
  warnings.warn("y_pred contains classes not in y_true")
C:\Anaconda3\envs\pytorch\lib\site-packages\sklearn\metrics\_classification.py:2399: UserWarning: y_pred contains classes not in y_true
  warnings.warn("y_pred contains classes not in y_true")
C:\Anaconda3\envs\pytorch\lib\site-packages\sklearn\metrics\_classification.py:2399: UserWarning: y_pred contains classes not in y_true
  warnings.warn("y_pred contains classes not in y_true")
C:\Anaconda3\envs\pytorch\lib\site-packages\sklearn\metrics\_classification.py:2399: UserWarning: y_pred contains classes not in y_true
  warnings.warn("y_pred contains classes not in y_true")
C:\Anaconda3\envs\pytorch\lib\site-packages\sklearn\metrics\_classification.py:2399: UserWarning: y_pred contains classes not in y_true
  warnings.warn("y_pred contains classes not in y_true")
C:\Anaconda3\envs\pytorch\lib\site-packages\sklearn\metrics\_classification.py:2399: UserWarning: y_pred contains classes not in y_true
  warnings.warn("y_pred contains classes not in y_true")
C:\Anaconda3\envs\pytorch\lib\site-packages\sklearn\metrics\_classification.py:2399: UserWarning: y_pred contains classes not in y_true
  warnings.warn("y_pred contains classes not in y_true")
C:\Anaconda3\envs\pytorch\lib\site-packages\sklearn\metrics\_classification.py:2399: UserWarning: y_pred contains classes not in y_true
  warnings.warn("y_pred contains classes not in y_true")
C:\Anaconda3\envs\pytorch\lib\site-packages\sklearn\metrics\_classification.py:2399: UserWarning: y_pred contains classes not in y_true
  warnings.warn("y_pred contains classes not in y_true")
C:\Anaconda3\envs\pytorch\lib\site-packages\sklearn\metrics\_classification.py:2399: UserWarning: y_pred contains classes not in y_true
  warnings.warn("y_pred contains classes not in y_true")
C:\Anaconda3\envs\pytorch\lib\site-packages\sklearn\metrics\_classification.py:2399: UserWarning: y_pred contains classes not in y_true
  warnings.warn("y_pred contains classes not in y_true")
C:\Anaconda3\envs\pytorch\lib\site-packages\sklearn\metrics\_classification.py:2399: UserWarning: y_pred contains classes not in y_true
  warnings.warn("y_pred contains classes not in y_true")
C:\Anaconda3\envs\pytorch\lib\site-packages\sklearn\metrics\_classification.py:2399: UserWarning: y_pred contains classes not in y_true
  warnings.warn("y_pred contains classes not in y_true")
C:\Anaconda3\envs\pytorch\lib\site-packages\sklearn\metrics\_classification.py:2399: UserWarning: y_pred contains classes not in y_true
  warnings.warn("y_pred contains classes not in y_true")
C:\Anaconda3\envs\pytorch\lib\site-packages\sklearn\metrics\_classification.py:2399: UserWarning: y_pred contains classes not in y_true
  warnings.warn("y_pred contains classes not in y_true")
C:\Anaconda3\envs\pytorch\lib\site-packages\sklearn\metrics\_classification.py:2399: UserWarning: y_pred contains classes not in y_true
  warnings.warn("y_pred contains classes not in y_true")
C:\Anaconda3\envs\pytorch\lib\site-packages\sklearn\metrics\_classification.py:2399: UserWarning: y_pred contains classes not in y_true
  warnings.warn("y_pred contains classes not in y_true")
C:\Anaconda3\envs\pytorch\lib\site-packages\sklearn\metrics\_classification.py:2399: UserWarning: y_pred contains classes not in y_true
  warnings.warn("y_pred contains classes not in y_true")
C:\Anaconda3\envs\pytorch\lib\site-packages\sklearn\metrics\_classification.py:2399: UserWarning: y_pred contains classes not in y_true
  warnings.warn("y_pred contains classes not in y_true")
C:\Anaconda3\envs\pytorch\lib\site-packages\sklearn\metrics\_classification.py:2399: UserWarning: y_pred contains classes not in y_true
  warnings.warn("y_pred contains classes not in y_true")
C:\Anaconda3\envs\pytorch\lib\site-packages\sklearn\metrics\_classification.py:2399: UserWarning: y_pred contains classes not in y_true
  warnings.warn("y_pred contains classes not in y_true")
C:\Anaconda3\envs\pytorch\lib\site-packages\sklearn\metrics\_classification.py:2399: UserWarning: y_pred contains classes not in y_true
  warnings.warn("y_pred contains classes not in y_true")
C:\Anaconda3\envs\pytorch\lib\site-packages\sklearn\metrics\_classification.py:2399: UserWarning: y_pred contains classes not in y_true
  warnings.warn("y_pred contains classes not in y_true")
C:\Anaconda3\envs\pytorch\lib\site-packages\sklearn\metrics\_classification.py:2399: UserWarning: y_pred contains classes not in y_true
  warnings.warn("y_pred contains classes not in y_true")
C:\Anaconda3\envs\pytorch\lib\site-packages\sklearn\metrics\_classification.py:2399: UserWarning: y_pred contains classes not in y_true
  warnings.warn("y_pred contains classes not in y_true")
C:\Anaconda3\envs\pytorch\lib\site-packages\sklearn\metrics\_classification.py:2399: UserWarning: y_pred contains classes not in y_true
  warnings.warn("y_pred contains classes not in y_true")
C:\Anaconda3\envs\pytorch\lib\site-packages\sklearn\metrics\_classification.py:2399: UserWarning: y_pred contains classes not in y_true
  warnings.warn("y_pred contains classes not in y_true")
C:\Anaconda3\envs\pytorch\lib\site-packages\sklearn\metrics\_classification.py:2399: UserWarning: y_pred contains classes not in y_true
  warnings.warn("y_pred contains classes not in y_true")
C:\Anaconda3\envs\pytorch\lib\site-packages\sklearn\metrics\_classification.py:2399: UserWarning: y_pred contains classes not in y_true
  warnings.warn("y_pred contains classes not in y_true")
C:\Anaconda3\envs\pytorch\lib\site-packages\sklearn\metrics\_classification.py:2399: UserWarning: y_pred contains classes not in y_true
  warnings.warn("y_pred contains classes not in y_true")
C:\Anaconda3\envs\pytorch\lib\site-packages\sklearn\metrics\_classification.py:2399: UserWarning: y_pred contains classes not in y_true
  warnings.warn("y_pred contains classes not in y_true")
C:\Anaconda3\envs\pytorch\lib\site-packages\sklearn\metrics\_classification.py:2399: UserWarning: y_pred contains classes not in y_true
  warnings.warn("y_pred contains classes not in y_true")
C:\Anaconda3\envs\pytorch\lib\site-packages\sklearn\metrics\_classification.py:2399: UserWarning: y_pred contains classes not in y_true
  warnings.warn("y_pred contains classes not in y_true")
C:\Anaconda3\envs\pytorch\lib\site-packages\sklearn\metrics\_classification.py:2399: UserWarning: y_pred contains classes not in y_true
  warnings.warn("y_pred contains classes not in y_true")
C:\Anaconda3\envs\pytorch\lib\site-packages\sklearn\metrics\_classification.py:2399: UserWarning: y_pred contains classes not in y_true
  warnings.warn("y_pred contains classes not in y_true")
C:\Anaconda3\envs\pytorch\lib\site-packages\sklearn\metrics\_classification.py:2399: UserWarning: y_pred contains classes not in y_true
  warnings.warn("y_pred contains classes not in y_true")
C:\Anaconda3\envs\pytorch\lib\site-packages\sklearn\metrics\_classification.py:2399: UserWarning: y_pred contains classes not in y_true
  warnings.warn("y_pred contains classes not in y_true")
C:\Anaconda3\envs\pytorch\lib\site-packages\sklearn\metrics\_classification.py:2399: UserWarning: y_pred contains classes not in y_true
  warnings.warn("y_pred contains classes not in y_true")
C:\Anaconda3\envs\pytorch\lib\site-packages\sklearn\metrics\_classification.py:2399: UserWarning: y_pred contains classes not in y_true
  warnings.warn("y_pred contains classes not in y_true")
C:\Anaconda3\envs\pytorch\lib\site-packages\sklearn\metrics\_classification.py:2399: UserWarning: y_pred contains classes not in y_true
  warnings.warn("y_pred contains classes not in y_true")
C:\Anaconda3\envs\pytorch\lib\site-packages\sklearn\metrics\_classification.py:2399: UserWarning: y_pred contains classes not in y_true
  warnings.warn("y_pred contains classes not in y_true")
C:\Anaconda3\envs\pytorch\lib\site-packages\sklearn\metrics\_classification.py:2399: UserWarning: y_pred contains classes not in y_true
  warnings.warn("y_pred contains classes not in y_true")
C:\Anaconda3\envs\pytorch\lib\site-packages\sklearn\metrics\_classification.py:2399: UserWarning: y_pred contains classes not in y_true
  warnings.warn("y_pred contains classes not in y_true")
C:\Anaconda3\envs\pytorch\lib\site-packages\sklearn\metrics\_classification.py:2399: UserWarning: y_pred contains classes not in y_true
  warnings.warn("y_pred contains classes not in y_true")
C:\Anaconda3\envs\pytorch\lib\site-packages\sklearn\metrics\_classification.py:2399: UserWarning: y_pred contains classes not in y_true
  warnings.warn("y_pred contains classes not in y_true")
C:\Anaconda3\envs\pytorch\lib\site-packages\sklearn\metrics\_classification.py:2399: UserWarning: y_pred contains classes not in y_true
  warnings.warn("y_pred contains classes not in y_true")
C:\Anaconda3\envs\pytorch\lib\site-packages\sklearn\metrics\_classification.py:2399: UserWarning: y_pred contains classes not in y_true
  warnings.warn("y_pred contains classes not in y_true")
C:\Anaconda3\envs\pytorch\lib\site-packages\sklearn\metrics\_classification.py:2399: UserWarning: y_pred contains classes not in y_true
  warnings.warn("y_pred contains classes not in y_true")
C:\Anaconda3\envs\pytorch\lib\site-packages\sklearn\metrics\_classification.py:2399: UserWarning: y_pred contains classes not in y_true
  warnings.warn("y_pred contains classes not in y_true")
C:\Anaconda3\envs\pytorch\lib\site-packages\sklearn\metrics\_classification.py:2399: UserWarning: y_pred contains classes not in y_true
  warnings.warn("y_pred contains classes not in y_true")
C:\Anaconda3\envs\pytorch\lib\site-packages\sklearn\metrics\_classification.py:2399: UserWarning: y_pred contains classes not in y_true
  warnings.warn("y_pred contains classes not in y_true")
C:\Anaconda3\envs\pytorch\lib\site-packages\sklearn\metrics\_classification.py:2399: UserWarning: y_pred contains classes not in y_true
  warnings.warn("y_pred contains classes not in y_true")
C:\Anaconda3\envs\pytorch\lib\site-packages\sklearn\metrics\_classification.py:2399: UserWarning: y_pred contains classes not in y_true
  warnings.warn("y_pred contains classes not in y_true")
C:\Anaconda3\envs\pytorch\lib\site-packages\sklearn\metrics\_classification.py:2399: UserWarning: y_pred contains classes not in y_true
  warnings.warn("y_pred contains classes not in y_true")
C:\Anaconda3\envs\pytorch\lib\site-packages\sklearn\metrics\_classification.py:2399: UserWarning: y_pred contains classes not in y_true
  warnings.warn("y_pred contains classes not in y_true")
C:\Anaconda3\envs\pytorch\lib\site-packages\sklearn\metrics\_classification.py:2399: UserWarning: y_pred contains classes not in y_true
  warnings.warn("y_pred contains classes not in y_true")
C:\Anaconda3\envs\pytorch\lib\site-packages\sklearn\metrics\_classification.py:2399: UserWarning: y_pred contains classes not in y_true
  warnings.warn("y_pred contains classes not in y_true")
C:\Anaconda3\envs\pytorch\lib\site-packages\sklearn\metrics\_classification.py:2399: UserWarning: y_pred contains classes not in y_true
  warnings.warn("y_pred contains classes not in y_true")
C:\Anaconda3\envs\pytorch\lib\site-packages\sklearn\metrics\_classification.py:2399: UserWarning: y_pred contains classes not in y_true
  warnings.warn("y_pred contains classes not in y_true")
C:\Anaconda3\envs\pytorch\lib\site-packages\sklearn\metrics\_classification.py:2399: UserWarning: y_pred contains classes not in y_true
  warnings.warn("y_pred contains classes not in y_true")
C:\Anaconda3\envs\pytorch\lib\site-packages\sklearn\metrics\_classification.py:2399: UserWarning: y_pred contains classes not in y_true
  warnings.warn("y_pred contains classes not in y_true")
C:\Anaconda3\envs\pytorch\lib\site-packages\sklearn\metrics\_classification.py:2399: UserWarning: y_pred contains classes not in y_true
  warnings.warn("y_pred contains classes not in y_true")
C:\Anaconda3\envs\pytorch\lib\site-packages\sklearn\metrics\_classification.py:2399: UserWarning: y_pred contains classes not in y_true
  warnings.warn("y_pred contains classes not in y_true")
C:\Anaconda3\envs\pytorch\lib\site-packages\sklearn\metrics\_classification.py:2399: UserWarning: y_pred contains classes not in y_true
  warnings.warn("y_pred contains classes not in y_true")
C:\Anaconda3\envs\pytorch\lib\site-packages\sklearn\metrics\_classification.py:2399: UserWarning: y_pred contains classes not in y_true
  warnings.warn("y_pred contains classes not in y_true")
C:\Anaconda3\envs\pytorch\lib\site-packages\sklearn\metrics\_classification.py:2399: UserWarning: y_pred contains classes not in y_true
  warnings.warn("y_pred contains classes not in y_true")
C:\Anaconda3\envs\pytorch\lib\site-packages\sklearn\metrics\_classification.py:2399: UserWarning: y_pred contains classes not in y_true
  warnings.warn("y_pred contains classes not in y_true")
C:\Anaconda3\envs\pytorch\lib\site-packages\sklearn\metrics\_classification.py:2399: UserWarning: y_pred contains classes not in y_true
  warnings.warn("y_pred contains classes not in y_true")
C:\Anaconda3\envs\pytorch\lib\site-packages\sklearn\metrics\_classification.py:2399: UserWarning: y_pred contains classes not in y_true
  warnings.warn("y_pred contains classes not in y_true")
C:\Anaconda3\envs\pytorch\lib\site-packages\sklearn\metrics\_classification.py:2399: UserWarning: y_pred contains classes not in y_true
  warnings.warn("y_pred contains classes not in y_true")
C:\Anaconda3\envs\pytorch\lib\site-packages\sklearn\metrics\_classification.py:2399: UserWarning: y_pred contains classes not in y_true
  warnings.warn("y_pred contains classes not in y_true")
C:\Anaconda3\envs\pytorch\lib\site-packages\sklearn\metrics\_classification.py:2399: UserWarning: y_pred contains classes not in y_true
  warnings.warn("y_pred contains classes not in y_true")
C:\Anaconda3\envs\pytorch\lib\site-packages\sklearn\metrics\_classification.py:2399: UserWarning: y_pred contains classes not in y_true
  warnings.warn("y_pred contains classes not in y_true")
C:\Anaconda3\envs\pytorch\lib\site-packages\sklearn\metrics\_classification.py:2399: UserWarning: y_pred contains classes not in y_true
  warnings.warn("y_pred contains classes not in y_true")
C:\Anaconda3\envs\pytorch\lib\site-packages\sklearn\metrics\_classification.py:2399: UserWarning: y_pred contains classes not in y_true
  warnings.warn("y_pred contains classes not in y_true")
C:\Anaconda3\envs\pytorch\lib\site-packages\sklearn\metrics\_classification.py:2399: UserWarning: y_pred contains classes not in y_true
  warnings.warn("y_pred contains classes not in y_true")
C:\Anaconda3\envs\pytorch\lib\site-packages\sklearn\metrics\_classification.py:2399: UserWarning: y_pred contains classes not in y_true
  warnings.warn("y_pred contains classes not in y_true")
C:\Anaconda3\envs\pytorch\lib\site-packages\sklearn\metrics\_classification.py:2399: UserWarning: y_pred contains classes not in y_true
  warnings.warn("y_pred contains classes not in y_true")
C:\Anaconda3\envs\pytorch\lib\site-packages\sklearn\metrics\_classification.py:2399: UserWarning: y_pred contains classes not in y_true
  warnings.warn("y_pred contains classes not in y_true")
C:\Anaconda3\envs\pytorch\lib\site-packages\sklearn\metrics\_classification.py:2399: UserWarning: y_pred contains classes not in y_true
  warnings.warn("y_pred contains classes not in y_true")
C:\Anaconda3\envs\pytorch\lib\site-packages\sklearn\metrics\_classification.py:2399: UserWarning: y_pred contains classes not in y_true
  warnings.warn("y_pred contains classes not in y_true")
C:\Anaconda3\envs\pytorch\lib\site-packages\sklearn\metrics\_classification.py:2399: UserWarning: y_pred contains classes not in y_true
  warnings.warn("y_pred contains classes not in y_true")
C:\Anaconda3\envs\pytorch\lib\site-packages\sklearn\metrics\_classification.py:2399: UserWarning: y_pred contains classes not in y_true
  warnings.warn("y_pred contains classes not in y_true")
C:\Anaconda3\envs\pytorch\lib\site-packages\sklearn\metrics\_classification.py:2399: UserWarning: y_pred contains classes not in y_true
  warnings.warn("y_pred contains classes not in y_true")
C:\Anaconda3\envs\pytorch\lib\site-packages\sklearn\metrics\_classification.py:2399: UserWarning: y_pred contains classes not in y_true
  warnings.warn("y_pred contains classes not in y_true")
C:\Anaconda3\envs\pytorch\lib\site-packages\sklearn\metrics\_classification.py:2399: UserWarning: y_pred contains classes not in y_true
  warnings.warn("y_pred contains classes not in y_true")
C:\Anaconda3\envs\pytorch\lib\site-packages\sklearn\metrics\_classification.py:2399: UserWarning: y_pred contains classes not in y_true
  warnings.warn("y_pred contains classes not in y_true")
C:\Anaconda3\envs\pytorch\lib\site-packages\sklearn\metrics\_classification.py:2399: UserWarning: y_pred contains classes not in y_true
  warnings.warn("y_pred contains classes not in y_true")
C:\Anaconda3\envs\pytorch\lib\site-packages\sklearn\metrics\_classification.py:2399: UserWarning: y_pred contains classes not in y_true
  warnings.warn("y_pred contains classes not in y_true")
C:\Anaconda3\envs\pytorch\lib\site-packages\sklearn\metrics\_classification.py:2399: UserWarning: y_pred contains classes not in y_true
  warnings.warn("y_pred contains classes not in y_true")
C:\Anaconda3\envs\pytorch\lib\site-packages\sklearn\metrics\_classification.py:2399: UserWarning: y_pred contains classes not in y_true
  warnings.warn("y_pred contains classes not in y_true")
C:\Anaconda3\envs\pytorch\lib\site-packages\sklearn\metrics\_classification.py:2399: UserWarning: y_pred contains classes not in y_true
  warnings.warn("y_pred contains classes not in y_true")
C:\Anaconda3\envs\pytorch\lib\site-packages\sklearn\metrics\_classification.py:2399: UserWarning: y_pred contains classes not in y_true
  warnings.warn("y_pred contains classes not in y_true")
C:\Anaconda3\envs\pytorch\lib\site-packages\sklearn\metrics\_classification.py:2399: UserWarning: y_pred contains classes not in y_true
  warnings.warn("y_pred contains classes not in y_true")
C:\Anaconda3\envs\pytorch\lib\site-packages\sklearn\metrics\_classification.py:2399: UserWarning: y_pred contains classes not in y_true
  warnings.warn("y_pred contains classes not in y_true")
C:\Anaconda3\envs\pytorch\lib\site-packages\sklearn\metrics\_classification.py:2399: UserWarning: y_pred contains classes not in y_true
  warnings.warn("y_pred contains classes not in y_true")
C:\Anaconda3\envs\pytorch\lib\site-packages\sklearn\metrics\_classification.py:2399: UserWarning: y_pred contains classes not in y_true
  warnings.warn("y_pred contains classes not in y_true")
C:\Anaconda3\envs\pytorch\lib\site-packages\sklearn\metrics\_classification.py:2399: UserWarning: y_pred contains classes not in y_true
  warnings.warn("y_pred contains classes not in y_true")
C:\Anaconda3\envs\pytorch\lib\site-packages\sklearn\metrics\_classification.py:2399: UserWarning: y_pred contains classes not in y_true
  warnings.warn("y_pred contains classes not in y_true")
C:\Anaconda3\envs\pytorch\lib\site-packages\sklearn\metrics\_classification.py:2399: UserWarning: y_pred contains classes not in y_true
  warnings.warn("y_pred contains classes not in y_true")
C:\Anaconda3\envs\pytorch\lib\site-packages\sklearn\metrics\_classification.py:2399: UserWarning: y_pred contains classes not in y_true
  warnings.warn("y_pred contains classes not in y_true")
C:\Anaconda3\envs\pytorch\lib\site-packages\sklearn\metrics\_classification.py:2399: UserWarning: y_pred contains classes not in y_true
  warnings.warn("y_pred contains classes not in y_true")
C:\Anaconda3\envs\pytorch\lib\site-packages\sklearn\metrics\_classification.py:2399: UserWarning: y_pred contains classes not in y_true
  warnings.warn("y_pred contains classes not in y_true")
C:\Anaconda3\envs\pytorch\lib\site-packages\sklearn\metrics\_classification.py:2399: UserWarning: y_pred contains classes not in y_true
  warnings.warn("y_pred contains classes not in y_true")
C:\Anaconda3\envs\pytorch\lib\site-packages\sklearn\metrics\_classification.py:2399: UserWarning: y_pred contains classes not in y_true
  warnings.warn("y_pred contains classes not in y_true")
C:\Anaconda3\envs\pytorch\lib\site-packages\sklearn\metrics\_classification.py:2399: UserWarning: y_pred contains classes not in y_true
  warnings.warn("y_pred contains classes not in y_true")
C:\Anaconda3\envs\pytorch\lib\site-packages\sklearn\metrics\_classification.py:2399: UserWarning: y_pred contains classes not in y_true
  warnings.warn("y_pred contains classes not in y_true")
C:\Anaconda3\envs\pytorch\lib\site-packages\sklearn\metrics\_classification.py:2399: UserWarning: y_pred contains classes not in y_true
  warnings.warn("y_pred contains classes not in y_true")
C:\Anaconda3\envs\pytorch\lib\site-packages\sklearn\metrics\_classification.py:2399: UserWarning: y_pred contains classes not in y_true
  warnings.warn("y_pred contains classes not in y_true")
C:\Anaconda3\envs\pytorch\lib\site-packages\sklearn\metrics\_classification.py:2399: UserWarning: y_pred contains classes not in y_true
  warnings.warn("y_pred contains classes not in y_true")
C:\Anaconda3\envs\pytorch\lib\site-packages\sklearn\metrics\_classification.py:2399: UserWarning: y_pred contains classes not in y_true
  warnings.warn("y_pred contains classes not in y_true")
C:\Anaconda3\envs\pytorch\lib\site-packages\sklearn\metrics\_classification.py:2399: UserWarning: y_pred contains classes not in y_true
  warnings.warn("y_pred contains classes not in y_true")
C:\Anaconda3\envs\pytorch\lib\site-packages\sklearn\metrics\_classification.py:2399: UserWarning: y_pred contains classes not in y_true
  warnings.warn("y_pred contains classes not in y_true")
C:\Anaconda3\envs\pytorch\lib\site-packages\sklearn\metrics\_classification.py:2399: UserWarning: y_pred contains classes not in y_true
  warnings.warn("y_pred contains classes not in y_true")
C:\Anaconda3\envs\pytorch\lib\site-packages\sklearn\metrics\_classification.py:2399: UserWarning: y_pred contains classes not in y_true
  warnings.warn("y_pred contains classes not in y_true")
C:\Anaconda3\envs\pytorch\lib\site-packages\sklearn\metrics\_classification.py:2399: UserWarning: y_pred contains classes not in y_true
  warnings.warn("y_pred contains classes not in y_true")
C:\Anaconda3\envs\pytorch\lib\site-packages\sklearn\metrics\_classification.py:2399: UserWarning: y_pred contains classes not in y_true
  warnings.warn("y_pred contains classes not in y_true")
C:\Anaconda3\envs\pytorch\lib\site-packages\sklearn\metrics\_classification.py:2399: UserWarning: y_pred contains classes not in y_true
  warnings.warn("y_pred contains classes not in y_true")
C:\Anaconda3\envs\pytorch\lib\site-packages\sklearn\metrics\_classification.py:2399: UserWarning: y_pred contains classes not in y_true
  warnings.warn("y_pred contains classes not in y_true")
C:\Anaconda3\envs\pytorch\lib\site-packages\sklearn\metrics\_classification.py:2399: UserWarning: y_pred contains classes not in y_true
  warnings.warn("y_pred contains classes not in y_true")
C:\Anaconda3\envs\pytorch\lib\site-packages\sklearn\metrics\_classification.py:2399: UserWarning: y_pred contains classes not in y_true
  warnings.warn("y_pred contains classes not in y_true")
C:\Anaconda3\envs\pytorch\lib\site-packages\sklearn\metrics\_classification.py:2399: UserWarning: y_pred contains classes not in y_true
  warnings.warn("y_pred contains classes not in y_true")
C:\Anaconda3\envs\pytorch\lib\site-packages\sklearn\metrics\_classification.py:2399: UserWarning: y_pred contains classes not in y_true
  warnings.warn("y_pred contains classes not in y_true")
C:\Anaconda3\envs\pytorch\lib\site-packages\sklearn\metrics\_classification.py:2399: UserWarning: y_pred contains classes not in y_true
  warnings.warn("y_pred contains classes not in y_true")
C:\Anaconda3\envs\pytorch\lib\site-packages\sklearn\metrics\_classification.py:2399: UserWarning: y_pred contains classes not in y_true
  warnings.warn("y_pred contains classes not in y_true")
C:\Anaconda3\envs\pytorch\lib\site-packages\sklearn\metrics\_classification.py:2399: UserWarning: y_pred contains classes not in y_true
  warnings.warn("y_pred contains classes not in y_true")
C:\Anaconda3\envs\pytorch\lib\site-packages\sklearn\metrics\_classification.py:2399: UserWarning: y_pred contains classes not in y_true
  warnings.warn("y_pred contains classes not in y_true")
C:\Anaconda3\envs\pytorch\lib\site-packages\sklearn\metrics\_classification.py:2399: UserWarning: y_pred contains classes not in y_true
  warnings.warn("y_pred contains classes not in y_true")
C:\Anaconda3\envs\pytorch\lib\site-packages\sklearn\metrics\_classification.py:2399: UserWarning: y_pred contains classes not in y_true
  warnings.warn("y_pred contains classes not in y_true")
C:\Anaconda3\envs\pytorch\lib\site-packages\sklearn\metrics\_classification.py:2399: UserWarning: y_pred contains classes not in y_true
  warnings.warn("y_pred contains classes not in y_true")
C:\Anaconda3\envs\pytorch\lib\site-packages\sklearn\metrics\_classification.py:2399: UserWarning: y_pred contains classes not in y_true
  warnings.warn("y_pred contains classes not in y_true")
C:\Anaconda3\envs\pytorch\lib\site-packages\sklearn\metrics\_classification.py:2399: UserWarning: y_pred contains classes not in y_true
  warnings.warn("y_pred contains classes not in y_true")
C:\Anaconda3\envs\pytorch\lib\site-packages\sklearn\metrics\_classification.py:2399: UserWarning: y_pred contains classes not in y_true
  warnings.warn("y_pred contains classes not in y_true")
C:\Anaconda3\envs\pytorch\lib\site-packages\sklearn\metrics\_classification.py:2399: UserWarning: y_pred contains classes not in y_true
  warnings.warn("y_pred contains classes not in y_true")
C:\Anaconda3\envs\pytorch\lib\site-packages\sklearn\metrics\_classification.py:2399: UserWarning: y_pred contains classes not in y_true
  warnings.warn("y_pred contains classes not in y_true")
C:\Anaconda3\envs\pytorch\lib\site-packages\sklearn\metrics\_classification.py:2399: UserWarning: y_pred contains classes not in y_true
  warnings.warn("y_pred contains classes not in y_true")
C:\Anaconda3\envs\pytorch\lib\site-packages\sklearn\metrics\_classification.py:2399: UserWarning: y_pred contains classes not in y_true
  warnings.warn("y_pred contains classes not in y_true")
C:\Anaconda3\envs\pytorch\lib\site-packages\sklearn\metrics\_classification.py:2399: UserWarning: y_pred contains classes not in y_true
  warnings.warn("y_pred contains classes not in y_true")
C:\Anaconda3\envs\pytorch\lib\site-packages\sklearn\metrics\_classification.py:2399: UserWarning: y_pred contains classes not in y_true
  warnings.warn("y_pred contains classes not in y_true")
C:\Anaconda3\envs\pytorch\lib\site-packages\sklearn\metrics\_classification.py:2399: UserWarning: y_pred contains classes not in y_true
  warnings.warn("y_pred contains classes not in y_true")
C:\Anaconda3\envs\pytorch\lib\site-packages\sklearn\metrics\_classification.py:2399: UserWarning: y_pred contains classes not in y_true
  warnings.warn("y_pred contains classes not in y_true")
C:\Anaconda3\envs\pytorch\lib\site-packages\sklearn\metrics\_classification.py:2399: UserWarning: y_pred contains classes not in y_true
  warnings.warn("y_pred contains classes not in y_true")
C:\Anaconda3\envs\pytorch\lib\site-packages\sklearn\metrics\_classification.py:2399: UserWarning: y_pred contains classes not in y_true
  warnings.warn("y_pred contains classes not in y_true")
C:\Anaconda3\envs\pytorch\lib\site-packages\sklearn\metrics\_classification.py:2399: UserWarning: y_pred contains classes not in y_true
  warnings.warn("y_pred contains classes not in y_true")
C:\Anaconda3\envs\pytorch\lib\site-packages\sklearn\metrics\_classification.py:2399: UserWarning: y_pred contains classes not in y_true
  warnings.warn("y_pred contains classes not in y_true")
C:\Anaconda3\envs\pytorch\lib\site-packages\sklearn\metrics\_classification.py:2399: UserWarning: y_pred contains classes not in y_true
  warnings.warn("y_pred contains classes not in y_true")
C:\Anaconda3\envs\pytorch\lib\site-packages\sklearn\metrics\_classification.py:2399: UserWarning: y_pred contains classes not in y_true
  warnings.warn("y_pred contains classes not in y_true")
C:\Anaconda3\envs\pytorch\lib\site-packages\sklearn\metrics\_classification.py:2399: UserWarning: y_pred contains classes not in y_true
  warnings.warn("y_pred contains classes not in y_true")
C:\Anaconda3\envs\pytorch\lib\site-packages\sklearn\metrics\_classification.py:2399: UserWarning: y_pred contains classes not in y_true
  warnings.warn("y_pred contains classes not in y_true")
C:\Anaconda3\envs\pytorch\lib\site-packages\sklearn\metrics\_classification.py:2399: UserWarning: y_pred contains classes not in y_true
  warnings.warn("y_pred contains classes not in y_true")
C:\Anaconda3\envs\pytorch\lib\site-packages\sklearn\metrics\_classification.py:2399: UserWarning: y_pred contains classes not in y_true
  warnings.warn("y_pred contains classes not in y_true")
C:\Anaconda3\envs\pytorch\lib\site-packages\sklearn\metrics\_classification.py:2399: UserWarning: y_pred contains classes not in y_true
  warnings.warn("y_pred contains classes not in y_true")
C:\Anaconda3\envs\pytorch\lib\site-packages\sklearn\metrics\_classification.py:2399: UserWarning: y_pred contains classes not in y_true
  warnings.warn("y_pred contains classes not in y_true")
C:\Anaconda3\envs\pytorch\lib\site-packages\sklearn\metrics\_classification.py:2399: UserWarning: y_pred contains classes not in y_true
  warnings.warn("y_pred contains classes not in y_true")
C:\Anaconda3\envs\pytorch\lib\site-packages\sklearn\metrics\_classification.py:2399: UserWarning: y_pred contains classes not in y_true
  warnings.warn("y_pred contains classes not in y_true")
C:\Anaconda3\envs\pytorch\lib\site-packages\sklearn\metrics\_classification.py:2399: UserWarning: y_pred contains classes not in y_true
  warnings.warn("y_pred contains classes not in y_true")
C:\Anaconda3\envs\pytorch\lib\site-packages\sklearn\metrics\_classification.py:2399: UserWarning: y_pred contains classes not in y_true
  warnings.warn("y_pred contains classes not in y_true")
C:\Anaconda3\envs\pytorch\lib\site-packages\sklearn\metrics\_classification.py:2399: UserWarning: y_pred contains classes not in y_true
  warnings.warn("y_pred contains classes not in y_true")
C:\Anaconda3\envs\pytorch\lib\site-packages\sklearn\metrics\_classification.py:2399: UserWarning: y_pred contains classes not in y_true
  warnings.warn("y_pred contains classes not in y_true")
C:\Anaconda3\envs\pytorch\lib\site-packages\sklearn\metrics\_classification.py:2399: UserWarning: y_pred contains classes not in y_true
  warnings.warn("y_pred contains classes not in y_true")
C:\Anaconda3\envs\pytorch\lib\site-packages\sklearn\metrics\_classification.py:2399: UserWarning: y_pred contains classes not in y_true
  warnings.warn("y_pred contains classes not in y_true")
C:\Anaconda3\envs\pytorch\lib\site-packages\sklearn\metrics\_classification.py:2399: UserWarning: y_pred contains classes not in y_true
  warnings.warn("y_pred contains classes not in y_true")
C:\Anaconda3\envs\pytorch\lib\site-packages\sklearn\metrics\_classification.py:2399: UserWarning: y_pred contains classes not in y_true
  warnings.warn("y_pred contains classes not in y_true")
C:\Anaconda3\envs\pytorch\lib\site-packages\sklearn\metrics\_classification.py:2399: UserWarning: y_pred contains classes not in y_true
  warnings.warn("y_pred contains classes not in y_true")
C:\Anaconda3\envs\pytorch\lib\site-packages\sklearn\metrics\_classification.py:2399: UserWarning: y_pred contains classes not in y_true
  warnings.warn("y_pred contains classes not in y_true")
C:\Anaconda3\envs\pytorch\lib\site-packages\sklearn\metrics\_classification.py:2399: UserWarning: y_pred contains classes not in y_true
  warnings.warn("y_pred contains classes not in y_true")
C:\Anaconda3\envs\pytorch\lib\site-packages\sklearn\metrics\_classification.py:2399: UserWarning: y_pred contains classes not in y_true
  warnings.warn("y_pred contains classes not in y_true")
C:\Anaconda3\envs\pytorch\lib\site-packages\sklearn\metrics\_classification.py:2399: UserWarning: y_pred contains classes not in y_true
  warnings.warn("y_pred contains classes not in y_true")
C:\Anaconda3\envs\pytorch\lib\site-packages\sklearn\metrics\_classification.py:2399: UserWarning: y_pred contains classes not in y_true
  warnings.warn("y_pred contains classes not in y_true")
C:\Anaconda3\envs\pytorch\lib\site-packages\sklearn\metrics\_classification.py:2399: UserWarning: y_pred contains classes not in y_true
  warnings.warn("y_pred contains classes not in y_true")
C:\Anaconda3\envs\pytorch\lib\site-packages\sklearn\metrics\_classification.py:2399: UserWarning: y_pred contains classes not in y_true
  warnings.warn("y_pred contains classes not in y_true")
C:\Anaconda3\envs\pytorch\lib\site-packages\sklearn\metrics\_classification.py:2399: UserWarning: y_pred contains classes not in y_true
  warnings.warn("y_pred contains classes not in y_true")
C:\Anaconda3\envs\pytorch\lib\site-packages\sklearn\metrics\_classification.py:2399: UserWarning: y_pred contains classes not in y_true
  warnings.warn("y_pred contains classes not in y_true")
C:\Anaconda3\envs\pytorch\lib\site-packages\sklearn\metrics\_classification.py:2399: UserWarning: y_pred contains classes not in y_true
  warnings.warn("y_pred contains classes not in y_true")
C:\Anaconda3\envs\pytorch\lib\site-packages\sklearn\metrics\_classification.py:2399: UserWarning: y_pred contains classes not in y_true
  warnings.warn("y_pred contains classes not in y_true")
C:\Anaconda3\envs\pytorch\lib\site-packages\sklearn\metrics\_classification.py:2399: UserWarning: y_pred contains classes not in y_true
  warnings.warn("y_pred contains classes not in y_true")
C:\Anaconda3\envs\pytorch\lib\site-packages\sklearn\metrics\_classification.py:2399: UserWarning: y_pred contains classes not in y_true
  warnings.warn("y_pred contains classes not in y_true")
C:\Anaconda3\envs\pytorch\lib\site-packages\sklearn\metrics\_classification.py:2399: UserWarning: y_pred contains classes not in y_true
  warnings.warn("y_pred contains classes not in y_true")
C:\Anaconda3\envs\pytorch\lib\site-packages\sklearn\metrics\_classification.py:2399: UserWarning: y_pred contains classes not in y_true
  warnings.warn("y_pred contains classes not in y_true")
C:\Anaconda3\envs\pytorch\lib\site-packages\sklearn\metrics\_classification.py:2399: UserWarning: y_pred contains classes not in y_true
  warnings.warn("y_pred contains classes not in y_true")
C:\Anaconda3\envs\pytorch\lib\site-packages\sklearn\metrics\_classification.py:2399: UserWarning: y_pred contains classes not in y_true
  warnings.warn("y_pred contains classes not in y_true")
C:\Anaconda3\envs\pytorch\lib\site-packages\sklearn\metrics\_classification.py:2399: UserWarning: y_pred contains classes not in y_true
  warnings.warn("y_pred contains classes not in y_true")
C:\Anaconda3\envs\pytorch\lib\site-packages\sklearn\metrics\_classification.py:2399: UserWarning: y_pred contains classes not in y_true
  warnings.warn("y_pred contains classes not in y_true")
C:\Anaconda3\envs\pytorch\lib\site-packages\sklearn\metrics\_classification.py:2399: UserWarning: y_pred contains classes not in y_true
  warnings.warn("y_pred contains classes not in y_true")
C:\Anaconda3\envs\pytorch\lib\site-packages\sklearn\metrics\_classification.py:2399: UserWarning: y_pred contains classes not in y_true
  warnings.warn("y_pred contains classes not in y_true")
C:\Anaconda3\envs\pytorch\lib\site-packages\sklearn\metrics\_classification.py:2399: UserWarning: y_pred contains classes not in y_true
  warnings.warn("y_pred contains classes not in y_true")
C:\Anaconda3\envs\pytorch\lib\site-packages\sklearn\metrics\_classification.py:2399: UserWarning: y_pred contains classes not in y_true
  warnings.warn("y_pred contains classes not in y_true")
C:\Anaconda3\envs\pytorch\lib\site-packages\sklearn\metrics\_classification.py:2399: UserWarning: y_pred contains classes not in y_true
  warnings.warn("y_pred contains classes not in y_true")
C:\Anaconda3\envs\pytorch\lib\site-packages\sklearn\metrics\_classification.py:2399: UserWarning: y_pred contains classes not in y_true
  warnings.warn("y_pred contains classes not in y_true")
C:\Anaconda3\envs\pytorch\lib\site-packages\sklearn\metrics\_classification.py:2399: UserWarning: y_pred contains classes not in y_true
  warnings.warn("y_pred contains classes not in y_true")
C:\Anaconda3\envs\pytorch\lib\site-packages\sklearn\metrics\_classification.py:2399: UserWarning: y_pred contains classes not in y_true
  warnings.warn("y_pred contains classes not in y_true")
C:\Anaconda3\envs\pytorch\lib\site-packages\sklearn\metrics\_classification.py:2399: UserWarning: y_pred contains classes not in y_true
  warnings.warn("y_pred contains classes not in y_true")
C:\Anaconda3\envs\pytorch\lib\site-packages\sklearn\metrics\_classification.py:2399: UserWarning: y_pred contains classes not in y_true
  warnings.warn("y_pred contains classes not in y_true")
C:\Anaconda3\envs\pytorch\lib\site-packages\sklearn\metrics\_classification.py:2399: UserWarning: y_pred contains classes not in y_true
  warnings.warn("y_pred contains classes not in y_true")
C:\Anaconda3\envs\pytorch\lib\site-packages\sklearn\metrics\_classification.py:2399: UserWarning: y_pred contains classes not in y_true
  warnings.warn("y_pred contains classes not in y_true")
C:\Anaconda3\envs\pytorch\lib\site-packages\sklearn\metrics\_classification.py:2399: UserWarning: y_pred contains classes not in y_true
  warnings.warn("y_pred contains classes not in y_true")
C:\Anaconda3\envs\pytorch\lib\site-packages\sklearn\metrics\_classification.py:2399: UserWarning: y_pred contains classes not in y_true
  warnings.warn("y_pred contains classes not in y_true")
C:\Anaconda3\envs\pytorch\lib\site-packages\sklearn\metrics\_classification.py:2399: UserWarning: y_pred contains classes not in y_true
  warnings.warn("y_pred contains classes not in y_true")
C:\Anaconda3\envs\pytorch\lib\site-packages\sklearn\metrics\_classification.py:2399: UserWarning: y_pred contains classes not in y_true
  warnings.warn("y_pred contains classes not in y_true")
C:\Anaconda3\envs\pytorch\lib\site-packages\sklearn\metrics\_classification.py:2399: UserWarning: y_pred contains classes not in y_true
  warnings.warn("y_pred contains classes not in y_true")
C:\Anaconda3\envs\pytorch\lib\site-packages\sklearn\metrics\_classification.py:2399: UserWarning: y_pred contains classes not in y_true
  warnings.warn("y_pred contains classes not in y_true")
C:\Anaconda3\envs\pytorch\lib\site-packages\sklearn\metrics\_classification.py:2399: UserWarning: y_pred contains classes not in y_true
  warnings.warn("y_pred contains classes not in y_true")
C:\Anaconda3\envs\pytorch\lib\site-packages\sklearn\metrics\_classification.py:2399: UserWarning: y_pred contains classes not in y_true
  warnings.warn("y_pred contains classes not in y_true")
C:\Anaconda3\envs\pytorch\lib\site-packages\sklearn\metrics\_classification.py:2399: UserWarning: y_pred contains classes not in y_true
  warnings.warn("y_pred contains classes not in y_true")
C:\Anaconda3\envs\pytorch\lib\site-packages\sklearn\metrics\_classification.py:2399: UserWarning: y_pred contains classes not in y_true
  warnings.warn("y_pred contains classes not in y_true")
C:\Anaconda3\envs\pytorch\lib\site-packages\sklearn\metrics\_classification.py:2399: UserWarning: y_pred contains classes not in y_true
  warnings.warn("y_pred contains classes not in y_true")
C:\Anaconda3\envs\pytorch\lib\site-packages\sklearn\metrics\_classification.py:2399: UserWarning: y_pred contains classes not in y_true
  warnings.warn("y_pred contains classes not in y_true")
C:\Anaconda3\envs\pytorch\lib\site-packages\sklearn\metrics\_classification.py:2399: UserWarning: y_pred contains classes not in y_true
  warnings.warn("y_pred contains classes not in y_true")
C:\Anaconda3\envs\pytorch\lib\site-packages\sklearn\metrics\_classification.py:2399: UserWarning: y_pred contains classes not in y_true
  warnings.warn("y_pred contains classes not in y_true")
C:\Anaconda3\envs\pytorch\lib\site-packages\sklearn\metrics\_classification.py:2399: UserWarning: y_pred contains classes not in y_true
  warnings.warn("y_pred contains classes not in y_true")
C:\Anaconda3\envs\pytorch\lib\site-packages\sklearn\metrics\_classification.py:2399: UserWarning: y_pred contains classes not in y_true
  warnings.warn("y_pred contains classes not in y_true")
C:\Anaconda3\envs\pytorch\lib\site-packages\sklearn\metrics\_classification.py:2399: UserWarning: y_pred contains classes not in y_true
  warnings.warn("y_pred contains classes not in y_true")
C:\Anaconda3\envs\pytorch\lib\site-packages\sklearn\metrics\_classification.py:2399: UserWarning: y_pred contains classes not in y_true
  warnings.warn("y_pred contains classes not in y_true")
C:\Anaconda3\envs\pytorch\lib\site-packages\sklearn\metrics\_classification.py:2399: UserWarning: y_pred contains classes not in y_true
  warnings.warn("y_pred contains classes not in y_true")
C:\Anaconda3\envs\pytorch\lib\site-packages\sklearn\metrics\_classification.py:2399: UserWarning: y_pred contains classes not in y_true
  warnings.warn("y_pred contains classes not in y_true")
C:\Anaconda3\envs\pytorch\lib\site-packages\sklearn\metrics\_classification.py:2399: UserWarning: y_pred contains classes not in y_true
  warnings.warn("y_pred contains classes not in y_true")
C:\Anaconda3\envs\pytorch\lib\site-packages\sklearn\metrics\_classification.py:2399: UserWarning: y_pred contains classes not in y_true
  warnings.warn("y_pred contains classes not in y_true")
C:\Anaconda3\envs\pytorch\lib\site-packages\sklearn\metrics\_classification.py:2399: UserWarning: y_pred contains classes not in y_true
  warnings.warn("y_pred contains classes not in y_true")
C:\Anaconda3\envs\pytorch\lib\site-packages\sklearn\metrics\_classification.py:2399: UserWarning: y_pred contains classes not in y_true
  warnings.warn("y_pred contains classes not in y_true")
C:\Anaconda3\envs\pytorch\lib\site-packages\sklearn\metrics\_classification.py:2399: UserWarning: y_pred contains classes not in y_true
  warnings.warn("y_pred contains classes not in y_true")
C:\Anaconda3\envs\pytorch\lib\site-packages\sklearn\metrics\_classification.py:2399: UserWarning: y_pred contains classes not in y_true
  warnings.warn("y_pred contains classes not in y_true")
C:\Anaconda3\envs\pytorch\lib\site-packages\sklearn\metrics\_classification.py:2399: UserWarning: y_pred contains classes not in y_true
  warnings.warn("y_pred contains classes not in y_true")
C:\Anaconda3\envs\pytorch\lib\site-packages\sklearn\metrics\_classification.py:2399: UserWarning: y_pred contains classes not in y_true
  warnings.warn("y_pred contains classes not in y_true")
C:\Anaconda3\envs\pytorch\lib\site-packages\sklearn\metrics\_classification.py:2399: UserWarning: y_pred contains classes not in y_true
  warnings.warn("y_pred contains classes not in y_true")
C:\Anaconda3\envs\pytorch\lib\site-packages\sklearn\metrics\_classification.py:2399: UserWarning: y_pred contains classes not in y_true
  warnings.warn("y_pred contains classes not in y_true")
C:\Anaconda3\envs\pytorch\lib\site-packages\sklearn\metrics\_classification.py:2399: UserWarning: y_pred contains classes not in y_true
  warnings.warn("y_pred contains classes not in y_true")
C:\Anaconda3\envs\pytorch\lib\site-packages\sklearn\metrics\_classification.py:2399: UserWarning: y_pred contains classes not in y_true
  warnings.warn("y_pred contains classes not in y_true")
C:\Anaconda3\envs\pytorch\lib\site-packages\sklearn\metrics\_classification.py:2399: UserWarning: y_pred contains classes not in y_true
  warnings.warn("y_pred contains classes not in y_true")
C:\Anaconda3\envs\pytorch\lib\site-packages\sklearn\metrics\_classification.py:2399: UserWarning: y_pred contains classes not in y_true
  warnings.warn("y_pred contains classes not in y_true")
C:\Anaconda3\envs\pytorch\lib\site-packages\sklearn\metrics\_classification.py:2399: UserWarning: y_pred contains classes not in y_true
  warnings.warn("y_pred contains classes not in y_true")
C:\Anaconda3\envs\pytorch\lib\site-packages\sklearn\metrics\_classification.py:2399: UserWarning: y_pred contains classes not in y_true
  warnings.warn("y_pred contains classes not in y_true")
C:\Anaconda3\envs\pytorch\lib\site-packages\sklearn\metrics\_classification.py:2399: UserWarning: y_pred contains classes not in y_true
  warnings.warn("y_pred contains classes not in y_true")
C:\Anaconda3\envs\pytorch\lib\site-packages\sklearn\metrics\_classification.py:2399: UserWarning: y_pred contains classes not in y_true
  warnings.warn("y_pred contains classes not in y_true")
C:\Anaconda3\envs\pytorch\lib\site-packages\sklearn\metrics\_classification.py:2399: UserWarning: y_pred contains classes not in y_true
  warnings.warn("y_pred contains classes not in y_true")
C:\Anaconda3\envs\pytorch\lib\site-packages\sklearn\metrics\_classification.py:2399: UserWarning: y_pred contains classes not in y_true
  warnings.warn("y_pred contains classes not in y_true")
C:\Anaconda3\envs\pytorch\lib\site-packages\sklearn\metrics\_classification.py:2399: UserWarning: y_pred contains classes not in y_true
  warnings.warn("y_pred contains classes not in y_true")
C:\Anaconda3\envs\pytorch\lib\site-packages\sklearn\metrics\_classification.py:2399: UserWarning: y_pred contains classes not in y_true
  warnings.warn("y_pred contains classes not in y_true")
C:\Anaconda3\envs\pytorch\lib\site-packages\sklearn\metrics\_classification.py:2399: UserWarning: y_pred contains classes not in y_true
  warnings.warn("y_pred contains classes not in y_true")
C:\Anaconda3\envs\pytorch\lib\site-packages\sklearn\metrics\_classification.py:2399: UserWarning: y_pred contains classes not in y_true
  warnings.warn("y_pred contains classes not in y_true")
C:\Anaconda3\envs\pytorch\lib\site-packages\sklearn\metrics\_classification.py:2399: UserWarning: y_pred contains classes not in y_true
  warnings.warn("y_pred contains classes not in y_true")
C:\Anaconda3\envs\pytorch\lib\site-packages\sklearn\metrics\_classification.py:2399: UserWarning: y_pred contains classes not in y_true
  warnings.warn("y_pred contains classes not in y_true")
C:\Anaconda3\envs\pytorch\lib\site-packages\sklearn\metrics\_classification.py:2399: UserWarning: y_pred contains classes not in y_true
  warnings.warn("y_pred contains classes not in y_true")
C:\Anaconda3\envs\pytorch\lib\site-packages\sklearn\metrics\_classification.py:2399: UserWarning: y_pred contains classes not in y_true
  warnings.warn("y_pred contains classes not in y_true")
C:\Anaconda3\envs\pytorch\lib\site-packages\sklearn\metrics\_classification.py:2399: UserWarning: y_pred contains classes not in y_true
  warnings.warn("y_pred contains classes not in y_true")
C:\Anaconda3\envs\pytorch\lib\site-packages\sklearn\metrics\_classification.py:2399: UserWarning: y_pred contains classes not in y_true
  warnings.warn("y_pred contains classes not in y_true")
C:\Anaconda3\envs\pytorch\lib\site-packages\sklearn\metrics\_classification.py:2399: UserWarning: y_pred contains classes not in y_true
  warnings.warn("y_pred contains classes not in y_true")
C:\Anaconda3\envs\pytorch\lib\site-packages\sklearn\metrics\_classification.py:2399: UserWarning: y_pred contains classes not in y_true
  warnings.warn("y_pred contains classes not in y_true")
C:\Anaconda3\envs\pytorch\lib\site-packages\sklearn\metrics\_classification.py:2399: UserWarning: y_pred contains classes not in y_true
  warnings.warn("y_pred contains classes not in y_true")
C:\Anaconda3\envs\pytorch\lib\site-packages\sklearn\metrics\_classification.py:2399: UserWarning: y_pred contains classes not in y_true
  warnings.warn("y_pred contains classes not in y_true")
C:\Anaconda3\envs\pytorch\lib\site-packages\sklearn\metrics\_classification.py:2399: UserWarning: y_pred contains classes not in y_true
  warnings.warn("y_pred contains classes not in y_true")
C:\Anaconda3\envs\pytorch\lib\site-packages\sklearn\metrics\_classification.py:2399: UserWarning: y_pred contains classes not in y_true
  warnings.warn("y_pred contains classes not in y_true")
C:\Anaconda3\envs\pytorch\lib\site-packages\sklearn\metrics\_classification.py:2399: UserWarning: y_pred contains classes not in y_true
  warnings.warn("y_pred contains classes not in y_true")
C:\Anaconda3\envs\pytorch\lib\site-packages\sklearn\metrics\_classification.py:2399: UserWarning: y_pred contains classes not in y_true
  warnings.warn("y_pred contains classes not in y_true")
C:\Anaconda3\envs\pytorch\lib\site-packages\sklearn\metrics\_classification.py:2399: UserWarning: y_pred contains classes not in y_true
  warnings.warn("y_pred contains classes not in y_true")
C:\Anaconda3\envs\pytorch\lib\site-packages\sklearn\metrics\_classification.py:2399: UserWarning: y_pred contains classes not in y_true
  warnings.warn("y_pred contains classes not in y_true")
C:\Anaconda3\envs\pytorch\lib\site-packages\sklearn\metrics\_classification.py:2399: UserWarning: y_pred contains classes not in y_true
  warnings.warn("y_pred contains classes not in y_true")
C:\Anaconda3\envs\pytorch\lib\site-packages\sklearn\metrics\_classification.py:2399: UserWarning: y_pred contains classes not in y_true
  warnings.warn("y_pred contains classes not in y_true")
C:\Anaconda3\envs\pytorch\lib\site-packages\sklearn\metrics\_classification.py:2399: UserWarning: y_pred contains classes not in y_true
  warnings.warn("y_pred contains classes not in y_true")
C:\Anaconda3\envs\pytorch\lib\site-packages\sklearn\metrics\_classification.py:2399: UserWarning: y_pred contains classes not in y_true
  warnings.warn("y_pred contains classes not in y_true")
C:\Anaconda3\envs\pytorch\lib\site-packages\sklearn\metrics\_classification.py:2399: UserWarning: y_pred contains classes not in y_true
  warnings.warn("y_pred contains classes not in y_true")
C:\Anaconda3\envs\pytorch\lib\site-packages\sklearn\metrics\_classification.py:2399: UserWarning: y_pred contains classes not in y_true
  warnings.warn("y_pred contains classes not in y_true")
C:\Anaconda3\envs\pytorch\lib\site-packages\sklearn\metrics\_classification.py:2399: UserWarning: y_pred contains classes not in y_true
  warnings.warn("y_pred contains classes not in y_true")
C:\Anaconda3\envs\pytorch\lib\site-packages\sklearn\metrics\_classification.py:2399: UserWarning: y_pred contains classes not in y_true
  warnings.warn("y_pred contains classes not in y_true")
C:\Anaconda3\envs\pytorch\lib\site-packages\sklearn\metrics\_classification.py:2399: UserWarning: y_pred contains classes not in y_true
  warnings.warn("y_pred contains classes not in y_true")
C:\Anaconda3\envs\pytorch\lib\site-packages\sklearn\metrics\_classification.py:2399: UserWarning: y_pred contains classes not in y_true
  warnings.warn("y_pred contains classes not in y_true")
C:\Anaconda3\envs\pytorch\lib\site-packages\sklearn\metrics\_classification.py:2399: UserWarning: y_pred contains classes not in y_true
  warnings.warn("y_pred contains classes not in y_true")
C:\Anaconda3\envs\pytorch\lib\site-packages\sklearn\metrics\_classification.py:2399: UserWarning: y_pred contains classes not in y_true
  warnings.warn("y_pred contains classes not in y_true")
C:\Anaconda3\envs\pytorch\lib\site-packages\sklearn\metrics\_classification.py:2399: UserWarning: y_pred contains classes not in y_true
  warnings.warn("y_pred contains classes not in y_true")
C:\Anaconda3\envs\pytorch\lib\site-packages\sklearn\metrics\_classification.py:2399: UserWarning: y_pred contains classes not in y_true
  warnings.warn("y_pred contains classes not in y_true")
C:\Anaconda3\envs\pytorch\lib\site-packages\sklearn\metrics\_classification.py:2399: UserWarning: y_pred contains classes not in y_true
  warnings.warn("y_pred contains classes not in y_true")
C:\Anaconda3\envs\pytorch\lib\site-packages\sklearn\metrics\_classification.py:2399: UserWarning: y_pred contains classes not in y_true
  warnings.warn("y_pred contains classes not in y_true")
C:\Anaconda3\envs\pytorch\lib\site-packages\sklearn\metrics\_classification.py:2399: UserWarning: y_pred contains classes not in y_true
  warnings.warn("y_pred contains classes not in y_true")
C:\Anaconda3\envs\pytorch\lib\site-packages\sklearn\metrics\_classification.py:2399: UserWarning: y_pred contains classes not in y_true
  warnings.warn("y_pred contains classes not in y_true")
C:\Anaconda3\envs\pytorch\lib\site-packages\sklearn\metrics\_classification.py:2399: UserWarning: y_pred contains classes not in y_true
  warnings.warn("y_pred contains classes not in y_true")
C:\Anaconda3\envs\pytorch\lib\site-packages\sklearn\metrics\_classification.py:2399: UserWarning: y_pred contains classes not in y_true
  warnings.warn("y_pred contains classes not in y_true")
C:\Anaconda3\envs\pytorch\lib\site-packages\sklearn\metrics\_classification.py:2399: UserWarning: y_pred contains classes not in y_true
  warnings.warn("y_pred contains classes not in y_true")
C:\Anaconda3\envs\pytorch\lib\site-packages\sklearn\metrics\_classification.py:2399: UserWarning: y_pred contains classes not in y_true
  warnings.warn("y_pred contains classes not in y_true")
C:\Anaconda3\envs\pytorch\lib\site-packages\sklearn\metrics\_classification.py:2399: UserWarning: y_pred contains classes not in y_true
  warnings.warn("y_pred contains classes not in y_true")
C:\Anaconda3\envs\pytorch\lib\site-packages\sklearn\metrics\_classification.py:2399: UserWarning: y_pred contains classes not in y_true
  warnings.warn("y_pred contains classes not in y_true")
C:\Anaconda3\envs\pytorch\lib\site-packages\sklearn\metrics\_classification.py:2399: UserWarning: y_pred contains classes not in y_true
  warnings.warn("y_pred contains classes not in y_true")
C:\Anaconda3\envs\pytorch\lib\site-packages\sklearn\metrics\_classification.py:2399: UserWarning: y_pred contains classes not in y_true
  warnings.warn("y_pred contains classes not in y_true")
C:\Anaconda3\envs\pytorch\lib\site-packages\sklearn\metrics\_classification.py:2399: UserWarning: y_pred contains classes not in y_true
  warnings.warn("y_pred contains classes not in y_true")
C:\Anaconda3\envs\pytorch\lib\site-packages\sklearn\metrics\_classification.py:2399: UserWarning: y_pred contains classes not in y_true
  warnings.warn("y_pred contains classes not in y_true")
C:\Anaconda3\envs\pytorch\lib\site-packages\sklearn\metrics\_classification.py:2399: UserWarning: y_pred contains classes not in y_true
  warnings.warn("y_pred contains classes not in y_true")
C:\Anaconda3\envs\pytorch\lib\site-packages\sklearn\metrics\_classification.py:2399: UserWarning: y_pred contains classes not in y_true
  warnings.warn("y_pred contains classes not in y_true")
C:\Anaconda3\envs\pytorch\lib\site-packages\sklearn\metrics\_classification.py:2399: UserWarning: y_pred contains classes not in y_true
  warnings.warn("y_pred contains classes not in y_true")
C:\Anaconda3\envs\pytorch\lib\site-packages\sklearn\metrics\_classification.py:2399: UserWarning: y_pred contains classes not in y_true
  warnings.warn("y_pred contains classes not in y_true")
C:\Anaconda3\envs\pytorch\lib\site-packages\sklearn\metrics\_classification.py:2399: UserWarning: y_pred contains classes not in y_true
  warnings.warn("y_pred contains classes not in y_true")
C:\Anaconda3\envs\pytorch\lib\site-packages\sklearn\metrics\_classification.py:2399: UserWarning: y_pred contains classes not in y_true
  warnings.warn("y_pred contains classes not in y_true")
C:\Anaconda3\envs\pytorch\lib\site-packages\sklearn\metrics\_classification.py:2399: UserWarning: y_pred contains classes not in y_true
  warnings.warn("y_pred contains classes not in y_true")
C:\Anaconda3\envs\pytorch\lib\site-packages\sklearn\metrics\_classification.py:2399: UserWarning: y_pred contains classes not in y_true
  warnings.warn("y_pred contains classes not in y_true")
C:\Anaconda3\envs\pytorch\lib\site-packages\sklearn\metrics\_classification.py:2399: UserWarning: y_pred contains classes not in y_true
  warnings.warn("y_pred contains classes not in y_true")
C:\Anaconda3\envs\pytorch\lib\site-packages\sklearn\metrics\_classification.py:2399: UserWarning: y_pred contains classes not in y_true
  warnings.warn("y_pred contains classes not in y_true")
C:\Anaconda3\envs\pytorch\lib\site-packages\sklearn\metrics\_classification.py:2399: UserWarning: y_pred contains classes not in y_true
  warnings.warn("y_pred contains classes not in y_true")
C:\Anaconda3\envs\pytorch\lib\site-packages\sklearn\metrics\_classification.py:2399: UserWarning: y_pred contains classes not in y_true
  warnings.warn("y_pred contains classes not in y_true")
C:\Anaconda3\envs\pytorch\lib\site-packages\sklearn\metrics\_classification.py:2399: UserWarning: y_pred contains classes not in y_true
  warnings.warn("y_pred contains classes not in y_true")
C:\Anaconda3\envs\pytorch\lib\site-packages\sklearn\metrics\_classification.py:2399: UserWarning: y_pred contains classes not in y_true
  warnings.warn("y_pred contains classes not in y_true")
C:\Anaconda3\envs\pytorch\lib\site-packages\sklearn\metrics\_classification.py:2399: UserWarning: y_pred contains classes not in y_true
  warnings.warn("y_pred contains classes not in y_true")
C:\Anaconda3\envs\pytorch\lib\site-packages\sklearn\metrics\_classification.py:2399: UserWarning: y_pred contains classes not in y_true
  warnings.warn("y_pred contains classes not in y_true")
C:\Anaconda3\envs\pytorch\lib\site-packages\sklearn\metrics\_classification.py:2399: UserWarning: y_pred contains classes not in y_true
  warnings.warn("y_pred contains classes not in y_true")
C:\Anaconda3\envs\pytorch\lib\site-packages\sklearn\metrics\_classification.py:2399: UserWarning: y_pred contains classes not in y_true
  warnings.warn("y_pred contains classes not in y_true")
C:\Anaconda3\envs\pytorch\lib\site-packages\sklearn\metrics\_classification.py:2399: UserWarning: y_pred contains classes not in y_true
  warnings.warn("y_pred contains classes not in y_true")
C:\Anaconda3\envs\pytorch\lib\site-packages\sklearn\metrics\_classification.py:2399: UserWarning: y_pred contains classes not in y_true
  warnings.warn("y_pred contains classes not in y_true")
C:\Anaconda3\envs\pytorch\lib\site-packages\sklearn\metrics\_classification.py:2399: UserWarning: y_pred contains classes not in y_true
  warnings.warn("y_pred contains classes not in y_true")
C:\Anaconda3\envs\pytorch\lib\site-packages\sklearn\metrics\_classification.py:2399: UserWarning: y_pred contains classes not in y_true
  warnings.warn("y_pred contains classes not in y_true")
C:\Anaconda3\envs\pytorch\lib\site-packages\sklearn\metrics\_classification.py:2399: UserWarning: y_pred contains classes not in y_true
  warnings.warn("y_pred contains classes not in y_true")
C:\Anaconda3\envs\pytorch\lib\site-packages\sklearn\metrics\_classification.py:2399: UserWarning: y_pred contains classes not in y_true
  warnings.warn("y_pred contains classes not in y_true")
C:\Anaconda3\envs\pytorch\lib\site-packages\sklearn\metrics\_classification.py:2399: UserWarning: y_pred contains classes not in y_true
  warnings.warn("y_pred contains classes not in y_true")
C:\Anaconda3\envs\pytorch\lib\site-packages\sklearn\metrics\_classification.py:2399: UserWarning: y_pred contains classes not in y_true
  warnings.warn("y_pred contains classes not in y_true")
C:\Anaconda3\envs\pytorch\lib\site-packages\sklearn\metrics\_classification.py:2399: UserWarning: y_pred contains classes not in y_true
  warnings.warn("y_pred contains classes not in y_true")
C:\Anaconda3\envs\pytorch\lib\site-packages\sklearn\metrics\_classification.py:2399: UserWarning: y_pred contains classes not in y_true
  warnings.warn("y_pred contains classes not in y_true")
C:\Anaconda3\envs\pytorch\lib\site-packages\sklearn\metrics\_classification.py:2399: UserWarning: y_pred contains classes not in y_true
  warnings.warn("y_pred contains classes not in y_true")
C:\Anaconda3\envs\pytorch\lib\site-packages\sklearn\metrics\_classification.py:2399: UserWarning: y_pred contains classes not in y_true
  warnings.warn("y_pred contains classes not in y_true")
C:\Anaconda3\envs\pytorch\lib\site-packages\sklearn\metrics\_classification.py:2399: UserWarning: y_pred contains classes not in y_true
  warnings.warn("y_pred contains classes not in y_true")
C:\Anaconda3\envs\pytorch\lib\site-packages\sklearn\metrics\_classification.py:2399: UserWarning: y_pred contains classes not in y_true
  warnings.warn("y_pred contains classes not in y_true")
C:\Anaconda3\envs\pytorch\lib\site-packages\sklearn\metrics\_classification.py:2399: UserWarning: y_pred contains classes not in y_true
  warnings.warn("y_pred contains classes not in y_true")
C:\Anaconda3\envs\pytorch\lib\site-packages\sklearn\metrics\_classification.py:2399: UserWarning: y_pred contains classes not in y_true
  warnings.warn("y_pred contains classes not in y_true")
C:\Anaconda3\envs\pytorch\lib\site-packages\sklearn\metrics\_classification.py:2399: UserWarning: y_pred contains classes not in y_true
  warnings.warn("y_pred contains classes not in y_true")
C:\Anaconda3\envs\pytorch\lib\site-packages\sklearn\metrics\_classification.py:2399: UserWarning: y_pred contains classes not in y_true
  warnings.warn("y_pred contains classes not in y_true")
C:\Anaconda3\envs\pytorch\lib\site-packages\sklearn\metrics\_classification.py:2399: UserWarning: y_pred contains classes not in y_true
  warnings.warn("y_pred contains classes not in y_true")
C:\Anaconda3\envs\pytorch\lib\site-packages\sklearn\metrics\_classification.py:2399: UserWarning: y_pred contains classes not in y_true
  warnings.warn("y_pred contains classes not in y_true")
C:\Anaconda3\envs\pytorch\lib\site-packages\sklearn\metrics\_classification.py:2399: UserWarning: y_pred contains classes not in y_true
  warnings.warn("y_pred contains classes not in y_true")
C:\Anaconda3\envs\pytorch\lib\site-packages\sklearn\metrics\_classification.py:2399: UserWarning: y_pred contains classes not in y_true
  warnings.warn("y_pred contains classes not in y_true")
C:\Anaconda3\envs\pytorch\lib\site-packages\sklearn\metrics\_classification.py:2399: UserWarning: y_pred contains classes not in y_true
  warnings.warn("y_pred contains classes not in y_true")
C:\Anaconda3\envs\pytorch\lib\site-packages\sklearn\metrics\_classification.py:2399: UserWarning: y_pred contains classes not in y_true
  warnings.warn("y_pred contains classes not in y_true")
C:\Anaconda3\envs\pytorch\lib\site-packages\sklearn\metrics\_classification.py:2399: UserWarning: y_pred contains classes not in y_true
  warnings.warn("y_pred contains classes not in y_true")
C:\Anaconda3\envs\pytorch\lib\site-packages\sklearn\metrics\_classification.py:2399: UserWarning: y_pred contains classes not in y_true
  warnings.warn("y_pred contains classes not in y_true")
C:\Anaconda3\envs\pytorch\lib\site-packages\sklearn\metrics\_classification.py:2399: UserWarning: y_pred contains classes not in y_true
  warnings.warn("y_pred contains classes not in y_true")
C:\Anaconda3\envs\pytorch\lib\site-packages\sklearn\metrics\_classification.py:2399: UserWarning: y_pred contains classes not in y_true
  warnings.warn("y_pred contains classes not in y_true")
C:\Anaconda3\envs\pytorch\lib\site-packages\sklearn\metrics\_classification.py:2399: UserWarning: y_pred contains classes not in y_true
  warnings.warn("y_pred contains classes not in y_true")
C:\Anaconda3\envs\pytorch\lib\site-packages\sklearn\metrics\_classification.py:2399: UserWarning: y_pred contains classes not in y_true
  warnings.warn("y_pred contains classes not in y_true")
C:\Anaconda3\envs\pytorch\lib\site-packages\sklearn\metrics\_classification.py:2399: UserWarning: y_pred contains classes not in y_true
  warnings.warn("y_pred contains classes not in y_true")
C:\Anaconda3\envs\pytorch\lib\site-packages\sklearn\metrics\_classification.py:2399: UserWarning: y_pred contains classes not in y_true
  warnings.warn("y_pred contains classes not in y_true")
C:\Anaconda3\envs\pytorch\lib\site-packages\sklearn\metrics\_classification.py:2399: UserWarning: y_pred contains classes not in y_true
  warnings.warn("y_pred contains classes not in y_true")
C:\Anaconda3\envs\pytorch\lib\site-packages\sklearn\metrics\_classification.py:2399: UserWarning: y_pred contains classes not in y_true
  warnings.warn("y_pred contains classes not in y_true")
C:\Anaconda3\envs\pytorch\lib\site-packages\sklearn\metrics\_classification.py:2399: UserWarning: y_pred contains classes not in y_true
  warnings.warn("y_pred contains classes not in y_true")
C:\Anaconda3\envs\pytorch\lib\site-packages\sklearn\metrics\_classification.py:2399: UserWarning: y_pred contains classes not in y_true
  warnings.warn("y_pred contains classes not in y_true")
C:\Anaconda3\envs\pytorch\lib\site-packages\sklearn\metrics\_classification.py:2399: UserWarning: y_pred contains classes not in y_true
  warnings.warn("y_pred contains classes not in y_true")
C:\Anaconda3\envs\pytorch\lib\site-packages\sklearn\metrics\_classification.py:2399: UserWarning: y_pred contains classes not in y_true
  warnings.warn("y_pred contains classes not in y_true")
C:\Anaconda3\envs\pytorch\lib\site-packages\sklearn\metrics\_classification.py:2399: UserWarning: y_pred contains classes not in y_true
  warnings.warn("y_pred contains classes not in y_true")
C:\Anaconda3\envs\pytorch\lib\site-packages\sklearn\metrics\_classification.py:2399: UserWarning: y_pred contains classes not in y_true
  warnings.warn("y_pred contains classes not in y_true")
C:\Anaconda3\envs\pytorch\lib\site-packages\sklearn\metrics\_classification.py:2399: UserWarning: y_pred contains classes not in y_true
  warnings.warn("y_pred contains classes not in y_true")
C:\Anaconda3\envs\pytorch\lib\site-packages\sklearn\metrics\_classification.py:2399: UserWarning: y_pred contains classes not in y_true
  warnings.warn("y_pred contains classes not in y_true")
C:\Anaconda3\envs\pytorch\lib\site-packages\sklearn\metrics\_classification.py:2399: UserWarning: y_pred contains classes not in y_true
  warnings.warn("y_pred contains classes not in y_true")
C:\Anaconda3\envs\pytorch\lib\site-packages\sklearn\metrics\_classification.py:2399: UserWarning: y_pred contains classes not in y_true
  warnings.warn("y_pred contains classes not in y_true")
C:\Anaconda3\envs\pytorch\lib\site-packages\sklearn\metrics\_classification.py:2399: UserWarning: y_pred contains classes not in y_true
  warnings.warn("y_pred contains classes not in y_true")
C:\Anaconda3\envs\pytorch\lib\site-packages\sklearn\metrics\_classification.py:2399: UserWarning: y_pred contains classes not in y_true
  warnings.warn("y_pred contains classes not in y_true")
C:\Anaconda3\envs\pytorch\lib\site-packages\sklearn\metrics\_classification.py:2399: UserWarning: y_pred contains classes not in y_true
  warnings.warn("y_pred contains classes not in y_true")
C:\Anaconda3\envs\pytorch\lib\site-packages\sklearn\metrics\_classification.py:2399: UserWarning: y_pred contains classes not in y_true
  warnings.warn("y_pred contains classes not in y_true")
C:\Anaconda3\envs\pytorch\lib\site-packages\sklearn\metrics\_classification.py:2399: UserWarning: y_pred contains classes not in y_true
  warnings.warn("y_pred contains classes not in y_true")
C:\Anaconda3\envs\pytorch\lib\site-packages\sklearn\metrics\_classification.py:2399: UserWarning: y_pred contains classes not in y_true
  warnings.warn("y_pred contains classes not in y_true")
C:\Anaconda3\envs\pytorch\lib\site-packages\sklearn\metrics\_classification.py:2399: UserWarning: y_pred contains classes not in y_true
  warnings.warn("y_pred contains classes not in y_true")
C:\Anaconda3\envs\pytorch\lib\site-packages\sklearn\metrics\_classification.py:2399: UserWarning: y_pred contains classes not in y_true
  warnings.warn("y_pred contains classes not in y_true")
C:\Anaconda3\envs\pytorch\lib\site-packages\sklearn\metrics\_classification.py:2399: UserWarning: y_pred contains classes not in y_true
  warnings.warn("y_pred contains classes not in y_true")
C:\Anaconda3\envs\pytorch\lib\site-packages\sklearn\metrics\_classification.py:2399: UserWarning: y_pred contains classes not in y_true
  warnings.warn("y_pred contains classes not in y_true")
C:\Anaconda3\envs\pytorch\lib\site-packages\sklearn\metrics\_classification.py:2399: UserWarning: y_pred contains classes not in y_true
  warnings.warn("y_pred contains classes not in y_true")
C:\Anaconda3\envs\pytorch\lib\site-packages\sklearn\metrics\_classification.py:2399: UserWarning: y_pred contains classes not in y_true
  warnings.warn("y_pred contains classes not in y_true")
C:\Anaconda3\envs\pytorch\lib\site-packages\sklearn\metrics\_classification.py:2399: UserWarning: y_pred contains classes not in y_true
  warnings.warn("y_pred contains classes not in y_true")
C:\Anaconda3\envs\pytorch\lib\site-packages\sklearn\metrics\_classification.py:2399: UserWarning: y_pred contains classes not in y_true
  warnings.warn("y_pred contains classes not in y_true")
C:\Anaconda3\envs\pytorch\lib\site-packages\sklearn\metrics\_classification.py:2399: UserWarning: y_pred contains classes not in y_true
  warnings.warn("y_pred contains classes not in y_true")
C:\Anaconda3\envs\pytorch\lib\site-packages\sklearn\metrics\_classification.py:2399: UserWarning: y_pred contains classes not in y_true
  warnings.warn("y_pred contains classes not in y_true")
C:\Anaconda3\envs\pytorch\lib\site-packages\sklearn\metrics\_classification.py:2399: UserWarning: y_pred contains classes not in y_true
  warnings.warn("y_pred contains classes not in y_true")
C:\Anaconda3\envs\pytorch\lib\site-packages\sklearn\metrics\_classification.py:2399: UserWarning: y_pred contains classes not in y_true
  warnings.warn("y_pred contains classes not in y_true")
C:\Anaconda3\envs\pytorch\lib\site-packages\sklearn\metrics\_classification.py:2399: UserWarning: y_pred contains classes not in y_true
  warnings.warn("y_pred contains classes not in y_true")
C:\Anaconda3\envs\pytorch\lib\site-packages\sklearn\metrics\_classification.py:2399: UserWarning: y_pred contains classes not in y_true
  warnings.warn("y_pred contains classes not in y_true")
C:\Anaconda3\envs\pytorch\lib\site-packages\sklearn\metrics\_classification.py:2399: UserWarning: y_pred contains classes not in y_true
  warnings.warn("y_pred contains classes not in y_true")
C:\Anaconda3\envs\pytorch\lib\site-packages\sklearn\metrics\_classification.py:2399: UserWarning: y_pred contains classes not in y_true
  warnings.warn("y_pred contains classes not in y_true")
C:\Anaconda3\envs\pytorch\lib\site-packages\sklearn\metrics\_classification.py:2399: UserWarning: y_pred contains classes not in y_true
  warnings.warn("y_pred contains classes not in y_true")
C:\Anaconda3\envs\pytorch\lib\site-packages\sklearn\metrics\_classification.py:2399: UserWarning: y_pred contains classes not in y_true
  warnings.warn("y_pred contains classes not in y_true")
C:\Anaconda3\envs\pytorch\lib\site-packages\sklearn\metrics\_classification.py:2399: UserWarning: y_pred contains classes not in y_true
  warnings.warn("y_pred contains classes not in y_true")
C:\Anaconda3\envs\pytorch\lib\site-packages\sklearn\metrics\_classification.py:2399: UserWarning: y_pred contains classes not in y_true
  warnings.warn("y_pred contains classes not in y_true")
C:\Anaconda3\envs\pytorch\lib\site-packages\sklearn\metrics\_classification.py:2399: UserWarning: y_pred contains classes not in y_true
  warnings.warn("y_pred contains classes not in y_true")
C:\Anaconda3\envs\pytorch\lib\site-packages\sklearn\metrics\_classification.py:2399: UserWarning: y_pred contains classes not in y_true
  warnings.warn("y_pred contains classes not in y_true")
C:\Anaconda3\envs\pytorch\lib\site-packages\sklearn\metrics\_classification.py:2399: UserWarning: y_pred contains classes not in y_true
  warnings.warn("y_pred contains classes not in y_true")
C:\Anaconda3\envs\pytorch\lib\site-packages\sklearn\metrics\_classification.py:2399: UserWarning: y_pred contains classes not in y_true
  warnings.warn("y_pred contains classes not in y_true")
C:\Anaconda3\envs\pytorch\lib\site-packages\sklearn\metrics\_classification.py:2399: UserWarning: y_pred contains classes not in y_true
  warnings.warn("y_pred contains classes not in y_true")
C:\Anaconda3\envs\pytorch\lib\site-packages\sklearn\metrics\_classification.py:2399: UserWarning: y_pred contains classes not in y_true
  warnings.warn("y_pred contains classes not in y_true")
C:\Anaconda3\envs\pytorch\lib\site-packages\sklearn\metrics\_classification.py:2399: UserWarning: y_pred contains classes not in y_true
  warnings.warn("y_pred contains classes not in y_true")
C:\Anaconda3\envs\pytorch\lib\site-packages\sklearn\metrics\_classification.py:2399: UserWarning: y_pred contains classes not in y_true
  warnings.warn("y_pred contains classes not in y_true")
C:\Anaconda3\envs\pytorch\lib\site-packages\sklearn\metrics\_classification.py:2399: UserWarning: y_pred contains classes not in y_true
  warnings.warn("y_pred contains classes not in y_true")
C:\Anaconda3\envs\pytorch\lib\site-packages\sklearn\metrics\_classification.py:2399: UserWarning: y_pred contains classes not in y_true
  warnings.warn("y_pred contains classes not in y_true")
C:\Anaconda3\envs\pytorch\lib\site-packages\sklearn\metrics\_classification.py:2399: UserWarning: y_pred contains classes not in y_true
  warnings.warn("y_pred contains classes not in y_true")
C:\Anaconda3\envs\pytorch\lib\site-packages\sklearn\metrics\_classification.py:2399: UserWarning: y_pred contains classes not in y_true
  warnings.warn("y_pred contains classes not in y_true")
C:\Anaconda3\envs\pytorch\lib\site-packages\sklearn\metrics\_classification.py:2399: UserWarning: y_pred contains classes not in y_true
  warnings.warn("y_pred contains classes not in y_true")
C:\Anaconda3\envs\pytorch\lib\site-packages\sklearn\metrics\_classification.py:2399: UserWarning: y_pred contains classes not in y_true
  warnings.warn("y_pred contains classes not in y_true")
C:\Anaconda3\envs\pytorch\lib\site-packages\sklearn\metrics\_classification.py:2399: UserWarning: y_pred contains classes not in y_true
  warnings.warn("y_pred contains classes not in y_true")
C:\Anaconda3\envs\pytorch\lib\site-packages\sklearn\metrics\_classification.py:2399: UserWarning: y_pred contains classes not in y_true
  warnings.warn("y_pred contains classes not in y_true")
C:\Anaconda3\envs\pytorch\lib\site-packages\sklearn\metrics\_classification.py:2399: UserWarning: y_pred contains classes not in y_true
  warnings.warn("y_pred contains classes not in y_true")
C:\Anaconda3\envs\pytorch\lib\site-packages\sklearn\metrics\_classification.py:2399: UserWarning: y_pred contains classes not in y_true
  warnings.warn("y_pred contains classes not in y_true")
C:\Anaconda3\envs\pytorch\lib\site-packages\sklearn\metrics\_classification.py:2399: UserWarning: y_pred contains classes not in y_true
  warnings.warn("y_pred contains classes not in y_true")
C:\Anaconda3\envs\pytorch\lib\site-packages\sklearn\metrics\_classification.py:2399: UserWarning: y_pred contains classes not in y_true
  warnings.warn("y_pred contains classes not in y_true")
C:\Anaconda3\envs\pytorch\lib\site-packages\sklearn\metrics\_classification.py:2399: UserWarning: y_pred contains classes not in y_true
  warnings.warn("y_pred contains classes not in y_true")
C:\Anaconda3\envs\pytorch\lib\site-packages\sklearn\metrics\_classification.py:2399: UserWarning: y_pred contains classes not in y_true
  warnings.warn("y_pred contains classes not in y_true")
C:\Anaconda3\envs\pytorch\lib\site-packages\sklearn\metrics\_classification.py:2399: UserWarning: y_pred contains classes not in y_true
  warnings.warn("y_pred contains classes not in y_true")
C:\Anaconda3\envs\pytorch\lib\site-packages\sklearn\metrics\_classification.py:2399: UserWarning: y_pred contains classes not in y_true
  warnings.warn("y_pred contains classes not in y_true")
C:\Anaconda3\envs\pytorch\lib\site-packages\sklearn\metrics\_classification.py:2399: UserWarning: y_pred contains classes not in y_true
  warnings.warn("y_pred contains classes not in y_true")
C:\Anaconda3\envs\pytorch\lib\site-packages\sklearn\metrics\_classification.py:2399: UserWarning: y_pred contains classes not in y_true
  warnings.warn("y_pred contains classes not in y_true")
C:\Anaconda3\envs\pytorch\lib\site-packages\sklearn\metrics\_classification.py:2399: UserWarning: y_pred contains classes not in y_true
  warnings.warn("y_pred contains classes not in y_true")
C:\Anaconda3\envs\pytorch\lib\site-packages\sklearn\metrics\_classification.py:2399: UserWarning: y_pred contains classes not in y_true
  warnings.warn("y_pred contains classes not in y_true")
C:\Anaconda3\envs\pytorch\lib\site-packages\sklearn\metrics\_classification.py:2399: UserWarning: y_pred contains classes not in y_true
  warnings.warn("y_pred contains classes not in y_true")
C:\Anaconda3\envs\pytorch\lib\site-packages\sklearn\metrics\_classification.py:2399: UserWarning: y_pred contains classes not in y_true
  warnings.warn("y_pred contains classes not in y_true")
C:\Anaconda3\envs\pytorch\lib\site-packages\sklearn\metrics\_classification.py:2399: UserWarning: y_pred contains classes not in y_true
  warnings.warn("y_pred contains classes not in y_true")
C:\Anaconda3\envs\pytorch\lib\site-packages\sklearn\metrics\_classification.py:2399: UserWarning: y_pred contains classes not in y_true
  warnings.warn("y_pred contains classes not in y_true")
C:\Anaconda3\envs\pytorch\lib\site-packages\sklearn\metrics\_classification.py:2399: UserWarning: y_pred contains classes not in y_true
  warnings.warn("y_pred contains classes not in y_true")
C:\Anaconda3\envs\pytorch\lib\site-packages\sklearn\metrics\_classification.py:2399: UserWarning: y_pred contains classes not in y_true
  warnings.warn("y_pred contains classes not in y_true")
C:\Anaconda3\envs\pytorch\lib\site-packages\sklearn\metrics\_classification.py:2399: UserWarning: y_pred contains classes not in y_true
  warnings.warn("y_pred contains classes not in y_true")
C:\Anaconda3\envs\pytorch\lib\site-packages\sklearn\metrics\_classification.py:2399: UserWarning: y_pred contains classes not in y_true
  warnings.warn("y_pred contains classes not in y_true")
C:\Anaconda3\envs\pytorch\lib\site-packages\sklearn\metrics\_classification.py:2399: UserWarning: y_pred contains classes not in y_true
  warnings.warn("y_pred contains classes not in y_true")
C:\Anaconda3\envs\pytorch\lib\site-packages\sklearn\metrics\_classification.py:2399: UserWarning: y_pred contains classes not in y_true
  warnings.warn("y_pred contains classes not in y_true")
C:\Anaconda3\envs\pytorch\lib\site-packages\sklearn\metrics\_classification.py:2399: UserWarning: y_pred contains classes not in y_true
  warnings.warn("y_pred contains classes not in y_true")
C:\Anaconda3\envs\pytorch\lib\site-packages\sklearn\metrics\_classification.py:2399: UserWarning: y_pred contains classes not in y_true
  warnings.warn("y_pred contains classes not in y_true")
C:\Anaconda3\envs\pytorch\lib\site-packages\sklearn\metrics\_classification.py:2399: UserWarning: y_pred contains classes not in y_true
  warnings.warn("y_pred contains classes not in y_true")
C:\Anaconda3\envs\pytorch\lib\site-packages\sklearn\metrics\_classification.py:2399: UserWarning: y_pred contains classes not in y_true
  warnings.warn("y_pred contains classes not in y_true")
C:\Anaconda3\envs\pytorch\lib\site-packages\sklearn\metrics\_classification.py:2399: UserWarning: y_pred contains classes not in y_true
  warnings.warn("y_pred contains classes not in y_true")
C:\Anaconda3\envs\pytorch\lib\site-packages\sklearn\metrics\_classification.py:2399: UserWarning: y_pred contains classes not in y_true
  warnings.warn("y_pred contains classes not in y_true")
C:\Anaconda3\envs\pytorch\lib\site-packages\sklearn\metrics\_classification.py:2399: UserWarning: y_pred contains classes not in y_true
  warnings.warn("y_pred contains classes not in y_true")
C:\Anaconda3\envs\pytorch\lib\site-packages\sklearn\metrics\_classification.py:2399: UserWarning: y_pred contains classes not in y_true
  warnings.warn("y_pred contains classes not in y_true")
C:\Anaconda3\envs\pytorch\lib\site-packages\sklearn\metrics\_classification.py:2399: UserWarning: y_pred contains classes not in y_true
  warnings.warn("y_pred contains classes not in y_true")
C:\Anaconda3\envs\pytorch\lib\site-packages\sklearn\metrics\_classification.py:2399: UserWarning: y_pred contains classes not in y_true
  warnings.warn("y_pred contains classes not in y_true")
C:\Anaconda3\envs\pytorch\lib\site-packages\sklearn\metrics\_classification.py:2399: UserWarning: y_pred contains classes not in y_true
  warnings.warn("y_pred contains classes not in y_true")
C:\Anaconda3\envs\pytorch\lib\site-packages\sklearn\metrics\_classification.py:2399: UserWarning: y_pred contains classes not in y_true
  warnings.warn("y_pred contains classes not in y_true")
C:\Anaconda3\envs\pytorch\lib\site-packages\sklearn\metrics\_classification.py:2399: UserWarning: y_pred contains classes not in y_true
  warnings.warn("y_pred contains classes not in y_true")
C:\Anaconda3\envs\pytorch\lib\site-packages\sklearn\metrics\_classification.py:2399: UserWarning: y_pred contains classes not in y_true
  warnings.warn("y_pred contains classes not in y_true")
C:\Anaconda3\envs\pytorch\lib\site-packages\sklearn\metrics\_classification.py:2399: UserWarning: y_pred contains classes not in y_true
  warnings.warn("y_pred contains classes not in y_true")
C:\Anaconda3\envs\pytorch\lib\site-packages\sklearn\metrics\_classification.py:2399: UserWarning: y_pred contains classes not in y_true
  warnings.warn("y_pred contains classes not in y_true")
C:\Anaconda3\envs\pytorch\lib\site-packages\sklearn\metrics\_classification.py:2399: UserWarning: y_pred contains classes not in y_true
  warnings.warn("y_pred contains classes not in y_true")
C:\Anaconda3\envs\pytorch\lib\site-packages\sklearn\metrics\_classification.py:2399: UserWarning: y_pred contains classes not in y_true
  warnings.warn("y_pred contains classes not in y_true")
C:\Anaconda3\envs\pytorch\lib\site-packages\sklearn\metrics\_classification.py:2399: UserWarning: y_pred contains classes not in y_true
  warnings.warn("y_pred contains classes not in y_true")
C:\Anaconda3\envs\pytorch\lib\site-packages\sklearn\metrics\_classification.py:2399: UserWarning: y_pred contains classes not in y_true
  warnings.warn("y_pred contains classes not in y_true")
C:\Anaconda3\envs\pytorch\lib\site-packages\sklearn\metrics\_classification.py:2399: UserWarning: y_pred contains classes not in y_true
  warnings.warn("y_pred contains classes not in y_true")
C:\Anaconda3\envs\pytorch\lib\site-packages\sklearn\metrics\_classification.py:2399: UserWarning: y_pred contains classes not in y_true
  warnings.warn("y_pred contains classes not in y_true")
C:\Anaconda3\envs\pytorch\lib\site-packages\sklearn\metrics\_classification.py:2399: UserWarning: y_pred contains classes not in y_true
  warnings.warn("y_pred contains classes not in y_true")
C:\Anaconda3\envs\pytorch\lib\site-packages\sklearn\metrics\_classification.py:2399: UserWarning: y_pred contains classes not in y_true
  warnings.warn("y_pred contains classes not in y_true")
C:\Anaconda3\envs\pytorch\lib\site-packages\sklearn\metrics\_classification.py:2399: UserWarning: y_pred contains classes not in y_true
  warnings.warn("y_pred contains classes not in y_true")
C:\Anaconda3\envs\pytorch\lib\site-packages\sklearn\metrics\_classification.py:2399: UserWarning: y_pred contains classes not in y_true
  warnings.warn("y_pred contains classes not in y_true")
C:\Anaconda3\envs\pytorch\lib\site-packages\sklearn\metrics\_classification.py:2399: UserWarning: y_pred contains classes not in y_true
  warnings.warn("y_pred contains classes not in y_true")
C:\Anaconda3\envs\pytorch\lib\site-packages\sklearn\metrics\_classification.py:2399: UserWarning: y_pred contains classes not in y_true
  warnings.warn("y_pred contains classes not in y_true")
C:\Anaconda3\envs\pytorch\lib\site-packages\sklearn\metrics\_classification.py:2399: UserWarning: y_pred contains classes not in y_true
  warnings.warn("y_pred contains classes not in y_true")
C:\Anaconda3\envs\pytorch\lib\site-packages\sklearn\metrics\_classification.py:2399: UserWarning: y_pred contains classes not in y_true
  warnings.warn("y_pred contains classes not in y_true")
C:\Anaconda3\envs\pytorch\lib\site-packages\sklearn\metrics\_classification.py:2399: UserWarning: y_pred contains classes not in y_true
  warnings.warn("y_pred contains classes not in y_true")
C:\Anaconda3\envs\pytorch\lib\site-packages\sklearn\metrics\_classification.py:2399: UserWarning: y_pred contains classes not in y_true
  warnings.warn("y_pred contains classes not in y_true")
C:\Anaconda3\envs\pytorch\lib\site-packages\sklearn\metrics\_classification.py:2399: UserWarning: y_pred contains classes not in y_true
  warnings.warn("y_pred contains classes not in y_true")
C:\Anaconda3\envs\pytorch\lib\site-packages\sklearn\metrics\_classification.py:2399: UserWarning: y_pred contains classes not in y_true
  warnings.warn("y_pred contains classes not in y_true")
C:\Anaconda3\envs\pytorch\lib\site-packages\sklearn\metrics\_classification.py:2399: UserWarning: y_pred contains classes not in y_true
  warnings.warn("y_pred contains classes not in y_true")
C:\Anaconda3\envs\pytorch\lib\site-packages\sklearn\metrics\_classification.py:2399: UserWarning: y_pred contains classes not in y_true
  warnings.warn("y_pred contains classes not in y_true")
C:\Anaconda3\envs\pytorch\lib\site-packages\sklearn\metrics\_classification.py:2399: UserWarning: y_pred contains classes not in y_true
  warnings.warn("y_pred contains classes not in y_true")
C:\Anaconda3\envs\pytorch\lib\site-packages\sklearn\metrics\_classification.py:2399: UserWarning: y_pred contains classes not in y_true
  warnings.warn("y_pred contains classes not in y_true")
C:\Anaconda3\envs\pytorch\lib\site-packages\sklearn\metrics\_classification.py:2399: UserWarning: y_pred contains classes not in y_true
  warnings.warn("y_pred contains classes not in y_true")
C:\Anaconda3\envs\pytorch\lib\site-packages\sklearn\metrics\_classification.py:2399: UserWarning: y_pred contains classes not in y_true
  warnings.warn("y_pred contains classes not in y_true")
C:\Anaconda3\envs\pytorch\lib\site-packages\sklearn\metrics\_classification.py:2399: UserWarning: y_pred contains classes not in y_true
  warnings.warn("y_pred contains classes not in y_true")
C:\Anaconda3\envs\pytorch\lib\site-packages\sklearn\metrics\_classification.py:2399: UserWarning: y_pred contains classes not in y_true
  warnings.warn("y_pred contains classes not in y_true")
C:\Anaconda3\envs\pytorch\lib\site-packages\sklearn\metrics\_classification.py:2399: UserWarning: y_pred contains classes not in y_true
  warnings.warn("y_pred contains classes not in y_true")
C:\Anaconda3\envs\pytorch\lib\site-packages\sklearn\metrics\_classification.py:2399: UserWarning: y_pred contains classes not in y_true
  warnings.warn("y_pred contains classes not in y_true")
C:\Anaconda3\envs\pytorch\lib\site-packages\sklearn\metrics\_classification.py:2399: UserWarning: y_pred contains classes not in y_true
  warnings.warn("y_pred contains classes not in y_true")
C:\Anaconda3\envs\pytorch\lib\site-packages\sklearn\metrics\_classification.py:2399: UserWarning: y_pred contains classes not in y_true
  warnings.warn("y_pred contains classes not in y_true")
C:\Anaconda3\envs\pytorch\lib\site-packages\sklearn\metrics\_classification.py:2399: UserWarning: y_pred contains classes not in y_true
  warnings.warn("y_pred contains classes not in y_true")
C:\Anaconda3\envs\pytorch\lib\site-packages\sklearn\metrics\_classification.py:2399: UserWarning: y_pred contains classes not in y_true
  warnings.warn("y_pred contains classes not in y_true")
C:\Anaconda3\envs\pytorch\lib\site-packages\sklearn\metrics\_classification.py:2399: UserWarning: y_pred contains classes not in y_true
  warnings.warn("y_pred contains classes not in y_true")
C:\Anaconda3\envs\pytorch\lib\site-packages\sklearn\metrics\_classification.py:2399: UserWarning: y_pred contains classes not in y_true
  warnings.warn("y_pred contains classes not in y_true")
C:\Anaconda3\envs\pytorch\lib\site-packages\sklearn\metrics\_classification.py:2399: UserWarning: y_pred contains classes not in y_true
  warnings.warn("y_pred contains classes not in y_true")
C:\Anaconda3\envs\pytorch\lib\site-packages\sklearn\metrics\_classification.py:2399: UserWarning: y_pred contains classes not in y_true
  warnings.warn("y_pred contains classes not in y_true")
C:\Anaconda3\envs\pytorch\lib\site-packages\sklearn\metrics\_classification.py:2399: UserWarning: y_pred contains classes not in y_true
  warnings.warn("y_pred contains classes not in y_true")
C:\Anaconda3\envs\pytorch\lib\site-packages\sklearn\metrics\_classification.py:2399: UserWarning: y_pred contains classes not in y_true
  warnings.warn("y_pred contains classes not in y_true")
C:\Anaconda3\envs\pytorch\lib\site-packages\sklearn\metrics\_classification.py:2399: UserWarning: y_pred contains classes not in y_true
  warnings.warn("y_pred contains classes not in y_true")
C:\Anaconda3\envs\pytorch\lib\site-packages\sklearn\metrics\_classification.py:2399: UserWarning: y_pred contains classes not in y_true
  warnings.warn("y_pred contains classes not in y_true")
C:\Anaconda3\envs\pytorch\lib\site-packages\sklearn\metrics\_classification.py:2399: UserWarning: y_pred contains classes not in y_true
  warnings.warn("y_pred contains classes not in y_true")
C:\Anaconda3\envs\pytorch\lib\site-packages\sklearn\metrics\_classification.py:2399: UserWarning: y_pred contains classes not in y_true
  warnings.warn("y_pred contains classes not in y_true")
C:\Anaconda3\envs\pytorch\lib\site-packages\sklearn\metrics\_classification.py:2399: UserWarning: y_pred contains classes not in y_true
  warnings.warn("y_pred contains classes not in y_true")
C:\Anaconda3\envs\pytorch\lib\site-packages\sklearn\metrics\_classification.py:2399: UserWarning: y_pred contains classes not in y_true
  warnings.warn("y_pred contains classes not in y_true")
C:\Anaconda3\envs\pytorch\lib\site-packages\sklearn\metrics\_classification.py:2399: UserWarning: y_pred contains classes not in y_true
  warnings.warn("y_pred contains classes not in y_true")
C:\Anaconda3\envs\pytorch\lib\site-packages\sklearn\metrics\_classification.py:2399: UserWarning: y_pred contains classes not in y_true
  warnings.warn("y_pred contains classes not in y_true")
C:\Anaconda3\envs\pytorch\lib\site-packages\sklearn\metrics\_classification.py:2399: UserWarning: y_pred contains classes not in y_true
  warnings.warn("y_pred contains classes not in y_true")
C:\Anaconda3\envs\pytorch\lib\site-packages\sklearn\metrics\_classification.py:2399: UserWarning: y_pred contains classes not in y_true
  warnings.warn("y_pred contains classes not in y_true")
C:\Anaconda3\envs\pytorch\lib\site-packages\sklearn\metrics\_classification.py:2399: UserWarning: y_pred contains classes not in y_true
  warnings.warn("y_pred contains classes not in y_true")
C:\Anaconda3\envs\pytorch\lib\site-packages\sklearn\metrics\_classification.py:2399: UserWarning: y_pred contains classes not in y_true
  warnings.warn("y_pred contains classes not in y_true")
C:\Anaconda3\envs\pytorch\lib\site-packages\sklearn\metrics\_classification.py:2399: UserWarning: y_pred contains classes not in y_true
  warnings.warn("y_pred contains classes not in y_true")
C:\Anaconda3\envs\pytorch\lib\site-packages\sklearn\metrics\_classification.py:2399: UserWarning: y_pred contains classes not in y_true
  warnings.warn("y_pred contains classes not in y_true")
C:\Anaconda3\envs\pytorch\lib\site-packages\sklearn\metrics\_classification.py:2399: UserWarning: y_pred contains classes not in y_true
  warnings.warn("y_pred contains classes not in y_true")
C:\Anaconda3\envs\pytorch\lib\site-packages\sklearn\metrics\_classification.py:2399: UserWarning: y_pred contains classes not in y_true
  warnings.warn("y_pred contains classes not in y_true")
C:\Anaconda3\envs\pytorch\lib\site-packages\sklearn\metrics\_classification.py:2399: UserWarning: y_pred contains classes not in y_true
  warnings.warn("y_pred contains classes not in y_true")
C:\Anaconda3\envs\pytorch\lib\site-packages\sklearn\metrics\_classification.py:2399: UserWarning: y_pred contains classes not in y_true
  warnings.warn("y_pred contains classes not in y_true")
C:\Anaconda3\envs\pytorch\lib\site-packages\sklearn\metrics\_classification.py:2399: UserWarning: y_pred contains classes not in y_true
  warnings.warn("y_pred contains classes not in y_true")
C:\Anaconda3\envs\pytorch\lib\site-packages\sklearn\metrics\_classification.py:2399: UserWarning: y_pred contains classes not in y_true
  warnings.warn("y_pred contains classes not in y_true")
C:\Anaconda3\envs\pytorch\lib\site-packages\sklearn\metrics\_classification.py:2399: UserWarning: y_pred contains classes not in y_true
  warnings.warn("y_pred contains classes not in y_true")
C:\Anaconda3\envs\pytorch\lib\site-packages\sklearn\metrics\_classification.py:2399: UserWarning: y_pred contains classes not in y_true
  warnings.warn("y_pred contains classes not in y_true")
C:\Anaconda3\envs\pytorch\lib\site-packages\sklearn\metrics\_classification.py:2399: UserWarning: y_pred contains classes not in y_true
  warnings.warn("y_pred contains classes not in y_true")
C:\Anaconda3\envs\pytorch\lib\site-packages\sklearn\metrics\_classification.py:2399: UserWarning: y_pred contains classes not in y_true
  warnings.warn("y_pred contains classes not in y_true")
C:\Anaconda3\envs\pytorch\lib\site-packages\sklearn\metrics\_classification.py:2399: UserWarning: y_pred contains classes not in y_true
  warnings.warn("y_pred contains classes not in y_true")
C:\Anaconda3\envs\pytorch\lib\site-packages\sklearn\metrics\_classification.py:2399: UserWarning: y_pred contains classes not in y_true
  warnings.warn("y_pred contains classes not in y_true")
C:\Anaconda3\envs\pytorch\lib\site-packages\sklearn\metrics\_classification.py:2399: UserWarning: y_pred contains classes not in y_true
  warnings.warn("y_pred contains classes not in y_true")
C:\Anaconda3\envs\pytorch\lib\site-packages\sklearn\metrics\_classification.py:2399: UserWarning: y_pred contains classes not in y_true
  warnings.warn("y_pred contains classes not in y_true")
C:\Anaconda3\envs\pytorch\lib\site-packages\sklearn\metrics\_classification.py:2399: UserWarning: y_pred contains classes not in y_true
  warnings.warn("y_pred contains classes not in y_true")
C:\Anaconda3\envs\pytorch\lib\site-packages\sklearn\metrics\_classification.py:2399: UserWarning: y_pred contains classes not in y_true
  warnings.warn("y_pred contains classes not in y_true")
C:\Anaconda3\envs\pytorch\lib\site-packages\sklearn\metrics\_classification.py:2399: UserWarning: y_pred contains classes not in y_true
  warnings.warn("y_pred contains classes not in y_true")
C:\Anaconda3\envs\pytorch\lib\site-packages\sklearn\metrics\_classification.py:2399: UserWarning: y_pred contains classes not in y_true
  warnings.warn("y_pred contains classes not in y_true")
C:\Anaconda3\envs\pytorch\lib\site-packages\sklearn\metrics\_classification.py:2399: UserWarning: y_pred contains classes not in y_true
  warnings.warn("y_pred contains classes not in y_true")
C:\Anaconda3\envs\pytorch\lib\site-packages\sklearn\metrics\_classification.py:2399: UserWarning: y_pred contains classes not in y_true
  warnings.warn("y_pred contains classes not in y_true")
[journal] completed: D:\cyh\dictionary_learn\outputs\journal\apic_v3_screening_cn_ad\s1\seed42\nacc_to_adni
