artifact_root,seed,direction,metrics_path,variant,epoch,phase,train_loss,val_loss,val_auc,val_balanced_accuracy,selection_eligible,selection_reasons,clean_ce,shift_ce,js,feature_consistency,intervention_penalty,apis_coefficient_l2,valid_intervention_frac,apis_feature_strength,style_confidence,style_entropy,style_delta,condition_gate,style_memory_valid_slots,style_memory_total_assignments
D:\cyh\dictionary_learn\outputs\journal\apic_v3_2_screening_cn_ad\r4,42,adni_to_nacc,D:\cyh\dictionary_learn\outputs\journal\apic_v3_2_screening_cn_ad\r4\seed42\adni_to_nacc\apic_v3_2_x\journal_metrics.json,apic_v3_2_x,1,clean_warmup,0.4928545784429613,1.6053709095507451,0.625,,,,0.4928545784429613,0.0,0.0,0.0,0.0,0.0,0.0,0.0,0.0,0.0,0.0,0.0,0,0.0
D:\cyh\dictionary_learn\outputs\journal\apic_v3_2_screening_cn_ad\r4,42,adni_to_nacc,D:\cyh\dictionary_learn\outputs\journal\apic_v3_2_screening_cn_ad\r4\seed42\adni_to_nacc\apic_v3_2_x\journal_metrics.json,apic_v3_2_x,2,clean_warmup,0.30040968393525447,1.0024391609542775,0.5625,,,,0.30040968393525447,0.0,0.0,0.0,0.0,0.0,0.0,0.0,0.0,0.0,0.0,0.0,0,0.0
D:\cyh\dictionary_learn\outputs\journal\apic_v3_2_screening_cn_ad\r4,42,adni_to_nacc,D:\cyh\dictionary_learn\outputs\journal\apic_v3_2_screening_cn_ad\r4\seed42\adni_to_nacc\apic_v3_2_x\journal_metrics.json,apic_v3_2_x,3,clean_warmup,0.19452176543782992,1.0213098746196165,0.6145833333333334,,,,0.19452176543782992,0.0,0.0,0.0,0.0,0.0,0.0,0.0,0.0,0.0,0.0,0.0,0,0.0
D:\cyh\dictionary_learn\outputs\journal\apic_v3_2_screening_cn_ad\r4,42,adni_to_nacc,D:\cyh\dictionary_learn\outputs\journal\apic_v3_2_screening_cn_ad\r4\seed42\adni_to_nacc\apic_v3_2_x\journal_metrics.json,apic_v3_2_x,4,clean_warmup,0.2249500308219478,1.5049036525516333,0.6145833333333334,,,,0.2249500308219478,0.0,0.0,0.0,0.0,0.0,0.0,0.0,0.0,0.0,0.0,0.0,0,0.0
D:\cyh\dictionary_learn\outputs\journal\apic_v3_2_screening_cn_ad\r4,42,adni_to_nacc,D:\cyh\dictionary_learn\outputs\journal\apic_v3_2_screening_cn_ad\r4\seed42\adni_to_nacc\apic_v3_2_x\journal_metrics.json,apic_v3_2_x,5,clean_warmup,0.08456190573949232,0.6033532046537213,0.6879528985507246,,,,0.08456190573949232,0.0,0.0,0.0,0.0,0.0,0.0,0.0,0.0,0.0,0.0,0.0,0,0.0
D:\cyh\dictionary_learn\outputs\journal\apic_v3_2_screening_cn_ad\r4,42,adni_to_nacc,D:\cyh\dictionary_learn\outputs\journal\apic_v3_2_screening_cn_ad\r4\seed42\adni_to_nacc\apic_v3_2_x\journal_metrics.json,apic_v3_2_x,6,style_bank_build,0.018414423614459854,0.6033532046537213,0.6884057971014492,,,,0.017674457588996065,0.0,0.0,0.0,0.0,0.0,0.0,0.0,0.0,0.0,0.0,0.0,0,0.0
D:\cyh\dictionary_learn\outputs\journal\apic_v3_2_screening_cn_ad\r4,42,adni_to_nacc,D:\cyh\dictionary_learn\outputs\journal\apic_v3_2_screening_cn_ad\r4\seed42\adni_to_nacc\apic_v3_2_x\journal_metrics.json,apic_v3_2_x,7,apis_warmup,0.15983484996235872,0.8893086426662948,0.6467391304347826,,,,0.15983484996235872,0.0,0.0,0.0,0.0,0.0,0.0,0.0,0.3026517500360328,0.001717201252591318,0.0,0.0,4,93.0
D:\cyh\dictionary_learn\outputs\journal\apic_v3_2_screening_cn_ad\r4,42,adni_to_nacc,D:\cyh\dictionary_learn\outputs\journal\apic_v3_2_screening_cn_ad\r4\seed42\adni_to_nacc\apic_v3_2_x\journal_metrics.json,apic_v3_2_x,8,apis_warmup,0.26165293306336707,0.5675757339823868,0.6671195652173912,,,,0.26165293306336707,0.0,0.0,0.0,0.0,0.0,0.0,0.0,0.3188721726098693,0.0004126831377796705,0.0,0.0,4,93.0
D:\cyh\dictionary_learn\outputs\journal\apic_v3_2_screening_cn_ad\r4,42,adni_to_nacc,D:\cyh\dictionary_learn\outputs\journal\apic_v3_2_screening_cn_ad\r4\seed42\adni_to_nacc\apic_v3_2_x\journal_metrics.json,apic_v3_2_x,9,apis_warmup,0.1922878194979044,1.0321474737887706,0.6458333333333334,,,,0.1922878194979044,0.0,0.0,0.0,0.0,0.0,0.0,0.0,0.31713147712759227,0.000365485602696755,0.0,0.0,4,93.0
D:\cyh\dictionary_learn\outputs\journal\apic_v3_2_screening_cn_ad\r4,42,adni_to_nacc,D:\cyh\dictionary_learn\outputs\journal\apic_v3_2_screening_cn_ad\r4\seed42\adni_to_nacc\apic_v3_2_x\journal_metrics.json,apic_v3_2_x,10,apis_warmup,0.15083073624353632,0.6764702127174527,0.7160326086956522,,,,0.15083073624353632,0.0,0.0,0.0,0.0,0.0,0.0,0.0,0.30814527513751067,0.008475235585718959,0.0,0.0,4,93.0
D:\cyh\dictionary_learn\outputs\journal\apic_v3_2_screening_cn_ad\r4,42,adni_to_nacc,D:\cyh\dictionary_learn\outputs\journal\apic_v3_2_screening_cn_ad\r4\seed42\adni_to_nacc\apic_v3_2_x\journal_metrics.json,apic_v3_2_x,11,apis_warmup,0.11481070882326598,0.40798490391692743,0.728713768115942,,,,0.11481070882326598,0.0,0.0,0.0,0.0,0.0,0.0,0.0,0.311924592917224,0.0007135868013071906,0.0,0.0,4,93.0
D:\cyh\dictionary_learn\outputs\journal\apic_v3_2_screening_cn_ad\r4,42,adni_to_nacc,D:\cyh\dictionary_learn\outputs\journal\apic_v3_2_screening_cn_ad\r4\seed42\adni_to_nacc\apic_v3_2_x\journal_metrics.json,apic_v3_2_x,12,joint,0.09492676582675517,0.6746538828060092,0.7807971014492754,,,,0.09492676582675517,0.0,0.0,0.0,0.0,0.0,0.0,0.0,0.29132618871798,0.002318680153069201,0.0,0.0,4,93.0
D:\cyh\dictionary_learn\outputs\journal\apic_v3_2_screening_cn_ad\r4,42,adni_to_nacc,D:\cyh\dictionary_learn\outputs\journal\apic_v3_2_screening_cn_ad\r4\seed42\adni_to_nacc\apic_v3_2_x\journal_metrics.json,apic_v3_2_x,13,joint,0.0706262845498319,0.45939171742614937,0.8129528985507246,,,,0.0706262845498319,0.0,0.0,0.0,0.0,0.0,0.0,0.0,0.3008301559701023,6.1015591735868365e-06,0.0,0.0,4,93.0
D:\cyh\dictionary_learn\outputs\journal\apic_v3_2_screening_cn_ad\r4,42,adni_to_nacc,D:\cyh\dictionary_learn\outputs\journal\apic_v3_2_screening_cn_ad\r4\seed42\adni_to_nacc\apic_v3_2_x\journal_metrics.json,apic_v3_2_x,14,joint,0.08379587145937405,0.5318245382081755,0.8129528985507246,,,,0.08379587145937405,0.0,0.0,0.0,0.0,0.0,0.0,0.0,0.3179243650422039,0.0036162578294761955,0.0,0.0,4,93.0
D:\cyh\dictionary_learn\outputs\journal\apic_v3_2_screening_cn_ad\r4,42,adni_to_nacc,D:\cyh\dictionary_learn\outputs\journal\apic_v3_2_screening_cn_ad\r4\seed42\adni_to_nacc\apic_v3_2_x\journal_metrics.json,apic_v3_2_x,15,joint,0.03016895463995927,0.5633265876877319,0.7966485507246377,,,,0.03016895463995927,0.0,0.0,0.0,0.0,0.0,0.0,0.0,0.29390548025987234,0.0005821975394209895,0.0,0.0,4,93.0
D:\cyh\dictionary_learn\outputs\journal\apic_v3_2_screening_cn_ad\r4,42,adni_to_nacc,D:\cyh\dictionary_learn\outputs\journal\apic_v3_2_screening_cn_ad\r4\seed42\adni_to_nacc\apic_v3_2_x\journal_metrics.json,apic_v3_2_x,16,joint,0.04247901721504035,0.4372661804714743,0.8038949275362319,,,,0.04247901721504035,0.0,0.0,0.0,0.0,0.0,0.0,0.0,0.29252884581864597,0.0033886967322527568,0.0,0.0,4,93.0
D:\cyh\dictionary_learn\outputs\journal\apic_v3_2_screening_cn_ad\r4,42,adni_to_nacc,D:\cyh\dictionary_learn\outputs\journal\apic_v3_2_screening_cn_ad\r4\seed42\adni_to_nacc\apic_v3_2_x\journal_metrics.json,apic_v3_2_x,17,joint,0.018811947981692313,0.4178566704866617,0.8183876811594203,,,,0.018811947981692313,0.0,0.0,0.0,0.0,0.0,0.0,0.0,0.3022892710315176,0.0017466073039018944,0.0,0.0,4,93.0
D:\cyh\dictionary_learn\outputs\journal\apic_v3_2_screening_cn_ad\r4,42,adni_to_nacc,D:\cyh\dictionary_learn\outputs\journal\apic_v3_2_screening_cn_ad\r4\seed42\adni_to_nacc\apic_v3_2_x\journal_metrics.json,apic_v3_2_x,18,joint,0.007060025345971696,0.431394428867621,0.8442028985507246,,,,0.007060025345971696,0.0,0.0,0.0,0.0,0.0,0.0,0.0,0.29977610545704164,0.0035396437284849203,0.0,0.0,4,93.0
D:\cyh\dictionary_learn\outputs\journal\apic_v3_2_screening_cn_ad\r4,42,adni_to_nacc,D:\cyh\dictionary_learn\outputs\journal\apic_v3_2_screening_cn_ad\r4\seed42\adni_to_nacc\apic_v3_2_x\journal_metrics.json,apic_v3_2_x,19,joint,0.0050586069806434035,0.4263234652319985,0.8627717391304347,,,,0.0050586069806434035,0.0,0.0,0.0,0.0,0.0,0.0,0.0,0.2816638196089182,0.0006845375159688246,0.0,0.0,4,93.0
D:\cyh\dictionary_learn\outputs\journal\apic_v3_2_screening_cn_ad\r4,42,adni_to_nacc,D:\cyh\dictionary_learn\outputs\journal\apic_v3_2_screening_cn_ad\r4\seed42\adni_to_nacc\apic_v3_2_x\journal_metrics.json,apic_v3_2_x,20,joint,0.023886032528047597,0.5433397711111746,0.8410326086956522,,,,0.023886032528047597,0.0,0.0,0.0,0.0,0.0,0.0,0.0,0.2874770672565483,0.001896794968465562,0.0,0.0,4,93.0
D:\cyh\dictionary_learn\outputs\journal\apic_v3_2_screening_cn_ad\r4,42,adni_to_nacc,D:\cyh\dictionary_learn\outputs\journal\apic_v3_2_screening_cn_ad\r4\seed42\adni_to_nacc\apic_v3_2_x\journal_metrics.json,apic_v3_2_x,21,joint,0.00744628510648295,0.6110020488734524,0.822463768115942,,,,0.00744628510648295,0.0,0.0,0.0,0.0,0.0,0.0,0.0,0.29261712083615454,0.00013348640828524585,0.0,0.0,4,93.0
D:\cyh\dictionary_learn\outputs\journal\apic_v3_2_screening_cn_ad\r4,42,adni_to_nacc,D:\cyh\dictionary_learn\outputs\journal\apic_v3_2_screening_cn_ad\r4\seed42\adni_to_nacc\apic_v3_2_x\journal_metrics.json,apic_v3_2_x,22,joint,0.002921676575290376,0.5127450685562644,0.8079710144927535,,,,0.002921676575290376,0.0,0.0,0.0,0.0,0.0,0.0,0.0,0.3001770174287888,0.0017628598968135387,0.0,0.0,4,93.0
D:\cyh\dictionary_learn\outputs\journal\apic_v3_2_screening_cn_ad\r4,42,adni_to_nacc,D:\cyh\dictionary_learn\outputs\journal\apic_v3_2_screening_cn_ad\r4\seed42\adni_to_nacc\apic_v3_2_x\journal_metrics.json,apic_v3_2_x,23,joint,0.0023377953766612336,0.5745993520925727,0.8152173913043478,,,,0.0023377953766612336,0.0,0.0,0.0,0.0,0.0,0.0,0.0,0.30404164471540107,0.00221480010437967,0.0,0.0,4,93.0
D:\cyh\dictionary_learn\outputs\journal\apic_v3_2_screening_cn_ad\r4,42,adni_to_nacc,D:\cyh\dictionary_learn\outputs\journal\apic_v3_2_screening_cn_ad\r4\seed42\adni_to_nacc\apic_v3_2_x\journal_metrics.json,apic_v3_2_x,24,joint,0.0029360269601681234,0.589876006069491,0.8120471014492754,,,,0.0029360269601681234,0.0,0.0,0.0,0.0,0.0,0.0,0.0,0.30725824563618165,0.005370827297443535,0.0,0.0,4,93.0
D:\cyh\dictionary_learn\outputs\journal\apic_v3_2_screening_cn_ad\r4,42,adni_to_nacc,D:\cyh\dictionary_learn\outputs\journal\apic_v3_2_screening_cn_ad\r4\seed42\adni_to_nacc\apic_v3_2_x\journal_metrics.json,apic_v3_2_x,25,joint,0.0018295622721780092,0.599740119826544,0.7903079710144927,,,,0.0018295622721780092,0.0,0.0,0.0,0.0,0.0,0.0,0.0,0.30384099357817546,0.0018314389701784017,0.0,0.0,4,93.0
D:\cyh\dictionary_learn\outputs\journal\apic_v3_2_screening_cn_ad\r4,42,adni_to_nacc,D:\cyh\dictionary_learn\outputs\journal\apic_v3_2_screening_cn_ad\r4\seed42\adni_to_nacc\apic_v3_2_x\journal_metrics.json,apic_v3_2_x,26,joint,0.002788639577078992,0.5820515911505455,0.7830615942028984,,,,0.002788639577078992,0.0,0.0,0.0,0.0,0.0,0.0,0.0,0.30128783795488884,0.0005654884624610747,0.0,0.0,4,93.0
D:\cyh\dictionary_learn\outputs\journal\apic_v3_2_screening_cn_ad\r4,42,adni_to_nacc,D:\cyh\dictionary_learn\outputs\journal\apic_v3_2_screening_cn_ad\r4\seed42\adni_to_nacc\apic_v3_2_x\journal_metrics.json,apic_v3_2_x,27,joint,0.0024289149999287517,0.6395742857316262,0.7830615942028984,,,,0.0024289149999287517,0.0,0.0,0.0,0.0,0.0,0.0,0.0,0.30336742785321663,0.002230093785082362,0.0,0.0,4,93.0
D:\cyh\dictionary_learn\outputs\journal\apic_v3_2_screening_cn_ad\r4,42,adni_to_nacc,D:\cyh\dictionary_learn\outputs\journal\apic_v3_2_screening_cn_ad\r4\seed42\adni_to_nacc\apic_v3_2_x\journal_metrics.json,apic_v3_2_x,28,joint,0.0015761983717289608,0.5799887915597863,0.7975543478260869,,,,0.0015761983717289608,0.0,0.0,0.0,0.0,0.0,0.0,0.0,0.2945970537432705,0.0006463851014454964,0.0,0.0,4,93.0
D:\cyh\dictionary_learn\outputs\journal\apic_v3_2_screening_cn_ad\r4,42,adni_to_nacc,D:\cyh\dictionary_learn\outputs\journal\apic_v3_2_screening_cn_ad\r4\seed42\adni_to_nacc\apic_v3_2_x\journal_metrics.json,apic_v3_2_x,29,joint,0.001350615275441669,0.6591465358170988,0.7903079710144927,,,,0.001350615275441669,0.0,0.0,0.0,0.0,0.0,0.0,0.0,0.31664427701967307,0.0007208772011142191,0.0,0.0,4,93.0
D:\cyh\dictionary_learn\outputs\journal\apic_v3_2_screening_cn_ad\r4,42,adni_to_nacc,D:\cyh\dictionary_learn\outputs\journal\apic_v3_2_screening_cn_ad\r4\seed42\adni_to_nacc\apic_v3_2_x\journal_metrics.json,apic_v3_2_x,30,joint,0.0016766457045443793,0.6263769520381964,0.7975543478260869,,,,0.0016766457045443793,0.0,0.0,0.0,0.0,0.0,0.0,0.0,0.29880516895328657,0.0008583797686308242,0.0,0.0,4,93.0
D:\cyh\dictionary_learn\outputs\journal\apic_v3_2_screening_cn_ad\r4,42,adni_to_nacc,D:\cyh\dictionary_learn\outputs\journal\apic_v3_2_screening_cn_ad\r4\seed42\adni_to_nacc\apic_v3_2_x\journal_metrics.json,apic_v3_2_x,31,joint,0.0017270691225063953,0.693535871098782,0.7830615942028984,,,,0.0017270691225063953,0.0,0.0,0.0,0.0,0.0,0.0,0.0,0.30639104114239474,0.0017832655820469682,0.0,0.0,4,93.0
D:\cyh\dictionary_learn\outputs\journal\apic_v3_2_screening_cn_ad\r4,42,adni_to_nacc,D:\cyh\dictionary_learn\outputs\journal\apic_v3_2_screening_cn_ad\r4\seed42\adni_to_nacc\apic_v3_2_x\journal_metrics.json,apic_v3_2_x,32,joint,0.0016536717099721085,0.615489785565104,0.7903079710144927,,,,0.0016536717099721085,0.0,0.0,0.0,0.0,0.0,0.0,0.0,0.3073065740516387,0.004068088549276896,0.0,0.0,4,93.0
D:\cyh\dictionary_learn\outputs\journal\apic_v3_2_screening_cn_ad\r4,42,adni_to_nacc,D:\cyh\dictionary_learn\outputs\journal\apic_v3_2_screening_cn_ad\r4\seed42\adni_to_nacc\apic_v3_2_x\journal_metrics.json,apic_v3_2_x,33,joint,0.0008808937905032288,0.6105921671038781,0.8120471014492754,,,,0.0008808937905032288,0.0,0.0,0.0,0.0,0.0,0.0,0.0,0.30342351097658454,0.0021011756747816267,0.0,0.0,4,93.0
D:\cyh\dictionary_learn\outputs\journal\apic_v3_2_screening_cn_ad\r4,42,adni_to_nacc,D:\cyh\dictionary_learn\outputs\journal\apic_v3_2_screening_cn_ad\r4\seed42\adni_to_nacc\apic_v3_2_x\journal_metrics.json,apic_v3_2_x,34,joint,0.0006233827509540021,0.5881676322066407,0.8410326086956522,,,,0.0006233827509540021,0.0,0.0,0.0,0.0,0.0,0.0,0.0,0.28214724828679877,0.002837205696541937,0.0,0.0,4,93.0
D:\cyh\dictionary_learn\outputs\journal\apic_v3_2_screening_cn_ad\r4,42,adni_to_nacc,D:\cyh\dictionary_learn\outputs\journal\apic_v3_2_screening_cn_ad\r4\seed42\adni_to_nacc\apic_v3_2_x\journal_metrics.json,apic_v3_2_x,35,joint,0.0007127525159266513,0.5964646954166625,0.8627717391304349,,,,0.0007127525159266513,0.0,0.0,0.0,0.0,0.0,0.0,0.0,0.32284748410604086,0.0003498565367927739,0.0,0.0,4,93.0
D:\cyh\dictionary_learn\outputs\journal\apic_v3_2_screening_cn_ad\r4,42,adni_to_nacc,D:\cyh\dictionary_learn\outputs\journal\apic_v3_2_screening_cn_ad\r4\seed42\adni_to_nacc\apic_v3_2_x\journal_metrics.json,apic_v3_2_x,36,joint,0.0007470162195807144,0.6810922634167239,0.8410326086956522,,,,0.0007470162195807144,0.0,0.0,0.0,0.0,0.0,0.0,0.0,0.300252966133945,0.003023214510361509,0.0,0.0,4,93.0
D:\cyh\dictionary_learn\outputs\journal\apic_v3_2_screening_cn_ad\r4,42,adni_to_nacc,D:\cyh\dictionary_learn\outputs\journal\apic_v3_2_screening_cn_ad\r4\seed42\adni_to_nacc\apic_v3_2_x\journal_metrics.json,apic_v3_2_x,37,joint,0.0010532975126796328,0.6951737845953039,0.8120471014492754,,,,0.0010532975126796328,0.0,0.0,0.0,0.0,0.0,0.0,0.0,0.3146709562784218,0.0007150018889939212,0.0,0.0,4,93.0
D:\cyh\dictionary_learn\outputs\journal\apic_v3_2_screening_cn_ad\r4,42,adni_to_nacc,D:\cyh\dictionary_learn\outputs\journal\apic_v3_2_screening_cn_ad\r4\seed42\adni_to_nacc\apic_v3_2_x\journal_metrics.json,apic_v3_2_x,38,joint,0.0008647623737532006,0.6008739318278526,0.8120471014492754,,,,0.0008647623737532006,0.0,0.0,0.0,0.0,0.0,0.0,0.0,0.2905994721923966,0.0020467021919764626,0.0,0.0,4,93.0
D:\cyh\dictionary_learn\outputs\journal\apic_v3_2_screening_cn_ad\r4,42,adni_to_nacc,D:\cyh\dictionary_learn\outputs\journal\apic_v3_2_screening_cn_ad\r4\seed42\adni_to_nacc\apic_v3_2_x\journal_metrics.json,apic_v3_2_x,39,joint,0.0011703180785975363,0.8194401646976058,0.8111413043478262,,,,0.0011703180785975363,0.0,0.0,0.0,0.0,0.0,0.0,0.0,0.3012192154146103,0.0003654821847015177,0.0,0.0,4,93.0
D:\cyh\dictionary_learn\outputs\journal\apic_v3_2_screening_cn_ad\r4,42,adni_to_nacc,D:\cyh\dictionary_learn\outputs\journal\apic_v3_2_screening_cn_ad\r4\seed42\adni_to_nacc\apic_v3_2_x\journal_metrics.json,apic_v3_2_x,40,joint,0.0009708856933103967,0.7687786863554961,0.8215579710144927,,,,0.0009708856933103967,0.0,0.0,0.0,0.0,0.0,0.0,0.0,0.30144874823380663,0.0010733468838708422,0.0,0.0,4,93.0
D:\cyh\dictionary_learn\outputs\journal\apic_v3_2_screening_cn_ad\r4,42,adni_to_nacc,D:\cyh\dictionary_learn\outputs\journal\apic_v3_2_screening_cn_ad\r4\seed42\adni_to_nacc\apic_v3_2_x\journal_metrics.json,apic_v3_2_x,41,joint,0.001036190263034933,0.6085877035343144,0.8143115942028984,,,,0.001036190263034933,0.0,0.0,0.0,0.0,0.0,0.0,0.0,0.2962599445179284,0.0006457029252942247,0.0,0.0,4,93.0
D:\cyh\dictionary_learn\outputs\journal\apic_v3_2_screening_cn_ad\r4,42,adni_to_nacc,D:\cyh\dictionary_learn\outputs\journal\apic_v3_2_screening_cn_ad\r4\seed42\adni_to_nacc\apic_v3_2_x\journal_metrics.json,apic_v3_2_x,42,joint,0.0005902219095168473,0.6070635561707879,0.8297101449275361,,,,0.0005902219095168473,0.0,0.0,0.0,0.0,0.0,0.0,0.0,0.31179762963789054,0.002308799238525449,0.0,0.0,4,93.0
D:\cyh\dictionary_learn\outputs\journal\apic_v3_2_screening_cn_ad\r4,42,adni_to_nacc,D:\cyh\dictionary_learn\outputs\journal\apic_v3_2_screening_cn_ad\r4\seed42\adni_to_nacc\apic_v3_2_x\journal_metrics.json,apic_v3_2_x,43,joint,0.0007548571459676212,0.624949142882525,0.8482789855072465,,,,0.0007548571459676212,0.0,0.0,0.0,0.0,0.0,0.0,0.0,0.3003194872514311,0.0005458552458610204,0.0,0.0,4,93.0
D:\cyh\dictionary_learn\outputs\journal\apic_v3_2_screening_cn_ad\r4,42,adni_to_nacc,D:\cyh\dictionary_learn\outputs\journal\apic_v3_2_screening_cn_ad\r4\seed42\adni_to_nacc\apic_v3_2_x\journal_metrics.json,apic_v3_2_x,44,joint,0.0007979095781012298,0.6457200278328719,0.8410326086956522,,,,0.0007979095781012298,0.0,0.0,0.0,0.0,0.0,0.0,0.0,0.30373739585819015,0.0023741906714547607,0.0,0.0,4,93.0
D:\cyh\dictionary_learn\outputs\journal\apic_v3_2_screening_cn_ad\r4,42,adni_to_nacc,D:\cyh\dictionary_learn\outputs\journal\apic_v3_2_screening_cn_ad\r4\seed42\adni_to_nacc\apic_v3_2_x\journal_metrics.json,apic_v3_2_x,45,joint,0.0006938246553698877,0.6687605829113825,0.8265398550724639,,,,0.0006938246553698877,0.0,0.0,0.0,0.0,0.0,0.0,0.0,0.27897638728819696,0.00023188663241875492,0.0,0.0,4,93.0
D:\cyh\dictionary_learn\outputs\journal\apic_v3_2_screening_cn_ad\r4,42,adni_to_nacc,D:\cyh\dictionary_learn\outputs\journal\apic_v3_2_screening_cn_ad\r4\seed42\adni_to_nacc\apic_v3_2_x\journal_metrics.json,apic_v3_2_x,46,joint,0.0006292157383968406,0.6670118002659776,0.8120471014492754,,,,0.0006292157383968406,0.0,0.0,0.0,0.0,0.0,0.0,0.0,0.32387160518801356,0.0005066860434092676,0.0,0.0,4,93.0
D:\cyh\dictionary_learn\outputs\journal\apic_v3_2_screening_cn_ad\r4,42,adni_to_nacc,D:\cyh\dictionary_learn\outputs\journal\apic_v3_2_screening_cn_ad\r4\seed42\adni_to_nacc\apic_v3_2_x\journal_metrics.json,apic_v3_2_x,47,joint,0.0004165191720124104,0.6895676572119529,0.8120471014492754,,,,0.0004165191720124104,0.0,0.0,0.0,0.0,0.0,0.0,0.0,0.31133419221424197,0.00493085530112084,0.0,0.0,4,93.0
D:\cyh\dictionary_learn\outputs\journal\apic_v3_2_screening_cn_ad\r4,42,adni_to_nacc,D:\cyh\dictionary_learn\outputs\journal\apic_v3_2_screening_cn_ad\r4\seed42\adni_to_nacc\apic_v3_2_x\journal_metrics.json,apic_v3_2_x,48,joint,0.0006278170728463404,0.7212860281555773,0.8120471014492754,,,,0.0006278170728463404,0.0,0.0,0.0,0.0,0.0,0.0,0.0,0.29836623209068575,0.0011291942854468253,0.0,0.0,4,93.0
D:\cyh\dictionary_learn\outputs\journal\apic_v3_2_screening_cn_ad\r4,42,adni_to_nacc,D:\cyh\dictionary_learn\outputs\journal\apic_v3_2_screening_cn_ad\r4\seed42\adni_to_nacc\apic_v3_2_x\journal_metrics.json,apic_v3_2_x,49,joint,0.000512707042693671,0.6634643619443625,0.8120471014492754,,,,0.000512707042693671,0.0,0.0,0.0,0.0,0.0,0.0,0.0,0.3063212116080594,0.003548721780715014,0.0,0.0,4,93.0
D:\cyh\dictionary_learn\outputs\journal\apic_v3_2_screening_cn_ad\r4,42,adni_to_nacc,D:\cyh\dictionary_learn\outputs\journal\apic_v3_2_screening_cn_ad\r4\seed42\adni_to_nacc\apic_v3_2_x\journal_metrics.json,apic_v3_2_x,50,joint,0.00033927920588003947,0.6736405515667332,0.8192934782608695,,,,0.00033927920588003947,0.0,0.0,0.0,0.0,0.0,0.0,0.0,0.2773009156247219,0.0015403844709314337,0.0,0.0,4,93.0
D:\cyh\dictionary_learn\outputs\journal\apic_v3_2_screening_cn_ad\r4,42,adni_to_nacc,D:\cyh\dictionary_learn\outputs\journal\apic_v3_2_screening_cn_ad\r4\seed42\adni_to_nacc\ce_x\journal_metrics.json,ce_x,1,clean,0.4880483987101589,1.947217364071754,0.5,,,,0.4880483987101589,0.0,0.0,0.0,0.0,0.0,0.0,0.0,0.0,0.0,0.0,0.0,,
D:\cyh\dictionary_learn\outputs\journal\apic_v3_2_screening_cn_ad\r4,42,adni_to_nacc,D:\cyh\dictionary_learn\outputs\journal\apic_v3_2_screening_cn_ad\r4\seed42\adni_to_nacc\ce_x\journal_metrics.json,ce_x,2,clean,0.2771149720906852,0.5741282899705868,0.6657608695652174,,,,0.2771149720906852,0.0,0.0,0.0,0.0,0.0,0.0,0.0,0.0,0.0,0.0,0.0,,
D:\cyh\dictionary_learn\outputs\journal\apic_v3_2_screening_cn_ad\r4,42,adni_to_nacc,D:\cyh\dictionary_learn\outputs\journal\apic_v3_2_screening_cn_ad\r4\seed42\adni_to_nacc\ce_x\journal_metrics.json,ce_x,3,clean,0.19255364763673888,1.5816002567969656,0.6521739130434783,,,,0.19255364763673888,0.0,0.0,0.0,0.0,0.0,0.0,0.0,0.0,0.0,0.0,0.0,,
D:\cyh\dictionary_learn\outputs\journal\apic_v3_2_screening_cn_ad\r4,42,adni_to_nacc,D:\cyh\dictionary_learn\outputs\journal\apic_v3_2_screening_cn_ad\r4\seed42\adni_to_nacc\ce_x\journal_metrics.json,ce_x,4,clean,0.21686368785147747,0.9460419423477054,0.7355072463768115,,,,0.21686368785147747,0.0,0.0,0.0,0.0,0.0,0.0,0.0,0.0,0.0,0.0,0.0,,
D:\cyh\dictionary_learn\outputs\journal\apic_v3_2_screening_cn_ad\r4,42,adni_to_nacc,D:\cyh\dictionary_learn\outputs\journal\apic_v3_2_screening_cn_ad\r4\seed42\adni_to_nacc\ce_x\journal_metrics.json,ce_x,5,clean,0.09731395720470562,0.3628882824005076,0.7604166666666666,,,,0.09731395720470562,0.0,0.0,0.0,0.0,0.0,0.0,0.0,0.0,0.0,0.0,0.0,,
D:\cyh\dictionary_learn\outputs\journal\apic_v3_2_screening_cn_ad\r4,42,adni_to_nacc,D:\cyh\dictionary_learn\outputs\journal\apic_v3_2_screening_cn_ad\r4\seed42\adni_to_nacc\ce_x\journal_metrics.json,ce_x,6,clean,0.21942657846340305,0.5521886465051826,0.8097826086956522,,,,0.21942657846340305,0.0,0.0,0.0,0.0,0.0,0.0,0.0,0.0,0.0,0.0,0.0,,
D:\cyh\dictionary_learn\outputs\journal\apic_v3_2_screening_cn_ad\r4,42,adni_to_nacc,D:\cyh\dictionary_learn\outputs\journal\apic_v3_2_screening_cn_ad\r4\seed42\adni_to_nacc\ce_x\journal_metrics.json,ce_x,7,clean,0.15336036701765227,0.7934736049654981,0.7998188405797101,,,,0.15336036701765227,0.0,0.0,0.0,0.0,0.0,0.0,0.0,0.0,0.0,0.0,0.0,,
D:\cyh\dictionary_learn\outputs\journal\apic_v3_2_screening_cn_ad\r4,42,adni_to_nacc,D:\cyh\dictionary_learn\outputs\journal\apic_v3_2_screening_cn_ad\r4\seed42\adni_to_nacc\ce_x\journal_metrics.json,ce_x,8,clean,0.15876956967951125,0.8549340370289102,0.7373188405797101,,,,0.15876956967951125,0.0,0.0,0.0,0.0,0.0,0.0,0.0,0.0,0.0,0.0,0.0,,
D:\cyh\dictionary_learn\outputs\journal\apic_v3_2_screening_cn_ad\r4,42,adni_to_nacc,D:\cyh\dictionary_learn\outputs\journal\apic_v3_2_screening_cn_ad\r4\seed42\adni_to_nacc\ce_x\journal_metrics.json,ce_x,9,clean,0.09723564614794296,1.1172153512936844,0.708786231884058,,,,0.09723564614794296,0.0,0.0,0.0,0.0,0.0,0.0,0.0,0.0,0.0,0.0,0.0,,
D:\cyh\dictionary_learn\outputs\journal\apic_v3_2_screening_cn_ad\r4,42,adni_to_nacc,D:\cyh\dictionary_learn\outputs\journal\apic_v3_2_screening_cn_ad\r4\seed42\adni_to_nacc\ce_x\journal_metrics.json,ce_x,10,clean,0.12103972243739808,0.5949392515972678,0.7377717391304347,,,,0.12103972243739808,0.0,0.0,0.0,0.0,0.0,0.0,0.0,0.0,0.0,0.0,0.0,,
D:\cyh\dictionary_learn\outputs\journal\apic_v3_2_screening_cn_ad\r4,42,adni_to_nacc,D:\cyh\dictionary_learn\outputs\journal\apic_v3_2_screening_cn_ad\r4\seed42\adni_to_nacc\ce_x\journal_metrics.json,ce_x,11,clean,0.051832741838935985,0.35290222606217525,0.7921195652173912,,,,0.051832741838935985,0.0,0.0,0.0,0.0,0.0,0.0,0.0,0.0,0.0,0.0,0.0,,
D:\cyh\dictionary_learn\outputs\journal\apic_v3_2_screening_cn_ad\r4,42,adni_to_nacc,D:\cyh\dictionary_learn\outputs\journal\apic_v3_2_screening_cn_ad\r4\seed42\adni_to_nacc\ce_x\journal_metrics.json,ce_x,12,clean,0.07883002549684774,0.48623326318646026,0.8442028985507246,,,,0.07883002549684774,0.0,0.0,0.0,0.0,0.0,0.0,0.0,0.0,0.0,0.0,0.0,,
D:\cyh\dictionary_learn\outputs\journal\apic_v3_2_screening_cn_ad\r4,42,adni_to_nacc,D:\cyh\dictionary_learn\outputs\journal\apic_v3_2_screening_cn_ad\r4\seed42\adni_to_nacc\ce_x\journal_metrics.json,ce_x,13,clean,0.041720837239647306,0.34880491770652367,0.8804347826086957,,,,0.041720837239647306,0.0,0.0,0.0,0.0,0.0,0.0,0.0,0.0,0.0,0.0,0.0,,
D:\cyh\dictionary_learn\outputs\journal\apic_v3_2_screening_cn_ad\r4,42,adni_to_nacc,D:\cyh\dictionary_learn\outputs\journal\apic_v3_2_screening_cn_ad\r4\seed42\adni_to_nacc\ce_x\journal_metrics.json,ce_x,14,clean,0.014281314818738365,0.3102248174133974,0.8990036231884058,,,,0.014281314818738365,0.0,0.0,0.0,0.0,0.0,0.0,0.0,0.0,0.0,0.0,0.0,,
D:\cyh\dictionary_learn\outputs\journal\apic_v3_2_screening_cn_ad\r4,42,adni_to_nacc,D:\cyh\dictionary_learn\outputs\journal\apic_v3_2_screening_cn_ad\r4\seed42\adni_to_nacc\ce_x\journal_metrics.json,ce_x,15,clean,0.00808772274450096,0.33954332726798897,0.9157608695652174,,,,0.00808772274450096,0.0,0.0,0.0,0.0,0.0,0.0,0.0,0.0,0.0,0.0,0.0,,
D:\cyh\dictionary_learn\outputs\journal\apic_v3_2_screening_cn_ad\r4,42,adni_to_nacc,D:\cyh\dictionary_learn\outputs\journal\apic_v3_2_screening_cn_ad\r4\seed42\adni_to_nacc\ce_x\journal_metrics.json,ce_x,16,clean,0.007691304014255124,0.2840266876627761,0.9053442028985508,,,,0.007691304014255124,0.0,0.0,0.0,0.0,0.0,0.0,0.0,0.0,0.0,0.0,0.0,,
D:\cyh\dictionary_learn\outputs\journal\apic_v3_2_screening_cn_ad\r4,42,adni_to_nacc,D:\cyh\dictionary_learn\outputs\journal\apic_v3_2_screening_cn_ad\r4\seed42\adni_to_nacc\ce_x\journal_metrics.json,ce_x,17,clean,0.004802105727420379,0.3045563326046455,0.8876811594202899,,,,0.004802105727420379,0.0,0.0,0.0,0.0,0.0,0.0,0.0,0.0,0.0,0.0,0.0,,
D:\cyh\dictionary_learn\outputs\journal\apic_v3_2_screening_cn_ad\r4,42,adni_to_nacc,D:\cyh\dictionary_learn\outputs\journal\apic_v3_2_screening_cn_ad\r4\seed42\adni_to_nacc\ce_x\journal_metrics.json,ce_x,18,clean,0.0033537739816301287,0.3357244028568703,0.8772644927536232,,,,0.0033537739816301287,0.0,0.0,0.0,0.0,0.0,0.0,0.0,0.0,0.0,0.0,0.0,,
D:\cyh\dictionary_learn\outputs\journal\apic_v3_2_screening_cn_ad\r4,42,adni_to_nacc,D:\cyh\dictionary_learn\outputs\journal\apic_v3_2_screening_cn_ad\r4\seed42\adni_to_nacc\ce_x\journal_metrics.json,ce_x,19,clean,0.002611990866226043,0.36480828228995277,0.8772644927536232,,,,0.002611990866226043,0.0,0.0,0.0,0.0,0.0,0.0,0.0,0.0,0.0,0.0,0.0,,
D:\cyh\dictionary_learn\outputs\journal\apic_v3_2_screening_cn_ad\r4,42,adni_to_nacc,D:\cyh\dictionary_learn\outputs\journal\apic_v3_2_screening_cn_ad\r4\seed42\adni_to_nacc\ce_x\journal_metrics.json,ce_x,20,clean,0.0041139145619839045,0.4615770744686707,0.8740942028985508,,,,0.0041139145619839045,0.0,0.0,0.0,0.0,0.0,0.0,0.0,0.0,0.0,0.0,0.0,,
D:\cyh\dictionary_learn\outputs\journal\apic_v3_2_screening_cn_ad\r4,42,adni_to_nacc,D:\cyh\dictionary_learn\outputs\journal\apic_v3_2_screening_cn_ad\r4\seed42\adni_to_nacc\ce_x\journal_metrics.json,ce_x,21,clean,0.0032656230011405087,0.40472331838978826,0.8876811594202897,,,,0.0032656230011405087,0.0,0.0,0.0,0.0,0.0,0.0,0.0,0.0,0.0,0.0,0.0,,
D:\cyh\dictionary_learn\outputs\journal\apic_v3_2_screening_cn_ad\r4,42,adni_to_nacc,D:\cyh\dictionary_learn\outputs\journal\apic_v3_2_screening_cn_ad\r4\seed42\adni_to_nacc\ce_x\journal_metrics.json,ce_x,22,clean,0.0016532514843225748,0.36730599828050164,0.8940217391304347,,,,0.0016532514843225748,0.0,0.0,0.0,0.0,0.0,0.0,0.0,0.0,0.0,0.0,0.0,,
D:\cyh\dictionary_learn\outputs\journal\apic_v3_2_screening_cn_ad\r4,42,adni_to_nacc,D:\cyh\dictionary_learn\outputs\journal\apic_v3_2_screening_cn_ad\r4\seed42\adni_to_nacc\ce_x\journal_metrics.json,ce_x,23,clean,0.0019196748472462655,0.3599467317734072,0.8931159420289854,,,,0.0019196748472462655,0.0,0.0,0.0,0.0,0.0,0.0,0.0,0.0,0.0,0.0,0.0,,
D:\cyh\dictionary_learn\outputs\journal\apic_v3_2_screening_cn_ad\r4,42,adni_to_nacc,D:\cyh\dictionary_learn\outputs\journal\apic_v3_2_screening_cn_ad\r4\seed42\adni_to_nacc\ce_x\journal_metrics.json,ce_x,24,clean,0.0021235029846401773,0.39969287556733385,0.8931159420289854,,,,0.0021235029846401773,0.0,0.0,0.0,0.0,0.0,0.0,0.0,0.0,0.0,0.0,0.0,,
D:\cyh\dictionary_learn\outputs\journal\apic_v3_2_screening_cn_ad\r4,42,adni_to_nacc,D:\cyh\dictionary_learn\outputs\journal\apic_v3_2_screening_cn_ad\r4\seed42\adni_to_nacc\ce_x\journal_metrics.json,ce_x,25,clean,0.0013544595558743317,0.37332493629267294,0.872282608695652,,,,0.0013544595558743317,0.0,0.0,0.0,0.0,0.0,0.0,0.0,0.0,0.0,0.0,0.0,,
D:\cyh\dictionary_learn\outputs\journal\apic_v3_2_screening_cn_ad\r4,42,adni_to_nacc,D:\cyh\dictionary_learn\outputs\journal\apic_v3_2_screening_cn_ad\r4\seed42\adni_to_nacc\ce_x\journal_metrics.json,ce_x,26,clean,0.002116474051660359,0.3873166792404416,0.8618659420289854,,,,0.002116474051660359,0.0,0.0,0.0,0.0,0.0,0.0,0.0,0.0,0.0,0.0,0.0,,
D:\cyh\dictionary_learn\outputs\journal\apic_v3_2_screening_cn_ad\r4,42,adni_to_nacc,D:\cyh\dictionary_learn\outputs\journal\apic_v3_2_screening_cn_ad\r4\seed42\adni_to_nacc\ce_x\journal_metrics.json,ce_x,27,clean,0.001890892477012492,0.43615936405022127,0.8618659420289854,,,,0.001890892477012492,0.0,0.0,0.0,0.0,0.0,0.0,0.0,0.0,0.0,0.0,0.0,,
D:\cyh\dictionary_learn\outputs\journal\apic_v3_2_screening_cn_ad\r4,42,adni_to_nacc,D:\cyh\dictionary_learn\outputs\journal\apic_v3_2_screening_cn_ad\r4\seed42\adni_to_nacc\ce_x\journal_metrics.json,ce_x,28,clean,0.001303333299341808,0.3961968298777411,0.8618659420289854,,,,0.001303333299341808,0.0,0.0,0.0,0.0,0.0,0.0,0.0,0.0,0.0,0.0,0.0,,
D:\cyh\dictionary_learn\outputs\journal\apic_v3_2_screening_cn_ad\r4,42,adni_to_nacc,D:\cyh\dictionary_learn\outputs\journal\apic_v3_2_screening_cn_ad\r4\seed42\adni_to_nacc\ce_x\journal_metrics.json,ce_x,29,clean,0.001245326360183381,0.4925691289961421,0.8754528985507246,,,,0.001245326360183381,0.0,0.0,0.0,0.0,0.0,0.0,0.0,0.0,0.0,0.0,0.0,,
D:\cyh\dictionary_learn\outputs\journal\apic_v3_2_screening_cn_ad\r4,42,adni_to_nacc,D:\cyh\dictionary_learn\outputs\journal\apic_v3_2_screening_cn_ad\r4\seed42\adni_to_nacc\ce_x\journal_metrics.json,ce_x,30,clean,0.0014545113190690179,0.40020778374893334,0.8691123188405797,,,,0.0014545113190690179,0.0,0.0,0.0,0.0,0.0,0.0,0.0,0.0,0.0,0.0,0.0,,
D:\cyh\dictionary_learn\outputs\journal\apic_v3_2_screening_cn_ad\r4,42,adni_to_nacc,D:\cyh\dictionary_learn\outputs\journal\apic_v3_2_screening_cn_ad\r4\seed42\adni_to_nacc\ce_x\journal_metrics.json,ce_x,31,clean,0.0018120461447039586,0.4276472464790922,0.8899456521739131,,,,0.0018120461447039586,0.0,0.0,0.0,0.0,0.0,0.0,0.0,0.0,0.0,0.0,0.0,,
D:\cyh\dictionary_learn\outputs\journal\apic_v3_2_screening_cn_ad\r4,42,adni_to_nacc,D:\cyh\dictionary_learn\outputs\journal\apic_v3_2_screening_cn_ad\r4\seed42\adni_to_nacc\ce_x\journal_metrics.json,ce_x,32,clean,0.0012432679060407556,0.3951459250727326,0.8763586956521738,,,,0.0012432679060407556,0.0,0.0,0.0,0.0,0.0,0.0,0.0,0.0,0.0,0.0,0.0,,
D:\cyh\dictionary_learn\outputs\journal\apic_v3_2_screening_cn_ad\r4,42,adni_to_nacc,D:\cyh\dictionary_learn\outputs\journal\apic_v3_2_screening_cn_ad\r4\seed42\adni_to_nacc\ce_x\journal_metrics.json,ce_x,33,clean,0.0006596588343189025,0.4396334947497173,0.8763586956521738,,,,0.0006596588343189025,0.0,0.0,0.0,0.0,0.0,0.0,0.0,0.0,0.0,0.0,0.0,,
D:\cyh\dictionary_learn\outputs\journal\apic_v3_2_screening_cn_ad\r4,42,adni_to_nacc,D:\cyh\dictionary_learn\outputs\journal\apic_v3_2_screening_cn_ad\r4\seed42\adni_to_nacc\ce_x\journal_metrics.json,ce_x,34,clean,0.0005179059313728014,0.40503692620530035,0.8700181159420289,,,,0.0005179059313728014,0.0,0.0,0.0,0.0,0.0,0.0,0.0,0.0,0.0,0.0,0.0,,
D:\cyh\dictionary_learn\outputs\journal\apic_v3_2_screening_cn_ad\r4,42,adni_to_nacc,D:\cyh\dictionary_learn\outputs\journal\apic_v3_2_screening_cn_ad\r4\seed42\adni_to_nacc\ce_x\journal_metrics.json,ce_x,35,clean,0.0006120305616024276,0.4055993166277644,0.8845108695652174,,,,0.0006120305616024276,0.0,0.0,0.0,0.0,0.0,0.0,0.0,0.0,0.0,0.0,0.0,,
D:\cyh\dictionary_learn\outputs\journal\apic_v3_2_screening_cn_ad\r4,42,adni_to_nacc,D:\cyh\dictionary_learn\outputs\journal\apic_v3_2_screening_cn_ad\r4\seed42\adni_to_nacc\ce_x\journal_metrics.json,ce_x,36,clean,0.000635544074524309,0.47126910559366925,0.8908514492753623,,,,0.000635544074524309,0.0,0.0,0.0,0.0,0.0,0.0,0.0,0.0,0.0,0.0,0.0,,
D:\cyh\dictionary_learn\outputs\journal\apic_v3_2_screening_cn_ad\r4,42,adni_to_nacc,D:\cyh\dictionary_learn\outputs\journal\apic_v3_2_screening_cn_ad\r4\seed42\adni_to_nacc\ce_x\journal_metrics.json,ce_x,37,clean,0.0009450921549055731,0.48311897686958993,0.8971920289855072,,,,0.0009450921549055731,0.0,0.0,0.0,0.0,0.0,0.0,0.0,0.0,0.0,0.0,0.0,,
D:\cyh\dictionary_learn\outputs\journal\apic_v3_2_screening_cn_ad\r4,42,adni_to_nacc,D:\cyh\dictionary_learn\outputs\journal\apic_v3_2_screening_cn_ad\r4\seed42\adni_to_nacc\ce_x\journal_metrics.json,ce_x,38,clean,0.0006804008096725125,0.4193500728204801,0.8899456521739131,,,,0.0006804008096725125,0.0,0.0,0.0,0.0,0.0,0.0,0.0,0.0,0.0,0.0,0.0,,
D:\cyh\dictionary_learn\outputs\journal\apic_v3_2_screening_cn_ad\r4,42,adni_to_nacc,D:\cyh\dictionary_learn\outputs\journal\apic_v3_2_screening_cn_ad\r4\seed42\adni_to_nacc\ce_x\journal_metrics.json,ce_x,39,clean,0.0008537169567453787,0.4673130709596183,0.8899456521739131,,,,0.0008537169567453787,0.0,0.0,0.0,0.0,0.0,0.0,0.0,0.0,0.0,0.0,0.0,,
D:\cyh\dictionary_learn\outputs\journal\apic_v3_2_screening_cn_ad\r4,42,adni_to_nacc,D:\cyh\dictionary_learn\outputs\journal\apic_v3_2_screening_cn_ad\r4\seed42\adni_to_nacc\ce_x\journal_metrics.json,ce_x,40,clean,0.0008430391381884271,0.5046948545093742,0.8899456521739131,,,,0.0008430391381884271,0.0,0.0,0.0,0.0,0.0,0.0,0.0,0.0,0.0,0.0,0.0,,
D:\cyh\dictionary_learn\outputs\journal\apic_v3_2_screening_cn_ad\r4,42,adni_to_nacc,D:\cyh\dictionary_learn\outputs\journal\apic_v3_2_screening_cn_ad\r4\seed42\adni_to_nacc\ce_x\journal_metrics.json,ce_x,41,clean,0.0008271641597812379,0.4339466406497521,0.8931159420289854,,,,0.0008271641597812379,0.0,0.0,0.0,0.0,0.0,0.0,0.0,0.0,0.0,0.0,0.0,,
D:\cyh\dictionary_learn\outputs\journal\apic_v3_2_screening_cn_ad\r4,42,adni_to_nacc,D:\cyh\dictionary_learn\outputs\journal\apic_v3_2_screening_cn_ad\r4\seed42\adni_to_nacc\ce_x\journal_metrics.json,ce_x,42,clean,0.00048484033243997155,0.42441936405380404,0.8867753623188405,,,,0.00048484033243997155,0.0,0.0,0.0,0.0,0.0,0.0,0.0,0.0,0.0,0.0,0.0,,
D:\cyh\dictionary_learn\outputs\journal\apic_v3_2_screening_cn_ad\r4,42,adni_to_nacc,D:\cyh\dictionary_learn\outputs\journal\apic_v3_2_screening_cn_ad\r4\seed42\adni_to_nacc\ce_x\journal_metrics.json,ce_x,43,clean,0.000663990949914182,0.45517949533029234,0.8804347826086957,,,,0.000663990949914182,0.0,0.0,0.0,0.0,0.0,0.0,0.0,0.0,0.0,0.0,0.0,,
D:\cyh\dictionary_learn\outputs\journal\apic_v3_2_screening_cn_ad\r4,42,adni_to_nacc,D:\cyh\dictionary_learn\outputs\journal\apic_v3_2_screening_cn_ad\r4\seed42\adni_to_nacc\ce_x\journal_metrics.json,ce_x,44,clean,0.0006007984953305505,0.4497108046873864,0.8700181159420289,,,,0.0006007984953305505,0.0,0.0,0.0,0.0,0.0,0.0,0.0,0.0,0.0,0.0,0.0,,
D:\cyh\dictionary_learn\outputs\journal\apic_v3_2_screening_cn_ad\r4,42,adni_to_nacc,D:\cyh\dictionary_learn\outputs\journal\apic_v3_2_screening_cn_ad\r4\seed42\adni_to_nacc\ce_x\journal_metrics.json,ce_x,45,clean,0.0006025313929737411,0.4088521521068956,0.8700181159420289,,,,0.0006025313929737411,0.0,0.0,0.0,0.0,0.0,0.0,0.0,0.0,0.0,0.0,0.0,,
D:\cyh\dictionary_learn\outputs\journal\apic_v3_2_screening_cn_ad\r4,42,adni_to_nacc,D:\cyh\dictionary_learn\outputs\journal\apic_v3_2_screening_cn_ad\r4\seed42\adni_to_nacc\ce_x\journal_metrics.json,ce_x,46,clean,0.0005113628816923073,0.44599420587084476,0.8700181159420289,,,,0.0005113628816923073,0.0,0.0,0.0,0.0,0.0,0.0,0.0,0.0,0.0,0.0,0.0,,
D:\cyh\dictionary_learn\outputs\journal\apic_v3_2_screening_cn_ad\r4,42,adni_to_nacc,D:\cyh\dictionary_learn\outputs\journal\apic_v3_2_screening_cn_ad\r4\seed42\adni_to_nacc\ce_x\journal_metrics.json,ce_x,47,clean,0.0003949975503621909,0.46705243815157066,0.8804347826086957,,,,0.0003949975503621909,0.0,0.0,0.0,0.0,0.0,0.0,0.0,0.0,0.0,0.0,0.0,,
D:\cyh\dictionary_learn\outputs\journal\apic_v3_2_screening_cn_ad\r4,42,adni_to_nacc,D:\cyh\dictionary_learn\outputs\journal\apic_v3_2_screening_cn_ad\r4\seed42\adni_to_nacc\ce_x\journal_metrics.json,ce_x,48,clean,0.0005211740708326976,0.46797574983014234,0.8763586956521738,,,,0.0005211740708326976,0.0,0.0,0.0,0.0,0.0,0.0,0.0,0.0,0.0,0.0,0.0,,
D:\cyh\dictionary_learn\outputs\journal\apic_v3_2_screening_cn_ad\r4,42,adni_to_nacc,D:\cyh\dictionary_learn\outputs\journal\apic_v3_2_screening_cn_ad\r4\seed42\adni_to_nacc\ce_x\journal_metrics.json,ce_x,49,clean,0.00045062842312849585,0.44547767766653124,0.872282608695652,,,,0.00045062842312849585,0.0,0.0,0.0,0.0,0.0,0.0,0.0,0.0,0.0,0.0,0.0,,
D:\cyh\dictionary_learn\outputs\journal\apic_v3_2_screening_cn_ad\r4,42,adni_to_nacc,D:\cyh\dictionary_learn\outputs\journal\apic_v3_2_screening_cn_ad\r4\seed42\adni_to_nacc\ce_x\journal_metrics.json,ce_x,50,clean,0.00032890821771013496,0.4568280926848257,0.8691123188405797,,,,0.00032890821771013496,0.0,0.0,0.0,0.0,0.0,0.0,0.0,0.0,0.0,0.0,0.0,,
D:\cyh\dictionary_learn\outputs\journal\apic_v3_2_screening_cn_ad\r4,42,adni_to_nacc,D:\cyh\dictionary_learn\outputs\journal\apic_v3_2_screening_cn_ad\r4\seed42\adni_to_nacc\mixstyle_x\journal_metrics.json,mixstyle_x,1,mixstyle,0.497241884649518,0.7131001104091136,0.623641304347826,,,,0.497241884649518,0.0,0.0,0.0,0.0,0.0,0.0,0.0,0.0,0.0,0.0,0.0,,
D:\cyh\dictionary_learn\outputs\journal\apic_v3_2_screening_cn_ad\r4,42,adni_to_nacc,D:\cyh\dictionary_learn\outputs\journal\apic_v3_2_screening_cn_ad\r4\seed42\adni_to_nacc\mixstyle_x\journal_metrics.json,mixstyle_x,2,mixstyle,0.319818915485079,2.4293530822098957,0.5618206521739131,,,,0.319818915485079,0.0,0.0,0.0,0.0,0.0,0.0,0.0,0.0,0.0,0.0,0.0,,
D:\cyh\dictionary_learn\outputs\journal\apic_v3_2_screening_cn_ad\r4,42,adni_to_nacc,D:\cyh\dictionary_learn\outputs\journal\apic_v3_2_screening_cn_ad\r4\seed42\adni_to_nacc\mixstyle_x\journal_metrics.json,mixstyle_x,3,mixstyle,0.22450069530519196,0.8480798050045365,0.6453804347826088,,,,0.22450069530519196,0.0,0.0,0.0,0.0,0.0,0.0,0.0,0.0,0.0,0.0,0.0,,
D:\cyh\dictionary_learn\outputs\journal\apic_v3_2_screening_cn_ad\r4,42,adni_to_nacc,D:\cyh\dictionary_learn\outputs\journal\apic_v3_2_screening_cn_ad\r4\seed42\adni_to_nacc\mixstyle_x\journal_metrics.json,mixstyle_x,4,mixstyle,0.21702449956168252,0.5170051634568669,0.7137681159420289,,,,0.21702449956168252,0.0,0.0,0.0,0.0,0.0,0.0,0.0,0.0,0.0,0.0,0.0,,
D:\cyh\dictionary_learn\outputs\journal\apic_v3_2_screening_cn_ad\r4,42,adni_to_nacc,D:\cyh\dictionary_learn\outputs\journal\apic_v3_2_screening_cn_ad\r4\seed42\adni_to_nacc\mixstyle_x\journal_metrics.json,mixstyle_x,5,mixstyle,0.09661003823268664,0.4160231939200663,0.8378623188405797,,,,0.09661003823268664,0.0,0.0,0.0,0.0,0.0,0.0,0.0,0.0,0.0,0.0,0.0,,
D:\cyh\dictionary_learn\outputs\journal\apic_v3_2_screening_cn_ad\r4,42,adni_to_nacc,D:\cyh\dictionary_learn\outputs\journal\apic_v3_2_screening_cn_ad\r4\seed42\adni_to_nacc\mixstyle_x\journal_metrics.json,mixstyle_x,6,mixstyle,0.2450057753889137,0.5015414700193225,0.8297101449275361,,,,0.2450057753889137,0.0,0.0,0.0,0.0,0.0,0.0,0.0,0.0,0.0,0.0,0.0,,
D:\cyh\dictionary_learn\outputs\journal\apic_v3_2_screening_cn_ad\r4,42,adni_to_nacc,D:\cyh\dictionary_learn\outputs\journal\apic_v3_2_screening_cn_ad\r4\seed42\adni_to_nacc\mixstyle_x\journal_metrics.json,mixstyle_x,7,mixstyle,0.1828435726200107,0.39500757264641095,0.8514492753623188,,,,0.1828435726200107,0.0,0.0,0.0,0.0,0.0,0.0,0.0,0.0,0.0,0.0,0.0,,
D:\cyh\dictionary_learn\outputs\journal\apic_v3_2_screening_cn_ad\r4,42,adni_to_nacc,D:\cyh\dictionary_learn\outputs\journal\apic_v3_2_screening_cn_ad\r4\seed42\adni_to_nacc\mixstyle_x\journal_metrics.json,mixstyle_x,8,mixstyle,0.21004545047363066,0.6055122826843937,0.8315217391304349,,,,0.21004545047363066,0.0,0.0,0.0,0.0,0.0,0.0,0.0,0.0,0.0,0.0,0.0,,
D:\cyh\dictionary_learn\outputs\journal\apic_v3_2_screening_cn_ad\r4,42,adni_to_nacc,D:\cyh\dictionary_learn\outputs\journal\apic_v3_2_screening_cn_ad\r4\seed42\adni_to_nacc\mixstyle_x\journal_metrics.json,mixstyle_x,9,mixstyle,0.10823392165482539,0.764930206983304,0.8084239130434782,,,,0.10823392165482539,0.0,0.0,0.0,0.0,0.0,0.0,0.0,0.0,0.0,0.0,0.0,,
D:\cyh\dictionary_learn\outputs\journal\apic_v3_2_screening_cn_ad\r4,42,adni_to_nacc,D:\cyh\dictionary_learn\outputs\journal\apic_v3_2_screening_cn_ad\r4\seed42\adni_to_nacc\mixstyle_x\journal_metrics.json,mixstyle_x,10,mixstyle,0.12904088826378785,0.5437476771750778,0.7907608695652174,,,,0.12904088826378785,0.0,0.0,0.0,0.0,0.0,0.0,0.0,0.0,0.0,0.0,0.0,,
D:\cyh\dictionary_learn\outputs\journal\apic_v3_2_screening_cn_ad\r4,42,adni_to_nacc,D:\cyh\dictionary_learn\outputs\journal\apic_v3_2_screening_cn_ad\r4\seed42\adni_to_nacc\mixstyle_x\journal_metrics.json,mixstyle_x,11,mixstyle,0.07193782071145363,0.37414695948959803,0.8002717391304347,,,,0.07193782071145363,0.0,0.0,0.0,0.0,0.0,0.0,0.0,0.0,0.0,0.0,0.0,,
D:\cyh\dictionary_learn\outputs\journal\apic_v3_2_screening_cn_ad\r4,42,adni_to_nacc,D:\cyh\dictionary_learn\outputs\journal\apic_v3_2_screening_cn_ad\r4\seed42\adni_to_nacc\mixstyle_x\journal_metrics.json,mixstyle_x,12,mixstyle,0.08970993114018207,0.5954782394958629,0.8419384057971014,,,,0.08970993114018207,0.0,0.0,0.0,0.0,0.0,0.0,0.0,0.0,0.0,0.0,0.0,,
D:\cyh\dictionary_learn\outputs\journal\apic_v3_2_screening_cn_ad\r4,42,adni_to_nacc,D:\cyh\dictionary_learn\outputs\journal\apic_v3_2_screening_cn_ad\r4\seed42\adni_to_nacc\mixstyle_x\journal_metrics.json,mixstyle_x,13,mixstyle,0.08271374536891389,0.40015858603325094,0.8387681159420289,,,,0.08271374536891389,0.0,0.0,0.0,0.0,0.0,0.0,0.0,0.0,0.0,0.0,0.0,,
D:\cyh\dictionary_learn\outputs\journal\apic_v3_2_screening_cn_ad\r4,42,adni_to_nacc,D:\cyh\dictionary_learn\outputs\journal\apic_v3_2_screening_cn_ad\r4\seed42\adni_to_nacc\mixstyle_x\journal_metrics.json,mixstyle_x,14,mixstyle,0.0453278748066086,0.648966209604932,0.8048007246376812,,,,0.0453278748066086,0.0,0.0,0.0,0.0,0.0,0.0,0.0,0.0,0.0,0.0,0.0,,
D:\cyh\dictionary_learn\outputs\journal\apic_v3_2_screening_cn_ad\r4,42,adni_to_nacc,D:\cyh\dictionary_learn\outputs\journal\apic_v3_2_screening_cn_ad\r4\seed42\adni_to_nacc\mixstyle_x\journal_metrics.json,mixstyle_x,15,mixstyle,0.03450444254726845,0.5356350457932765,0.8102355072463768,,,,0.03450444254726845,0.0,0.0,0.0,0.0,0.0,0.0,0.0,0.0,0.0,0.0,0.0,,
D:\cyh\dictionary_learn\outputs\journal\apic_v3_2_screening_cn_ad\r4,42,adni_to_nacc,D:\cyh\dictionary_learn\outputs\journal\apic_v3_2_screening_cn_ad\r4\seed42\adni_to_nacc\mixstyle_x\journal_metrics.json,mixstyle_x,16,mixstyle,0.022591707556149417,0.4380567168211784,0.8143115942028984,,,,0.022591707556149417,0.0,0.0,0.0,0.0,0.0,0.0,0.0,0.0,0.0,0.0,0.0,,
D:\cyh\dictionary_learn\outputs\journal\apic_v3_2_screening_cn_ad\r4,42,adni_to_nacc,D:\cyh\dictionary_learn\outputs\journal\apic_v3_2_screening_cn_ad\r4\seed42\adni_to_nacc\mixstyle_x\journal_metrics.json,mixstyle_x,17,mixstyle,0.020247065639600204,0.39217303474960885,0.8555253623188405,,,,0.020247065639600204,0.0,0.0,0.0,0.0,0.0,0.0,0.0,0.0,0.0,0.0,0.0,,
D:\cyh\dictionary_learn\outputs\journal\apic_v3_2_screening_cn_ad\r4,42,adni_to_nacc,D:\cyh\dictionary_learn\outputs\journal\apic_v3_2_screening_cn_ad\r4\seed42\adni_to_nacc\mixstyle_x\journal_metrics.json,mixstyle_x,18,mixstyle,0.008294579124846777,0.3879732947809213,0.8564311594202899,,,,0.008294579124846777,0.0,0.0,0.0,0.0,0.0,0.0,0.0,0.0,0.0,0.0,0.0,,
D:\cyh\dictionary_learn\outputs\journal\apic_v3_2_screening_cn_ad\r4,42,adni_to_nacc,D:\cyh\dictionary_learn\outputs\journal\apic_v3_2_screening_cn_ad\r4\seed42\adni_to_nacc\mixstyle_x\journal_metrics.json,mixstyle_x,19,mixstyle,0.0045336764523232105,0.40801988539389195,0.8596014492753623,,,,0.0045336764523232105,0.0,0.0,0.0,0.0,0.0,0.0,0.0,0.0,0.0,0.0,0.0,,
D:\cyh\dictionary_learn\outputs\journal\apic_v3_2_screening_cn_ad\r4,42,adni_to_nacc,D:\cyh\dictionary_learn\outputs\journal\apic_v3_2_screening_cn_ad\r4\seed42\adni_to_nacc\mixstyle_x\journal_metrics.json,mixstyle_x,20,mixstyle,0.006245386872667797,0.50145621081421,0.8514492753623188,,,,0.006245386872667797,0.0,0.0,0.0,0.0,0.0,0.0,0.0,0.0,0.0,0.0,0.0,,
D:\cyh\dictionary_learn\outputs\journal\apic_v3_2_screening_cn_ad\r4,42,adni_to_nacc,D:\cyh\dictionary_learn\outputs\journal\apic_v3_2_screening_cn_ad\r4\seed42\adni_to_nacc\mixstyle_x\journal_metrics.json,mixstyle_x,21,mixstyle,0.004590824343536206,0.4379410422821683,0.8722826086956522,,,,0.004590824343536206,0.0,0.0,0.0,0.0,0.0,0.0,0.0,0.0,0.0,0.0,0.0,,
D:\cyh\dictionary_learn\outputs\journal\apic_v3_2_screening_cn_ad\r4,42,adni_to_nacc,D:\cyh\dictionary_learn\outputs\journal\apic_v3_2_screening_cn_ad\r4\seed42\adni_to_nacc\mixstyle_x\journal_metrics.json,mixstyle_x,22,mixstyle,0.0025300881911296375,0.5895858234800025,0.8528079710144928,,,,0.0025300881911296375,0.0,0.0,0.0,0.0,0.0,0.0,0.0,0.0,0.0,0.0,0.0,,
D:\cyh\dictionary_learn\outputs\journal\apic_v3_2_screening_cn_ad\r4,42,adni_to_nacc,D:\cyh\dictionary_learn\outputs\journal\apic_v3_2_screening_cn_ad\r4\seed42\adni_to_nacc\mixstyle_x\journal_metrics.json,mixstyle_x,23,mixstyle,0.0022372116905592203,0.5770280673584565,0.8455615942028984,,,,0.0022372116905592203,0.0,0.0,0.0,0.0,0.0,0.0,0.0,0.0,0.0,0.0,0.0,,
D:\cyh\dictionary_learn\outputs\journal\apic_v3_2_screening_cn_ad\r4,42,adni_to_nacc,D:\cyh\dictionary_learn\outputs\journal\apic_v3_2_screening_cn_ad\r4\seed42\adni_to_nacc\mixstyle_x\journal_metrics.json,mixstyle_x,24,mixstyle,0.002129659713778914,0.4931658194161499,0.8455615942028984,,,,0.002129659713778914,0.0,0.0,0.0,0.0,0.0,0.0,0.0,0.0,0.0,0.0,0.0,,
D:\cyh\dictionary_learn\outputs\journal\apic_v3_2_screening_cn_ad\r4,42,adni_to_nacc,D:\cyh\dictionary_learn\outputs\journal\apic_v3_2_screening_cn_ad\r4\seed42\adni_to_nacc\mixstyle_x\journal_metrics.json,mixstyle_x,25,mixstyle,0.0017952941600387603,0.5486068820178878,0.8673007246376812,,,,0.0017952941600387603,0.0,0.0,0.0,0.0,0.0,0.0,0.0,0.0,0.0,0.0,0.0,,
D:\cyh\dictionary_learn\outputs\journal\apic_v3_2_screening_cn_ad\r4,42,adni_to_nacc,D:\cyh\dictionary_learn\outputs\journal\apic_v3_2_screening_cn_ad\r4\seed42\adni_to_nacc\mixstyle_x\journal_metrics.json,mixstyle_x,26,mixstyle,0.002910251816326517,0.5276238165094566,0.8745471014492754,,,,0.002910251816326517,0.0,0.0,0.0,0.0,0.0,0.0,0.0,0.0,0.0,0.0,0.0,,
D:\cyh\dictionary_learn\outputs\journal\apic_v3_2_screening_cn_ad\r4,42,adni_to_nacc,D:\cyh\dictionary_learn\outputs\journal\apic_v3_2_screening_cn_ad\r4\seed42\adni_to_nacc\mixstyle_x\journal_metrics.json,mixstyle_x,27,mixstyle,0.002554371821429687,0.5510303387786306,0.8455615942028984,,,,0.002554371821429687,0.0,0.0,0.0,0.0,0.0,0.0,0.0,0.0,0.0,0.0,0.0,,
D:\cyh\dictionary_learn\outputs\journal\apic_v3_2_screening_cn_ad\r4,42,adni_to_nacc,D:\cyh\dictionary_learn\outputs\journal\apic_v3_2_screening_cn_ad\r4\seed42\adni_to_nacc\mixstyle_x\journal_metrics.json,mixstyle_x,28,mixstyle,0.001779800639992737,0.43393940301963463,0.8568840579710145,,,,0.001779800639992737,0.0,0.0,0.0,0.0,0.0,0.0,0.0,0.0,0.0,0.0,0.0,,
D:\cyh\dictionary_learn\outputs\journal\apic_v3_2_screening_cn_ad\r4,42,adni_to_nacc,D:\cyh\dictionary_learn\outputs\journal\apic_v3_2_screening_cn_ad\r4\seed42\adni_to_nacc\mixstyle_x\journal_metrics.json,mixstyle_x,29,mixstyle,0.0013893062103482198,0.517147683535339,0.8786231884057972,,,,0.0013893062103482198,0.0,0.0,0.0,0.0,0.0,0.0,0.0,0.0,0.0,0.0,0.0,,
D:\cyh\dictionary_learn\outputs\journal\apic_v3_2_screening_cn_ad\r4,42,adni_to_nacc,D:\cyh\dictionary_learn\outputs\journal\apic_v3_2_screening_cn_ad\r4\seed42\adni_to_nacc\mixstyle_x\journal_metrics.json,mixstyle_x,30,mixstyle,0.0014940885910574987,0.46880611368177133,0.8971920289855072,,,,0.0014940885910574987,0.0,0.0,0.0,0.0,0.0,0.0,0.0,0.0,0.0,0.0,0.0,,
D:\cyh\dictionary_learn\outputs\journal\apic_v3_2_screening_cn_ad\r4,42,adni_to_nacc,D:\cyh\dictionary_learn\outputs\journal\apic_v3_2_screening_cn_ad\r4\seed42\adni_to_nacc\mixstyle_x\journal_metrics.json,mixstyle_x,31,mixstyle,0.0017224452786178451,0.48205602251852364,0.9076086956521738,,,,0.0017224452786178451,0.0,0.0,0.0,0.0,0.0,0.0,0.0,0.0,0.0,0.0,0.0,,
D:\cyh\dictionary_learn\outputs\journal\apic_v3_2_screening_cn_ad\r4,42,adni_to_nacc,D:\cyh\dictionary_learn\outputs\journal\apic_v3_2_screening_cn_ad\r4\seed42\adni_to_nacc\mixstyle_x\journal_metrics.json,mixstyle_x,32,mixstyle,0.0014540467729317922,0.45316391187870464,0.9044384057971016,,,,0.0014540467729317922,0.0,0.0,0.0,0.0,0.0,0.0,0.0,0.0,0.0,0.0,0.0,,
D:\cyh\dictionary_learn\outputs\journal\apic_v3_2_screening_cn_ad\r4,42,adni_to_nacc,D:\cyh\dictionary_learn\outputs\journal\apic_v3_2_screening_cn_ad\r4\seed42\adni_to_nacc\mixstyle_x\journal_metrics.json,mixstyle_x,33,mixstyle,0.0008757681281134734,0.46523739396904584,0.8908514492753623,,,,0.0008757681281134734,0.0,0.0,0.0,0.0,0.0,0.0,0.0,0.0,0.0,0.0,0.0,,
D:\cyh\dictionary_learn\outputs\journal\apic_v3_2_screening_cn_ad\r4,42,adni_to_nacc,D:\cyh\dictionary_learn\outputs\journal\apic_v3_2_screening_cn_ad\r4\seed42\adni_to_nacc\mixstyle_x\journal_metrics.json,mixstyle_x,34,mixstyle,0.0005388218484866623,0.46148675659259303,0.8596014492753623,,,,0.0005388218484866623,0.0,0.0,0.0,0.0,0.0,0.0,0.0,0.0,0.0,0.0,0.0,,
D:\cyh\dictionary_learn\outputs\journal\apic_v3_2_screening_cn_ad\r4,42,adni_to_nacc,D:\cyh\dictionary_learn\outputs\journal\apic_v3_2_screening_cn_ad\r4\seed42\adni_to_nacc\mixstyle_x\journal_metrics.json,mixstyle_x,35,mixstyle,0.0006696836916303419,0.45732571809447725,0.8460144927536232,,,,0.0006696836916303419,0.0,0.0,0.0,0.0,0.0,0.0,0.0,0.0,0.0,0.0,0.0,,
D:\cyh\dictionary_learn\outputs\journal\apic_v3_2_screening_cn_ad\r4,42,adni_to_nacc,D:\cyh\dictionary_learn\outputs\journal\apic_v3_2_screening_cn_ad\r4\seed42\adni_to_nacc\mixstyle_x\journal_metrics.json,mixstyle_x,36,mixstyle,0.0007427148447748616,0.5318281380188705,0.8700181159420289,,,,0.0007427148447748616,0.0,0.0,0.0,0.0,0.0,0.0,0.0,0.0,0.0,0.0,0.0,,
D:\cyh\dictionary_learn\outputs\journal\apic_v3_2_screening_cn_ad\r4,42,adni_to_nacc,D:\cyh\dictionary_learn\outputs\journal\apic_v3_2_screening_cn_ad\r4\seed42\adni_to_nacc\mixstyle_x\journal_metrics.json,mixstyle_x,37,mixstyle,0.001095374915166758,0.5616734555897498,0.8940217391304349,,,,0.001095374915166758,0.0,0.0,0.0,0.0,0.0,0.0,0.0,0.0,0.0,0.0,0.0,,
D:\cyh\dictionary_learn\outputs\journal\apic_v3_2_screening_cn_ad\r4,42,adni_to_nacc,D:\cyh\dictionary_learn\outputs\journal\apic_v3_2_screening_cn_ad\r4\seed42\adni_to_nacc\mixstyle_x\journal_metrics.json,mixstyle_x,38,mixstyle,0.0007780089685819617,0.4801386297365512,0.8971920289855072,,,,0.0007780089685819617,0.0,0.0,0.0,0.0,0.0,0.0,0.0,0.0,0.0,0.0,0.0,,
D:\cyh\dictionary_learn\outputs\journal\apic_v3_2_screening_cn_ad\r4,42,adni_to_nacc,D:\cyh\dictionary_learn\outputs\journal\apic_v3_2_screening_cn_ad\r4\seed42\adni_to_nacc\mixstyle_x\journal_metrics.json,mixstyle_x,39,mixstyle,0.0010393009680962886,0.5301293107536967,0.8971920289855072,,,,0.0010393009680962886,0.0,0.0,0.0,0.0,0.0,0.0,0.0,0.0,0.0,0.0,0.0,,
D:\cyh\dictionary_learn\outputs\journal\apic_v3_2_screening_cn_ad\r4,42,adni_to_nacc,D:\cyh\dictionary_learn\outputs\journal\apic_v3_2_screening_cn_ad\r4\seed42\adni_to_nacc\mixstyle_x\journal_metrics.json,mixstyle_x,40,mixstyle,0.000889758525389255,0.6068392265043292,0.8754528985507246,,,,0.000889758525389255,0.0,0.0,0.0,0.0,0.0,0.0,0.0,0.0,0.0,0.0,0.0,,
D:\cyh\dictionary_learn\outputs\journal\apic_v3_2_screening_cn_ad\r4,42,adni_to_nacc,D:\cyh\dictionary_learn\outputs\journal\apic_v3_2_screening_cn_ad\r4\seed42\adni_to_nacc\mixstyle_x\journal_metrics.json,mixstyle_x,41,mixstyle,0.0008950332359460615,0.4985525458146099,0.8858695652173912,,,,0.0008950332359460615,0.0,0.0,0.0,0.0,0.0,0.0,0.0,0.0,0.0,0.0,0.0,,
D:\cyh\dictionary_learn\outputs\journal\apic_v3_2_screening_cn_ad\r4,42,adni_to_nacc,D:\cyh\dictionary_learn\outputs\journal\apic_v3_2_screening_cn_ad\r4\seed42\adni_to_nacc\mixstyle_x\journal_metrics.json,mixstyle_x,42,mixstyle,0.0005304581575849198,0.48494535117723264,0.865036231884058,,,,0.0005304581575849198,0.0,0.0,0.0,0.0,0.0,0.0,0.0,0.0,0.0,0.0,0.0,,
D:\cyh\dictionary_learn\outputs\journal\apic_v3_2_screening_cn_ad\r4,42,adni_to_nacc,D:\cyh\dictionary_learn\outputs\journal\apic_v3_2_screening_cn_ad\r4\seed42\adni_to_nacc\mixstyle_x\journal_metrics.json,mixstyle_x,43,mixstyle,0.0007643387004014607,0.5015541776615036,0.8627717391304349,,,,0.0007643387004014607,0.0,0.0,0.0,0.0,0.0,0.0,0.0,0.0,0.0,0.0,0.0,,
D:\cyh\dictionary_learn\outputs\journal\apic_v3_2_screening_cn_ad\r4,42,adni_to_nacc,D:\cyh\dictionary_learn\outputs\journal\apic_v3_2_screening_cn_ad\r4\seed42\adni_to_nacc\mixstyle_x\journal_metrics.json,mixstyle_x,44,mixstyle,0.0007214584542211869,0.5201852823959958,0.8627717391304349,,,,0.0007214584542211869,0.0,0.0,0.0,0.0,0.0,0.0,0.0,0.0,0.0,0.0,0.0,,
D:\cyh\dictionary_learn\outputs\journal\apic_v3_2_screening_cn_ad\r4,42,adni_to_nacc,D:\cyh\dictionary_learn\outputs\journal\apic_v3_2_screening_cn_ad\r4\seed42\adni_to_nacc\mixstyle_x\journal_metrics.json,mixstyle_x,45,mixstyle,0.0007049556474354965,0.5120677252256565,0.8731884057971016,,,,0.0007049556474354965,0.0,0.0,0.0,0.0,0.0,0.0,0.0,0.0,0.0,0.0,0.0,,
D:\cyh\dictionary_learn\outputs\journal\apic_v3_2_screening_cn_ad\r4,42,adni_to_nacc,D:\cyh\dictionary_learn\outputs\journal\apic_v3_2_screening_cn_ad\r4\seed42\adni_to_nacc\mixstyle_x\journal_metrics.json,mixstyle_x,46,mixstyle,0.0006039468120083673,0.5095741637849058,0.8940217391304349,,,,0.0006039468120083673,0.0,0.0,0.0,0.0,0.0,0.0,0.0,0.0,0.0,0.0,0.0,,
D:\cyh\dictionary_learn\outputs\journal\apic_v3_2_screening_cn_ad\r4,42,adni_to_nacc,D:\cyh\dictionary_learn\outputs\journal\apic_v3_2_screening_cn_ad\r4\seed42\adni_to_nacc\mixstyle_x\journal_metrics.json,mixstyle_x,47,mixstyle,0.0004001975689405584,0.5264974033759571,0.8940217391304349,,,,0.0004001975689405584,0.0,0.0,0.0,0.0,0.0,0.0,0.0,0.0,0.0,0.0,0.0,,
D:\cyh\dictionary_learn\outputs\journal\apic_v3_2_screening_cn_ad\r4,42,adni_to_nacc,D:\cyh\dictionary_learn\outputs\journal\apic_v3_2_screening_cn_ad\r4\seed42\adni_to_nacc\mixstyle_x\journal_metrics.json,mixstyle_x,48,mixstyle,0.0005544329498048047,0.5442489276929336,0.8940217391304349,,,,0.0005544329498048047,0.0,0.0,0.0,0.0,0.0,0.0,0.0,0.0,0.0,0.0,0.0,,
D:\cyh\dictionary_learn\outputs\journal\apic_v3_2_screening_cn_ad\r4,42,adni_to_nacc,D:\cyh\dictionary_learn\outputs\journal\apic_v3_2_screening_cn_ad\r4\seed42\adni_to_nacc\mixstyle_x\journal_metrics.json,mixstyle_x,49,mixstyle,0.000498145732330246,0.5384600879663439,0.9044384057971016,,,,0.000498145732330246,0.0,0.0,0.0,0.0,0.0,0.0,0.0,0.0,0.0,0.0,0.0,,
D:\cyh\dictionary_learn\outputs\journal\apic_v3_2_screening_cn_ad\r4,42,adni_to_nacc,D:\cyh\dictionary_learn\outputs\journal\apic_v3_2_screening_cn_ad\r4\seed42\adni_to_nacc\mixstyle_x\journal_metrics.json,mixstyle_x,50,mixstyle,0.0003258978127435632,0.5404233726742704,0.9044384057971016,,,,0.0003258978127435632,0.0,0.0,0.0,0.0,0.0,0.0,0.0,0.0,0.0,0.0,0.0,,
D:\cyh\dictionary_learn\outputs\journal\apic_v3_2_screening_cn_ad\r4,42,nacc_to_adni,D:\cyh\dictionary_learn\outputs\journal\apic_v3_2_screening_cn_ad\r4\seed42\nacc_to_adni\apic_v3_2_x\journal_metrics.json,apic_v3_2_x,1,clean_warmup,0.4935995819328051,0.7612475946114556,0.5508282476024411,,,,0.4935995819328051,0.0,0.0,0.0,0.0,0.0,0.0,0.0,0.0,0.0,0.0,0.0,0,0.0
D:\cyh\dictionary_learn\outputs\journal\apic_v3_2_screening_cn_ad\r4,42,nacc_to_adni,D:\cyh\dictionary_learn\outputs\journal\apic_v3_2_screening_cn_ad\r4\seed42\nacc_to_adni\apic_v3_2_x\journal_metrics.json,apic_v3_2_x,2,clean_warmup,0.37576237300088283,4.595627405034696,0.5254141238012205,,,,0.37576237300088283,0.0,0.0,0.0,0.0,0.0,0.0,0.0,0.0,0.0,0.0,0.0,0,0.0
D:\cyh\dictionary_learn\outputs\journal\apic_v3_2_screening_cn_ad\r4,42,nacc_to_adni,D:\cyh\dictionary_learn\outputs\journal\apic_v3_2_screening_cn_ad\r4\seed42\nacc_to_adni\apic_v3_2_x\journal_metrics.json,apic_v3_2_x,3,clean_warmup,0.3027416579633452,0.3855330080433958,0.5962801511188608,,,,0.3027416579633452,0.0,0.0,0.0,0.0,0.0,0.0,0.0,0.0,0.0,0.0,0.0,0,0.0
D:\cyh\dictionary_learn\outputs\journal\apic_v3_2_screening_cn_ad\r4,42,nacc_to_adni,D:\cyh\dictionary_learn\outputs\journal\apic_v3_2_screening_cn_ad\r4\seed42\nacc_to_adni\apic_v3_2_x\journal_metrics.json,apic_v3_2_x,4,clean_warmup,0.29048597085804745,0.38391940308825034,0.597355419936065,,,,0.29048597085804745,0.0,0.0,0.0,0.0,0.0,0.0,0.0,0.0,0.0,0.0,0.0,0,0.0
D:\cyh\dictionary_learn\outputs\journal\apic_v3_2_screening_cn_ad\r4,42,nacc_to_adni,D:\cyh\dictionary_learn\outputs\journal\apic_v3_2_screening_cn_ad\r4\seed42\nacc_to_adni\apic_v3_2_x\journal_metrics.json,apic_v3_2_x,5,clean_warmup,0.2134744542489588,0.3196800861195846,0.6992153443766346,,,,0.2134744542489588,0.0,0.0,0.0,0.0,0.0,0.0,0.0,0.0,0.0,0.0,0.0,0,0.0
D:\cyh\dictionary_learn\outputs\journal\apic_v3_2_screening_cn_ad\r4,42,nacc_to_adni,D:\cyh\dictionary_learn\outputs\journal\apic_v3_2_screening_cn_ad\r4\seed42\nacc_to_adni\apic_v3_2_x\journal_metrics.json,apic_v3_2_x,6,style_bank_build,0.05183749642273848,0.3196800861195846,0.7217378668991571,,,,0.049826478492273486,0.0,0.0,0.0,0.0,0.0,0.0,0.0,0.0,0.0,0.0,0.0,0,0.0
D:\cyh\dictionary_learn\outputs\journal\apic_v3_2_screening_cn_ad\r4,42,nacc_to_adni,D:\cyh\dictionary_learn\outputs\journal\apic_v3_2_screening_cn_ad\r4\seed42\nacc_to_adni\apic_v3_2_x\journal_metrics.json,apic_v3_2_x,7,apis_warmup,0.19410769474905962,0.4084834840090608,0.7905841325196162,,,,0.19410769474905962,0.0,0.0,0.0,0.0,0.0,0.0,0.0,0.26548876584242176,0.000993076164875963,0.0,0.0,4,321.0
D:\cyh\dictionary_learn\outputs\journal\apic_v3_2_screening_cn_ad\r4,42,nacc_to_adni,D:\cyh\dictionary_learn\outputs\journal\apic_v3_2_screening_cn_ad\r4\seed42\nacc_to_adni\apic_v3_2_x\journal_metrics.json,apic_v3_2_x,8,apis_warmup,0.13166176511349376,0.3597397639234323,0.7848009299622203,,,,0.13166176511349376,0.0,0.0,0.0,0.0,0.0,0.0,0.0,0.2776459270682415,0.0020521961668552384,0.0,0.0,4,321.0
D:\cyh\dictionary_learn\outputs\journal\apic_v3_2_screening_cn_ad\r4,42,nacc_to_adni,D:\cyh\dictionary_learn\outputs\journal\apic_v3_2_screening_cn_ad\r4\seed42\nacc_to_adni\apic_v3_2_x\journal_metrics.json,apic_v3_2_x,9,apis_warmup,0.08804733563974167,0.4366599420182156,0.7815751235106075,,,,0.08804733563974167,0.0,0.0,0.0,0.0,0.0,0.0,0.0,0.2864164381220354,4.8916318054496e-05,0.0,0.0,4,321.0
D:\cyh\dictionary_learn\outputs\journal\apic_v3_2_screening_cn_ad\r4,42,nacc_to_adni,D:\cyh\dictionary_learn\outputs\journal\apic_v3_2_screening_cn_ad\r4\seed42\nacc_to_adni\apic_v3_2_x\journal_metrics.json,apic_v3_2_x,10,apis_warmup,0.0925078565806317,0.24946082318606166,0.8055797733217088,,,,0.0925078565806317,0.0,0.0,0.0,0.0,0.0,0.0,0.0,0.2781355382676897,0.0029024390778174527,0.0,0.0,4,321.0
D:\cyh\dictionary_learn\outputs\journal\apic_v3_2_screening_cn_ad\r4,42,nacc_to_adni,D:\cyh\dictionary_learn\outputs\journal\apic_v3_2_screening_cn_ad\r4\seed42\nacc_to_adni\apic_v3_2_x\journal_metrics.json,apic_v3_2_x,11,apis_warmup,0.057951975728296704,0.7073694611304657,0.7994187736123219,,,,0.057951975728296704,0.0,0.0,0.0,0.0,0.0,0.0,0.0,0.2719203117173477,3.3638609099285636e-05,0.0,0.0,4,321.0
D:\cyh\dictionary_learn\outputs\journal\apic_v3_2_screening_cn_ad\r4,42,nacc_to_adni,D:\cyh\dictionary_learn\outputs\journal\apic_v3_2_screening_cn_ad\r4\seed42\nacc_to_adni\apic_v3_2_x\journal_metrics.json,apic_v3_2_x,12,joint,0.135016524781832,0.9180776439223953,0.7804126707352514,,,,0.135016524781832,0.0,0.0,0.0,0.0,0.0,0.0,0.0,0.2837903763495344,0.001689437458862272,0.0,0.0,4,321.0
D:\cyh\dictionary_learn\outputs\journal\apic_v3_2_screening_cn_ad\r4,42,nacc_to_adni,D:\cyh\dictionary_learn\outputs\journal\apic_v3_2_screening_cn_ad\r4\seed42\nacc_to_adni\apic_v3_2_x\journal_metrics.json,apic_v3_2_x,13,joint,0.14485858181230046,0.37187165432170627,0.7823016564952049,,,,0.14485858181230046,0.0,0.0,0.0,0.0,0.0,0.0,0.0,0.27946208109402787,2.556131364558607e-05,0.0,0.0,4,321.0
D:\cyh\dictionary_learn\outputs\journal\apic_v3_2_screening_cn_ad\r4,42,nacc_to_adni,D:\cyh\dictionary_learn\outputs\journal\apic_v3_2_screening_cn_ad\r4\seed42\nacc_to_adni\apic_v3_2_x\journal_metrics.json,apic_v3_2_x,14,joint,0.13464684864830007,0.3533411466942098,0.7998256320836966,,,,0.13464684864830007,0.0,0.0,0.0,0.0,0.0,0.0,0.0,0.2818460596839809,0.0024468126113982003,0.0,0.0,4,321.0
D:\cyh\dictionary_learn\outputs\journal\apic_v3_2_screening_cn_ad\r4,42,nacc_to_adni,D:\cyh\dictionary_learn\outputs\journal\apic_v3_2_screening_cn_ad\r4\seed42\nacc_to_adni\apic_v3_2_x\journal_metrics.json,apic_v3_2_x,15,joint,0.05855169341452004,0.6880502872577241,0.8043301365882011,,,,0.05855169341452004,0.0,0.0,0.0,0.0,0.0,0.0,0.0,0.2766761823905913,0.003981029179838099,0.0,0.0,4,321.0
D:\cyh\dictionary_learn\outputs\journal\apic_v3_2_screening_cn_ad\r4,42,nacc_to_adni,D:\cyh\dictionary_learn\outputs\journal\apic_v3_2_screening_cn_ad\r4\seed42\nacc_to_adni\apic_v3_2_x\journal_metrics.json,apic_v3_2_x,16,joint,0.11035963027333508,0.45362913772968033,0.7925603022377216,,,,0.11035963027333508,0.0,0.0,0.0,0.0,0.0,0.0,0.0,0.28045672910839486,7.662470572393791e-05,0.0,0.0,4,321.0
D:\cyh\dictionary_learn\outputs\journal\apic_v3_2_screening_cn_ad\r4,42,nacc_to_adni,D:\cyh\dictionary_learn\outputs\journal\apic_v3_2_screening_cn_ad\r4\seed42\nacc_to_adni\apic_v3_2_x\journal_metrics.json,apic_v3_2_x,17,joint,0.013461865406589422,2.065168646347067,0.7249055507120024,,,,0.013461865406589422,0.0,0.0,0.0,0.0,0.0,0.0,0.0,0.2842276978759126,0.0007914303500529539,0.0,0.0,4,321.0
D:\cyh\dictionary_learn\outputs\journal\apic_v3_2_screening_cn_ad\r4,42,nacc_to_adni,D:\cyh\dictionary_learn\outputs\journal\apic_v3_2_screening_cn_ad\r4\seed42\nacc_to_adni\apic_v3_2_x\journal_metrics.json,apic_v3_2_x,18,joint,0.01284047841437827,0.3683418782902543,0.7413542574832898,,,,0.01284047841437827,0.0,0.0,0.0,0.0,0.0,0.0,0.0,0.27011814463737954,0.0007740932020565863,0.0,0.0,4,321.0
D:\cyh\dictionary_learn\outputs\journal\apic_v3_2_screening_cn_ad\r4,42,nacc_to_adni,D:\cyh\dictionary_learn\outputs\journal\apic_v3_2_screening_cn_ad\r4\seed42\nacc_to_adni\apic_v3_2_x\journal_metrics.json,apic_v3_2_x,19,joint,0.007824967669124074,0.3583778070538748,0.7377215925603023,,,,0.007824967669124074,0.0,0.0,0.0,0.0,0.0,0.0,0.0,0.2753024396783147,1.2464275406729816e-05,0.0,0.0,4,321.0
D:\cyh\dictionary_learn\outputs\journal\apic_v3_2_screening_cn_ad\r4,42,nacc_to_adni,D:\cyh\dictionary_learn\outputs\journal\apic_v3_2_screening_cn_ad\r4\seed42\nacc_to_adni\apic_v3_2_x\journal_metrics.json,apic_v3_2_x,20,joint,0.002505008425067996,0.42533628470275914,0.8047079337401919,,,,0.002505008425067996,0.0,0.0,0.0,0.0,0.0,0.0,0.0,0.2818111926317215,5.5748384994322394e-05,0.0,0.0,4,321.0
D:\cyh\dictionary_learn\outputs\journal\apic_v3_2_screening_cn_ad\r4,42,nacc_to_adni,D:\cyh\dictionary_learn\outputs\journal\apic_v3_2_screening_cn_ad\r4\seed42\nacc_to_adni\apic_v3_2_x\journal_metrics.json,apic_v3_2_x,21,joint,0.10465904388608614,0.47406849534417983,0.7873002034292357,,,,0.10465904388608614,0.0,0.0,0.0,0.0,0.0,0.0,0.0,0.26541007922015375,0.0016977811955489362,0.0,0.0,4,321.0
D:\cyh\dictionary_learn\outputs\journal\apic_v3_2_screening_cn_ad\r4,42,nacc_to_adni,D:\cyh\dictionary_learn\outputs\journal\apic_v3_2_screening_cn_ad\r4\seed42\nacc_to_adni\apic_v3_2_x\journal_metrics.json,apic_v3_2_x,22,joint,0.09432427262251301,0.5308745475147445,0.7887242080790468,,,,0.09432427262251301,0.0,0.0,0.0,0.0,0.0,0.0,0.0,0.2725846555146425,5.948023262828912e-05,0.0,0.0,4,321.0
D:\cyh\dictionary_learn\outputs\journal\apic_v3_2_screening_cn_ad\r4,42,nacc_to_adni,D:\cyh\dictionary_learn\outputs\journal\apic_v3_2_screening_cn_ad\r4\seed42\nacc_to_adni\apic_v3_2_x\journal_metrics.json,apic_v3_2_x,23,joint,0.10964686825888377,0.38477099182473706,0.7756756756756756,,,,0.10964686825888377,0.0,0.0,0.0,0.0,0.0,0.0,0.0,0.27123646995874756,0.0016997461277077715,0.0,0.0,4,321.0
D:\cyh\dictionary_learn\outputs\journal\apic_v3_2_screening_cn_ad\r4,42,nacc_to_adni,D:\cyh\dictionary_learn\outputs\journal\apic_v3_2_screening_cn_ad\r4\seed42\nacc_to_adni\apic_v3_2_x\journal_metrics.json,apic_v3_2_x,24,joint,0.01712876738983339,0.5538380129482302,0.7910781749491428,,,,0.01712876738983339,0.0,0.0,0.0,0.0,0.0,0.0,0.0,0.26393516020401897,0.001042440136476732,0.0,0.0,4,321.0
D:\cyh\dictionary_learn\outputs\journal\apic_v3_2_screening_cn_ad\r4,42,nacc_to_adni,D:\cyh\dictionary_learn\outputs\journal\apic_v3_2_screening_cn_ad\r4\seed42\nacc_to_adni\apic_v3_2_x\journal_metrics.json,apic_v3_2_x,25,joint,0.02488854528322989,2.4808291089679995,0.7052019761697181,,,,0.02488854528322989,0.0,0.0,0.0,0.0,0.0,0.0,0.0,0.29165649397413157,0.0019460799051341086,0.0,0.0,4,321.0
D:\cyh\dictionary_learn\outputs\journal\apic_v3_2_screening_cn_ad\r4,42,nacc_to_adni,D:\cyh\dictionary_learn\outputs\journal\apic_v3_2_screening_cn_ad\r4\seed42\nacc_to_adni\apic_v3_2_x\journal_metrics.json,apic_v3_2_x,26,joint,0.0948591425490706,0.6477827916331056,0.7119442022667829,,,,0.0948591425490706,0.0,0.0,0.0,0.0,0.0,0.0,0.0,0.2798672313463754,0.0010523972302579634,0.0,0.0,4,321.0
D:\cyh\dictionary_learn\outputs\journal\apic_v3_2_screening_cn_ad\r4,42,nacc_to_adni,D:\cyh\dictionary_learn\outputs\journal\apic_v3_2_screening_cn_ad\r4\seed42\nacc_to_adni\apic_v3_2_x\journal_metrics.json,apic_v3_2_x,27,joint,0.03460614714589732,0.35277519936751295,0.7334495786108689,,,,0.03460614714589732,0.0,0.0,0.0,0.0,0.0,0.0,0.0,0.2794227480222393,0.0007644921197513911,0.0,0.0,4,321.0
D:\cyh\dictionary_learn\outputs\journal\apic_v3_2_screening_cn_ad\r4,42,nacc_to_adni,D:\cyh\dictionary_learn\outputs\journal\apic_v3_2_screening_cn_ad\r4\seed42\nacc_to_adni\apic_v3_2_x\journal_metrics.json,apic_v3_2_x,28,joint,0.12957743300364338,2.7774049294276555,0.7205463528044174,,,,0.12957743300364338,0.0,0.0,0.0,0.0,0.0,0.0,0.0,0.2713524960605792,0.0007304472926056938,0.0,0.0,4,321.0
D:\cyh\dictionary_learn\outputs\journal\apic_v3_2_screening_cn_ad\r4,42,nacc_to_adni,D:\cyh\dictionary_learn\outputs\journal\apic_v3_2_screening_cn_ad\r4\seed42\nacc_to_adni\apic_v3_2_x\journal_metrics.json,apic_v3_2_x,29,joint,0.04037709125527701,0.37527801694516666,0.7311537343795408,,,,0.04037709125527701,0.0,0.0,0.0,0.0,0.0,0.0,0.0,0.27397381926382053,0.0009862966199281876,0.0,0.0,4,321.0
D:\cyh\dictionary_learn\outputs\journal\apic_v3_2_screening_cn_ad\r4,42,nacc_to_adni,D:\cyh\dictionary_learn\outputs\journal\apic_v3_2_screening_cn_ad\r4\seed42\nacc_to_adni\apic_v3_2_x\journal_metrics.json,apic_v3_2_x,30,joint,0.009471185829271901,0.35096362329525094,0.7219412961348445,,,,0.009471185829271901,0.0,0.0,0.0,0.0,0.0,0.0,0.0,0.28010752838750125,5.3033245940795485e-05,0.0,0.0,4,321.0
D:\cyh\dictionary_learn\outputs\journal\apic_v3_2_screening_cn_ad\r4,42,nacc_to_adni,D:\cyh\dictionary_learn\outputs\journal\apic_v3_2_screening_cn_ad\r4\seed42\nacc_to_adni\apic_v3_2_x\journal_metrics.json,apic_v3_2_x,31,joint,0.0041175251020191435,0.44025826886662184,0.833420517291485,,,,0.0041175251020191435,0.0,0.0,0.0,0.0,0.0,0.0,0.0,0.28092401462227273,0.0007959306982836638,0.0,0.0,4,321.0
D:\cyh\dictionary_learn\outputs\journal\apic_v3_2_screening_cn_ad\r4,42,nacc_to_adni,D:\cyh\dictionary_learn\outputs\journal\apic_v3_2_screening_cn_ad\r4\seed42\nacc_to_adni\apic_v3_2_x\journal_metrics.json,apic_v3_2_x,32,joint,0.0019330068630577383,0.41745430387319105,0.8336239465271724,,,,0.0019330068630577383,0.0,0.0,0.0,0.0,0.0,0.0,0.0,0.27020806773414824,0.0019402520943420504,0.0,0.0,4,321.0
D:\cyh\dictionary_learn\outputs\journal\apic_v3_2_screening_cn_ad\r4,42,nacc_to_adni,D:\cyh\dictionary_learn\outputs\journal\apic_v3_2_screening_cn_ad\r4\seed42\nacc_to_adni\apic_v3_2_x\journal_metrics.json,apic_v3_2_x,33,joint,0.052513062674861125,0.40894664757544513,0.8265039232781168,,,,0.052513062674861125,0.0,0.0,0.0,0.0,0.0,0.0,0.0,0.28953387600749564,0.001016536956325175,0.0,0.0,4,321.0
D:\cyh\dictionary_learn\outputs\journal\apic_v3_2_screening_cn_ad\r4,42,nacc_to_adni,D:\cyh\dictionary_learn\outputs\journal\apic_v3_2_screening_cn_ad\r4\seed42\nacc_to_adni\apic_v3_2_x\journal_metrics.json,apic_v3_2_x,34,joint,0.0530869532131015,0.39921195309326857,0.8024992734670153,,,,0.0530869532131015,0.0,0.0,0.0,0.0,0.0,0.0,0.0,0.2800818988064814,0.00266123058373772,0.0,0.0,4,321.0
D:\cyh\dictionary_learn\outputs\journal\apic_v3_2_screening_cn_ad\r4,42,nacc_to_adni,D:\cyh\dictionary_learn\outputs\journal\apic_v3_2_screening_cn_ad\r4\seed42\nacc_to_adni\apic_v3_2_x\journal_metrics.json,apic_v3_2_x,35,joint,0.012390669808816035,0.4151324483249049,0.8001453065969195,,,,0.012390669808816035,0.0,0.0,0.0,0.0,0.0,0.0,0.0,0.28237216773978824,0.0009761092655467905,0.0,0.0,4,321.0
D:\cyh\dictionary_learn\outputs\journal\apic_v3_2_screening_cn_ad\r4,42,nacc_to_adni,D:\cyh\dictionary_learn\outputs\journal\apic_v3_2_screening_cn_ad\r4\seed42\nacc_to_adni\apic_v3_2_x\journal_metrics.json,apic_v3_2_x,36,joint,0.0021762764718716537,0.4311746041538422,0.8042429526300494,,,,0.0021762764718716537,0.0,0.0,0.0,0.0,0.0,0.0,0.0,0.26674604107880723,0.0007201829156862017,0.0,0.0,4,321.0
D:\cyh\dictionary_learn\outputs\journal\apic_v3_2_screening_cn_ad\r4,42,nacc_to_adni,D:\cyh\dictionary_learn\outputs\journal\apic_v3_2_screening_cn_ad\r4\seed42\nacc_to_adni\apic_v3_2_x\journal_metrics.json,apic_v3_2_x,37,joint,0.0015686941845683958,0.4130373601251349,0.8299912816041849,,,,0.0015686941845683958,0.0,0.0,0.0,0.0,0.0,0.0,0.0,0.28283089307766385,6.919627164408592e-05,0.0,0.0,4,321.0
D:\cyh\dictionary_learn\outputs\journal\apic_v3_2_screening_cn_ad\r4,42,nacc_to_adni,D:\cyh\dictionary_learn\outputs\journal\apic_v3_2_screening_cn_ad\r4\seed42\nacc_to_adni\apic_v3_2_x\journal_metrics.json,apic_v3_2_x,38,joint,0.0014681710773661431,0.44412370133199597,0.8299912816041849,,,,0.0014681710773661431,0.0,0.0,0.0,0.0,0.0,0.0,0.0,0.27959279949105653,0.0009988840830506408,0.0,0.0,4,321.0
D:\cyh\dictionary_learn\outputs\journal\apic_v3_2_screening_cn_ad\r4,42,nacc_to_adni,D:\cyh\dictionary_learn\outputs\journal\apic_v3_2_screening_cn_ad\r4\seed42\nacc_to_adni\apic_v3_2_x\journal_metrics.json,apic_v3_2_x,39,joint,0.08649029562701539,0.7618747485031288,0.8181052019761698,,,,0.08649029562701539,0.0,0.0,0.0,0.0,0.0,0.0,0.0,0.2827402629665822,0.0019623658410363085,0.0,0.0,4,321.0
D:\cyh\dictionary_learn\outputs\journal\apic_v3_2_screening_cn_ad\r4,42,nacc_to_adni,D:\cyh\dictionary_learn\outputs\journal\apic_v3_2_screening_cn_ad\r4\seed42\nacc_to_adni\apic_v3_2_x\journal_metrics.json,apic_v3_2_x,40,joint,0.04475065145969024,0.39834570656963914,0.8024411508282476,,,,0.04475065145969024,0.0,0.0,0.0,0.0,0.0,0.0,0.0,0.27605378744322495,0.0010193435929555137,0.0,0.0,4,321.0
D:\cyh\dictionary_learn\outputs\journal\apic_v3_2_screening_cn_ad\r4,42,nacc_to_adni,D:\cyh\dictionary_learn\outputs\journal\apic_v3_2_screening_cn_ad\r4\seed42\nacc_to_adni\apic_v3_2_x\journal_metrics.json,apic_v3_2_x,41,joint,0.0031427133089993488,0.4175692677722489,0.7957861086893345,,,,0.0031427133089993488,0.0,0.0,0.0,0.0,0.0,0.0,0.0,0.2838518448881597,0.0023963757538881672,0.0,0.0,4,321.0
D:\cyh\dictionary_learn\outputs\journal\apic_v3_2_screening_cn_ad\r4,42,nacc_to_adni,D:\cyh\dictionary_learn\outputs\journal\apic_v3_2_screening_cn_ad\r4\seed42\nacc_to_adni\apic_v3_2_x\journal_metrics.json,apic_v3_2_x,42,joint,0.0018671280169107057,0.5621321545074677,0.8183667538506249,,,,0.0018671280169107057,0.0,0.0,0.0,0.0,0.0,0.0,0.0,0.26977641622447435,0.0010390846570939322,0.0,0.0,4,321.0
D:\cyh\dictionary_learn\outputs\journal\apic_v3_2_screening_cn_ad\r4,42,nacc_to_adni,D:\cyh\dictionary_learn\outputs\journal\apic_v3_2_screening_cn_ad\r4\seed42\nacc_to_adni\apic_v3_2_x\journal_metrics.json,apic_v3_2_x,43,joint,0.004873531239730626,0.38222700015845346,0.8205172914850335,,,,0.004873531239730626,0.0,0.0,0.0,0.0,0.0,0.0,0.0,0.270172552606247,0.0009954026723759724,0.0,0.0,4,321.0
D:\cyh\dictionary_learn\outputs\journal\apic_v3_2_screening_cn_ad\r4,42,nacc_to_adni,D:\cyh\dictionary_learn\outputs\journal\apic_v3_2_screening_cn_ad\r4\seed42\nacc_to_adni\apic_v3_2_x\journal_metrics.json,apic_v3_2_x,44,joint,0.0013148332442782622,0.3882060806827052,0.8156059285091543,,,,0.0013148332442782622,0.0,0.0,0.0,0.0,0.0,0.0,0.0,0.2893642688263728,0.0020546247089717087,0.0,0.0,4,321.0
D:\cyh\dictionary_learn\outputs\journal\apic_v3_2_screening_cn_ad\r4,42,nacc_to_adni,D:\cyh\dictionary_learn\outputs\journal\apic_v3_2_screening_cn_ad\r4\seed42\nacc_to_adni\apic_v3_2_x\journal_metrics.json,apic_v3_2_x,45,joint,0.0007097271643221305,0.39413011900576483,0.7944202266782913,,,,0.0007097271643221305,0.0,0.0,0.0,0.0,0.0,0.0,0.0,0.2884616382295193,0.0007577048560944292,0.0,0.0,4,321.0
D:\cyh\dictionary_learn\outputs\journal\apic_v3_2_screening_cn_ad\r4,42,nacc_to_adni,D:\cyh\dictionary_learn\outputs\journal\apic_v3_2_screening_cn_ad\r4\seed42\nacc_to_adni\apic_v3_2_x\journal_metrics.json,apic_v3_2_x,46,joint,0.018043305772010694,0.5079309555598618,0.7828538215634989,,,,0.018043305772010694,0.0,0.0,0.0,0.0,0.0,0.0,0.0,0.27892202438588914,0.001022449957303497,0.0,0.0,4,321.0
D:\cyh\dictionary_learn\outputs\journal\apic_v3_2_screening_cn_ad\r4,42,nacc_to_adni,D:\cyh\dictionary_learn\outputs\journal\apic_v3_2_screening_cn_ad\r4\seed42\nacc_to_adni\apic_v3_2_x\journal_metrics.json,apic_v3_2_x,47,joint,0.09439989789370376,0.4149261146798569,0.7922696890438826,,,,0.09439989789370376,0.0,0.0,0.0,0.0,0.0,0.0,0.0,0.2731260382596341,2.6921059663817298e-05,0.0,0.0,4,321.0
D:\cyh\dictionary_learn\outputs\journal\apic_v3_2_screening_cn_ad\r4,42,nacc_to_adni,D:\cyh\dictionary_learn\outputs\journal\apic_v3_2_screening_cn_ad\r4\seed42\nacc_to_adni\apic_v3_2_x\journal_metrics.json,apic_v3_2_x,48,joint,0.09178213200353212,0.7854365306669411,0.7129322871258356,,,,0.09178213200353212,0.0,0.0,0.0,0.0,0.0,0.0,0.0,0.27654399818548275,0.001740497216668216,0.0,0.0,4,321.0
D:\cyh\dictionary_learn\outputs\journal\apic_v3_2_screening_cn_ad\r4,42,nacc_to_adni,D:\cyh\dictionary_learn\outputs\journal\apic_v3_2_screening_cn_ad\r4\seed42\nacc_to_adni\apic_v3_2_x\journal_metrics.json,apic_v3_2_x,49,joint,0.026949472810020123,0.5011975396449565,0.7364719558267945,,,,0.026949472810020123,0.0,0.0,0.0,0.0,0.0,0.0,0.0,0.2675915957329659,0.0019364108548052866,0.0,0.0,4,321.0
D:\cyh\dictionary_learn\outputs\journal\apic_v3_2_screening_cn_ad\r4,42,nacc_to_adni,D:\cyh\dictionary_learn\outputs\journal\apic_v3_2_screening_cn_ad\r4\seed42\nacc_to_adni\apic_v3_2_x\journal_metrics.json,apic_v3_2_x,50,joint,0.005796998905654679,0.3779188849617832,0.7452775356001163,,,,0.005796998905654679,0.0,0.0,0.0,0.0,0.0,0.0,0.0,0.27375670909548605,0.0010174538260847748,0.0,0.0,4,321.0
D:\cyh\dictionary_learn\outputs\journal\apic_v3_2_screening_cn_ad\r4,42,nacc_to_adni,D:\cyh\dictionary_learn\outputs\journal\apic_v3_2_screening_cn_ad\r4\seed42\nacc_to_adni\ce_x\journal_metrics.json,ce_x,1,clean,0.48685551187616655,0.4221852171585571,0.665998256320837,,,,0.48685551187616655,0.0,0.0,0.0,0.0,0.0,0.0,0.0,0.0,0.0,0.0,0.0,,
D:\cyh\dictionary_learn\outputs\journal\apic_v3_2_screening_cn_ad\r4,42,nacc_to_adni,D:\cyh\dictionary_learn\outputs\journal\apic_v3_2_screening_cn_ad\r4\seed42\nacc_to_adni\ce_x\journal_metrics.json,ce_x,2,clean,0.4061094352756965,1.4832619035776524,0.616870095902354,,,,0.4061094352756965,0.0,0.0,0.0,0.0,0.0,0.0,0.0,0.0,0.0,0.0,0.0,,
D:\cyh\dictionary_learn\outputs\journal\apic_v3_2_screening_cn_ad\r4,42,nacc_to_adni,D:\cyh\dictionary_learn\outputs\journal\apic_v3_2_screening_cn_ad\r4\seed42\nacc_to_adni\ce_x\journal_metrics.json,ce_x,3,clean,0.31384351859961807,0.39323938588738966,0.6263876780005813,,,,0.31384351859961807,0.0,0.0,0.0,0.0,0.0,0.0,0.0,0.0,0.0,0.0,0.0,,
D:\cyh\dictionary_learn\outputs\journal\apic_v3_2_screening_cn_ad\r4,42,nacc_to_adni,D:\cyh\dictionary_learn\outputs\journal\apic_v3_2_screening_cn_ad\r4\seed42\nacc_to_adni\ce_x\journal_metrics.json,ce_x,4,clean,0.2546395434992773,0.6404662579298019,0.659023539668701,,,,0.2546395434992773,0.0,0.0,0.0,0.0,0.0,0.0,0.0,0.0,0.0,0.0,0.0,,
D:\cyh\dictionary_learn\outputs\journal\apic_v3_2_screening_cn_ad\r4,42,nacc_to_adni,D:\cyh\dictionary_learn\outputs\journal\apic_v3_2_screening_cn_ad\r4\seed42\nacc_to_adni\ce_x\journal_metrics.json,ce_x,5,clean,0.18728051667606366,0.35340193146333304,0.7406567858180763,,,,0.18728051667606366,0.0,0.0,0.0,0.0,0.0,0.0,0.0,0.0,0.0,0.0,0.0,,
D:\cyh\dictionary_learn\outputs\journal\apic_v3_2_screening_cn_ad\r4,42,nacc_to_adni,D:\cyh\dictionary_learn\outputs\journal\apic_v3_2_screening_cn_ad\r4\seed42\nacc_to_adni\ce_x\journal_metrics.json,ce_x,6,clean,0.14793828440512732,0.369875837102497,0.7929671607090962,,,,0.14793828440512732,0.0,0.0,0.0,0.0,0.0,0.0,0.0,0.0,0.0,0.0,0.0,,
D:\cyh\dictionary_learn\outputs\journal\apic_v3_2_screening_cn_ad\r4,42,nacc_to_adni,D:\cyh\dictionary_learn\outputs\journal\apic_v3_2_screening_cn_ad\r4\seed42\nacc_to_adni\ce_x\journal_metrics.json,ce_x,7,clean,0.1454088996533908,0.7859288170863977,0.802034292356873,,,,0.1454088996533908,0.0,0.0,0.0,0.0,0.0,0.0,0.0,0.0,0.0,0.0,0.0,,
D:\cyh\dictionary_learn\outputs\journal\apic_v3_2_screening_cn_ad\r4,42,nacc_to_adni,D:\cyh\dictionary_learn\outputs\journal\apic_v3_2_screening_cn_ad\r4\seed42\nacc_to_adni\ce_x\journal_metrics.json,ce_x,8,clean,0.17511885571384583,0.3926153823811282,0.7968613775065387,,,,0.17511885571384583,0.0,0.0,0.0,0.0,0.0,0.0,0.0,0.0,0.0,0.0,0.0,,
D:\cyh\dictionary_learn\outputs\journal\apic_v3_2_screening_cn_ad\r4,42,nacc_to_adni,D:\cyh\dictionary_learn\outputs\journal\apic_v3_2_screening_cn_ad\r4\seed42\nacc_to_adni\ce_x\journal_metrics.json,ce_x,9,clean,0.06862147680064923,0.3463998702773978,0.7818657367044463,,,,0.06862147680064923,0.0,0.0,0.0,0.0,0.0,0.0,0.0,0.0,0.0,0.0,0.0,,
D:\cyh\dictionary_learn\outputs\journal\apic_v3_2_screening_cn_ad\r4,42,nacc_to_adni,D:\cyh\dictionary_learn\outputs\journal\apic_v3_2_screening_cn_ad\r4\seed42\nacc_to_adni\ce_x\journal_metrics.json,ce_x,10,clean,0.07999976120522381,0.7705243776173772,0.8018308631211858,,,,0.07999976120522381,0.0,0.0,0.0,0.0,0.0,0.0,0.0,0.0,0.0,0.0,0.0,,
D:\cyh\dictionary_learn\outputs\journal\apic_v3_2_screening_cn_ad\r4,42,nacc_to_adni,D:\cyh\dictionary_learn\outputs\journal\apic_v3_2_screening_cn_ad\r4\seed42\nacc_to_adni\ce_x\journal_metrics.json,ce_x,11,clean,0.07209955513485129,0.36918441786197176,0.7941586748038362,,,,0.07209955513485129,0.0,0.0,0.0,0.0,0.0,0.0,0.0,0.0,0.0,0.0,0.0,,
D:\cyh\dictionary_learn\outputs\journal\apic_v3_2_screening_cn_ad\r4,42,nacc_to_adni,D:\cyh\dictionary_learn\outputs\journal\apic_v3_2_screening_cn_ad\r4\seed42\nacc_to_adni\ce_x\journal_metrics.json,ce_x,12,clean,0.0912332791719955,0.46171195375406654,0.8179017727404824,,,,0.0912332791719955,0.0,0.0,0.0,0.0,0.0,0.0,0.0,0.0,0.0,0.0,0.0,,
D:\cyh\dictionary_learn\outputs\journal\apic_v3_2_screening_cn_ad\r4,42,nacc_to_adni,D:\cyh\dictionary_learn\outputs\journal\apic_v3_2_screening_cn_ad\r4\seed42\nacc_to_adni\ce_x\journal_metrics.json,ce_x,13,clean,0.16671826957150065,0.380334528696432,0.8192385934321417,,,,0.16671826957150065,0.0,0.0,0.0,0.0,0.0,0.0,0.0,0.0,0.0,0.0,0.0,,
D:\cyh\dictionary_learn\outputs\journal\apic_v3_2_screening_cn_ad\r4,42,nacc_to_adni,D:\cyh\dictionary_learn\outputs\journal\apic_v3_2_screening_cn_ad\r4\seed42\nacc_to_adni\ce_x\journal_metrics.json,ce_x,14,clean,0.11016735968335438,0.46349288752649465,0.8404242952630049,,,,0.11016735968335438,0.0,0.0,0.0,0.0,0.0,0.0,0.0,0.0,0.0,0.0,0.0,,
D:\cyh\dictionary_learn\outputs\journal\apic_v3_2_screening_cn_ad\r4,42,nacc_to_adni,D:\cyh\dictionary_learn\outputs\journal\apic_v3_2_screening_cn_ad\r4\seed42\nacc_to_adni\ce_x\journal_metrics.json,ce_x,15,clean,0.025732018825027042,0.3894271944510537,0.8490264458006394,,,,0.025732018825027042,0.0,0.0,0.0,0.0,0.0,0.0,0.0,0.0,0.0,0.0,0.0,,
D:\cyh\dictionary_learn\outputs\journal\apic_v3_2_screening_cn_ad\r4,42,nacc_to_adni,D:\cyh\dictionary_learn\outputs\journal\apic_v3_2_screening_cn_ad\r4\seed42\nacc_to_adni\ce_x\journal_metrics.json,ce_x,16,clean,0.0758328527659594,0.45819720886076204,0.8498982853821563,,,,0.0758328527659594,0.0,0.0,0.0,0.0,0.0,0.0,0.0,0.0,0.0,0.0,0.0,,
D:\cyh\dictionary_learn\outputs\journal\apic_v3_2_screening_cn_ad\r4,42,nacc_to_adni,D:\cyh\dictionary_learn\outputs\journal\apic_v3_2_screening_cn_ad\r4\seed42\nacc_to_adni\ce_x\journal_metrics.json,ce_x,17,clean,0.00810553408153069,1.4559363975589772,0.8145597210113339,,,,0.00810553408153069,0.0,0.0,0.0,0.0,0.0,0.0,0.0,0.0,0.0,0.0,0.0,,
D:\cyh\dictionary_learn\outputs\journal\apic_v3_2_screening_cn_ad\r4,42,nacc_to_adni,D:\cyh\dictionary_learn\outputs\journal\apic_v3_2_screening_cn_ad\r4\seed42\nacc_to_adni\ce_x\journal_metrics.json,ce_x,18,clean,0.005993045265227036,0.31444711143487863,0.8085730892182506,,,,0.005993045265227036,0.0,0.0,0.0,0.0,0.0,0.0,0.0,0.0,0.0,0.0,0.0,,
D:\cyh\dictionary_learn\outputs\journal\apic_v3_2_screening_cn_ad\r4,42,nacc_to_adni,D:\cyh\dictionary_learn\outputs\journal\apic_v3_2_screening_cn_ad\r4\seed42\nacc_to_adni\ce_x\journal_metrics.json,ce_x,19,clean,0.0036353193632881133,0.36696126858427436,0.8105201976169717,,,,0.0036353193632881133,0.0,0.0,0.0,0.0,0.0,0.0,0.0,0.0,0.0,0.0,0.0,,
D:\cyh\dictionary_learn\outputs\journal\apic_v3_2_screening_cn_ad\r4,42,nacc_to_adni,D:\cyh\dictionary_learn\outputs\journal\apic_v3_2_screening_cn_ad\r4\seed42\nacc_to_adni\ce_x\journal_metrics.json,ce_x,20,clean,0.0017238890190606198,0.3536537495837393,0.8499564080209242,,,,0.0017238890190606198,0.0,0.0,0.0,0.0,0.0,0.0,0.0,0.0,0.0,0.0,0.0,,
D:\cyh\dictionary_learn\outputs\journal\apic_v3_2_screening_cn_ad\r4,42,nacc_to_adni,D:\cyh\dictionary_learn\outputs\journal\apic_v3_2_screening_cn_ad\r4\seed42\nacc_to_adni\ce_x\journal_metrics.json,ce_x,21,clean,0.10386294575571342,0.44435729624220555,0.8411508282476025,,,,0.10386294575571342,0.0,0.0,0.0,0.0,0.0,0.0,0.0,0.0,0.0,0.0,0.0,,
D:\cyh\dictionary_learn\outputs\journal\apic_v3_2_screening_cn_ad\r4,42,nacc_to_adni,D:\cyh\dictionary_learn\outputs\journal\apic_v3_2_screening_cn_ad\r4\seed42\nacc_to_adni\ce_x\journal_metrics.json,ce_x,22,clean,0.056886543994073564,0.3718476201197218,0.842429526300494,,,,0.056886543994073564,0.0,0.0,0.0,0.0,0.0,0.0,0.0,0.0,0.0,0.0,0.0,,
D:\cyh\dictionary_learn\outputs\journal\apic_v3_2_screening_cn_ad\r4,42,nacc_to_adni,D:\cyh\dictionary_learn\outputs\journal\apic_v3_2_screening_cn_ad\r4\seed42\nacc_to_adni\ce_x\journal_metrics.json,ce_x,23,clean,0.1477009749228451,0.6679521459017459,0.8247602441150829,,,,0.1477009749228451,0.0,0.0,0.0,0.0,0.0,0.0,0.0,0.0,0.0,0.0,0.0,,
D:\cyh\dictionary_learn\outputs\journal\apic_v3_2_screening_cn_ad\r4,42,nacc_to_adni,D:\cyh\dictionary_learn\outputs\journal\apic_v3_2_screening_cn_ad\r4\seed42\nacc_to_adni\ce_x\journal_metrics.json,ce_x,24,clean,0.01473932443515075,0.8984625647870192,0.821214763150247,,,,0.01473932443515075,0.0,0.0,0.0,0.0,0.0,0.0,0.0,0.0,0.0,0.0,0.0,,
D:\cyh\dictionary_learn\outputs\journal\apic_v3_2_screening_cn_ad\r4,42,nacc_to_adni,D:\cyh\dictionary_learn\outputs\journal\apic_v3_2_screening_cn_ad\r4\seed42\nacc_to_adni\ce_x\journal_metrics.json,ce_x,25,clean,0.08731982554000146,0.740210052704166,0.7968904388259227,,,,0.08731982554000146,0.0,0.0,0.0,0.0,0.0,0.0,0.0,0.0,0.0,0.0,0.0,,
D:\cyh\dictionary_learn\outputs\journal\apic_v3_2_screening_cn_ad\r4,42,nacc_to_adni,D:\cyh\dictionary_learn\outputs\journal\apic_v3_2_screening_cn_ad\r4\seed42\nacc_to_adni\ce_x\journal_metrics.json,ce_x,26,clean,0.013381136243193223,0.5216073761470585,0.8067712874164487,,,,0.013381136243193223,0.0,0.0,0.0,0.0,0.0,0.0,0.0,0.0,0.0,0.0,0.0,,
D:\cyh\dictionary_learn\outputs\journal\apic_v3_2_screening_cn_ad\r4,42,nacc_to_adni,D:\cyh\dictionary_learn\outputs\journal\apic_v3_2_screening_cn_ad\r4\seed42\nacc_to_adni\ce_x\journal_metrics.json,ce_x,27,clean,0.05163341494989757,0.3429964264007885,0.8109851787271142,,,,0.05163341494989757,0.0,0.0,0.0,0.0,0.0,0.0,0.0,0.0,0.0,0.0,0.0,,
D:\cyh\dictionary_learn\outputs\journal\apic_v3_2_screening_cn_ad\r4,42,nacc_to_adni,D:\cyh\dictionary_learn\outputs\journal\apic_v3_2_screening_cn_ad\r4\seed42\nacc_to_adni\ce_x\journal_metrics.json,ce_x,28,clean,0.1059653412743521,3.50665192686366,0.7128741644870678,,,,0.1059653412743521,0.0,0.0,0.0,0.0,0.0,0.0,0.0,0.0,0.0,0.0,0.0,,
D:\cyh\dictionary_learn\outputs\journal\apic_v3_2_screening_cn_ad\r4,42,nacc_to_adni,D:\cyh\dictionary_learn\outputs\journal\apic_v3_2_screening_cn_ad\r4\seed42\nacc_to_adni\ce_x\journal_metrics.json,ce_x,29,clean,0.049034118886637716,0.39986279796010077,0.7150828247602442,,,,0.049034118886637716,0.0,0.0,0.0,0.0,0.0,0.0,0.0,0.0,0.0,0.0,0.0,,
D:\cyh\dictionary_learn\outputs\journal\apic_v3_2_screening_cn_ad\r4,42,nacc_to_adni,D:\cyh\dictionary_learn\outputs\journal\apic_v3_2_screening_cn_ad\r4\seed42\nacc_to_adni\ce_x\journal_metrics.json,ce_x,30,clean,0.006812770540325892,0.5081468785242798,0.7274629468177854,,,,0.006812770540325892,0.0,0.0,0.0,0.0,0.0,0.0,0.0,0.0,0.0,0.0,0.0,,
D:\cyh\dictionary_learn\outputs\journal\apic_v3_2_screening_cn_ad\r4,42,nacc_to_adni,D:\cyh\dictionary_learn\outputs\journal\apic_v3_2_screening_cn_ad\r4\seed42\nacc_to_adni\ce_x\journal_metrics.json,ce_x,31,clean,0.0035978676661017855,0.33741665163223833,0.84068584713746,,,,0.0035978676661017855,0.0,0.0,0.0,0.0,0.0,0.0,0.0,0.0,0.0,0.0,0.0,,
D:\cyh\dictionary_learn\outputs\journal\apic_v3_2_screening_cn_ad\r4,42,nacc_to_adni,D:\cyh\dictionary_learn\outputs\journal\apic_v3_2_screening_cn_ad\r4\seed42\nacc_to_adni\ce_x\journal_metrics.json,ce_x,32,clean,0.0012815260891649773,0.37615368984395275,0.8486195873292647,,,,0.0012815260891649773,0.0,0.0,0.0,0.0,0.0,0.0,0.0,0.0,0.0,0.0,0.0,,
D:\cyh\dictionary_learn\outputs\journal\apic_v3_2_screening_cn_ad\r4,42,nacc_to_adni,D:\cyh\dictionary_learn\outputs\journal\apic_v3_2_screening_cn_ad\r4\seed42\nacc_to_adni\ce_x\journal_metrics.json,ce_x,33,clean,0.14307610021603967,0.30064405398525396,0.8216506829410056,,,,0.14307610021603967,0.0,0.0,0.0,0.0,0.0,0.0,0.0,0.0,0.0,0.0,0.0,,
D:\cyh\dictionary_learn\outputs\journal\apic_v3_2_screening_cn_ad\r4,42,nacc_to_adni,D:\cyh\dictionary_learn\outputs\journal\apic_v3_2_screening_cn_ad\r4\seed42\nacc_to_adni\ce_x\journal_metrics.json,ce_x,34,clean,0.07667340292590774,0.38743366465557666,0.8227259517582098,,,,0.07667340292590774,0.0,0.0,0.0,0.0,0.0,0.0,0.0,0.0,0.0,0.0,0.0,,
D:\cyh\dictionary_learn\outputs\journal\apic_v3_2_screening_cn_ad\r4,42,nacc_to_adni,D:\cyh\dictionary_learn\outputs\journal\apic_v3_2_screening_cn_ad\r4\seed42\nacc_to_adni\ce_x\journal_metrics.json,ce_x,35,clean,0.014302135529196574,0.3186961236985477,0.8214472537053182,,,,0.014302135529196574,0.0,0.0,0.0,0.0,0.0,0.0,0.0,0.0,0.0,0.0,0.0,,
D:\cyh\dictionary_learn\outputs\journal\apic_v3_2_screening_cn_ad\r4,42,nacc_to_adni,D:\cyh\dictionary_learn\outputs\journal\apic_v3_2_screening_cn_ad\r4\seed42\nacc_to_adni\ce_x\journal_metrics.json,ce_x,36,clean,0.0037433284666687095,0.40240779261291154,0.842429526300494,,,,0.0037433284666687095,0.0,0.0,0.0,0.0,0.0,0.0,0.0,0.0,0.0,0.0,0.0,,
D:\cyh\dictionary_learn\outputs\journal\apic_v3_2_screening_cn_ad\r4,42,nacc_to_adni,D:\cyh\dictionary_learn\outputs\journal\apic_v3_2_screening_cn_ad\r4\seed42\nacc_to_adni\ce_x\journal_metrics.json,ce_x,37,clean,0.0015598160621037645,0.3591053927058228,0.8439116535890729,,,,0.0015598160621037645,0.0,0.0,0.0,0.0,0.0,0.0,0.0,0.0,0.0,0.0,0.0,,
D:\cyh\dictionary_learn\outputs\journal\apic_v3_2_screening_cn_ad\r4,42,nacc_to_adni,D:\cyh\dictionary_learn\outputs\journal\apic_v3_2_screening_cn_ad\r4\seed42\nacc_to_adni\ce_x\journal_metrics.json,ce_x,38,clean,0.0013920127556596845,0.38973226978681336,0.8419645451903518,,,,0.0013920127556596845,0.0,0.0,0.0,0.0,0.0,0.0,0.0,0.0,0.0,0.0,0.0,,
D:\cyh\dictionary_learn\outputs\journal\apic_v3_2_screening_cn_ad\r4,42,nacc_to_adni,D:\cyh\dictionary_learn\outputs\journal\apic_v3_2_screening_cn_ad\r4\seed42\nacc_to_adni\ce_x\journal_metrics.json,ce_x,39,clean,0.07922680552263696,0.446927376879297,0.8460621912234817,,,,0.07922680552263696,0.0,0.0,0.0,0.0,0.0,0.0,0.0,0.0,0.0,0.0,0.0,,
D:\cyh\dictionary_learn\outputs\journal\apic_v3_2_screening_cn_ad\r4,42,nacc_to_adni,D:\cyh\dictionary_learn\outputs\journal\apic_v3_2_screening_cn_ad\r4\seed42\nacc_to_adni\ce_x\journal_metrics.json,ce_x,40,clean,0.023647553733434246,0.31424886813107705,0.8533856437082243,,,,0.023647553733434246,0.0,0.0,0.0,0.0,0.0,0.0,0.0,0.0,0.0,0.0,0.0,,
D:\cyh\dictionary_learn\outputs\journal\apic_v3_2_screening_cn_ad\r4,42,nacc_to_adni,D:\cyh\dictionary_learn\outputs\journal\apic_v3_2_screening_cn_ad\r4\seed42\nacc_to_adni\ce_x\journal_metrics.json,ce_x,41,clean,0.002732431014010217,0.39942846027992396,0.8566114501598373,,,,0.002732431014010217,0.0,0.0,0.0,0.0,0.0,0.0,0.0,0.0,0.0,0.0,0.0,,
D:\cyh\dictionary_learn\outputs\journal\apic_v3_2_screening_cn_ad\r4,42,nacc_to_adni,D:\cyh\dictionary_learn\outputs\journal\apic_v3_2_screening_cn_ad\r4\seed42\nacc_to_adni\ce_x\journal_metrics.json,ce_x,42,clean,0.0012536831873250533,0.43811037822053495,0.8568148793955247,,,,0.0012536831873250533,0.0,0.0,0.0,0.0,0.0,0.0,0.0,0.0,0.0,0.0,0.0,,
D:\cyh\dictionary_learn\outputs\journal\apic_v3_2_screening_cn_ad\r4,42,nacc_to_adni,D:\cyh\dictionary_learn\outputs\journal\apic_v3_2_screening_cn_ad\r4\seed42\nacc_to_adni\ce_x\journal_metrics.json,ce_x,43,clean,0.0012445700359629927,0.38333554362711786,0.853792502179599,,,,0.0012445700359629927,0.0,0.0,0.0,0.0,0.0,0.0,0.0,0.0,0.0,0.0,0.0,,
D:\cyh\dictionary_learn\outputs\journal\apic_v3_2_screening_cn_ad\r4,42,nacc_to_adni,D:\cyh\dictionary_learn\outputs\journal\apic_v3_2_screening_cn_ad\r4\seed42\nacc_to_adni\ce_x\journal_metrics.json,ce_x,44,clean,0.0014131795691782166,0.3914638373722955,0.853792502179599,,,,0.0014131795691782166,0.0,0.0,0.0,0.0,0.0,0.0,0.0,0.0,0.0,0.0,0.0,,
D:\cyh\dictionary_learn\outputs\journal\apic_v3_2_screening_cn_ad\r4,42,nacc_to_adni,D:\cyh\dictionary_learn\outputs\journal\apic_v3_2_screening_cn_ad\r4\seed42\nacc_to_adni\ce_x\journal_metrics.json,ce_x,45,clean,0.00044033820136852155,0.38157201831574944,0.8580935774484161,,,,0.00044033820136852155,0.0,0.0,0.0,0.0,0.0,0.0,0.0,0.0,0.0,0.0,0.0,,
D:\cyh\dictionary_learn\outputs\journal\apic_v3_2_screening_cn_ad\r4,42,nacc_to_adni,D:\cyh\dictionary_learn\outputs\journal\apic_v3_2_screening_cn_ad\r4\seed42\nacc_to_adni\ce_x\journal_metrics.json,ce_x,46,clean,0.01221550523193944,0.34308723333794106,0.8362394652717233,,,,0.01221550523193944,0.0,0.0,0.0,0.0,0.0,0.0,0.0,0.0,0.0,0.0,0.0,,
D:\cyh\dictionary_learn\outputs\journal\apic_v3_2_screening_cn_ad\r4,42,nacc_to_adni,D:\cyh\dictionary_learn\outputs\journal\apic_v3_2_screening_cn_ad\r4\seed42\nacc_to_adni\ce_x\journal_metrics.json,ce_x,47,clean,0.0027154791824517683,0.6293532974646342,0.8424295263004941,,,,0.0027154791824517683,0.0,0.0,0.0,0.0,0.0,0.0,0.0,0.0,0.0,0.0,0.0,,
D:\cyh\dictionary_learn\outputs\journal\apic_v3_2_screening_cn_ad\r4,42,nacc_to_adni,D:\cyh\dictionary_learn\outputs\journal\apic_v3_2_screening_cn_ad\r4\seed42\nacc_to_adni\ce_x\journal_metrics.json,ce_x,48,clean,0.0010702630210309822,0.37076392430042343,0.8387968613775065,,,,0.0010702630210309822,0.0,0.0,0.0,0.0,0.0,0.0,0.0,0.0,0.0,0.0,0.0,,
D:\cyh\dictionary_learn\outputs\journal\apic_v3_2_screening_cn_ad\r4,42,nacc_to_adni,D:\cyh\dictionary_learn\outputs\journal\apic_v3_2_screening_cn_ad\r4\seed42\nacc_to_adni\ce_x\journal_metrics.json,ce_x,49,clean,0.0007609911412776216,0.41734492892465713,0.8617262423714037,,,,0.0007609911412776216,0.0,0.0,0.0,0.0,0.0,0.0,0.0,0.0,0.0,0.0,0.0,,
D:\cyh\dictionary_learn\outputs\journal\apic_v3_2_screening_cn_ad\r4,42,nacc_to_adni,D:\cyh\dictionary_learn\outputs\journal\apic_v3_2_screening_cn_ad\r4\seed42\nacc_to_adni\ce_x\journal_metrics.json,ce_x,50,clean,0.0007878021890227293,0.3990699777261261,0.8609125254286544,,,,0.0007878021890227293,0.0,0.0,0.0,0.0,0.0,0.0,0.0,0.0,0.0,0.0,0.0,,
D:\cyh\dictionary_learn\outputs\journal\apic_v3_2_screening_cn_ad\r4,42,nacc_to_adni,D:\cyh\dictionary_learn\outputs\journal\apic_v3_2_screening_cn_ad\r4\seed42\nacc_to_adni\mixstyle_x\journal_metrics.json,mixstyle_x,1,mixstyle,0.49743655556032446,0.6653962702539622,0.5675675675675675,,,,0.49743655556032446,0.0,0.0,0.0,0.0,0.0,0.0,0.0,0.0,0.0,0.0,0.0,,
D:\cyh\dictionary_learn\outputs\journal\apic_v3_2_screening_cn_ad\r4,42,nacc_to_adni,D:\cyh\dictionary_learn\outputs\journal\apic_v3_2_screening_cn_ad\r4\seed42\nacc_to_adni\mixstyle_x\journal_metrics.json,mixstyle_x,2,mixstyle,0.37057532933046367,0.3891888875103995,0.6672188317349608,,,,0.37057532933046367,0.0,0.0,0.0,0.0,0.0,0.0,0.0,0.0,0.0,0.0,0.0,,
D:\cyh\dictionary_learn\outputs\journal\apic_v3_2_screening_cn_ad\r4,42,nacc_to_adni,D:\cyh\dictionary_learn\outputs\journal\apic_v3_2_screening_cn_ad\r4\seed42\nacc_to_adni\mixstyle_x\journal_metrics.json,mixstyle_x,3,mixstyle,0.3157375997983377,0.415861314544167,0.7047369950595757,,,,0.3157375997983377,0.0,0.0,0.0,0.0,0.0,0.0,0.0,0.0,0.0,0.0,0.0,,
D:\cyh\dictionary_learn\outputs\journal\apic_v3_2_screening_cn_ad\r4,42,nacc_to_adni,D:\cyh\dictionary_learn\outputs\journal\apic_v3_2_screening_cn_ad\r4\seed42\nacc_to_adni\mixstyle_x\journal_metrics.json,mixstyle_x,4,mixstyle,0.27070170046772035,0.36178234978968743,0.7251089799476897,,,,0.27070170046772035,0.0,0.0,0.0,0.0,0.0,0.0,0.0,0.0,0.0,0.0,0.0,,
D:\cyh\dictionary_learn\outputs\journal\apic_v3_2_screening_cn_ad\r4,42,nacc_to_adni,D:\cyh\dictionary_learn\outputs\journal\apic_v3_2_screening_cn_ad\r4\seed42\nacc_to_adni\mixstyle_x\journal_metrics.json,mixstyle_x,5,mixstyle,0.18301097647021602,0.3735119142597295,0.710781749491427,,,,0.18301097647021602,0.0,0.0,0.0,0.0,0.0,0.0,0.0,0.0,0.0,0.0,0.0,,
D:\cyh\dictionary_learn\outputs\journal\apic_v3_2_screening_cn_ad\r4,42,nacc_to_adni,D:\cyh\dictionary_learn\outputs\journal\apic_v3_2_screening_cn_ad\r4\seed42\nacc_to_adni\mixstyle_x\journal_metrics.json,mixstyle_x,6,mixstyle,0.1332949050415994,0.43452583461098204,0.6998837547224644,,,,0.1332949050415994,0.0,0.0,0.0,0.0,0.0,0.0,0.0,0.0,0.0,0.0,0.0,,
D:\cyh\dictionary_learn\outputs\journal\apic_v3_2_screening_cn_ad\r4,42,nacc_to_adni,D:\cyh\dictionary_learn\outputs\journal\apic_v3_2_screening_cn_ad\r4\seed42\nacc_to_adni\mixstyle_x\journal_metrics.json,mixstyle_x,7,mixstyle,0.12433591926100991,0.6314633612920283,0.7359197907585004,,,,0.12433591926100991,0.0,0.0,0.0,0.0,0.0,0.0,0.0,0.0,0.0,0.0,0.0,,
D:\cyh\dictionary_learn\outputs\journal\apic_v3_2_screening_cn_ad\r4,42,nacc_to_adni,D:\cyh\dictionary_learn\outputs\journal\apic_v3_2_screening_cn_ad\r4\seed42\nacc_to_adni\mixstyle_x\journal_metrics.json,mixstyle_x,8,mixstyle,0.11666303276872605,0.3822187074724652,0.7700087183958152,,,,0.11666303276872605,0.0,0.0,0.0,0.0,0.0,0.0,0.0,0.0,0.0,0.0,0.0,,
D:\cyh\dictionary_learn\outputs\journal\apic_v3_2_screening_cn_ad\r4,42,nacc_to_adni,D:\cyh\dictionary_learn\outputs\journal\apic_v3_2_screening_cn_ad\r4\seed42\nacc_to_adni\mixstyle_x\journal_metrics.json,mixstyle_x,9,mixstyle,0.09887743819317671,0.34114245443973107,0.7999999999999999,,,,0.09887743819317671,0.0,0.0,0.0,0.0,0.0,0.0,0.0,0.0,0.0,0.0,0.0,,
D:\cyh\dictionary_learn\outputs\journal\apic_v3_2_screening_cn_ad\r4,42,nacc_to_adni,D:\cyh\dictionary_learn\outputs\journal\apic_v3_2_screening_cn_ad\r4\seed42\nacc_to_adni\mixstyle_x\journal_metrics.json,mixstyle_x,10,mixstyle,0.05761511325813419,0.46225394216332266,0.8194420226678291,,,,0.05761511325813419,0.0,0.0,0.0,0.0,0.0,0.0,0.0,0.0,0.0,0.0,0.0,,
D:\cyh\dictionary_learn\outputs\journal\apic_v3_2_screening_cn_ad\r4,42,nacc_to_adni,D:\cyh\dictionary_learn\outputs\journal\apic_v3_2_screening_cn_ad\r4\seed42\nacc_to_adni\mixstyle_x\journal_metrics.json,mixstyle_x,11,mixstyle,0.047846689525349116,0.5989992110396373,0.8185120604475443,,,,0.047846689525349116,0.0,0.0,0.0,0.0,0.0,0.0,0.0,0.0,0.0,0.0,0.0,,
D:\cyh\dictionary_learn\outputs\journal\apic_v3_2_screening_cn_ad\r4,42,nacc_to_adni,D:\cyh\dictionary_learn\outputs\journal\apic_v3_2_screening_cn_ad\r4\seed42\nacc_to_adni\mixstyle_x\journal_metrics.json,mixstyle_x,12,mixstyle,0.12480514316283707,1.7171655474989655,0.7599244405696018,,,,0.12480514316283707,0.0,0.0,0.0,0.0,0.0,0.0,0.0,0.0,0.0,0.0,0.0,,
D:\cyh\dictionary_learn\outputs\journal\apic_v3_2_screening_cn_ad\r4,42,nacc_to_adni,D:\cyh\dictionary_learn\outputs\journal\apic_v3_2_screening_cn_ad\r4\seed42\nacc_to_adni\mixstyle_x\journal_metrics.json,mixstyle_x,13,mixstyle,0.20255374806730192,0.40045596135673545,0.7458006393490265,,,,0.20255374806730192,0.0,0.0,0.0,0.0,0.0,0.0,0.0,0.0,0.0,0.0,0.0,,
D:\cyh\dictionary_learn\outputs\journal\apic_v3_2_screening_cn_ad\r4,42,nacc_to_adni,D:\cyh\dictionary_learn\outputs\journal\apic_v3_2_screening_cn_ad\r4\seed42\nacc_to_adni\mixstyle_x\journal_metrics.json,mixstyle_x,14,mixstyle,0.19260277607290896,0.49711418366377624,0.7355129322871258,,,,0.19260277607290896,0.0,0.0,0.0,0.0,0.0,0.0,0.0,0.0,0.0,0.0,0.0,,
D:\cyh\dictionary_learn\outputs\journal\apic_v3_2_screening_cn_ad\r4,42,nacc_to_adni,D:\cyh\dictionary_learn\outputs\journal\apic_v3_2_screening_cn_ad\r4\seed42\nacc_to_adni\mixstyle_x\journal_metrics.json,mixstyle_x,15,mixstyle,0.05140603332638522,0.40141872859368505,0.7921534437663471,,,,0.05140603332638522,0.0,0.0,0.0,0.0,0.0,0.0,0.0,0.0,0.0,0.0,0.0,,
D:\cyh\dictionary_learn\outputs\journal\apic_v3_2_screening_cn_ad\r4,42,nacc_to_adni,D:\cyh\dictionary_learn\outputs\journal\apic_v3_2_screening_cn_ad\r4\seed42\nacc_to_adni\mixstyle_x\journal_metrics.json,mixstyle_x,16,mixstyle,0.11250383772024905,0.4664291432120385,0.8024411508282476,,,,0.11250383772024905,0.0,0.0,0.0,0.0,0.0,0.0,0.0,0.0,0.0,0.0,0.0,,
D:\cyh\dictionary_learn\outputs\journal\apic_v3_2_screening_cn_ad\r4,42,nacc_to_adni,D:\cyh\dictionary_learn\outputs\journal\apic_v3_2_screening_cn_ad\r4\seed42\nacc_to_adni\mixstyle_x\journal_metrics.json,mixstyle_x,17,mixstyle,0.04485007142257882,0.4716949530213426,0.820052310374891,,,,0.04485007142257882,0.0,0.0,0.0,0.0,0.0,0.0,0.0,0.0,0.0,0.0,0.0,,
D:\cyh\dictionary_learn\outputs\journal\apic_v3_2_screening_cn_ad\r4,42,nacc_to_adni,D:\cyh\dictionary_learn\outputs\journal\apic_v3_2_screening_cn_ad\r4\seed42\nacc_to_adni\mixstyle_x\journal_metrics.json,mixstyle_x,18,mixstyle,0.0343175355534267,0.3095623944645762,0.8078756175530369,,,,0.0343175355534267,0.0,0.0,0.0,0.0,0.0,0.0,0.0,0.0,0.0,0.0,0.0,,
D:\cyh\dictionary_learn\outputs\journal\apic_v3_2_screening_cn_ad\r4,42,nacc_to_adni,D:\cyh\dictionary_learn\outputs\journal\apic_v3_2_screening_cn_ad\r4\seed42\nacc_to_adni\mixstyle_x\journal_metrics.json,mixstyle_x,19,mixstyle,0.01088326609551688,0.3715964525715973,0.8246149375181634,,,,0.01088326609551688,0.0,0.0,0.0,0.0,0.0,0.0,0.0,0.0,0.0,0.0,0.0,,
D:\cyh\dictionary_learn\outputs\journal\apic_v3_2_screening_cn_ad\r4,42,nacc_to_adni,D:\cyh\dictionary_learn\outputs\journal\apic_v3_2_screening_cn_ad\r4\seed42\nacc_to_adni\mixstyle_x\journal_metrics.json,mixstyle_x,20,mixstyle,0.004903973249637901,0.4511392489785307,0.8175530369078756,,,,0.004903973249637901,0.0,0.0,0.0,0.0,0.0,0.0,0.0,0.0,0.0,0.0,0.0,,
D:\cyh\dictionary_learn\outputs\journal\apic_v3_2_screening_cn_ad\r4,42,nacc_to_adni,D:\cyh\dictionary_learn\outputs\journal\apic_v3_2_screening_cn_ad\r4\seed42\nacc_to_adni\mixstyle_x\journal_metrics.json,mixstyle_x,21,mixstyle,0.10669415618327782,0.449763731273583,0.7873002034292357,,,,0.10669415618327782,0.0,0.0,0.0,0.0,0.0,0.0,0.0,0.0,0.0,0.0,0.0,,
D:\cyh\dictionary_learn\outputs\journal\apic_v3_2_screening_cn_ad\r4,42,nacc_to_adni,D:\cyh\dictionary_learn\outputs\journal\apic_v3_2_screening_cn_ad\r4\seed42\nacc_to_adni\mixstyle_x\journal_metrics.json,mixstyle_x,22,mixstyle,0.10523520522736605,0.7483882841651882,0.718918918918919,,,,0.10523520522736605,0.0,0.0,0.0,0.0,0.0,0.0,0.0,0.0,0.0,0.0,0.0,,
D:\cyh\dictionary_learn\outputs\journal\apic_v3_2_screening_cn_ad\r4,42,nacc_to_adni,D:\cyh\dictionary_learn\outputs\journal\apic_v3_2_screening_cn_ad\r4\seed42\nacc_to_adni\mixstyle_x\journal_metrics.json,mixstyle_x,23,mixstyle,0.1553541888058831,0.36266667209309217,0.7331008427782622,,,,0.1553541888058831,0.0,0.0,0.0,0.0,0.0,0.0,0.0,0.0,0.0,0.0,0.0,,
D:\cyh\dictionary_learn\outputs\journal\apic_v3_2_screening_cn_ad\r4,42,nacc_to_adni,D:\cyh\dictionary_learn\outputs\journal\apic_v3_2_screening_cn_ad\r4\seed42\nacc_to_adni\mixstyle_x\journal_metrics.json,mixstyle_x,24,mixstyle,0.038988634926239656,1.6704476887246364,0.7219122348154606,,,,0.038988634926239656,0.0,0.0,0.0,0.0,0.0,0.0,0.0,0.0,0.0,0.0,0.0,,
D:\cyh\dictionary_learn\outputs\journal\apic_v3_2_screening_cn_ad\r4,42,nacc_to_adni,D:\cyh\dictionary_learn\outputs\journal\apic_v3_2_screening_cn_ad\r4\seed42\nacc_to_adni\mixstyle_x\journal_metrics.json,mixstyle_x,25,mixstyle,0.014724584387559391,0.4735537545211828,0.7930543446672479,,,,0.014724584387559391,0.0,0.0,0.0,0.0,0.0,0.0,0.0,0.0,0.0,0.0,0.0,,
D:\cyh\dictionary_learn\outputs\journal\apic_v3_2_screening_cn_ad\r4,42,nacc_to_adni,D:\cyh\dictionary_learn\outputs\journal\apic_v3_2_screening_cn_ad\r4\seed42\nacc_to_adni\mixstyle_x\journal_metrics.json,mixstyle_x,26,mixstyle,0.0044616756658492525,0.3130712088220291,0.7632664922987504,,,,0.0044616756658492525,0.0,0.0,0.0,0.0,0.0,0.0,0.0,0.0,0.0,0.0,0.0,,
D:\cyh\dictionary_learn\outputs\journal\apic_v3_2_screening_cn_ad\r4,42,nacc_to_adni,D:\cyh\dictionary_learn\outputs\journal\apic_v3_2_screening_cn_ad\r4\seed42\nacc_to_adni\mixstyle_x\journal_metrics.json,mixstyle_x,27,mixstyle,0.04017386645006794,1.074946397995486,0.7834931705899448,,,,0.04017386645006794,0.0,0.0,0.0,0.0,0.0,0.0,0.0,0.0,0.0,0.0,0.0,,
D:\cyh\dictionary_learn\outputs\journal\apic_v3_2_screening_cn_ad\r4,42,nacc_to_adni,D:\cyh\dictionary_learn\outputs\journal\apic_v3_2_screening_cn_ad\r4\seed42\nacc_to_adni\mixstyle_x\journal_metrics.json,mixstyle_x,28,mixstyle,0.1824557395292935,1.7618130867242288,0.6737576285963384,,,,0.1824557395292935,0.0,0.0,0.0,0.0,0.0,0.0,0.0,0.0,0.0,0.0,0.0,,
D:\cyh\dictionary_learn\outputs\journal\apic_v3_2_screening_cn_ad\r4,42,nacc_to_adni,D:\cyh\dictionary_learn\outputs\journal\apic_v3_2_screening_cn_ad\r4\seed42\nacc_to_adni\mixstyle_x\journal_metrics.json,mixstyle_x,29,mixstyle,0.0410326643992936,0.5019641147136968,0.6859343214181924,,,,0.0410326643992936,0.0,0.0,0.0,0.0,0.0,0.0,0.0,0.0,0.0,0.0,0.0,,
D:\cyh\dictionary_learn\outputs\journal\apic_v3_2_screening_cn_ad\r4,42,nacc_to_adni,D:\cyh\dictionary_learn\outputs\journal\apic_v3_2_screening_cn_ad\r4\seed42\nacc_to_adni\mixstyle_x\journal_metrics.json,mixstyle_x,30,mixstyle,0.010352221170322275,0.3661110907578805,0.7232199941877361,,,,0.010352221170322275,0.0,0.0,0.0,0.0,0.0,0.0,0.0,0.0,0.0,0.0,0.0,,
D:\cyh\dictionary_learn\outputs\journal\apic_v3_2_screening_cn_ad\r4,42,nacc_to_adni,D:\cyh\dictionary_learn\outputs\journal\apic_v3_2_screening_cn_ad\r4\seed42\nacc_to_adni\mixstyle_x\journal_metrics.json,mixstyle_x,31,mixstyle,0.010206187714942257,0.3846786556426432,0.833420517291485,,,,0.010206187714942257,0.0,0.0,0.0,0.0,0.0,0.0,0.0,0.0,0.0,0.0,0.0,,
D:\cyh\dictionary_learn\outputs\journal\apic_v3_2_screening_cn_ad\r4,42,nacc_to_adni,D:\cyh\dictionary_learn\outputs\journal\apic_v3_2_screening_cn_ad\r4\seed42\nacc_to_adni\mixstyle_x\journal_metrics.json,mixstyle_x,32,mixstyle,0.008217560926432117,0.29528845680257926,0.8405405405405405,,,,0.008217560926432117,0.0,0.0,0.0,0.0,0.0,0.0,0.0,0.0,0.0,0.0,0.0,,
D:\cyh\dictionary_learn\outputs\journal\apic_v3_2_screening_cn_ad\r4,42,nacc_to_adni,D:\cyh\dictionary_learn\outputs\journal\apic_v3_2_screening_cn_ad\r4\seed42\nacc_to_adni\mixstyle_x\journal_metrics.json,mixstyle_x,33,mixstyle,0.08499884471221171,0.3144623280886462,0.8111595466434176,,,,0.08499884471221171,0.0,0.0,0.0,0.0,0.0,0.0,0.0,0.0,0.0,0.0,0.0,,
D:\cyh\dictionary_learn\outputs\journal\apic_v3_2_screening_cn_ad\r4,42,nacc_to_adni,D:\cyh\dictionary_learn\outputs\journal\apic_v3_2_screening_cn_ad\r4\seed42\nacc_to_adni\mixstyle_x\journal_metrics.json,mixstyle_x,34,mixstyle,0.03640582724770287,0.38233121446125357,0.813106655042139,,,,0.03640582724770287,0.0,0.0,0.0,0.0,0.0,0.0,0.0,0.0,0.0,0.0,0.0,,
D:\cyh\dictionary_learn\outputs\journal\apic_v3_2_screening_cn_ad\r4,42,nacc_to_adni,D:\cyh\dictionary_learn\outputs\journal\apic_v3_2_screening_cn_ad\r4\seed42\nacc_to_adni\mixstyle_x\journal_metrics.json,mixstyle_x,35,mixstyle,0.00909849722783846,0.43498815574654015,0.8128451031676839,,,,0.00909849722783846,0.0,0.0,0.0,0.0,0.0,0.0,0.0,0.0,0.0,0.0,0.0,,
D:\cyh\dictionary_learn\outputs\journal\apic_v3_2_screening_cn_ad\r4,42,nacc_to_adni,D:\cyh\dictionary_learn\outputs\journal\apic_v3_2_screening_cn_ad\r4\seed42\nacc_to_adni\mixstyle_x\journal_metrics.json,mixstyle_x,36,mixstyle,0.003383620257759935,0.45206326969150423,0.851438535309503,,,,0.003383620257759935,0.0,0.0,0.0,0.0,0.0,0.0,0.0,0.0,0.0,0.0,0.0,,
D:\cyh\dictionary_learn\outputs\journal\apic_v3_2_screening_cn_ad\r4,42,nacc_to_adni,D:\cyh\dictionary_learn\outputs\journal\apic_v3_2_screening_cn_ad\r4\seed42\nacc_to_adni\mixstyle_x\journal_metrics.json,mixstyle_x,37,mixstyle,0.010392021593859213,0.3942562659840125,0.8355710549258936,,,,0.010392021593859213,0.0,0.0,0.0,0.0,0.0,0.0,0.0,0.0,0.0,0.0,0.0,,
D:\cyh\dictionary_learn\outputs\journal\apic_v3_2_screening_cn_ad\r4,42,nacc_to_adni,D:\cyh\dictionary_learn\outputs\journal\apic_v3_2_screening_cn_ad\r4\seed42\nacc_to_adni\mixstyle_x\journal_metrics.json,mixstyle_x,38,mixstyle,0.0016048977013269905,0.428263689474073,0.8291775646614356,,,,0.0016048977013269905,0.0,0.0,0.0,0.0,0.0,0.0,0.0,0.0,0.0,0.0,0.0,,
D:\cyh\dictionary_learn\outputs\journal\apic_v3_2_screening_cn_ad\r4,42,nacc_to_adni,D:\cyh\dictionary_learn\outputs\journal\apic_v3_2_screening_cn_ad\r4\seed42\nacc_to_adni\mixstyle_x\journal_metrics.json,mixstyle_x,39,mixstyle,0.06450192621124905,0.6066551500363311,0.7845975007265329,,,,0.06450192621124905,0.0,0.0,0.0,0.0,0.0,0.0,0.0,0.0,0.0,0.0,0.0,,
D:\cyh\dictionary_learn\outputs\journal\apic_v3_2_screening_cn_ad\r4,42,nacc_to_adni,D:\cyh\dictionary_learn\outputs\journal\apic_v3_2_screening_cn_ad\r4\seed42\nacc_to_adni\mixstyle_x\journal_metrics.json,mixstyle_x,40,mixstyle,0.07513988169245735,0.7603062007531097,0.7726532984597502,,,,0.07513988169245735,0.0,0.0,0.0,0.0,0.0,0.0,0.0,0.0,0.0,0.0,0.0,,
D:\cyh\dictionary_learn\outputs\journal\apic_v3_2_screening_cn_ad\r4,42,nacc_to_adni,D:\cyh\dictionary_learn\outputs\journal\apic_v3_2_screening_cn_ad\r4\seed42\nacc_to_adni\mixstyle_x\journal_metrics.json,mixstyle_x,41,mixstyle,0.05118813245973807,0.4117121070943167,0.7762859633827377,,,,0.05118813245973807,0.0,0.0,0.0,0.0,0.0,0.0,0.0,0.0,0.0,0.0,0.0,,
D:\cyh\dictionary_learn\outputs\journal\apic_v3_2_screening_cn_ad\r4,42,nacc_to_adni,D:\cyh\dictionary_learn\outputs\journal\apic_v3_2_screening_cn_ad\r4\seed42\nacc_to_adni\mixstyle_x\journal_metrics.json,mixstyle_x,42,mixstyle,0.060472047738727656,0.4362997724744417,0.7961929671607092,,,,0.060472047738727656,0.0,0.0,0.0,0.0,0.0,0.0,0.0,0.0,0.0,0.0,0.0,,
D:\cyh\dictionary_learn\outputs\journal\apic_v3_2_screening_cn_ad\r4,42,nacc_to_adni,D:\cyh\dictionary_learn\outputs\journal\apic_v3_2_screening_cn_ad\r4\seed42\nacc_to_adni\mixstyle_x\journal_metrics.json,mixstyle_x,43,mixstyle,0.03704754059078099,0.3777856723153664,0.8027608253414705,,,,0.03704754059078099,0.0,0.0,0.0,0.0,0.0,0.0,0.0,0.0,0.0,0.0,0.0,,
D:\cyh\dictionary_learn\outputs\journal\apic_v3_2_screening_cn_ad\r4,42,nacc_to_adni,D:\cyh\dictionary_learn\outputs\journal\apic_v3_2_screening_cn_ad\r4\seed42\nacc_to_adni\mixstyle_x\journal_metrics.json,mixstyle_x,44,mixstyle,0.003508232578441082,0.40938718972362315,0.7935483870967742,,,,0.003508232578441082,0.0,0.0,0.0,0.0,0.0,0.0,0.0,0.0,0.0,0.0,0.0,,
D:\cyh\dictionary_learn\outputs\journal\apic_v3_2_screening_cn_ad\r4,42,nacc_to_adni,D:\cyh\dictionary_learn\outputs\journal\apic_v3_2_screening_cn_ad\r4\seed42\nacc_to_adni\mixstyle_x\journal_metrics.json,mixstyle_x,45,mixstyle,0.002647991351178924,0.42393673650739017,0.8034292356873003,,,,0.002647991351178924,0.0,0.0,0.0,0.0,0.0,0.0,0.0,0.0,0.0,0.0,0.0,,
D:\cyh\dictionary_learn\outputs\journal\apic_v3_2_screening_cn_ad\r4,42,nacc_to_adni,D:\cyh\dictionary_learn\outputs\journal\apic_v3_2_screening_cn_ad\r4\seed42\nacc_to_adni\mixstyle_x\journal_metrics.json,mixstyle_x,46,mixstyle,0.026120216635855138,0.3921520840544171,0.8053763440860214,,,,0.026120216635855138,0.0,0.0,0.0,0.0,0.0,0.0,0.0,0.0,0.0,0.0,0.0,,
D:\cyh\dictionary_learn\outputs\journal\apic_v3_2_screening_cn_ad\r4,42,nacc_to_adni,D:\cyh\dictionary_learn\outputs\journal\apic_v3_2_screening_cn_ad\r4\seed42\nacc_to_adni\mixstyle_x\journal_metrics.json,mixstyle_x,47,mixstyle,0.07927234880057946,0.45807591733641817,0.8012786980528915,,,,0.07927234880057946,0.0,0.0,0.0,0.0,0.0,0.0,0.0,0.0,0.0,0.0,0.0,,
D:\cyh\dictionary_learn\outputs\journal\apic_v3_2_screening_cn_ad\r4,42,nacc_to_adni,D:\cyh\dictionary_learn\outputs\journal\apic_v3_2_screening_cn_ad\r4\seed42\nacc_to_adni\mixstyle_x\journal_metrics.json,mixstyle_x,48,mixstyle,0.011145489111303043,0.37629897138648255,0.794216797442604,,,,0.011145489111303043,0.0,0.0,0.0,0.0,0.0,0.0,0.0,0.0,0.0,0.0,0.0,,
D:\cyh\dictionary_learn\outputs\journal\apic_v3_2_screening_cn_ad\r4,42,nacc_to_adni,D:\cyh\dictionary_learn\outputs\journal\apic_v3_2_screening_cn_ad\r4\seed42\nacc_to_adni\mixstyle_x\journal_metrics.json,mixstyle_x,49,mixstyle,0.002588660782764018,0.4626911364678536,0.8034292356873003,,,,0.002588660782764018,0.0,0.0,0.0,0.0,0.0,0.0,0.0,0.0,0.0,0.0,0.0,,
D:\cyh\dictionary_learn\outputs\journal\apic_v3_2_screening_cn_ad\r4,42,nacc_to_adni,D:\cyh\dictionary_learn\outputs\journal\apic_v3_2_screening_cn_ad\r4\seed42\nacc_to_adni\mixstyle_x\journal_metrics.json,mixstyle_x,50,mixstyle,0.00546879317696735,0.4675897115028716,0.809880848590526,,,,0.00546879317696735,0.0,0.0,0.0,0.0,0.0,0.0,0.0,0.0,0.0,0.0,0.0,,
D:\cyh\dictionary_learn\outputs\journal\apic_v3_2_screening_cn_ad\r4,43,adni_to_nacc,D:\cyh\dictionary_learn\outputs\journal\apic_v3_2_screening_cn_ad\r4\seed43\adni_to_nacc\apic_v3_2_x\journal_metrics.json,apic_v3_2_x,1,clean_warmup,0.4207744342555483,5.148554593870725,0.5,,,,0.4207744342555483,0.0,0.0,0.0,0.0,0.0,0.0,0.0,0.0,0.0,0.0,0.0,0,0.0
D:\cyh\dictionary_learn\outputs\journal\apic_v3_2_screening_cn_ad\r4,43,adni_to_nacc,D:\cyh\dictionary_learn\outputs\journal\apic_v3_2_screening_cn_ad\r4\seed43\adni_to_nacc\apic_v3_2_x\journal_metrics.json,apic_v3_2_x,2,clean_warmup,0.3161449506878853,2.3038077602132208,0.5,,,,0.3161449506878853,0.0,0.0,0.0,0.0,0.0,0.0,0.0,0.0,0.0,0.0,0.0,0,0.0
D:\cyh\dictionary_learn\outputs\journal\apic_v3_2_screening_cn_ad\r4,43,adni_to_nacc,D:\cyh\dictionary_learn\outputs\journal\apic_v3_2_screening_cn_ad\r4\seed43\adni_to_nacc\apic_v3_2_x\journal_metrics.json,apic_v3_2_x,3,clean_warmup,0.22638117585959563,0.4870420425980932,0.6105072463768116,,,,0.22638117585959563,0.0,0.0,0.0,0.0,0.0,0.0,0.0,0.0,0.0,0.0,0.0,0,0.0
D:\cyh\dictionary_learn\outputs\journal\apic_v3_2_screening_cn_ad\r4,43,adni_to_nacc,D:\cyh\dictionary_learn\outputs\journal\apic_v3_2_screening_cn_ad\r4\seed43\adni_to_nacc\apic_v3_2_x\journal_metrics.json,apic_v3_2_x,4,clean_warmup,0.20010985400393067,3.017477865274394,0.6105072463768116,,,,0.20010985400393067,0.0,0.0,0.0,0.0,0.0,0.0,0.0,0.0,0.0,0.0,0.0,0,0.0
D:\cyh\dictionary_learn\outputs\journal\apic_v3_2_screening_cn_ad\r4,43,adni_to_nacc,D:\cyh\dictionary_learn\outputs\journal\apic_v3_2_screening_cn_ad\r4\seed43\adni_to_nacc\apic_v3_2_x\journal_metrics.json,apic_v3_2_x,5,clean_warmup,0.1906181711602552,0.5184145356508693,0.7096920289855072,,,,0.1906181711602552,0.0,0.0,0.0,0.0,0.0,0.0,0.0,0.0,0.0,0.0,0.0,0,0.0
D:\cyh\dictionary_learn\outputs\journal\apic_v3_2_screening_cn_ad\r4,43,adni_to_nacc,D:\cyh\dictionary_learn\outputs\journal\apic_v3_2_screening_cn_ad\r4\seed43\adni_to_nacc\apic_v3_2_x\journal_metrics.json,apic_v3_2_x,6,style_bank_build,0.03726287644233061,0.5184145356508693,0.6983695652173912,,,,0.03851784079010228,0.0,0.0,0.0,0.0,0.0,0.0,0.0,0.0,0.0,0.0,0.0,0,0.0
D:\cyh\dictionary_learn\outputs\journal\apic_v3_2_screening_cn_ad\r4,43,adni_to_nacc,D:\cyh\dictionary_learn\outputs\journal\apic_v3_2_screening_cn_ad\r4\seed43\adni_to_nacc\apic_v3_2_x\journal_metrics.json,apic_v3_2_x,7,apis_warmup,0.20153865995199746,0.5216719452478431,0.7921195652173912,,,,0.20153865995199746,0.0,0.0,0.0,0.0,0.0,0.0,0.0,0.25290536683007897,1.76701305761519e-07,0.0,0.0,4,91.0
D:\cyh\dictionary_learn\outputs\journal\apic_v3_2_screening_cn_ad\r4,43,adni_to_nacc,D:\cyh\dictionary_learn\outputs\journal\apic_v3_2_screening_cn_ad\r4\seed43\adni_to_nacc\apic_v3_2_x\journal_metrics.json,apic_v3_2_x,8,apis_warmup,0.1488123858762703,0.6899718011011159,0.7590579710144928,,,,0.1488123858762703,0.0,0.0,0.0,0.0,0.0,0.0,0.0,0.24456467219145903,0.0002713678986817412,0.0,0.0,4,91.0
D:\cyh\dictionary_learn\outputs\journal\apic_v3_2_screening_cn_ad\r4,43,adni_to_nacc,D:\cyh\dictionary_learn\outputs\journal\apic_v3_2_screening_cn_ad\r4\seed43\adni_to_nacc\apic_v3_2_x\journal_metrics.json,apic_v3_2_x,9,apis_warmup,0.16219400930644787,0.4779073847853139,0.7486413043478262,,,,0.16219400930644787,0.0,0.0,0.0,0.0,0.0,0.0,0.0,0.24467708385852446,9.337389700688099e-08,0.0,0.0,4,91.0
D:\cyh\dictionary_learn\outputs\journal\apic_v3_2_screening_cn_ad\r4,43,adni_to_nacc,D:\cyh\dictionary_learn\outputs\journal\apic_v3_2_screening_cn_ad\r4\seed43\adni_to_nacc\apic_v3_2_x\journal_metrics.json,apic_v3_2_x,10,apis_warmup,0.09056406288340418,0.42376074181427026,0.7644927536231885,,,,0.09056406288340418,0.0,0.0,0.0,0.0,0.0,0.0,0.0,0.24569803153175906,0.000271441703204987,0.0,0.0,4,91.0
D:\cyh\dictionary_learn\outputs\journal\apic_v3_2_screening_cn_ad\r4,43,adni_to_nacc,D:\cyh\dictionary_learn\outputs\journal\apic_v3_2_screening_cn_ad\r4\seed43\adni_to_nacc\apic_v3_2_x\journal_metrics.json,apic_v3_2_x,11,apis_warmup,0.10262944246782552,0.4316648884422699,0.8016304347826088,,,,0.10262944246782552,0.0,0.0,0.0,0.0,0.0,0.0,0.0,0.2482355366270226,0.00019417121348479935,0.0,0.0,4,91.0
D:\cyh\dictionary_learn\outputs\journal\apic_v3_2_screening_cn_ad\r4,43,adni_to_nacc,D:\cyh\dictionary_learn\outputs\journal\apic_v3_2_screening_cn_ad\r4\seed43\adni_to_nacc\apic_v3_2_x\journal_metrics.json,apic_v3_2_x,12,joint,0.08538413397457272,0.4789438995758246,0.8233695652173912,,,,0.08538413397457272,0.0,0.0,0.0,0.0,0.0,0.0,0.0,0.2377687437706683,0.00019417481461024845,0.0,0.0,4,91.0
D:\cyh\dictionary_learn\outputs\journal\apic_v3_2_screening_cn_ad\r4,43,adni_to_nacc,D:\cyh\dictionary_learn\outputs\journal\apic_v3_2_screening_cn_ad\r4\seed43\adni_to_nacc\apic_v3_2_x\journal_metrics.json,apic_v3_2_x,13,joint,0.076973117786987,0.4883153271105773,0.8057065217391304,,,,0.076973117786987,0.0,0.0,0.0,0.0,0.0,0.0,0.0,0.2430049656744463,2.1390405385852768e-07,0.0,0.0,4,91.0
D:\cyh\dictionary_learn\outputs\journal\apic_v3_2_screening_cn_ad\r4,43,adni_to_nacc,D:\cyh\dictionary_learn\outputs\journal\apic_v3_2_screening_cn_ad\r4\seed43\adni_to_nacc\apic_v3_2_x\journal_metrics.json,apic_v3_2_x,14,joint,0.08838860655108086,1.203556604797618,0.7314311594202899,,,,0.08838860655108086,0.0,0.0,0.0,0.0,0.0,0.0,0.0,0.2361640691398138,2.3937233720334626e-07,0.0,0.0,4,91.0
D:\cyh\dictionary_learn\outputs\journal\apic_v3_2_screening_cn_ad\r4,43,adni_to_nacc,D:\cyh\dictionary_learn\outputs\journal\apic_v3_2_screening_cn_ad\r4\seed43\adni_to_nacc\apic_v3_2_x\journal_metrics.json,apic_v3_2_x,15,joint,0.025613215605374873,1.1276066718987663,0.6644021739130435,,,,0.025613215605374873,0.0,0.0,0.0,0.0,0.0,0.0,0.0,0.24451396336038428,3.4573397762622354e-08,0.0,0.0,4,91.0
D:\cyh\dictionary_learn\outputs\journal\apic_v3_2_screening_cn_ad\r4,43,adni_to_nacc,D:\cyh\dictionary_learn\outputs\journal\apic_v3_2_screening_cn_ad\r4\seed43\adni_to_nacc\apic_v3_2_x\journal_metrics.json,apic_v3_2_x,16,joint,0.051947568670891404,0.6156929596107593,0.65625,,,,0.051947568670891404,0.0,0.0,0.0,0.0,0.0,0.0,0.0,0.24152106226208697,0.0009303692177498672,0.0,0.0,4,91.0
D:\cyh\dictionary_learn\outputs\journal\apic_v3_2_screening_cn_ad\r4,43,adni_to_nacc,D:\cyh\dictionary_learn\outputs\journal\apic_v3_2_screening_cn_ad\r4\seed43\adni_to_nacc\apic_v3_2_x\journal_metrics.json,apic_v3_2_x,17,joint,0.020408054491145963,0.9117053532312775,0.7105978260869565,,,,0.020408054491145963,0.0,0.0,0.0,0.0,0.0,0.0,0.0,0.2416217522807868,0.00019410179213114815,0.0,0.0,4,91.0
D:\cyh\dictionary_learn\outputs\journal\apic_v3_2_screening_cn_ad\r4,43,adni_to_nacc,D:\cyh\dictionary_learn\outputs\journal\apic_v3_2_screening_cn_ad\r4\seed43\adni_to_nacc\apic_v3_2_x\journal_metrics.json,apic_v3_2_x,18,joint,0.012133976682341736,0.5114515715083813,0.7807971014492754,,,,0.012133976682341736,0.0,0.0,0.0,0.0,0.0,0.0,0.0,0.2423793206731957,1.489503185794387e-07,0.0,0.0,4,91.0
D:\cyh\dictionary_learn\outputs\journal\apic_v3_2_screening_cn_ad\r4,43,adni_to_nacc,D:\cyh\dictionary_learn\outputs\journal\apic_v3_2_screening_cn_ad\r4\seed43\adni_to_nacc\apic_v3_2_x\journal_metrics.json,apic_v3_2_x,19,joint,0.006952931295522119,0.7383606337017862,0.7807971014492754,,,,0.006952931295522119,0.0,0.0,0.0,0.0,0.0,0.0,0.0,0.248445046594344,0.0006592360597178187,0.0,0.0,4,91.0
D:\cyh\dictionary_learn\outputs\journal\apic_v3_2_screening_cn_ad\r4,43,adni_to_nacc,D:\cyh\dictionary_learn\outputs\journal\apic_v3_2_screening_cn_ad\r4\seed43\adni_to_nacc\apic_v3_2_x\journal_metrics.json,apic_v3_2_x,20,joint,0.006002907614582723,0.5373790649062803,0.811141304347826,,,,0.006002907614582723,0.0,0.0,0.0,0.0,0.0,0.0,0.0,0.24505288414208284,4.602805155485494e-07,0.0,0.0,4,91.0
D:\cyh\dictionary_learn\outputs\journal\apic_v3_2_screening_cn_ad\r4,43,adni_to_nacc,D:\cyh\dictionary_learn\outputs\journal\apic_v3_2_screening_cn_ad\r4\seed43\adni_to_nacc\apic_v3_2_x\journal_metrics.json,apic_v3_2_x,21,joint,0.004456987214227016,0.5076365867857673,0.811141304347826,,,,0.004456987214227016,0.0,0.0,0.0,0.0,0.0,0.0,0.0,0.23720569639320832,0.0001940165420127038,0.0,0.0,4,91.0
D:\cyh\dictionary_learn\outputs\journal\apic_v3_2_screening_cn_ad\r4,43,adni_to_nacc,D:\cyh\dictionary_learn\outputs\journal\apic_v3_2_screening_cn_ad\r4\seed43\adni_to_nacc\apic_v3_2_x\journal_metrics.json,apic_v3_2_x,22,joint,0.0041208273628782705,0.5078091566925341,0.841032608695652,,,,0.0041208273628782705,0.0,0.0,0.0,0.0,0.0,0.0,0.0,0.2273629462144461,5.554252835533646e-07,0.0,0.0,4,91.0
D:\cyh\dictionary_learn\outputs\journal\apic_v3_2_screening_cn_ad\r4,43,adni_to_nacc,D:\cyh\dictionary_learn\outputs\journal\apic_v3_2_screening_cn_ad\r4\seed43\adni_to_nacc\apic_v3_2_x\journal_metrics.json,apic_v3_2_x,23,joint,0.008340754408770835,0.6689533999263593,0.8120471014492754,,,,0.008340754408770835,0.0,0.0,0.0,0.0,0.0,0.0,0.0,0.24343313994895982,1.6863428888999836e-07,0.0,0.0,4,91.0
D:\cyh\dictionary_learn\outputs\journal\apic_v3_2_screening_cn_ad\r4,43,adni_to_nacc,D:\cyh\dictionary_learn\outputs\journal\apic_v3_2_screening_cn_ad\r4\seed43\adni_to_nacc\apic_v3_2_x\journal_metrics.json,apic_v3_2_x,24,joint,0.0024886385882020847,0.7379532820158825,0.7934782608695651,,,,0.0024886385882020847,0.0,0.0,0.0,0.0,0.0,0.0,0.0,0.24261436386998878,0.0004652039550919675,0.0,0.0,4,91.0
D:\cyh\dictionary_learn\outputs\journal\apic_v3_2_screening_cn_ad\r4,43,adni_to_nacc,D:\cyh\dictionary_learn\outputs\journal\apic_v3_2_screening_cn_ad\r4\seed43\adni_to_nacc\apic_v3_2_x\journal_metrics.json,apic_v3_2_x,25,joint,0.00155330417609033,0.7192668876276963,0.7644927536231885,,,,0.00155330417609033,0.0,0.0,0.0,0.0,0.0,0.0,0.0,0.2667327117489045,0.0002712961645446037,0.0,0.0,4,91.0
D:\cyh\dictionary_learn\outputs\journal\apic_v3_2_screening_cn_ad\r4,43,adni_to_nacc,D:\cyh\dictionary_learn\outputs\journal\apic_v3_2_screening_cn_ad\r4\seed43\adni_to_nacc\apic_v3_2_x\journal_metrics.json,apic_v3_2_x,26,joint,0.0026587105115261265,0.630494868484675,0.7862318840579711,,,,0.0026587105115261265,0.0,0.0,0.0,0.0,0.0,0.0,0.0,0.2283859567110797,0.00019398724855449837,0.0,0.0,4,91.0
D:\cyh\dictionary_learn\outputs\journal\apic_v3_2_screening_cn_ad\r4,43,adni_to_nacc,D:\cyh\dictionary_learn\outputs\journal\apic_v3_2_screening_cn_ad\r4\seed43\adni_to_nacc\apic_v3_2_x\journal_metrics.json,apic_v3_2_x,27,joint,0.0018719974045286864,0.6305692761424033,0.8048007246376812,,,,0.0018719974045286864,0.0,0.0,0.0,0.0,0.0,0.0,0.0,0.2466766758855567,0.0002714611396744385,0.0,0.0,4,91.0
D:\cyh\dictionary_learn\outputs\journal\apic_v3_2_screening_cn_ad\r4,43,adni_to_nacc,D:\cyh\dictionary_learn\outputs\journal\apic_v3_2_screening_cn_ad\r4\seed43\adni_to_nacc\apic_v3_2_x\journal_metrics.json,apic_v3_2_x,28,joint,0.0015366129019278023,0.6624198575733523,0.833786231884058,,,,0.0015366129019278023,0.0,0.0,0.0,0.0,0.0,0.0,0.0,0.2620051962783538,0.000736531137242971,0.0,0.0,4,91.0
D:\cyh\dictionary_learn\outputs\journal\apic_v3_2_screening_cn_ad\r4,43,adni_to_nacc,D:\cyh\dictionary_learn\outputs\journal\apic_v3_2_screening_cn_ad\r4\seed43\adni_to_nacc\apic_v3_2_x\journal_metrics.json,apic_v3_2_x,29,joint,0.0015316309469768845,0.6589010777505672,0.841032608695652,,,,0.0015316309469768845,0.0,0.0,0.0,0.0,0.0,0.0,0.0,0.24426449206938228,0.00019424812695047945,0.0,0.0,4,91.0
D:\cyh\dictionary_learn\outputs\journal\apic_v3_2_screening_cn_ad\r4,43,adni_to_nacc,D:\cyh\dictionary_learn\outputs\journal\apic_v3_2_screening_cn_ad\r4\seed43\adni_to_nacc\apic_v3_2_x\journal_metrics.json,apic_v3_2_x,30,joint,0.0012792276756077759,0.7085837729955529,0.8265398550724637,,,,0.0012792276756077759,0.0,0.0,0.0,0.0,0.0,0.0,0.0,0.24440069801836128,0.0005424687105884401,0.0,0.0,4,91.0
D:\cyh\dictionary_learn\outputs\journal\apic_v3_2_screening_cn_ad\r4,43,adni_to_nacc,D:\cyh\dictionary_learn\outputs\journal\apic_v3_2_screening_cn_ad\r4\seed43\adni_to_nacc\apic_v3_2_x\journal_metrics.json,apic_v3_2_x,31,joint,0.000773759242687206,0.7209054663679744,0.8120471014492754,,,,0.000773759242687206,0.0,0.0,0.0,0.0,0.0,0.0,0.0,0.24064271870147752,0.001007811345559564,0.0,0.0,4,91.0
D:\cyh\dictionary_learn\outputs\journal\apic_v3_2_screening_cn_ad\r4,43,adni_to_nacc,D:\cyh\dictionary_learn\outputs\journal\apic_v3_2_screening_cn_ad\r4\seed43\adni_to_nacc\apic_v3_2_x\journal_metrics.json,apic_v3_2_x,32,joint,0.0007509422659101133,0.7472258690202511,0.7975543478260869,,,,0.0007509422659101133,0.0,0.0,0.0,0.0,0.0,0.0,0.0,0.24846247143774147,7.975076386148593e-08,0.0,0.0,4,91.0
D:\cyh\dictionary_learn\outputs\journal\apic_v3_2_screening_cn_ad\r4,43,adni_to_nacc,D:\cyh\dictionary_learn\outputs\journal\apic_v3_2_screening_cn_ad\r4\seed43\adni_to_nacc\apic_v3_2_x\journal_metrics.json,apic_v3_2_x,33,joint,0.0009735452653528107,0.7553774923094609,0.7975543478260869,,,,0.0009735452653528107,0.0,0.0,0.0,0.0,0.0,0.0,0.0,0.2543447692710233,5.316540707292249e-07,0.0,0.0,4,91.0
D:\cyh\dictionary_learn\outputs\journal\apic_v3_2_screening_cn_ad\r4,43,adni_to_nacc,D:\cyh\dictionary_learn\outputs\journal\apic_v3_2_screening_cn_ad\r4\seed43\adni_to_nacc\apic_v3_2_x\journal_metrics.json,apic_v3_2_x,34,joint,0.0010376988556597196,0.731924163383344,0.8048007246376812,,,,0.0010376988556597196,0.0,0.0,0.0,0.0,0.0,0.0,0.0,0.24046863435980786,2.3490054485438568e-07,0.0,0.0,4,91.0
D:\cyh\dictionary_learn\outputs\journal\apic_v3_2_screening_cn_ad\r4,43,adni_to_nacc,D:\cyh\dictionary_learn\outputs\journal\apic_v3_2_screening_cn_ad\r4\seed43\adni_to_nacc\apic_v3_2_x\journal_metrics.json,apic_v3_2_x,35,joint,0.0010617593827454727,0.7598632245511101,0.8048007246376812,,,,0.0010617593827454727,0.0,0.0,0.0,0.0,0.0,0.0,0.0,0.23563344094408564,1.2019917765419344e-07,0.0,0.0,4,91.0
D:\cyh\dictionary_learn\outputs\journal\apic_v3_2_screening_cn_ad\r4,43,adni_to_nacc,D:\cyh\dictionary_learn\outputs\journal\apic_v3_2_screening_cn_ad\r4\seed43\adni_to_nacc\apic_v3_2_x\journal_metrics.json,apic_v3_2_x,36,joint,0.0009808204739378396,0.6852498862261646,0.8192934782608695,,,,0.0009808204739378396,0.0,0.0,0.0,0.0,0.0,0.0,0.0,0.2534796690725418,0.0005819752159170942,0.0,0.0,4,91.0
D:\cyh\dictionary_learn\outputs\journal\apic_v3_2_screening_cn_ad\r4,43,adni_to_nacc,D:\cyh\dictionary_learn\outputs\journal\apic_v3_2_screening_cn_ad\r4\seed43\adni_to_nacc\apic_v3_2_x\journal_metrics.json,apic_v3_2_x,37,joint,0.0012042531674392577,0.9258694955015189,0.8215579710144927,,,,0.0012042531674392577,0.0,0.0,0.0,0.0,0.0,0.0,0.0,0.21993390659251846,0.0006592137913449874,0.0,0.0,4,91.0
D:\cyh\dictionary_learn\outputs\journal\apic_v3_2_screening_cn_ad\r4,43,adni_to_nacc,D:\cyh\dictionary_learn\outputs\journal\apic_v3_2_screening_cn_ad\r4\seed43\adni_to_nacc\apic_v3_2_x\journal_metrics.json,apic_v3_2_x,38,joint,0.0011548309039316807,0.7060110565598948,0.8288043478260869,,,,0.0011548309039316807,0.0,0.0,0.0,0.0,0.0,0.0,0.0,0.23889382488756294,0.00027130654478725396,0.0,0.0,4,91.0
D:\cyh\dictionary_learn\outputs\journal\apic_v3_2_screening_cn_ad\r4,43,adni_to_nacc,D:\cyh\dictionary_learn\outputs\journal\apic_v3_2_screening_cn_ad\r4\seed43\adni_to_nacc\apic_v3_2_x\journal_metrics.json,apic_v3_2_x,39,joint,0.0007690747409371003,0.7782923908160674,0.8143115942028986,,,,0.0007690747409371003,0.0,0.0,0.0,0.0,0.0,0.0,0.0,0.27476214608514166,2.511520492660887e-08,0.0,0.0,4,91.0
D:\cyh\dictionary_learn\outputs\journal\apic_v3_2_screening_cn_ad\r4,43,adni_to_nacc,D:\cyh\dictionary_learn\outputs\journal\apic_v3_2_screening_cn_ad\r4\seed43\adni_to_nacc\apic_v3_2_x\journal_metrics.json,apic_v3_2_x,40,joint,0.0007219008456811124,0.7570422837063732,0.8048007246376812,,,,0.0007219008456811124,0.0,0.0,0.0,0.0,0.0,0.0,0.0,0.23297426768814225,0.0008136933630786146,0.0,0.0,4,91.0
D:\cyh\dictionary_learn\outputs\journal\apic_v3_2_screening_cn_ad\r4,43,adni_to_nacc,D:\cyh\dictionary_learn\outputs\journal\apic_v3_2_screening_cn_ad\r4\seed43\adni_to_nacc\apic_v3_2_x\journal_metrics.json,apic_v3_2_x,41,joint,0.0006948891739695506,0.75228888964303,0.7975543478260869,,,,0.0006948891739695506,0.0,0.0,0.0,0.0,0.0,0.0,0.0,0.247914656996727,0.0001942153357110611,0.0,0.0,4,91.0
D:\cyh\dictionary_learn\outputs\journal\apic_v3_2_screening_cn_ad\r4,43,adni_to_nacc,D:\cyh\dictionary_learn\outputs\journal\apic_v3_2_screening_cn_ad\r4\seed43\adni_to_nacc\apic_v3_2_x\journal_metrics.json,apic_v3_2_x,42,joint,0.0004336543309155863,0.7353480836467978,0.7975543478260869,,,,0.0004336543309155863,0.0,0.0,0.0,0.0,0.0,0.0,0.0,0.2508062375597207,0.00027127836463594087,0.0,0.0,4,91.0
D:\cyh\dictionary_learn\outputs\journal\apic_v3_2_screening_cn_ad\r4,43,adni_to_nacc,D:\cyh\dictionary_learn\outputs\journal\apic_v3_2_screening_cn_ad\r4\seed43\adni_to_nacc\apic_v3_2_x\journal_metrics.json,apic_v3_2_x,43,joint,0.0003216369131475502,0.7441075015924569,0.7975543478260869,,,,0.0003216369131475502,0.0,0.0,0.0,0.0,0.0,0.0,0.0,0.2431558840964214,0.0004652526850226208,0.0,0.0,4,91.0
D:\cyh\dictionary_learn\outputs\journal\apic_v3_2_screening_cn_ad\r4,43,adni_to_nacc,D:\cyh\dictionary_learn\outputs\journal\apic_v3_2_screening_cn_ad\r4\seed43\adni_to_nacc\apic_v3_2_x\journal_metrics.json,apic_v3_2_x,44,joint,0.0003800789553164336,0.8039795543493212,0.7975543478260869,,,,0.0003800789553164336,0.0,0.0,0.0,0.0,0.0,0.0,0.0,0.26278317208031576,0.00027132214159273835,0.0,0.0,4,91.0
D:\cyh\dictionary_learn\outputs\journal\apic_v3_2_screening_cn_ad\r4,43,adni_to_nacc,D:\cyh\dictionary_learn\outputs\journal\apic_v3_2_screening_cn_ad\r4\seed43\adni_to_nacc\apic_v3_2_x\journal_metrics.json,apic_v3_2_x,45,joint,0.0006763537363571757,0.7485359727662712,0.8048007246376812,,,,0.0006763537363571757,0.0,0.0,0.0,0.0,0.0,0.0,0.0,0.2361245839351631,0.00027161758350389585,0.0,0.0,4,91.0
D:\cyh\dictionary_learn\outputs\journal\apic_v3_2_screening_cn_ad\r4,43,adni_to_nacc,D:\cyh\dictionary_learn\outputs\journal\apic_v3_2_screening_cn_ad\r4\seed43\adni_to_nacc\apic_v3_2_x\journal_metrics.json,apic_v3_2_x,46,joint,0.0006058736297449922,0.7786331130296704,0.8048007246376812,,,,0.0006058736297449922,0.0,0.0,0.0,0.0,0.0,0.0,0.0,0.26209337201463173,0.00019412667328881931,0.0,0.0,4,91.0
D:\cyh\dictionary_learn\outputs\journal\apic_v3_2_screening_cn_ad\r4,43,adni_to_nacc,D:\cyh\dictionary_learn\outputs\journal\apic_v3_2_screening_cn_ad\r4\seed43\adni_to_nacc\apic_v3_2_x\journal_metrics.json,apic_v3_2_x,47,joint,0.00047368373415371154,0.8523655288372453,0.8048007246376812,,,,0.00047368373415371154,0.0,0.0,0.0,0.0,0.0,0.0,0.0,0.23135414917066874,0.00027146520634488815,0.0,0.0,4,91.0
D:\cyh\dictionary_learn\outputs\journal\apic_v3_2_screening_cn_ad\r4,43,adni_to_nacc,D:\cyh\dictionary_learn\outputs\journal\apic_v3_2_screening_cn_ad\r4\seed43\adni_to_nacc\apic_v3_2_x\journal_metrics.json,apic_v3_2_x,48,joint,0.00045003162386019976,0.7914026618904768,0.7975543478260869,,,,0.00045003162386019976,0.0,0.0,0.0,0.0,0.0,0.0,0.0,0.2485317932554038,9.277989537624176e-08,0.0,0.0,4,91.0
D:\cyh\dictionary_learn\outputs\journal\apic_v3_2_screening_cn_ad\r4,43,adni_to_nacc,D:\cyh\dictionary_learn\outputs\journal\apic_v3_2_screening_cn_ad\r4\seed43\adni_to_nacc\apic_v3_2_x\journal_metrics.json,apic_v3_2_x,49,joint,0.0008937931719387907,0.7634169180381133,0.7975543478260869,,,,0.0008937931719387907,0.0,0.0,0.0,0.0,0.0,0.0,0.0,0.24094350618052196,6.152646888245665e-08,0.0,0.0,4,91.0
D:\cyh\dictionary_learn\outputs\journal\apic_v3_2_screening_cn_ad\r4,43,adni_to_nacc,D:\cyh\dictionary_learn\outputs\journal\apic_v3_2_screening_cn_ad\r4\seed43\adni_to_nacc\apic_v3_2_x\journal_metrics.json,apic_v3_2_x,50,joint,0.0004497319331161393,0.8686582447421728,0.7903079710144927,,,,0.0004497319331161393,0.0,0.0,0.0,0.0,0.0,0.0,0.0,0.244948171707521,0.0007364183628435733,0.0,0.0,4,91.0
D:\cyh\dictionary_learn\outputs\journal\apic_v3_2_screening_cn_ad\r4,43,adni_to_nacc,D:\cyh\dictionary_learn\outputs\journal\apic_v3_2_screening_cn_ad\r4\seed43\adni_to_nacc\ce_x\journal_metrics.json,ce_x,1,clean,0.4126993818096368,9.462458430596119,0.5,,,,0.4126993818096368,0.0,0.0,0.0,0.0,0.0,0.0,0.0,0.0,0.0,0.0,0.0,,
D:\cyh\dictionary_learn\outputs\journal\apic_v3_2_screening_cn_ad\r4,43,adni_to_nacc,D:\cyh\dictionary_learn\outputs\journal\apic_v3_2_screening_cn_ad\r4\seed43\adni_to_nacc\ce_x\journal_metrics.json,ce_x,2,clean,0.2685682399938983,2.839163052766004,0.5,,,,0.2685682399938983,0.0,0.0,0.0,0.0,0.0,0.0,0.0,0.0,0.0,0.0,0.0,,
D:\cyh\dictionary_learn\outputs\journal\apic_v3_2_screening_cn_ad\r4,43,adni_to_nacc,D:\cyh\dictionary_learn\outputs\journal\apic_v3_2_screening_cn_ad\r4\seed43\adni_to_nacc\ce_x\journal_metrics.json,ce_x,3,clean,0.21805093296612782,0.38247546874097094,0.6209239130434783,,,,0.21805093296612782,0.0,0.0,0.0,0.0,0.0,0.0,0.0,0.0,0.0,0.0,0.0,,
D:\cyh\dictionary_learn\outputs\journal\apic_v3_2_screening_cn_ad\r4,43,adni_to_nacc,D:\cyh\dictionary_learn\outputs\journal\apic_v3_2_screening_cn_ad\r4\seed43\adni_to_nacc\ce_x\journal_metrics.json,ce_x,4,clean,0.22523802837514015,2.492147875277505,0.6209239130434783,,,,0.22523802837514015,0.0,0.0,0.0,0.0,0.0,0.0,0.0,0.0,0.0,0.0,0.0,,
D:\cyh\dictionary_learn\outputs\journal\apic_v3_2_screening_cn_ad\r4,43,adni_to_nacc,D:\cyh\dictionary_learn\outputs\journal\apic_v3_2_screening_cn_ad\r4\seed43\adni_to_nacc\ce_x\journal_metrics.json,ce_x,5,clean,0.21568126939742052,0.4851281979397342,0.7273550724637682,,,,0.21568126939742052,0.0,0.0,0.0,0.0,0.0,0.0,0.0,0.0,0.0,0.0,0.0,,
D:\cyh\dictionary_learn\outputs\journal\apic_v3_2_screening_cn_ad\r4,43,adni_to_nacc,D:\cyh\dictionary_learn\outputs\journal\apic_v3_2_screening_cn_ad\r4\seed43\adni_to_nacc\ce_x\journal_metrics.json,ce_x,6,clean,0.2450398884612663,0.5597546858463727,0.7210144927536232,,,,0.2450398884612663,0.0,0.0,0.0,0.0,0.0,0.0,0.0,0.0,0.0,0.0,0.0,,
D:\cyh\dictionary_learn\outputs\journal\apic_v3_2_screening_cn_ad\r4,43,adni_to_nacc,D:\cyh\dictionary_learn\outputs\journal\apic_v3_2_screening_cn_ad\r4\seed43\adni_to_nacc\ce_x\journal_metrics.json,ce_x,7,clean,0.16851560885355954,0.6167467347574684,0.7934782608695653,,,,0.16851560885355954,0.0,0.0,0.0,0.0,0.0,0.0,0.0,0.0,0.0,0.0,0.0,,
D:\cyh\dictionary_learn\outputs\journal\apic_v3_2_screening_cn_ad\r4,43,adni_to_nacc,D:\cyh\dictionary_learn\outputs\journal\apic_v3_2_screening_cn_ad\r4\seed43\adni_to_nacc\ce_x\journal_metrics.json,ce_x,8,clean,0.10175526631345232,0.4536639338991833,0.7717391304347826,,,,0.10175526631345232,0.0,0.0,0.0,0.0,0.0,0.0,0.0,0.0,0.0,0.0,0.0,,
D:\cyh\dictionary_learn\outputs\journal\apic_v3_2_screening_cn_ad\r4,43,adni_to_nacc,D:\cyh\dictionary_learn\outputs\journal\apic_v3_2_screening_cn_ad\r4\seed43\adni_to_nacc\ce_x\journal_metrics.json,ce_x,9,clean,0.11415266472122532,0.4181130246543721,0.7780797101449274,,,,0.11415266472122532,0.0,0.0,0.0,0.0,0.0,0.0,0.0,0.0,0.0,0.0,0.0,,
D:\cyh\dictionary_learn\outputs\journal\apic_v3_2_screening_cn_ad\r4,43,adni_to_nacc,D:\cyh\dictionary_learn\outputs\journal\apic_v3_2_screening_cn_ad\r4\seed43\adni_to_nacc\ce_x\journal_metrics.json,ce_x,10,clean,0.07943042917092925,1.9501174724806882,0.7273550724637681,,,,0.07943042917092925,0.0,0.0,0.0,0.0,0.0,0.0,0.0,0.0,0.0,0.0,0.0,,
D:\cyh\dictionary_learn\outputs\journal\apic_v3_2_screening_cn_ad\r4,43,adni_to_nacc,D:\cyh\dictionary_learn\outputs\journal\apic_v3_2_screening_cn_ad\r4\seed43\adni_to_nacc\ce_x\journal_metrics.json,ce_x,11,clean,0.15194124626753155,1.1051625021960751,0.6530797101449276,,,,0.15194124626753155,0.0,0.0,0.0,0.0,0.0,0.0,0.0,0.0,0.0,0.0,0.0,,
D:\cyh\dictionary_learn\outputs\journal\apic_v3_2_screening_cn_ad\r4,43,adni_to_nacc,D:\cyh\dictionary_learn\outputs\journal\apic_v3_2_screening_cn_ad\r4\seed43\adni_to_nacc\ce_x\journal_metrics.json,ce_x,12,clean,0.1050993189838412,0.4469662711524266,0.6458333333333333,,,,0.1050993189838412,0.0,0.0,0.0,0.0,0.0,0.0,0.0,0.0,0.0,0.0,0.0,,
D:\cyh\dictionary_learn\outputs\journal\apic_v3_2_screening_cn_ad\r4,43,adni_to_nacc,D:\cyh\dictionary_learn\outputs\journal\apic_v3_2_screening_cn_ad\r4\seed43\adni_to_nacc\ce_x\journal_metrics.json,ce_x,13,clean,0.049401955571059274,0.5066557510954054,0.7160326086956522,,,,0.049401955571059274,0.0,0.0,0.0,0.0,0.0,0.0,0.0,0.0,0.0,0.0,0.0,,
D:\cyh\dictionary_learn\outputs\journal\apic_v3_2_screening_cn_ad\r4,43,adni_to_nacc,D:\cyh\dictionary_learn\outputs\journal\apic_v3_2_screening_cn_ad\r4\seed43\adni_to_nacc\ce_x\journal_metrics.json,ce_x,14,clean,0.06368011584454945,0.7403262202867652,0.7925724637681159,,,,0.06368011584454945,0.0,0.0,0.0,0.0,0.0,0.0,0.0,0.0,0.0,0.0,0.0,,
D:\cyh\dictionary_learn\outputs\journal\apic_v3_2_screening_cn_ad\r4,43,adni_to_nacc,D:\cyh\dictionary_learn\outputs\journal\apic_v3_2_screening_cn_ad\r4\seed43\adni_to_nacc\ce_x\journal_metrics.json,ce_x,15,clean,0.025420232774852496,0.9972007367902717,0.7296195652173912,,,,0.025420232774852496,0.0,0.0,0.0,0.0,0.0,0.0,0.0,0.0,0.0,0.0,0.0,,
D:\cyh\dictionary_learn\outputs\journal\apic_v3_2_screening_cn_ad\r4,43,adni_to_nacc,D:\cyh\dictionary_learn\outputs\journal\apic_v3_2_screening_cn_ad\r4\seed43\adni_to_nacc\ce_x\journal_metrics.json,ce_x,16,clean,0.020526641840956747,0.48929314312443,0.7377717391304349,,,,0.020526641840956747,0.0,0.0,0.0,0.0,0.0,0.0,0.0,0.0,0.0,0.0,0.0,,
D:\cyh\dictionary_learn\outputs\journal\apic_v3_2_screening_cn_ad\r4,43,adni_to_nacc,D:\cyh\dictionary_learn\outputs\journal\apic_v3_2_screening_cn_ad\r4\seed43\adni_to_nacc\ce_x\journal_metrics.json,ce_x,17,clean,0.01174807773288676,0.3967932381912657,0.7749094202898551,,,,0.01174807773288676,0.0,0.0,0.0,0.0,0.0,0.0,0.0,0.0,0.0,0.0,0.0,,
D:\cyh\dictionary_learn\outputs\journal\apic_v3_2_screening_cn_ad\r4,43,adni_to_nacc,D:\cyh\dictionary_learn\outputs\journal\apic_v3_2_screening_cn_ad\r4\seed43\adni_to_nacc\ce_x\journal_metrics.json,ce_x,18,clean,0.006028751852846402,0.42738603901423905,0.8378623188405797,,,,0.006028751852846402,0.0,0.0,0.0,0.0,0.0,0.0,0.0,0.0,0.0,0.0,0.0,,
D:\cyh\dictionary_learn\outputs\journal\apic_v3_2_screening_cn_ad\r4,43,adni_to_nacc,D:\cyh\dictionary_learn\outputs\journal\apic_v3_2_screening_cn_ad\r4\seed43\adni_to_nacc\ce_x\journal_metrics.json,ce_x,19,clean,0.002975125507807853,0.4728913153428536,0.8514492753623187,,,,0.002975125507807853,0.0,0.0,0.0,0.0,0.0,0.0,0.0,0.0,0.0,0.0,0.0,,
D:\cyh\dictionary_learn\outputs\journal\apic_v3_2_screening_cn_ad\r4,43,adni_to_nacc,D:\cyh\dictionary_learn\outputs\journal\apic_v3_2_screening_cn_ad\r4\seed43\adni_to_nacc\ce_x\journal_metrics.json,ce_x,20,clean,0.0034534702556493907,0.4557042135580079,0.841032608695652,,,,0.0034534702556493907,0.0,0.0,0.0,0.0,0.0,0.0,0.0,0.0,0.0,0.0,0.0,,
D:\cyh\dictionary_learn\outputs\journal\apic_v3_2_screening_cn_ad\r4,43,adni_to_nacc,D:\cyh\dictionary_learn\outputs\journal\apic_v3_2_screening_cn_ad\r4\seed43\adni_to_nacc\ce_x\journal_metrics.json,ce_x,21,clean,0.00541055220717856,0.4836531320684374,0.841032608695652,,,,0.00541055220717856,0.0,0.0,0.0,0.0,0.0,0.0,0.0,0.0,0.0,0.0,0.0,,
D:\cyh\dictionary_learn\outputs\journal\apic_v3_2_screening_cn_ad\r4,43,adni_to_nacc,D:\cyh\dictionary_learn\outputs\journal\apic_v3_2_screening_cn_ad\r4\seed43\adni_to_nacc\ce_x\journal_metrics.json,ce_x,22,clean,0.003869294742415435,0.48993677492145027,0.833786231884058,,,,0.003869294742415435,0.0,0.0,0.0,0.0,0.0,0.0,0.0,0.0,0.0,0.0,0.0,,
D:\cyh\dictionary_learn\outputs\journal\apic_v3_2_screening_cn_ad\r4,43,adni_to_nacc,D:\cyh\dictionary_learn\outputs\journal\apic_v3_2_screening_cn_ad\r4\seed43\adni_to_nacc\ce_x\journal_metrics.json,ce_x,23,clean,0.004288831743599668,0.6105238174019941,0.8451086956521738,,,,0.004288831743599668,0.0,0.0,0.0,0.0,0.0,0.0,0.0,0.0,0.0,0.0,0.0,,
D:\cyh\dictionary_learn\outputs\journal\apic_v3_2_screening_cn_ad\r4,43,adni_to_nacc,D:\cyh\dictionary_learn\outputs\journal\apic_v3_2_screening_cn_ad\r4\seed43\adni_to_nacc\ce_x\journal_metrics.json,ce_x,24,clean,0.002138623993714755,0.5190092077130447,0.8378623188405797,,,,0.002138623993714755,0.0,0.0,0.0,0.0,0.0,0.0,0.0,0.0,0.0,0.0,0.0,,
D:\cyh\dictionary_learn\outputs\journal\apic_v3_2_screening_cn_ad\r4,43,adni_to_nacc,D:\cyh\dictionary_learn\outputs\journal\apic_v3_2_screening_cn_ad\r4\seed43\adni_to_nacc\ce_x\journal_metrics.json,ce_x,25,clean,0.0012234927310940742,0.5276630039272517,0.8378623188405797,,,,0.0012234927310940742,0.0,0.0,0.0,0.0,0.0,0.0,0.0,0.0,0.0,0.0,0.0,,
D:\cyh\dictionary_learn\outputs\journal\apic_v3_2_screening_cn_ad\r4,43,adni_to_nacc,D:\cyh\dictionary_learn\outputs\journal\apic_v3_2_screening_cn_ad\r4\seed43\adni_to_nacc\ce_x\journal_metrics.json,ce_x,26,clean,0.0025601313460487814,0.5274972800109566,0.8265398550724639,,,,0.0025601313460487814,0.0,0.0,0.0,0.0,0.0,0.0,0.0,0.0,0.0,0.0,0.0,,
D:\cyh\dictionary_learn\outputs\journal\apic_v3_2_screening_cn_ad\r4,43,adni_to_nacc,D:\cyh\dictionary_learn\outputs\journal\apic_v3_2_screening_cn_ad\r4\seed43\adni_to_nacc\ce_x\journal_metrics.json,ce_x,27,clean,0.0016095734997168575,0.5589800873691824,0.833786231884058,,,,0.0016095734997168575,0.0,0.0,0.0,0.0,0.0,0.0,0.0,0.0,0.0,0.0,0.0,,
D:\cyh\dictionary_learn\outputs\journal\apic_v3_2_screening_cn_ad\r4,43,adni_to_nacc,D:\cyh\dictionary_learn\outputs\journal\apic_v3_2_screening_cn_ad\r4\seed43\adni_to_nacc\ce_x\journal_metrics.json,ce_x,28,clean,0.0017288115523553577,0.5424309337458307,0.841032608695652,,,,0.0017288115523553577,0.0,0.0,0.0,0.0,0.0,0.0,0.0,0.0,0.0,0.0,0.0,,
D:\cyh\dictionary_learn\outputs\journal\apic_v3_2_screening_cn_ad\r4,43,adni_to_nacc,D:\cyh\dictionary_learn\outputs\journal\apic_v3_2_screening_cn_ad\r4\seed43\adni_to_nacc\ce_x\journal_metrics.json,ce_x,29,clean,0.0015608483256774966,0.6237901588255708,0.8451086956521738,,,,0.0015608483256774966,0.0,0.0,0.0,0.0,0.0,0.0,0.0,0.0,0.0,0.0,0.0,,
D:\cyh\dictionary_learn\outputs\journal\apic_v3_2_screening_cn_ad\r4,43,adni_to_nacc,D:\cyh\dictionary_learn\outputs\journal\apic_v3_2_screening_cn_ad\r4\seed43\adni_to_nacc\ce_x\journal_metrics.json,ce_x,30,clean,0.0012890259936558508,0.5770145864509412,0.8451086956521738,,,,0.0012890259936558508,0.0,0.0,0.0,0.0,0.0,0.0,0.0,0.0,0.0,0.0,0.0,,
D:\cyh\dictionary_learn\outputs\journal\apic_v3_2_screening_cn_ad\r4,43,adni_to_nacc,D:\cyh\dictionary_learn\outputs\journal\apic_v3_2_screening_cn_ad\r4\seed43\adni_to_nacc\ce_x\journal_metrics.json,ce_x,31,clean,0.0007133996836470822,0.5693274452019326,0.8451086956521738,,,,0.0007133996836470822,0.0,0.0,0.0,0.0,0.0,0.0,0.0,0.0,0.0,0.0,0.0,,
D:\cyh\dictionary_learn\outputs\journal\apic_v3_2_screening_cn_ad\r4,43,adni_to_nacc,D:\cyh\dictionary_learn\outputs\journal\apic_v3_2_screening_cn_ad\r4\seed43\adni_to_nacc\ce_x\journal_metrics.json,ce_x,32,clean,0.0008167221286461733,0.5600194284449211,0.833786231884058,,,,0.0008167221286461733,0.0,0.0,0.0,0.0,0.0,0.0,0.0,0.0,0.0,0.0,0.0,,
D:\cyh\dictionary_learn\outputs\journal\apic_v3_2_screening_cn_ad\r4,43,adni_to_nacc,D:\cyh\dictionary_learn\outputs\journal\apic_v3_2_screening_cn_ad\r4\seed43\adni_to_nacc\ce_x\journal_metrics.json,ce_x,33,clean,0.0009066908066623833,0.5675340469738673,0.833786231884058,,,,0.0009066908066623833,0.0,0.0,0.0,0.0,0.0,0.0,0.0,0.0,0.0,0.0,0.0,,
D:\cyh\dictionary_learn\outputs\journal\apic_v3_2_screening_cn_ad\r4,43,adni_to_nacc,D:\cyh\dictionary_learn\outputs\journal\apic_v3_2_screening_cn_ad\r4\seed43\adni_to_nacc\ce_x\journal_metrics.json,ce_x,34,clean,0.0009057603189819885,0.5944864857860578,0.833786231884058,,,,0.0009057603189819885,0.0,0.0,0.0,0.0,0.0,0.0,0.0,0.0,0.0,0.0,0.0,,
D:\cyh\dictionary_learn\outputs\journal\apic_v3_2_screening_cn_ad\r4,43,adni_to_nacc,D:\cyh\dictionary_learn\outputs\journal\apic_v3_2_screening_cn_ad\r4\seed43\adni_to_nacc\ce_x\journal_metrics.json,ce_x,35,clean,0.0010842772030025434,0.5597924992305167,0.833786231884058,,,,0.0010842772030025434,0.0,0.0,0.0,0.0,0.0,0.0,0.0,0.0,0.0,0.0,0.0,,
D:\cyh\dictionary_learn\outputs\journal\apic_v3_2_screening_cn_ad\r4,43,adni_to_nacc,D:\cyh\dictionary_learn\outputs\journal\apic_v3_2_screening_cn_ad\r4\seed43\adni_to_nacc\ce_x\journal_metrics.json,ce_x,36,clean,0.000868443445515039,0.625516564746899,0.8451086956521738,,,,0.000868443445515039,0.0,0.0,0.0,0.0,0.0,0.0,0.0,0.0,0.0,0.0,0.0,,
D:\cyh\dictionary_learn\outputs\journal\apic_v3_2_screening_cn_ad\r4,43,adni_to_nacc,D:\cyh\dictionary_learn\outputs\journal\apic_v3_2_screening_cn_ad\r4\seed43\adni_to_nacc\ce_x\journal_metrics.json,ce_x,37,clean,0.001317984605071637,0.6643301887226253,0.8410326086956522,,,,0.001317984605071637,0.0,0.0,0.0,0.0,0.0,0.0,0.0,0.0,0.0,0.0,0.0,,
D:\cyh\dictionary_learn\outputs\journal\apic_v3_2_screening_cn_ad\r4,43,adni_to_nacc,D:\cyh\dictionary_learn\outputs\journal\apic_v3_2_screening_cn_ad\r4\seed43\adni_to_nacc\ce_x\journal_metrics.json,ce_x,38,clean,0.001161181462433537,0.6875700423873928,0.8596014492753623,,,,0.001161181462433537,0.0,0.0,0.0,0.0,0.0,0.0,0.0,0.0,0.0,0.0,0.0,,
D:\cyh\dictionary_learn\outputs\journal\apic_v3_2_screening_cn_ad\r4,43,adni_to_nacc,D:\cyh\dictionary_learn\outputs\journal\apic_v3_2_screening_cn_ad\r4\seed43\adni_to_nacc\ce_x\journal_metrics.json,ce_x,39,clean,0.0007986240260319151,0.5840354506054043,0.8410326086956522,,,,0.0007986240260319151,0.0,0.0,0.0,0.0,0.0,0.0,0.0,0.0,0.0,0.0,0.0,,
D:\cyh\dictionary_learn\outputs\journal\apic_v3_2_screening_cn_ad\r4,43,adni_to_nacc,D:\cyh\dictionary_learn\outputs\journal\apic_v3_2_screening_cn_ad\r4\seed43\adni_to_nacc\ce_x\journal_metrics.json,ce_x,40,clean,0.0006623884594784657,0.5889909030892907,0.8378623188405797,,,,0.0006623884594784657,0.0,0.0,0.0,0.0,0.0,0.0,0.0,0.0,0.0,0.0,0.0,,
D:\cyh\dictionary_learn\outputs\journal\apic_v3_2_screening_cn_ad\r4,43,adni_to_nacc,D:\cyh\dictionary_learn\outputs\journal\apic_v3_2_screening_cn_ad\r4\seed43\adni_to_nacc\ce_x\journal_metrics.json,ce_x,41,clean,0.0007595744703733994,0.5951570068542287,0.8265398550724639,,,,0.0007595744703733994,0.0,0.0,0.0,0.0,0.0,0.0,0.0,0.0,0.0,0.0,0.0,,
D:\cyh\dictionary_learn\outputs\journal\apic_v3_2_screening_cn_ad\r4,43,adni_to_nacc,D:\cyh\dictionary_learn\outputs\journal\apic_v3_2_screening_cn_ad\r4\seed43\adni_to_nacc\ce_x\journal_metrics.json,ce_x,42,clean,0.0004791705481890738,0.7141487481833059,0.8451086956521738,,,,0.0004791705481890738,0.0,0.0,0.0,0.0,0.0,0.0,0.0,0.0,0.0,0.0,0.0,,
D:\cyh\dictionary_learn\outputs\journal\apic_v3_2_screening_cn_ad\r4,43,adni_to_nacc,D:\cyh\dictionary_learn\outputs\journal\apic_v3_2_screening_cn_ad\r4\seed43\adni_to_nacc\ce_x\journal_metrics.json,ce_x,43,clean,0.00035842832567798625,0.6526244905092314,0.8491847826086957,,,,0.00035842832567798625,0.0,0.0,0.0,0.0,0.0,0.0,0.0,0.0,0.0,0.0,0.0,,
D:\cyh\dictionary_learn\outputs\journal\apic_v3_2_screening_cn_ad\r4,43,adni_to_nacc,D:\cyh\dictionary_learn\outputs\journal\apic_v3_2_screening_cn_ad\r4\seed43\adni_to_nacc\ce_x\journal_metrics.json,ce_x,44,clean,0.00035647198138215037,0.6175149992033835,0.8491847826086957,,,,0.00035647198138215037,0.0,0.0,0.0,0.0,0.0,0.0,0.0,0.0,0.0,0.0,0.0,,
D:\cyh\dictionary_learn\outputs\journal\apic_v3_2_screening_cn_ad\r4,43,adni_to_nacc,D:\cyh\dictionary_learn\outputs\journal\apic_v3_2_screening_cn_ad\r4\seed43\adni_to_nacc\ce_x\journal_metrics.json,ce_x,45,clean,0.0007479016286712308,0.6331623344272468,0.8451086956521738,,,,0.0007479016286712308,0.0,0.0,0.0,0.0,0.0,0.0,0.0,0.0,0.0,0.0,0.0,,
D:\cyh\dictionary_learn\outputs\journal\apic_v3_2_screening_cn_ad\r4,43,adni_to_nacc,D:\cyh\dictionary_learn\outputs\journal\apic_v3_2_screening_cn_ad\r4\seed43\adni_to_nacc\ce_x\journal_metrics.json,ce_x,46,clean,0.0005823046645147484,0.626059899872472,0.8555253623188405,,,,0.0005823046645147484,0.0,0.0,0.0,0.0,0.0,0.0,0.0,0.0,0.0,0.0,0.0,,
D:\cyh\dictionary_learn\outputs\journal\apic_v3_2_screening_cn_ad\r4,43,adni_to_nacc,D:\cyh\dictionary_learn\outputs\journal\apic_v3_2_screening_cn_ad\r4\seed43\adni_to_nacc\ce_x\journal_metrics.json,ce_x,47,clean,0.0005107819655764966,0.6166967602098424,0.8482789855072465,,,,0.0005107819655764966,0.0,0.0,0.0,0.0,0.0,0.0,0.0,0.0,0.0,0.0,0.0,,
D:\cyh\dictionary_learn\outputs\journal\apic_v3_2_screening_cn_ad\r4,43,adni_to_nacc,D:\cyh\dictionary_learn\outputs\journal\apic_v3_2_screening_cn_ad\r4\seed43\adni_to_nacc\ce_x\journal_metrics.json,ce_x,48,clean,0.0004310662380341828,0.6445591737760664,0.8482789855072465,,,,0.0004310662380341828,0.0,0.0,0.0,0.0,0.0,0.0,0.0,0.0,0.0,0.0,0.0,,
D:\cyh\dictionary_learn\outputs\journal\apic_v3_2_screening_cn_ad\r4,43,adni_to_nacc,D:\cyh\dictionary_learn\outputs\journal\apic_v3_2_screening_cn_ad\r4\seed43\adni_to_nacc\ce_x\journal_metrics.json,ce_x,49,clean,0.0008761626015410615,0.6681476060417939,0.8378623188405797,,,,0.0008761626015410615,0.0,0.0,0.0,0.0,0.0,0.0,0.0,0.0,0.0,0.0,0.0,,
D:\cyh\dictionary_learn\outputs\journal\apic_v3_2_screening_cn_ad\r4,43,adni_to_nacc,D:\cyh\dictionary_learn\outputs\journal\apic_v3_2_screening_cn_ad\r4\seed43\adni_to_nacc\ce_x\journal_metrics.json,ce_x,50,clean,0.0004386274701014865,0.6251528662803165,0.8378623188405797,,,,0.0004386274701014865,0.0,0.0,0.0,0.0,0.0,0.0,0.0,0.0,0.0,0.0,0.0,,
D:\cyh\dictionary_learn\outputs\journal\apic_v3_2_screening_cn_ad\r4,43,adni_to_nacc,D:\cyh\dictionary_learn\outputs\journal\apic_v3_2_screening_cn_ad\r4\seed43\adni_to_nacc\mixstyle_x\journal_metrics.json,mixstyle_x,1,mixstyle,0.44410007581653366,1.4252295979860958,0.6086956521739131,,,,0.44410007581653366,0.0,0.0,0.0,0.0,0.0,0.0,0.0,0.0,0.0,0.0,0.0,,
D:\cyh\dictionary_learn\outputs\journal\apic_v3_2_screening_cn_ad\r4,43,adni_to_nacc,D:\cyh\dictionary_learn\outputs\journal\apic_v3_2_screening_cn_ad\r4\seed43\adni_to_nacc\mixstyle_x\journal_metrics.json,mixstyle_x,2,mixstyle,0.32265470690845727,3.461402795860642,0.5543478260869565,,,,0.32265470690845727,0.0,0.0,0.0,0.0,0.0,0.0,0.0,0.0,0.0,0.0,0.0,,
D:\cyh\dictionary_learn\outputs\journal\apic_v3_2_screening_cn_ad\r4,43,adni_to_nacc,D:\cyh\dictionary_learn\outputs\journal\apic_v3_2_screening_cn_ad\r4\seed43\adni_to_nacc\mixstyle_x\journal_metrics.json,mixstyle_x,3,mixstyle,0.2389600185329566,1.1972586604844662,0.5778985507246377,,,,0.2389600185329566,0.0,0.0,0.0,0.0,0.0,0.0,0.0,0.0,0.0,0.0,0.0,,
D:\cyh\dictionary_learn\outputs\journal\apic_v3_2_screening_cn_ad\r4,43,adni_to_nacc,D:\cyh\dictionary_learn\outputs\journal\apic_v3_2_screening_cn_ad\r4\seed43\adni_to_nacc\mixstyle_x\journal_metrics.json,mixstyle_x,4,mixstyle,0.22757612612289208,0.5318513769515842,0.6200181159420289,,,,0.22757612612289208,0.0,0.0,0.0,0.0,0.0,0.0,0.0,0.0,0.0,0.0,0.0,,
D:\cyh\dictionary_learn\outputs\journal\apic_v3_2_screening_cn_ad\r4,43,adni_to_nacc,D:\cyh\dictionary_learn\outputs\journal\apic_v3_2_screening_cn_ad\r4\seed43\adni_to_nacc\mixstyle_x\journal_metrics.json,mixstyle_x,5,mixstyle,0.17267877085089503,2.963116698553522,0.6200181159420289,,,,0.17267877085089503,0.0,0.0,0.0,0.0,0.0,0.0,0.0,0.0,0.0,0.0,0.0,,
D:\cyh\dictionary_learn\outputs\journal\apic_v3_2_screening_cn_ad\r4,43,adni_to_nacc,D:\cyh\dictionary_learn\outputs\journal\apic_v3_2_screening_cn_ad\r4\seed43\adni_to_nacc\mixstyle_x\journal_metrics.json,mixstyle_x,6,mixstyle,0.2094786767146539,0.5739814612513654,0.6825181159420289,,,,0.2094786767146539,0.0,0.0,0.0,0.0,0.0,0.0,0.0,0.0,0.0,0.0,0.0,,
D:\cyh\dictionary_learn\outputs\journal\apic_v3_2_screening_cn_ad\r4,43,adni_to_nacc,D:\cyh\dictionary_learn\outputs\journal\apic_v3_2_screening_cn_ad\r4\seed43\adni_to_nacc\mixstyle_x\journal_metrics.json,mixstyle_x,7,mixstyle,0.16351087916788298,0.4235311493646564,0.6906702898550724,,,,0.16351087916788298,0.0,0.0,0.0,0.0,0.0,0.0,0.0,0.0,0.0,0.0,0.0,,
D:\cyh\dictionary_learn\outputs\journal\apic_v3_2_screening_cn_ad\r4,43,adni_to_nacc,D:\cyh\dictionary_learn\outputs\journal\apic_v3_2_screening_cn_ad\r4\seed43\adni_to_nacc\mixstyle_x\journal_metrics.json,mixstyle_x,8,mixstyle,0.09921194802189852,0.6706378869975934,0.7744565217391304,,,,0.09921194802189852,0.0,0.0,0.0,0.0,0.0,0.0,0.0,0.0,0.0,0.0,0.0,,
D:\cyh\dictionary_learn\outputs\journal\apic_v3_2_screening_cn_ad\r4,43,adni_to_nacc,D:\cyh\dictionary_learn\outputs\journal\apic_v3_2_screening_cn_ad\r4\seed43\adni_to_nacc\mixstyle_x\journal_metrics.json,mixstyle_x,9,mixstyle,0.06624149661286767,0.5927340325378848,0.779891304347826,,,,0.06624149661286767,0.0,0.0,0.0,0.0,0.0,0.0,0.0,0.0,0.0,0.0,0.0,,
D:\cyh\dictionary_learn\outputs\journal\apic_v3_2_screening_cn_ad\r4,43,adni_to_nacc,D:\cyh\dictionary_learn\outputs\journal\apic_v3_2_screening_cn_ad\r4\seed43\adni_to_nacc\mixstyle_x\journal_metrics.json,mixstyle_x,10,mixstyle,0.03149142124864037,2.0257830699372548,0.722373188405797,,,,0.03149142124864037,0.0,0.0,0.0,0.0,0.0,0.0,0.0,0.0,0.0,0.0,0.0,,
D:\cyh\dictionary_learn\outputs\journal\apic_v3_2_screening_cn_ad\r4,43,adni_to_nacc,D:\cyh\dictionary_learn\outputs\journal\apic_v3_2_screening_cn_ad\r4\seed43\adni_to_nacc\mixstyle_x\journal_metrics.json,mixstyle_x,11,mixstyle,0.12076614085859787,0.8051897571048752,0.7010869565217391,,,,0.12076614085859787,0.0,0.0,0.0,0.0,0.0,0.0,0.0,0.0,0.0,0.0,0.0,,
D:\cyh\dictionary_learn\outputs\journal\apic_v3_2_screening_cn_ad\r4,43,adni_to_nacc,D:\cyh\dictionary_learn\outputs\journal\apic_v3_2_screening_cn_ad\r4\seed43\adni_to_nacc\mixstyle_x\journal_metrics.json,mixstyle_x,12,mixstyle,0.07804747016298169,0.4165149121699011,0.7051630434782608,,,,0.07804747016298169,0.0,0.0,0.0,0.0,0.0,0.0,0.0,0.0,0.0,0.0,0.0,,
D:\cyh\dictionary_learn\outputs\journal\apic_v3_2_screening_cn_ad\r4,43,adni_to_nacc,D:\cyh\dictionary_learn\outputs\journal\apic_v3_2_screening_cn_ad\r4\seed43\adni_to_nacc\mixstyle_x\journal_metrics.json,mixstyle_x,13,mixstyle,0.0372372912635735,0.38990965799894184,0.8043478260869565,,,,0.0372372912635735,0.0,0.0,0.0,0.0,0.0,0.0,0.0,0.0,0.0,0.0,0.0,,
D:\cyh\dictionary_learn\outputs\journal\apic_v3_2_screening_cn_ad\r4,43,adni_to_nacc,D:\cyh\dictionary_learn\outputs\journal\apic_v3_2_screening_cn_ad\r4\seed43\adni_to_nacc\mixstyle_x\journal_metrics.json,mixstyle_x,14,mixstyle,0.03147730738042394,0.5986783684248913,0.8152173913043478,,,,0.03147730738042394,0.0,0.0,0.0,0.0,0.0,0.0,0.0,0.0,0.0,0.0,0.0,,
D:\cyh\dictionary_learn\outputs\journal\apic_v3_2_screening_cn_ad\r4,43,adni_to_nacc,D:\cyh\dictionary_learn\outputs\journal\apic_v3_2_screening_cn_ad\r4\seed43\adni_to_nacc\mixstyle_x\journal_metrics.json,mixstyle_x,15,mixstyle,0.005048526413822883,0.47227866805735413,0.804800724637681,,,,0.005048526413822883,0.0,0.0,0.0,0.0,0.0,0.0,0.0,0.0,0.0,0.0,0.0,,
D:\cyh\dictionary_learn\outputs\journal\apic_v3_2_screening_cn_ad\r4,43,adni_to_nacc,D:\cyh\dictionary_learn\outputs\journal\apic_v3_2_screening_cn_ad\r4\seed43\adni_to_nacc\mixstyle_x\journal_metrics.json,mixstyle_x,16,mixstyle,0.006619276770275557,0.4473716424195204,0.779891304347826,,,,0.006619276770275557,0.0,0.0,0.0,0.0,0.0,0.0,0.0,0.0,0.0,0.0,0.0,,
D:\cyh\dictionary_learn\outputs\journal\apic_v3_2_screening_cn_ad\r4,43,adni_to_nacc,D:\cyh\dictionary_learn\outputs\journal\apic_v3_2_screening_cn_ad\r4\seed43\adni_to_nacc\mixstyle_x\journal_metrics.json,mixstyle_x,17,mixstyle,0.005937252804168488,0.5669177442120239,0.8088768115942028,,,,0.005937252804168488,0.0,0.0,0.0,0.0,0.0,0.0,0.0,0.0,0.0,0.0,0.0,,
D:\cyh\dictionary_learn\outputs\journal\apic_v3_2_screening_cn_ad\r4,43,adni_to_nacc,D:\cyh\dictionary_learn\outputs\journal\apic_v3_2_screening_cn_ad\r4\seed43\adni_to_nacc\mixstyle_x\journal_metrics.json,mixstyle_x,18,mixstyle,0.003405504974646,0.5238259331444564,0.822463768115942,,,,0.003405504974646,0.0,0.0,0.0,0.0,0.0,0.0,0.0,0.0,0.0,0.0,0.0,,
D:\cyh\dictionary_learn\outputs\journal\apic_v3_2_screening_cn_ad\r4,43,adni_to_nacc,D:\cyh\dictionary_learn\outputs\journal\apic_v3_2_screening_cn_ad\r4\seed43\adni_to_nacc\mixstyle_x\journal_metrics.json,mixstyle_x,19,mixstyle,0.0021862987941201127,0.5248626907550887,0.8360507246376812,,,,0.0021862987941201127,0.0,0.0,0.0,0.0,0.0,0.0,0.0,0.0,0.0,0.0,0.0,,
D:\cyh\dictionary_learn\outputs\journal\apic_v3_2_screening_cn_ad\r4,43,adni_to_nacc,D:\cyh\dictionary_learn\outputs\journal\apic_v3_2_screening_cn_ad\r4\seed43\adni_to_nacc\mixstyle_x\journal_metrics.json,mixstyle_x,20,mixstyle,0.003253808411620894,0.5675226473510331,0.8432971014492754,,,,0.003253808411620894,0.0,0.0,0.0,0.0,0.0,0.0,0.0,0.0,0.0,0.0,0.0,,
D:\cyh\dictionary_learn\outputs\journal\apic_v3_2_screening_cn_ad\r4,43,adni_to_nacc,D:\cyh\dictionary_learn\outputs\journal\apic_v3_2_screening_cn_ad\r4\seed43\adni_to_nacc\mixstyle_x\journal_metrics.json,mixstyle_x,21,mixstyle,0.002598402943323277,0.5016214262414682,0.8432971014492754,,,,0.002598402943323277,0.0,0.0,0.0,0.0,0.0,0.0,0.0,0.0,0.0,0.0,0.0,,
D:\cyh\dictionary_learn\outputs\journal\apic_v3_2_screening_cn_ad\r4,43,adni_to_nacc,D:\cyh\dictionary_learn\outputs\journal\apic_v3_2_screening_cn_ad\r4\seed43\adni_to_nacc\mixstyle_x\journal_metrics.json,mixstyle_x,22,mixstyle,0.0024636626057396925,0.4848229386420912,0.8432971014492754,,,,0.0024636626057396925,0.0,0.0,0.0,0.0,0.0,0.0,0.0,0.0,0.0,0.0,0.0,,
D:\cyh\dictionary_learn\outputs\journal\apic_v3_2_screening_cn_ad\r4,43,adni_to_nacc,D:\cyh\dictionary_learn\outputs\journal\apic_v3_2_screening_cn_ad\r4\seed43\adni_to_nacc\mixstyle_x\journal_metrics.json,mixstyle_x,23,mixstyle,0.002825258292695395,0.46955399378683343,0.840126811594203,,,,0.002825258292695395,0.0,0.0,0.0,0.0,0.0,0.0,0.0,0.0,0.0,0.0,0.0,,
D:\cyh\dictionary_learn\outputs\journal\apic_v3_2_screening_cn_ad\r4,43,adni_to_nacc,D:\cyh\dictionary_learn\outputs\journal\apic_v3_2_screening_cn_ad\r4\seed43\adni_to_nacc\mixstyle_x\journal_metrics.json,mixstyle_x,24,mixstyle,0.0017225372872219972,0.5046346365378891,0.840126811594203,,,,0.0017225372872219972,0.0,0.0,0.0,0.0,0.0,0.0,0.0,0.0,0.0,0.0,0.0,,
D:\cyh\dictionary_learn\outputs\journal\apic_v3_2_screening_cn_ad\r4,43,adni_to_nacc,D:\cyh\dictionary_learn\outputs\journal\apic_v3_2_screening_cn_ad\r4\seed43\adni_to_nacc\mixstyle_x\journal_metrics.json,mixstyle_x,25,mixstyle,0.0009930507769613213,0.5152925030954477,0.840126811594203,,,,0.0009930507769613213,0.0,0.0,0.0,0.0,0.0,0.0,0.0,0.0,0.0,0.0,0.0,,
D:\cyh\dictionary_learn\outputs\journal\apic_v3_2_screening_cn_ad\r4,43,adni_to_nacc,D:\cyh\dictionary_learn\outputs\journal\apic_v3_2_screening_cn_ad\r4\seed43\adni_to_nacc\mixstyle_x\journal_metrics.json,mixstyle_x,26,mixstyle,0.002129964984031899,0.5008179937082083,0.8505434782608696,,,,0.002129964984031899,0.0,0.0,0.0,0.0,0.0,0.0,0.0,0.0,0.0,0.0,0.0,,
D:\cyh\dictionary_learn\outputs\journal\apic_v3_2_screening_cn_ad\r4,43,adni_to_nacc,D:\cyh\dictionary_learn\outputs\journal\apic_v3_2_screening_cn_ad\r4\seed43\adni_to_nacc\mixstyle_x\journal_metrics.json,mixstyle_x,27,mixstyle,0.0013372017299799889,0.4928846167252764,0.8505434782608696,,,,0.0013372017299799889,0.0,0.0,0.0,0.0,0.0,0.0,0.0,0.0,0.0,0.0,0.0,,
D:\cyh\dictionary_learn\outputs\journal\apic_v3_2_screening_cn_ad\r4,43,adni_to_nacc,D:\cyh\dictionary_learn\outputs\journal\apic_v3_2_screening_cn_ad\r4\seed43\adni_to_nacc\mixstyle_x\journal_metrics.json,mixstyle_x,28,mixstyle,0.0012796005194323666,0.527122213769923,0.8505434782608696,,,,0.0012796005194323666,0.0,0.0,0.0,0.0,0.0,0.0,0.0,0.0,0.0,0.0,0.0,,
D:\cyh\dictionary_learn\outputs\journal\apic_v3_2_screening_cn_ad\r4,43,adni_to_nacc,D:\cyh\dictionary_learn\outputs\journal\apic_v3_2_screening_cn_ad\r4\seed43\adni_to_nacc\mixstyle_x\journal_metrics.json,mixstyle_x,29,mixstyle,0.0012378728900670007,0.502384500917399,0.8505434782608696,,,,0.0012378728900670007,0.0,0.0,0.0,0.0,0.0,0.0,0.0,0.0,0.0,0.0,0.0,,
D:\cyh\dictionary_learn\outputs\journal\apic_v3_2_screening_cn_ad\r4,43,adni_to_nacc,D:\cyh\dictionary_learn\outputs\journal\apic_v3_2_screening_cn_ad\r4\seed43\adni_to_nacc\mixstyle_x\journal_metrics.json,mixstyle_x,30,mixstyle,0.0010383667193594422,0.5424028818239814,0.8505434782608696,,,,0.0010383667193594422,0.0,0.0,0.0,0.0,0.0,0.0,0.0,0.0,0.0,0.0,0.0,,
D:\cyh\dictionary_learn\outputs\journal\apic_v3_2_screening_cn_ad\r4,43,adni_to_nacc,D:\cyh\dictionary_learn\outputs\journal\apic_v3_2_screening_cn_ad\r4\seed43\adni_to_nacc\mixstyle_x\journal_metrics.json,mixstyle_x,31,mixstyle,0.0006641785155982481,0.5375918904412071,0.8505434782608696,,,,0.0006641785155982481,0.0,0.0,0.0,0.0,0.0,0.0,0.0,0.0,0.0,0.0,0.0,,
D:\cyh\dictionary_learn\outputs\journal\apic_v3_2_screening_cn_ad\r4,43,adni_to_nacc,D:\cyh\dictionary_learn\outputs\journal\apic_v3_2_screening_cn_ad\r4\seed43\adni_to_nacc\mixstyle_x\journal_metrics.json,mixstyle_x,32,mixstyle,0.0006368142568102354,0.5516769615198839,0.8505434782608696,,,,0.0006368142568102354,0.0,0.0,0.0,0.0,0.0,0.0,0.0,0.0,0.0,0.0,0.0,,
D:\cyh\dictionary_learn\outputs\journal\apic_v3_2_screening_cn_ad\r4,43,adni_to_nacc,D:\cyh\dictionary_learn\outputs\journal\apic_v3_2_screening_cn_ad\r4\seed43\adni_to_nacc\mixstyle_x\journal_metrics.json,mixstyle_x,33,mixstyle,0.000818957685338998,0.5483117362651546,0.8505434782608696,,,,0.000818957685338998,0.0,0.0,0.0,0.0,0.0,0.0,0.0,0.0,0.0,0.0,0.0,,
D:\cyh\dictionary_learn\outputs\journal\apic_v3_2_screening_cn_ad\r4,43,adni_to_nacc,D:\cyh\dictionary_learn\outputs\journal\apic_v3_2_screening_cn_ad\r4\seed43\adni_to_nacc\mixstyle_x\journal_metrics.json,mixstyle_x,34,mixstyle,0.0008075809804372018,0.5400618593607845,0.8505434782608696,,,,0.0008075809804372018,0.0,0.0,0.0,0.0,0.0,0.0,0.0,0.0,0.0,0.0,0.0,,
D:\cyh\dictionary_learn\outputs\journal\apic_v3_2_screening_cn_ad\r4,43,adni_to_nacc,D:\cyh\dictionary_learn\outputs\journal\apic_v3_2_screening_cn_ad\r4\seed43\adni_to_nacc\mixstyle_x\journal_metrics.json,mixstyle_x,35,mixstyle,0.0008500085575825181,0.5836078461025297,0.8505434782608696,,,,0.0008500085575825181,0.0,0.0,0.0,0.0,0.0,0.0,0.0,0.0,0.0,0.0,0.0,,
D:\cyh\dictionary_learn\outputs\journal\apic_v3_2_screening_cn_ad\r4,43,adni_to_nacc,D:\cyh\dictionary_learn\outputs\journal\apic_v3_2_screening_cn_ad\r4\seed43\adni_to_nacc\mixstyle_x\journal_metrics.json,mixstyle_x,36,mixstyle,0.0007672386721654231,0.5092228478941183,0.840126811594203,,,,0.0007672386721654231,0.0,0.0,0.0,0.0,0.0,0.0,0.0,0.0,0.0,0.0,0.0,,
D:\cyh\dictionary_learn\outputs\journal\apic_v3_2_screening_cn_ad\r4,43,adni_to_nacc,D:\cyh\dictionary_learn\outputs\journal\apic_v3_2_screening_cn_ad\r4\seed43\adni_to_nacc\mixstyle_x\journal_metrics.json,mixstyle_x,37,mixstyle,0.0011166033782063162,0.7768729823153921,0.8288043478260869,,,,0.0011166033782063162,0.0,0.0,0.0,0.0,0.0,0.0,0.0,0.0,0.0,0.0,0.0,,
D:\cyh\dictionary_learn\outputs\journal\apic_v3_2_screening_cn_ad\r4,43,adni_to_nacc,D:\cyh\dictionary_learn\outputs\journal\apic_v3_2_screening_cn_ad\r4\seed43\adni_to_nacc\mixstyle_x\journal_metrics.json,mixstyle_x,38,mixstyle,0.0009565597736428868,0.544598141458072,0.8288043478260869,,,,0.0009565597736428868,0.0,0.0,0.0,0.0,0.0,0.0,0.0,0.0,0.0,0.0,0.0,,
D:\cyh\dictionary_learn\outputs\journal\apic_v3_2_screening_cn_ad\r4,43,adni_to_nacc,D:\cyh\dictionary_learn\outputs\journal\apic_v3_2_screening_cn_ad\r4\seed43\adni_to_nacc\mixstyle_x\journal_metrics.json,mixstyle_x,39,mixstyle,0.0006762917278850302,0.5769732250801871,0.8392210144927535,,,,0.0006762917278850302,0.0,0.0,0.0,0.0,0.0,0.0,0.0,0.0,0.0,0.0,0.0,,
D:\cyh\dictionary_learn\outputs\journal\apic_v3_2_screening_cn_ad\r4,43,adni_to_nacc,D:\cyh\dictionary_learn\outputs\journal\apic_v3_2_screening_cn_ad\r4\seed43\adni_to_nacc\mixstyle_x\journal_metrics.json,mixstyle_x,40,mixstyle,0.0006338849154899545,0.6214733696306898,0.8505434782608696,,,,0.0006338849154899545,0.0,0.0,0.0,0.0,0.0,0.0,0.0,0.0,0.0,0.0,0.0,,
D:\cyh\dictionary_learn\outputs\journal\apic_v3_2_screening_cn_ad\r4,43,adni_to_nacc,D:\cyh\dictionary_learn\outputs\journal\apic_v3_2_screening_cn_ad\r4\seed43\adni_to_nacc\mixstyle_x\journal_metrics.json,mixstyle_x,41,mixstyle,0.0007466201675113947,0.6052379128367013,0.8505434782608696,,,,0.0007466201675113947,0.0,0.0,0.0,0.0,0.0,0.0,0.0,0.0,0.0,0.0,0.0,,
D:\cyh\dictionary_learn\outputs\journal\apic_v3_2_screening_cn_ad\r4,43,adni_to_nacc,D:\cyh\dictionary_learn\outputs\journal\apic_v3_2_screening_cn_ad\r4\seed43\adni_to_nacc\mixstyle_x\journal_metrics.json,mixstyle_x,42,mixstyle,0.00039748528705599876,0.5683486207939461,0.8505434782608696,,,,0.00039748528705599876,0.0,0.0,0.0,0.0,0.0,0.0,0.0,0.0,0.0,0.0,0.0,,
D:\cyh\dictionary_learn\outputs\journal\apic_v3_2_screening_cn_ad\r4,43,adni_to_nacc,D:\cyh\dictionary_learn\outputs\journal\apic_v3_2_screening_cn_ad\r4\seed43\adni_to_nacc\mixstyle_x\journal_metrics.json,mixstyle_x,43,mixstyle,0.0003106402713324698,0.5821141418782216,0.8505434782608696,,,,0.0003106402713324698,0.0,0.0,0.0,0.0,0.0,0.0,0.0,0.0,0.0,0.0,0.0,,
D:\cyh\dictionary_learn\outputs\journal\apic_v3_2_screening_cn_ad\r4,43,adni_to_nacc,D:\cyh\dictionary_learn\outputs\journal\apic_v3_2_screening_cn_ad\r4\seed43\adni_to_nacc\mixstyle_x\journal_metrics.json,mixstyle_x,44,mixstyle,0.0002936313759350759,0.5979914965161165,0.8505434782608696,,,,0.0002936313759350759,0.0,0.0,0.0,0.0,0.0,0.0,0.0,0.0,0.0,0.0,0.0,,
D:\cyh\dictionary_learn\outputs\journal\apic_v3_2_screening_cn_ad\r4,43,adni_to_nacc,D:\cyh\dictionary_learn\outputs\journal\apic_v3_2_screening_cn_ad\r4\seed43\adni_to_nacc\mixstyle_x\journal_metrics.json,mixstyle_x,45,mixstyle,0.0006486500848391681,0.5898823960348191,0.8505434782608696,,,,0.0006486500848391681,0.0,0.0,0.0,0.0,0.0,0.0,0.0,0.0,0.0,0.0,0.0,,
D:\cyh\dictionary_learn\outputs\journal\apic_v3_2_screening_cn_ad\r4,43,adni_to_nacc,D:\cyh\dictionary_learn\outputs\journal\apic_v3_2_screening_cn_ad\r4\seed43\adni_to_nacc\mixstyle_x\journal_metrics.json,mixstyle_x,46,mixstyle,0.0005370877479874186,0.6086843725140668,0.8505434782608696,,,,0.0005370877479874186,0.0,0.0,0.0,0.0,0.0,0.0,0.0,0.0,0.0,0.0,0.0,,
D:\cyh\dictionary_learn\outputs\journal\apic_v3_2_screening_cn_ad\r4,43,adni_to_nacc,D:\cyh\dictionary_learn\outputs\journal\apic_v3_2_screening_cn_ad\r4\seed43\adni_to_nacc\mixstyle_x\journal_metrics.json,mixstyle_x,47,mixstyle,0.0005112658282634957,0.711105555594739,0.8505434782608696,,,,0.0005112658282634957,0.0,0.0,0.0,0.0,0.0,0.0,0.0,0.0,0.0,0.0,0.0,,
D:\cyh\dictionary_learn\outputs\journal\apic_v3_2_screening_cn_ad\r4,43,adni_to_nacc,D:\cyh\dictionary_learn\outputs\journal\apic_v3_2_screening_cn_ad\r4\seed43\adni_to_nacc\mixstyle_x\journal_metrics.json,mixstyle_x,48,mixstyle,0.00039204941769793256,0.5951901123237134,0.8505434782608696,,,,0.00039204941769793256,0.0,0.0,0.0,0.0,0.0,0.0,0.0,0.0,0.0,0.0,0.0,,
D:\cyh\dictionary_learn\outputs\journal\apic_v3_2_screening_cn_ad\r4,43,adni_to_nacc,D:\cyh\dictionary_learn\outputs\journal\apic_v3_2_screening_cn_ad\r4\seed43\adni_to_nacc\mixstyle_x\journal_metrics.json,mixstyle_x,49,mixstyle,0.000793052495567511,0.5905143605535788,0.8505434782608696,,,,0.000793052495567511,0.0,0.0,0.0,0.0,0.0,0.0,0.0,0.0,0.0,0.0,0.0,,
D:\cyh\dictionary_learn\outputs\journal\apic_v3_2_screening_cn_ad\r4,43,adni_to_nacc,D:\cyh\dictionary_learn\outputs\journal\apic_v3_2_screening_cn_ad\r4\seed43\adni_to_nacc\mixstyle_x\journal_metrics.json,mixstyle_x,50,mixstyle,0.00044624310538049294,0.646814703118201,0.8505434782608696,,,,0.00044624310538049294,0.0,0.0,0.0,0.0,0.0,0.0,0.0,0.0,0.0,0.0,0.0,,
D:\cyh\dictionary_learn\outputs\journal\apic_v3_2_screening_cn_ad\r4,43,nacc_to_adni,D:\cyh\dictionary_learn\outputs\journal\apic_v3_2_screening_cn_ad\r4\seed43\nacc_to_adni\apic_v3_2_x\journal_metrics.json,apic_v3_2_x,1,clean_warmup,0.5240335407037309,0.4017843376303559,0.5405405405405406,,,,0.5240335407037309,0.0,0.0,0.0,0.0,0.0,0.0,0.0,0.0,0.0,0.0,0.0,0,0.0
D:\cyh\dictionary_learn\outputs\journal\apic_v3_2_screening_cn_ad\r4,43,nacc_to_adni,D:\cyh\dictionary_learn\outputs\journal\apic_v3_2_screening_cn_ad\r4\seed43\nacc_to_adni\apic_v3_2_x\journal_metrics.json,apic_v3_2_x,2,clean_warmup,0.3583775924040036,0.39222001716379684,0.6656059285091543,,,,0.3583775924040036,0.0,0.0,0.0,0.0,0.0,0.0,0.0,0.0,0.0,0.0,0.0,0,0.0
D:\cyh\dictionary_learn\outputs\journal\apic_v3_2_screening_cn_ad\r4,43,nacc_to_adni,D:\cyh\dictionary_learn\outputs\journal\apic_v3_2_screening_cn_ad\r4\seed43\nacc_to_adni\apic_v3_2_x\journal_metrics.json,apic_v3_2_x,3,clean_warmup,0.3275464133531188,0.510547562112564,0.7102586457425167,,,,0.3275464133531188,0.0,0.0,0.0,0.0,0.0,0.0,0.0,0.0,0.0,0.0,0.0,0,0.0
D:\cyh\dictionary_learn\outputs\journal\apic_v3_2_screening_cn_ad\r4,43,nacc_to_adni,D:\cyh\dictionary_learn\outputs\journal\apic_v3_2_screening_cn_ad\r4\seed43\nacc_to_adni\apic_v3_2_x\journal_metrics.json,apic_v3_2_x,4,clean_warmup,0.2878217737596253,3.8109934950039235,0.7064225515838419,,,,0.2878217737596253,0.0,0.0,0.0,0.0,0.0,0.0,0.0,0.0,0.0,0.0,0.0,0,0.0
D:\cyh\dictionary_learn\outputs\journal\apic_v3_2_screening_cn_ad\r4,43,nacc_to_adni,D:\cyh\dictionary_learn\outputs\journal\apic_v3_2_screening_cn_ad\r4\seed43\nacc_to_adni\apic_v3_2_x\journal_metrics.json,apic_v3_2_x,5,clean_warmup,0.1750338771809725,0.4105146915997021,0.6998256320836965,,,,0.1750338771809725,0.0,0.0,0.0,0.0,0.0,0.0,0.0,0.0,0.0,0.0,0.0,0,0.0
D:\cyh\dictionary_learn\outputs\journal\apic_v3_2_screening_cn_ad\r4,43,nacc_to_adni,D:\cyh\dictionary_learn\outputs\journal\apic_v3_2_screening_cn_ad\r4\seed43\nacc_to_adni\apic_v3_2_x\journal_metrics.json,apic_v3_2_x,6,style_bank_build,0.04164310092806905,0.4105146915997021,0.6902644580063934,,,,0.0810293301567793,0.0,0.0,0.0,0.0,0.0,0.0,0.0,0.0,0.0,0.0,0.0,0,0.0
D:\cyh\dictionary_learn\outputs\journal\apic_v3_2_screening_cn_ad\r4,43,nacc_to_adni,D:\cyh\dictionary_learn\outputs\journal\apic_v3_2_screening_cn_ad\r4\seed43\nacc_to_adni\apic_v3_2_x\journal_metrics.json,apic_v3_2_x,7,apis_warmup,0.1676563649768707,0.47884848071180186,0.7708224353385643,,,,0.1676563649768707,0.0,0.0,0.0,0.0,0.0,0.0,0.0,0.32405580588559196,0.00038570040062544286,0.0,0.0,4,329.0
D:\cyh\dictionary_learn\outputs\journal\apic_v3_2_screening_cn_ad\r4,43,nacc_to_adni,D:\cyh\dictionary_learn\outputs\journal\apic_v3_2_screening_cn_ad\r4\seed43\nacc_to_adni\apic_v3_2_x\journal_metrics.json,apic_v3_2_x,8,apis_warmup,0.16248311052052045,0.5484472952119233,0.7707643126997965,,,,0.16248311052052045,0.0,0.0,0.0,0.0,0.0,0.0,0.0,0.3316342264580327,0.00032244813616992844,0.0,0.0,4,329.0
D:\cyh\dictionary_learn\outputs\journal\apic_v3_2_screening_cn_ad\r4,43,nacc_to_adni,D:\cyh\dictionary_learn\outputs\journal\apic_v3_2_screening_cn_ad\r4\seed43\nacc_to_adni\apic_v3_2_x\journal_metrics.json,apic_v3_2_x,9,apis_warmup,0.13164079607355111,0.31951001531132683,0.7868352223190933,,,,0.13164079607355111,0.0,0.0,0.0,0.0,0.0,0.0,0.0,0.3238473586197006,0.00038648943676466936,0.0,0.0,4,329.0
D:\cyh\dictionary_learn\outputs\journal\apic_v3_2_screening_cn_ad\r4,43,nacc_to_adni,D:\cyh\dictionary_learn\outputs\journal\apic_v3_2_screening_cn_ad\r4\seed43\nacc_to_adni\apic_v3_2_x\journal_metrics.json,apic_v3_2_x,10,apis_warmup,0.18239564225194696,0.5930120936524956,0.7904678872420808,,,,0.18239564225194696,0.0,0.0,0.0,0.0,0.0,0.0,0.0,0.33351938967598216,0.0011163677403571142,0.0,0.0,4,329.0
D:\cyh\dictionary_learn\outputs\journal\apic_v3_2_screening_cn_ad\r4,43,nacc_to_adni,D:\cyh\dictionary_learn\outputs\journal\apic_v3_2_screening_cn_ad\r4\seed43\nacc_to_adni\apic_v3_2_x\journal_metrics.json,apic_v3_2_x,11,apis_warmup,0.09594652723935927,0.49306999743211766,0.7737866899157222,,,,0.09594652723935927,0.0,0.0,0.0,0.0,0.0,0.0,0.0,0.3233128550498845,2.339392532936409e-05,0.0,0.0,4,329.0
D:\cyh\dictionary_learn\outputs\journal\apic_v3_2_screening_cn_ad\r4,43,nacc_to_adni,D:\cyh\dictionary_learn\outputs\journal\apic_v3_2_screening_cn_ad\r4\seed43\nacc_to_adni\apic_v3_2_x\journal_metrics.json,apic_v3_2_x,12,joint,0.056743879643836,0.6780362820564585,0.7616390584132521,,,,0.056743879643836,0.0,0.0,0.0,0.0,0.0,0.0,0.0,0.338571771396605,0.001015729836908752,0.0,0.0,4,329.0
D:\cyh\dictionary_learn\outputs\journal\apic_v3_2_screening_cn_ad\r4,43,nacc_to_adni,D:\cyh\dictionary_learn\outputs\journal\apic_v3_2_screening_cn_ad\r4\seed43\nacc_to_adni\apic_v3_2_x\journal_metrics.json,apic_v3_2_x,13,joint,0.13147943791108696,0.6047338989300711,0.7646033129904097,,,,0.13147943791108696,0.0,0.0,0.0,0.0,0.0,0.0,0.0,0.3400151036138641,0.001456024419187638,0.0,0.0,4,329.0
D:\cyh\dictionary_learn\outputs\journal\apic_v3_2_screening_cn_ad\r4,43,nacc_to_adni,D:\cyh\dictionary_learn\outputs\journal\apic_v3_2_screening_cn_ad\r4\seed43\nacc_to_adni\apic_v3_2_x\journal_metrics.json,apic_v3_2_x,14,joint,0.07840656081224953,1.7657163127267594,0.7170008718395815,,,,0.07840656081224953,0.0,0.0,0.0,0.0,0.0,0.0,0.0,0.331940056808168,0.0017356516886987375,0.0,0.0,4,329.0
D:\cyh\dictionary_learn\outputs\journal\apic_v3_2_screening_cn_ad\r4,43,nacc_to_adni,D:\cyh\dictionary_learn\outputs\journal\apic_v3_2_screening_cn_ad\r4\seed43\nacc_to_adni\apic_v3_2_x\journal_metrics.json,apic_v3_2_x,15,joint,0.11141545401707906,0.3262613444824473,0.7074978204010463,,,,0.11141545401707906,0.0,0.0,0.0,0.0,0.0,0.0,0.0,0.32672992598411094,0.0006796114428211425,0.0,0.0,4,329.0
D:\cyh\dictionary_learn\outputs\journal\apic_v3_2_screening_cn_ad\r4,43,nacc_to_adni,D:\cyh\dictionary_learn\outputs\journal\apic_v3_2_screening_cn_ad\r4\seed43\nacc_to_adni\apic_v3_2_x\journal_metrics.json,apic_v3_2_x,16,joint,0.15612717516663063,0.43539329222574946,0.707817494914269,,,,0.15612717516663063,0.0,0.0,0.0,0.0,0.0,0.0,0.0,0.3158818143706082,0.0010440073214648946,0.0,0.0,4,329.0
D:\cyh\dictionary_learn\outputs\journal\apic_v3_2_screening_cn_ad\r4,43,nacc_to_adni,D:\cyh\dictionary_learn\outputs\journal\apic_v3_2_screening_cn_ad\r4\seed43\nacc_to_adni\apic_v3_2_x\journal_metrics.json,apic_v3_2_x,17,joint,0.025948326000956787,0.48460216997991346,0.7950305143853531,,,,0.025948326000956787,0.0,0.0,0.0,0.0,0.0,0.0,0.0,0.3278482905979263,0.0007309231981079503,0.0,0.0,4,329.0
D:\cyh\dictionary_learn\outputs\journal\apic_v3_2_screening_cn_ad\r4,43,nacc_to_adni,D:\cyh\dictionary_learn\outputs\journal\apic_v3_2_screening_cn_ad\r4\seed43\nacc_to_adni\apic_v3_2_x\journal_metrics.json,apic_v3_2_x,18,joint,0.029963602709932535,0.5547368339742282,0.8236849752978785,,,,0.029963602709932535,0.0,0.0,0.0,0.0,0.0,0.0,0.0,0.33683478798946187,4.570296398016207e-05,0.0,0.0,4,329.0
D:\cyh\dictionary_learn\outputs\journal\apic_v3_2_screening_cn_ad\r4,43,nacc_to_adni,D:\cyh\dictionary_learn\outputs\journal\apic_v3_2_screening_cn_ad\r4\seed43\nacc_to_adni\apic_v3_2_x\journal_metrics.json,apic_v3_2_x,19,joint,0.0420887606726067,0.4198334948249502,0.8228131357163616,,,,0.0420887606726067,0.0,0.0,0.0,0.0,0.0,0.0,0.0,0.32969145610012823,0.0013776757063212262,0.0,0.0,4,329.0
D:\cyh\dictionary_learn\outputs\journal\apic_v3_2_screening_cn_ad\r4,43,nacc_to_adni,D:\cyh\dictionary_learn\outputs\journal\apic_v3_2_screening_cn_ad\r4\seed43\nacc_to_adni\apic_v3_2_x\journal_metrics.json,apic_v3_2_x,20,joint,0.009640815561554685,0.43123150328852466,0.8241499564080209,,,,0.009640815561554685,0.0,0.0,0.0,0.0,0.0,0.0,0.0,0.34087674752627006,0.0017159265536647085,0.0,0.0,4,329.0
D:\cyh\dictionary_learn\outputs\journal\apic_v3_2_screening_cn_ad\r4,43,nacc_to_adni,D:\cyh\dictionary_learn\outputs\journal\apic_v3_2_screening_cn_ad\r4\seed43\nacc_to_adni\apic_v3_2_x\journal_metrics.json,apic_v3_2_x,21,joint,0.004513288649537551,0.43201228519130447,0.8207788433594886,,,,0.004513288649537551,0.0,0.0,0.0,0.0,0.0,0.0,0.0,0.3284928672140537,0.0019930269673548856,0.0,0.0,4,329.0
D:\cyh\dictionary_learn\outputs\journal\apic_v3_2_screening_cn_ad\r4,43,nacc_to_adni,D:\cyh\dictionary_learn\outputs\journal\apic_v3_2_screening_cn_ad\r4\seed43\nacc_to_adni\apic_v3_2_x\journal_metrics.json,apic_v3_2_x,22,joint,0.11449301084572226,0.38704629330193246,0.8256902063353676,,,,0.11449301084572226,0.0,0.0,0.0,0.0,0.0,0.0,0.0,0.3256267884423613,0.001725917878624354,0.0,0.0,4,329.0
D:\cyh\dictionary_learn\outputs\journal\apic_v3_2_screening_cn_ad\r4,43,nacc_to_adni,D:\cyh\dictionary_learn\outputs\journal\apic_v3_2_screening_cn_ad\r4\seed43\nacc_to_adni\apic_v3_2_x\journal_metrics.json,apic_v3_2_x,23,joint,0.0810299720792373,0.5378988063921377,0.7849462365591399,,,,0.0810299720792373,0.0,0.0,0.0,0.0,0.0,0.0,0.0,0.33170103568937526,0.0020634495228303864,0.0,0.0,4,329.0
D:\cyh\dictionary_learn\outputs\journal\apic_v3_2_screening_cn_ad\r4,43,nacc_to_adni,D:\cyh\dictionary_learn\outputs\journal\apic_v3_2_screening_cn_ad\r4\seed43\nacc_to_adni\apic_v3_2_x\journal_metrics.json,apic_v3_2_x,24,joint,0.0407997511403522,0.4895716001872939,0.7843359488520779,,,,0.0407997511403522,0.0,0.0,0.0,0.0,0.0,0.0,0.0,0.31636402185735757,0.001026423016500591,0.0,0.0,4,329.0
D:\cyh\dictionary_learn\outputs\journal\apic_v3_2_screening_cn_ad\r4,43,nacc_to_adni,D:\cyh\dictionary_learn\outputs\journal\apic_v3_2_screening_cn_ad\r4\seed43\nacc_to_adni\apic_v3_2_x\journal_metrics.json,apic_v3_2_x,25,joint,0.11201038556212466,1.3343181699403615,0.7483289741354257,,,,0.11201038556212466,0.0,0.0,0.0,0.0,0.0,0.0,0.0,0.32281061898729657,0.0003680403287029634,0.0,0.0,4,329.0
D:\cyh\dictionary_learn\outputs\journal\apic_v3_2_screening_cn_ad\r4,43,nacc_to_adni,D:\cyh\dictionary_learn\outputs\journal\apic_v3_2_screening_cn_ad\r4\seed43\nacc_to_adni\apic_v3_2_x\journal_metrics.json,apic_v3_2_x,26,joint,0.06085565841467999,0.3409651404214379,0.7734088927637316,,,,0.06085565841467999,0.0,0.0,0.0,0.0,0.0,0.0,0.0,0.3295957377003558,0.0010135239179507034,0.0,0.0,4,329.0
D:\cyh\dictionary_learn\outputs\journal\apic_v3_2_screening_cn_ad\r4,43,nacc_to_adni,D:\cyh\dictionary_learn\outputs\journal\apic_v3_2_screening_cn_ad\r4\seed43\nacc_to_adni\apic_v3_2_x\journal_metrics.json,apic_v3_2_x,27,joint,0.0217551904389545,0.44379756113001684,0.7821563498982854,,,,0.0217551904389545,0.0,0.0,0.0,0.0,0.0,0.0,0.0,0.3403276107664215,0.0003852591729635081,0.0,0.0,4,329.0
D:\cyh\dictionary_learn\outputs\journal\apic_v3_2_screening_cn_ad\r4,43,nacc_to_adni,D:\cyh\dictionary_learn\outputs\journal\apic_v3_2_screening_cn_ad\r4\seed43\nacc_to_adni\apic_v3_2_x\journal_metrics.json,apic_v3_2_x,28,joint,0.0029620324861773357,0.5029233546476165,0.8340308049985469,,,,0.0029620324861773357,0.0,0.0,0.0,0.0,0.0,0.0,0.0,0.334547376416249,0.0007155778698507413,0.0,0.0,4,329.0
D:\cyh\dictionary_learn\outputs\journal\apic_v3_2_screening_cn_ad\r4,43,nacc_to_adni,D:\cyh\dictionary_learn\outputs\journal\apic_v3_2_screening_cn_ad\r4\seed43\nacc_to_adni\apic_v3_2_x\journal_metrics.json,apic_v3_2_x,29,joint,0.010459408488109325,0.4769958980482742,0.8379250217959896,,,,0.010459408488109325,0.0,0.0,0.0,0.0,0.0,0.0,0.0,0.3357171487042358,0.0010583378131633426,0.0,0.0,4,329.0
D:\cyh\dictionary_learn\outputs\journal\apic_v3_2_screening_cn_ad\r4,43,nacc_to_adni,D:\cyh\dictionary_learn\outputs\journal\apic_v3_2_screening_cn_ad\r4\seed43\nacc_to_adni\apic_v3_2_x\journal_metrics.json,apic_v3_2_x,30,joint,0.0035853067769616317,0.5508688330490187,0.8220575414123802,,,,0.0035853067769616317,0.0,0.0,0.0,0.0,0.0,0.0,0.0,0.3167800580323075,0.0007258180412806259,0.0,0.0,4,329.0
D:\cyh\dictionary_learn\outputs\journal\apic_v3_2_screening_cn_ad\r4,43,nacc_to_adni,D:\cyh\dictionary_learn\outputs\journal\apic_v3_2_screening_cn_ad\r4\seed43\nacc_to_adni\apic_v3_2_x\journal_metrics.json,apic_v3_2_x,31,joint,0.0021844399925002663,0.5700844391431209,0.8051147922115663,,,,0.0021844399925002663,0.0,0.0,0.0,0.0,0.0,0.0,0.0,0.32673690705326014,0.0010295845756495116,0.0,0.0,4,329.0
D:\cyh\dictionary_learn\outputs\journal\apic_v3_2_screening_cn_ad\r4,43,nacc_to_adni,D:\cyh\dictionary_learn\outputs\journal\apic_v3_2_screening_cn_ad\r4\seed43\nacc_to_adni\apic_v3_2_x\journal_metrics.json,apic_v3_2_x,32,joint,0.13268296272994193,0.626307226414277,0.7870967741935484,,,,0.13268296272994193,0.0,0.0,0.0,0.0,0.0,0.0,0.0,0.3135087749811524,0.0004429107334313324,0.0,0.0,4,329.0
D:\cyh\dictionary_learn\outputs\journal\apic_v3_2_screening_cn_ad\r4,43,nacc_to_adni,D:\cyh\dictionary_learn\outputs\journal\apic_v3_2_screening_cn_ad\r4\seed43\nacc_to_adni\apic_v3_2_x\journal_metrics.json,apic_v3_2_x,33,joint,0.04506619837011182,0.5009495455952676,0.7892473118279569,,,,0.04506619837011182,0.0,0.0,0.0,0.0,0.0,0.0,0.0,0.33097792487570693,0.0003467225698098817,0.0,0.0,4,329.0
D:\cyh\dictionary_learn\outputs\journal\apic_v3_2_screening_cn_ad\r4,43,nacc_to_adni,D:\cyh\dictionary_learn\outputs\journal\apic_v3_2_screening_cn_ad\r4\seed43\nacc_to_adni\apic_v3_2_x\journal_metrics.json,apic_v3_2_x,34,joint,0.04005639626336116,0.6572722892491031,0.8065969195001452,,,,0.04005639626336116,0.0,0.0,0.0,0.0,0.0,0.0,0.0,0.3177610218691426,0.0010379816409225092,0.0,0.0,4,329.0
D:\cyh\dictionary_learn\outputs\journal\apic_v3_2_screening_cn_ad\r4,43,nacc_to_adni,D:\cyh\dictionary_learn\outputs\journal\apic_v3_2_screening_cn_ad\r4\seed43\nacc_to_adni\apic_v3_2_x\journal_metrics.json,apic_v3_2_x,35,joint,0.05870076589533141,0.5393649023447789,0.8192385934321417,,,,0.05870076589533141,0.0,0.0,0.0,0.0,0.0,0.0,0.0,0.32471121048461127,0.0007580359918600912,0.0,0.0,4,329.0
D:\cyh\dictionary_learn\outputs\journal\apic_v3_2_screening_cn_ad\r4,43,nacc_to_adni,D:\cyh\dictionary_learn\outputs\journal\apic_v3_2_screening_cn_ad\r4\seed43\nacc_to_adni\apic_v3_2_x\journal_metrics.json,apic_v3_2_x,36,joint,0.010998888427998763,0.5104060418779335,0.8154024992734671,,,,0.010998888427998763,0.0,0.0,0.0,0.0,0.0,0.0,0.0,0.3312163622685651,0.0030138470927221343,0.0,0.0,4,329.0
D:\cyh\dictionary_learn\outputs\journal\apic_v3_2_screening_cn_ad\r4,43,nacc_to_adni,D:\cyh\dictionary_learn\outputs\journal\apic_v3_2_screening_cn_ad\r4\seed43\nacc_to_adni\apic_v3_2_x\journal_metrics.json,apic_v3_2_x,37,joint,0.013881939541157946,0.5932219438168099,0.7824469630921245,,,,0.013881939541157946,0.0,0.0,0.0,0.0,0.0,0.0,0.0,0.3363721417315179,0.0013521419708387977,0.0,0.0,4,329.0
D:\cyh\dictionary_learn\outputs\journal\apic_v3_2_screening_cn_ad\r4,43,nacc_to_adni,D:\cyh\dictionary_learn\outputs\journal\apic_v3_2_screening_cn_ad\r4\seed43\nacc_to_adni\apic_v3_2_x\journal_metrics.json,apic_v3_2_x,38,joint,0.13812931983028642,0.46452769348933454,0.7247602441150828,,,,0.13812931983028642,0.0,0.0,0.0,0.0,0.0,0.0,0.0,0.3342213621519131,0.0013194897878350742,0.0,0.0,4,329.0
D:\cyh\dictionary_learn\outputs\journal\apic_v3_2_screening_cn_ad\r4,43,nacc_to_adni,D:\cyh\dictionary_learn\outputs\journal\apic_v3_2_screening_cn_ad\r4\seed43\nacc_to_adni\apic_v3_2_x\journal_metrics.json,apic_v3_2_x,39,joint,0.06016933829988634,0.4368448888026922,0.7311537343795408,,,,0.06016933829988634,0.0,0.0,0.0,0.0,0.0,0.0,0.0,0.3326816531366476,0.0020926873062446865,0.0,0.0,4,329.0
D:\cyh\dictionary_learn\outputs\journal\apic_v3_2_screening_cn_ad\r4,43,nacc_to_adni,D:\cyh\dictionary_learn\outputs\journal\apic_v3_2_screening_cn_ad\r4\seed43\nacc_to_adni\apic_v3_2_x\journal_metrics.json,apic_v3_2_x,40,joint,0.09592738920333665,0.43046100484982946,0.7536181342632955,,,,0.09592738920333665,0.0,0.0,0.0,0.0,0.0,0.0,0.0,0.32579546417603944,0.0004124661618900799,0.0,0.0,4,329.0
D:\cyh\dictionary_learn\outputs\journal\apic_v3_2_screening_cn_ad\r4,43,nacc_to_adni,D:\cyh\dictionary_learn\outputs\journal\apic_v3_2_screening_cn_ad\r4\seed43\nacc_to_adni\apic_v3_2_x\journal_metrics.json,apic_v3_2_x,41,joint,0.011379506431410074,0.4266698730746167,0.830804998546934,,,,0.011379506431410074,0.0,0.0,0.0,0.0,0.0,0.0,0.0,0.3310702027721778,0.00038541856725662763,0.0,0.0,4,329.0
D:\cyh\dictionary_learn\outputs\journal\apic_v3_2_screening_cn_ad\r4,43,nacc_to_adni,D:\cyh\dictionary_learn\outputs\journal\apic_v3_2_screening_cn_ad\r4\seed43\nacc_to_adni\apic_v3_2_x\journal_metrics.json,apic_v3_2_x,42,joint,0.006283583690735249,0.47474213721219277,0.8190351641964545,,,,0.006283583690735249,0.0,0.0,0.0,0.0,0.0,0.0,0.0,0.3220988053349809,0.0016600378095054556,0.0,0.0,4,329.0
D:\cyh\dictionary_learn\outputs\journal\apic_v3_2_screening_cn_ad\r4,43,nacc_to_adni,D:\cyh\dictionary_learn\outputs\journal\apic_v3_2_screening_cn_ad\r4\seed43\nacc_to_adni\apic_v3_2_x\journal_metrics.json,apic_v3_2_x,43,joint,0.04466148124710694,0.653820471173216,0.8095611740773031,,,,0.04466148124710694,0.0,0.0,0.0,0.0,0.0,0.0,0.0,0.3259277569348586,0.00035798790304359383,0.0,0.0,4,329.0
D:\cyh\dictionary_learn\outputs\journal\apic_v3_2_screening_cn_ad\r4,43,nacc_to_adni,D:\cyh\dictionary_learn\outputs\journal\apic_v3_2_screening_cn_ad\r4\seed43\nacc_to_adni\apic_v3_2_x\journal_metrics.json,apic_v3_2_x,44,joint,0.010495348965606714,0.45904159229756475,0.783405986631793,,,,0.010495348965606714,0.0,0.0,0.0,0.0,0.0,0.0,0.0,0.32681685020137763,0.0006799989530818428,0.0,0.0,4,329.0
D:\cyh\dictionary_learn\outputs\journal\apic_v3_2_screening_cn_ad\r4,43,nacc_to_adni,D:\cyh\dictionary_learn\outputs\journal\apic_v3_2_screening_cn_ad\r4\seed43\nacc_to_adni\apic_v3_2_x\journal_metrics.json,apic_v3_2_x,45,joint,0.00961576410196998,0.697408701350705,0.7949142691078176,,,,0.00961576410196998,0.0,0.0,0.0,0.0,0.0,0.0,0.0,0.3341035810429291,0.0014008058501116807,0.0,0.0,4,329.0
D:\cyh\dictionary_learn\outputs\journal\apic_v3_2_screening_cn_ad\r4,43,nacc_to_adni,D:\cyh\dictionary_learn\outputs\journal\apic_v3_2_screening_cn_ad\r4\seed43\nacc_to_adni\apic_v3_2_x\journal_metrics.json,apic_v3_2_x,46,joint,0.08554924610617191,0.42324059138977466,0.7969195001453065,,,,0.08554924610617191,0.0,0.0,0.0,0.0,0.0,0.0,0.0,0.32657989701412243,0.00034556675500691273,0.0,0.0,4,329.0
D:\cyh\dictionary_learn\outputs\journal\apic_v3_2_screening_cn_ad\r4,43,nacc_to_adni,D:\cyh\dictionary_learn\outputs\journal\apic_v3_2_screening_cn_ad\r4\seed43\nacc_to_adni\apic_v3_2_x\journal_metrics.json,apic_v3_2_x,47,joint,0.008823148826479927,0.46204147052528327,0.8072072072072073,,,,0.008823148826479927,0.0,0.0,0.0,0.0,0.0,0.0,0.0,0.32034163177013397,0.001402973321544328,0.0,0.0,4,329.0
D:\cyh\dictionary_learn\outputs\journal\apic_v3_2_screening_cn_ad\r4,43,nacc_to_adni,D:\cyh\dictionary_learn\outputs\journal\apic_v3_2_screening_cn_ad\r4\seed43\nacc_to_adni\apic_v3_2_x\journal_metrics.json,apic_v3_2_x,48,joint,0.001697445180868358,0.4822112956435714,0.7978494623655914,,,,0.001697445180868358,0.0,0.0,0.0,0.0,0.0,0.0,0.0,0.3442153115678766,0.0013529405659654025,0.0,0.0,4,329.0
D:\cyh\dictionary_learn\outputs\journal\apic_v3_2_screening_cn_ad\r4,43,nacc_to_adni,D:\cyh\dictionary_learn\outputs\journal\apic_v3_2_screening_cn_ad\r4\seed43\nacc_to_adni\apic_v3_2_x\journal_metrics.json,apic_v3_2_x,49,joint,0.000693724421560231,0.4764773057227794,0.8025573961057834,,,,0.000693724421560231,0.0,0.0,0.0,0.0,0.0,0.0,0.0,0.32948465420547146,0.0010186647057860156,0.0,0.0,4,329.0
D:\cyh\dictionary_learn\outputs\journal\apic_v3_2_screening_cn_ad\r4,43,nacc_to_adni,D:\cyh\dictionary_learn\outputs\journal\apic_v3_2_screening_cn_ad\r4\seed43\nacc_to_adni\apic_v3_2_x\journal_metrics.json,apic_v3_2_x,50,joint,0.0006058158829729216,0.4952572310649411,0.8036326649229876,,,,0.0006058158829729216,0.0,0.0,0.0,0.0,0.0,0.0,0.0,0.3195048777917244,0.002009593128894267,0.0,0.0,4,329.0
D:\cyh\dictionary_learn\outputs\journal\apic_v3_2_screening_cn_ad\r4,43,nacc_to_adni,D:\cyh\dictionary_learn\outputs\journal\apic_v3_2_screening_cn_ad\r4\seed43\nacc_to_adni\ce_x\journal_metrics.json,ce_x,1,clean,0.5111949593244984,0.8682984040931097,0.5,,,,0.5111949593244984,0.0,0.0,0.0,0.0,0.0,0.0,0.0,0.0,0.0,0.0,0.0,,
D:\cyh\dictionary_learn\outputs\journal\apic_v3_2_screening_cn_ad\r4,43,nacc_to_adni,D:\cyh\dictionary_learn\outputs\journal\apic_v3_2_screening_cn_ad\r4\seed43\nacc_to_adni\ce_x\journal_metrics.json,ce_x,2,clean,0.3729940609975234,2.3744950503457245,0.5258064516129033,,,,0.3729940609975234,0.0,0.0,0.0,0.0,0.0,0.0,0.0,0.0,0.0,0.0,0.0,,
D:\cyh\dictionary_learn\outputs\journal\apic_v3_2_screening_cn_ad\r4,43,nacc_to_adni,D:\cyh\dictionary_learn\outputs\journal\apic_v3_2_screening_cn_ad\r4\seed43\nacc_to_adni\ce_x\journal_metrics.json,ce_x,3,clean,0.39287934092773574,0.3496110547223182,0.6038070328392909,,,,0.39287934092773574,0.0,0.0,0.0,0.0,0.0,0.0,0.0,0.0,0.0,0.0,0.0,,
D:\cyh\dictionary_learn\outputs\journal\apic_v3_2_screening_cn_ad\r4,43,nacc_to_adni,D:\cyh\dictionary_learn\outputs\journal\apic_v3_2_screening_cn_ad\r4\seed43\nacc_to_adni\ce_x\journal_metrics.json,ce_x,4,clean,0.272830478706548,5.166478113030106,0.6059575704736995,,,,0.272830478706548,0.0,0.0,0.0,0.0,0.0,0.0,0.0,0.0,0.0,0.0,0.0,,
D:\cyh\dictionary_learn\outputs\journal\apic_v3_2_screening_cn_ad\r4,43,nacc_to_adni,D:\cyh\dictionary_learn\outputs\journal\apic_v3_2_screening_cn_ad\r4\seed43\nacc_to_adni\ce_x\journal_metrics.json,ce_x,5,clean,0.22836644916831614,0.3492014103398314,0.6963963963963965,,,,0.22836644916831614,0.0,0.0,0.0,0.0,0.0,0.0,0.0,0.0,0.0,0.0,0.0,,
D:\cyh\dictionary_learn\outputs\journal\apic_v3_2_screening_cn_ad\r4,43,nacc_to_adni,D:\cyh\dictionary_learn\outputs\journal\apic_v3_2_screening_cn_ad\r4\seed43\nacc_to_adni\ce_x\journal_metrics.json,ce_x,6,clean,0.17121381070152675,0.3912671247042189,0.697936646323743,,,,0.17121381070152675,0.0,0.0,0.0,0.0,0.0,0.0,0.0,0.0,0.0,0.0,0.0,,
D:\cyh\dictionary_learn\outputs\journal\apic_v3_2_screening_cn_ad\r4,43,nacc_to_adni,D:\cyh\dictionary_learn\outputs\journal\apic_v3_2_screening_cn_ad\r4\seed43\nacc_to_adni\ce_x\journal_metrics.json,ce_x,7,clean,0.14376006008375583,0.40175607431659965,0.7967741935483872,,,,0.14376006008375583,0.0,0.0,0.0,0.0,0.0,0.0,0.0,0.0,0.0,0.0,0.0,,
D:\cyh\dictionary_learn\outputs\journal\apic_v3_2_screening_cn_ad\r4,43,nacc_to_adni,D:\cyh\dictionary_learn\outputs\journal\apic_v3_2_screening_cn_ad\r4\seed43\nacc_to_adni\ce_x\journal_metrics.json,ce_x,8,clean,0.1015826469370523,0.3749165722955683,0.7944202266782913,,,,0.1015826469370523,0.0,0.0,0.0,0.0,0.0,0.0,0.0,0.0,0.0,0.0,0.0,,
D:\cyh\dictionary_learn\outputs\journal\apic_v3_2_screening_cn_ad\r4,43,nacc_to_adni,D:\cyh\dictionary_learn\outputs\journal\apic_v3_2_screening_cn_ad\r4\seed43\nacc_to_adni\ce_x\journal_metrics.json,ce_x,9,clean,0.08617051371097481,0.4589901690815514,0.7727695437372857,,,,0.08617051371097481,0.0,0.0,0.0,0.0,0.0,0.0,0.0,0.0,0.0,0.0,0.0,,
D:\cyh\dictionary_learn\outputs\journal\apic_v3_2_screening_cn_ad\r4,43,nacc_to_adni,D:\cyh\dictionary_learn\outputs\journal\apic_v3_2_screening_cn_ad\r4\seed43\nacc_to_adni\ce_x\journal_metrics.json,ce_x,10,clean,0.1707995533390366,0.4516431715399475,0.7562336530078465,,,,0.1707995533390366,0.0,0.0,0.0,0.0,0.0,0.0,0.0,0.0,0.0,0.0,0.0,,
D:\cyh\dictionary_learn\outputs\journal\apic_v3_2_screening_cn_ad\r4,43,nacc_to_adni,D:\cyh\dictionary_learn\outputs\journal\apic_v3_2_screening_cn_ad\r4\seed43\nacc_to_adni\ce_x\journal_metrics.json,ce_x,11,clean,0.14334509887488028,0.42787444167900957,0.7472246439988375,,,,0.14334509887488028,0.0,0.0,0.0,0.0,0.0,0.0,0.0,0.0,0.0,0.0,0.0,,
D:\cyh\dictionary_learn\outputs\journal\apic_v3_2_screening_cn_ad\r4,43,nacc_to_adni,D:\cyh\dictionary_learn\outputs\journal\apic_v3_2_screening_cn_ad\r4\seed43\nacc_to_adni\ce_x\journal_metrics.json,ce_x,12,clean,0.076434845964596,0.3879360240937461,0.7748619587329264,,,,0.076434845964596,0.0,0.0,0.0,0.0,0.0,0.0,0.0,0.0,0.0,0.0,0.0,,
D:\cyh\dictionary_learn\outputs\journal\apic_v3_2_screening_cn_ad\r4,43,nacc_to_adni,D:\cyh\dictionary_learn\outputs\journal\apic_v3_2_screening_cn_ad\r4\seed43\nacc_to_adni\ce_x\journal_metrics.json,ce_x,13,clean,0.07492732528731091,0.44172039564026083,0.7930834059866317,,,,0.07492732528731091,0.0,0.0,0.0,0.0,0.0,0.0,0.0,0.0,0.0,0.0,0.0,,
D:\cyh\dictionary_learn\outputs\journal\apic_v3_2_screening_cn_ad\r4,43,nacc_to_adni,D:\cyh\dictionary_learn\outputs\journal\apic_v3_2_screening_cn_ad\r4\seed43\nacc_to_adni\ce_x\journal_metrics.json,ce_x,14,clean,0.019567223261702318,0.8005679161934026,0.7841615809357744,,,,0.019567223261702318,0.0,0.0,0.0,0.0,0.0,0.0,0.0,0.0,0.0,0.0,0.0,,
D:\cyh\dictionary_learn\outputs\journal\apic_v3_2_screening_cn_ad\r4,43,nacc_to_adni,D:\cyh\dictionary_learn\outputs\journal\apic_v3_2_screening_cn_ad\r4\seed43\nacc_to_adni\ce_x\journal_metrics.json,ce_x,15,clean,0.005789996596806365,0.32855378921781686,0.7916884626562046,,,,0.005789996596806365,0.0,0.0,0.0,0.0,0.0,0.0,0.0,0.0,0.0,0.0,0.0,,
D:\cyh\dictionary_learn\outputs\journal\apic_v3_2_screening_cn_ad\r4,43,nacc_to_adni,D:\cyh\dictionary_learn\outputs\journal\apic_v3_2_screening_cn_ad\r4\seed43\nacc_to_adni\ce_x\journal_metrics.json,ce_x,16,clean,0.13461079023903308,0.48907192378706965,0.74649811101424,,,,0.13461079023903308,0.0,0.0,0.0,0.0,0.0,0.0,0.0,0.0,0.0,0.0,0.0,,
D:\cyh\dictionary_learn\outputs\journal\apic_v3_2_screening_cn_ad\r4,43,nacc_to_adni,D:\cyh\dictionary_learn\outputs\journal\apic_v3_2_screening_cn_ad\r4\seed43\nacc_to_adni\ce_x\journal_metrics.json,ce_x,17,clean,0.08801851274937329,0.5255408563606527,0.7654460912525428,,,,0.08801851274937329,0.0,0.0,0.0,0.0,0.0,0.0,0.0,0.0,0.0,0.0,0.0,,
D:\cyh\dictionary_learn\outputs\journal\apic_v3_2_screening_cn_ad\r4,43,nacc_to_adni,D:\cyh\dictionary_learn\outputs\journal\apic_v3_2_screening_cn_ad\r4\seed43\nacc_to_adni\ce_x\journal_metrics.json,ce_x,18,clean,0.01822923331709407,0.4132580961639755,0.7660563789596049,,,,0.01822923331709407,0.0,0.0,0.0,0.0,0.0,0.0,0.0,0.0,0.0,0.0,0.0,,
D:\cyh\dictionary_learn\outputs\journal\apic_v3_2_screening_cn_ad\r4,43,nacc_to_adni,D:\cyh\dictionary_learn\outputs\journal\apic_v3_2_screening_cn_ad\r4\seed43\nacc_to_adni\ce_x\journal_metrics.json,ce_x,19,clean,0.006503521891160577,0.4546146444441499,0.814269107817495,,,,0.006503521891160577,0.0,0.0,0.0,0.0,0.0,0.0,0.0,0.0,0.0,0.0,0.0,,
D:\cyh\dictionary_learn\outputs\journal\apic_v3_2_screening_cn_ad\r4,43,nacc_to_adni,D:\cyh\dictionary_learn\outputs\journal\apic_v3_2_screening_cn_ad\r4\seed43\nacc_to_adni\ce_x\journal_metrics.json,ce_x,20,clean,0.003594757726220232,0.4999965134093506,0.8039814007555943,,,,0.003594757726220232,0.0,0.0,0.0,0.0,0.0,0.0,0.0,0.0,0.0,0.0,0.0,,
D:\cyh\dictionary_learn\outputs\journal\apic_v3_2_screening_cn_ad\r4,43,nacc_to_adni,D:\cyh\dictionary_learn\outputs\journal\apic_v3_2_screening_cn_ad\r4\seed43\nacc_to_adni\ce_x\journal_metrics.json,ce_x,21,clean,0.002642958388971451,0.5385024671635347,0.7966579482708515,,,,0.002642958388971451,0.0,0.0,0.0,0.0,0.0,0.0,0.0,0.0,0.0,0.0,0.0,,
D:\cyh\dictionary_learn\outputs\journal\apic_v3_2_screening_cn_ad\r4,43,nacc_to_adni,D:\cyh\dictionary_learn\outputs\journal\apic_v3_2_screening_cn_ad\r4\seed43\nacc_to_adni\ce_x\journal_metrics.json,ce_x,22,clean,0.1733515747213429,0.43447553082512863,0.7835512932287125,,,,0.1733515747213429,0.0,0.0,0.0,0.0,0.0,0.0,0.0,0.0,0.0,0.0,0.0,,
D:\cyh\dictionary_learn\outputs\journal\apic_v3_2_screening_cn_ad\r4,43,nacc_to_adni,D:\cyh\dictionary_learn\outputs\journal\apic_v3_2_screening_cn_ad\r4\seed43\nacc_to_adni\ce_x\journal_metrics.json,ce_x,23,clean,0.192063182054215,0.3448181924384394,0.7702993315896541,,,,0.192063182054215,0.0,0.0,0.0,0.0,0.0,0.0,0.0,0.0,0.0,0.0,0.0,,
D:\cyh\dictionary_learn\outputs\journal\apic_v3_2_screening_cn_ad\r4,43,nacc_to_adni,D:\cyh\dictionary_learn\outputs\journal\apic_v3_2_screening_cn_ad\r4\seed43\nacc_to_adni\ce_x\journal_metrics.json,ce_x,24,clean,0.05942572841403535,0.316250091530007,0.7829991281604185,,,,0.05942572841403535,0.0,0.0,0.0,0.0,0.0,0.0,0.0,0.0,0.0,0.0,0.0,,
D:\cyh\dictionary_learn\outputs\journal\apic_v3_2_screening_cn_ad\r4,43,nacc_to_adni,D:\cyh\dictionary_learn\outputs\journal\apic_v3_2_screening_cn_ad\r4\seed43\nacc_to_adni\ce_x\journal_metrics.json,ce_x,25,clean,0.01593382159093858,0.7098064988453837,0.7760825341470503,,,,0.01593382159093858,0.0,0.0,0.0,0.0,0.0,0.0,0.0,0.0,0.0,0.0,0.0,,
D:\cyh\dictionary_learn\outputs\journal\apic_v3_2_screening_cn_ad\r4,43,nacc_to_adni,D:\cyh\dictionary_learn\outputs\journal\apic_v3_2_screening_cn_ad\r4\seed43\nacc_to_adni\ce_x\journal_metrics.json,ce_x,26,clean,0.04321638185310753,0.4148883928080923,0.7441441441441441,,,,0.04321638185310753,0.0,0.0,0.0,0.0,0.0,0.0,0.0,0.0,0.0,0.0,0.0,,
D:\cyh\dictionary_learn\outputs\journal\apic_v3_2_screening_cn_ad\r4,43,nacc_to_adni,D:\cyh\dictionary_learn\outputs\journal\apic_v3_2_screening_cn_ad\r4\seed43\nacc_to_adni\ce_x\journal_metrics.json,ce_x,27,clean,0.04780473546420911,0.35963406495635264,0.7362104039523395,,,,0.04780473546420911,0.0,0.0,0.0,0.0,0.0,0.0,0.0,0.0,0.0,0.0,0.0,,
D:\cyh\dictionary_learn\outputs\journal\apic_v3_2_screening_cn_ad\r4,43,nacc_to_adni,D:\cyh\dictionary_learn\outputs\journal\apic_v3_2_screening_cn_ad\r4\seed43\nacc_to_adni\ce_x\journal_metrics.json,ce_x,28,clean,0.024058136052982727,0.4292860693024987,0.7249636733507702,,,,0.024058136052982727,0.0,0.0,0.0,0.0,0.0,0.0,0.0,0.0,0.0,0.0,0.0,,
D:\cyh\dictionary_learn\outputs\journal\apic_v3_2_screening_cn_ad\r4,43,nacc_to_adni,D:\cyh\dictionary_learn\outputs\journal\apic_v3_2_screening_cn_ad\r4\seed43\nacc_to_adni\ce_x\journal_metrics.json,ce_x,29,clean,0.00746355057454521,0.3484106574731935,0.7929380993897123,,,,0.00746355057454521,0.0,0.0,0.0,0.0,0.0,0.0,0.0,0.0,0.0,0.0,0.0,,
D:\cyh\dictionary_learn\outputs\journal\apic_v3_2_screening_cn_ad\r4,43,nacc_to_adni,D:\cyh\dictionary_learn\outputs\journal\apic_v3_2_screening_cn_ad\r4\seed43\nacc_to_adni\ce_x\journal_metrics.json,ce_x,30,clean,0.0028031936098713173,0.39052620829948415,0.8109561174077303,,,,0.0028031936098713173,0.0,0.0,0.0,0.0,0.0,0.0,0.0,0.0,0.0,0.0,0.0,,
D:\cyh\dictionary_learn\outputs\journal\apic_v3_2_screening_cn_ad\r4,43,nacc_to_adni,D:\cyh\dictionary_learn\outputs\journal\apic_v3_2_screening_cn_ad\r4\seed43\nacc_to_adni\ce_x\journal_metrics.json,ce_x,31,clean,0.0028045864906825397,0.48005629734301297,0.8548677709968032,,,,0.0028045864906825397,0.0,0.0,0.0,0.0,0.0,0.0,0.0,0.0,0.0,0.0,0.0,,
D:\cyh\dictionary_learn\outputs\journal\apic_v3_2_screening_cn_ad\r4,43,nacc_to_adni,D:\cyh\dictionary_learn\outputs\journal\apic_v3_2_screening_cn_ad\r4\seed43\nacc_to_adni\ce_x\journal_metrics.json,ce_x,32,clean,0.09474362318608315,0.7882336901849015,0.7845393780877652,,,,0.09474362318608315,0.0,0.0,0.0,0.0,0.0,0.0,0.0,0.0,0.0,0.0,0.0,,
D:\cyh\dictionary_learn\outputs\journal\apic_v3_2_screening_cn_ad\r4,43,nacc_to_adni,D:\cyh\dictionary_learn\outputs\journal\apic_v3_2_screening_cn_ad\r4\seed43\nacc_to_adni\ce_x\journal_metrics.json,ce_x,33,clean,0.03168870413083422,0.4479051283069326,0.7585876198779425,,,,0.03168870413083422,0.0,0.0,0.0,0.0,0.0,0.0,0.0,0.0,0.0,0.0,0.0,,
D:\cyh\dictionary_learn\outputs\journal\apic_v3_2_screening_cn_ad\r4,43,nacc_to_adni,D:\cyh\dictionary_learn\outputs\journal\apic_v3_2_screening_cn_ad\r4\seed43\nacc_to_adni\ce_x\journal_metrics.json,ce_x,34,clean,0.09257959166198465,0.5588985198141947,0.7353966870095903,,,,0.09257959166198465,0.0,0.0,0.0,0.0,0.0,0.0,0.0,0.0,0.0,0.0,0.0,,
D:\cyh\dictionary_learn\outputs\journal\apic_v3_2_screening_cn_ad\r4,43,nacc_to_adni,D:\cyh\dictionary_learn\outputs\journal\apic_v3_2_screening_cn_ad\r4\seed43\nacc_to_adni\ce_x\journal_metrics.json,ce_x,35,clean,0.03448983528611462,0.47243491242915736,0.7877070619006102,,,,0.03448983528611462,0.0,0.0,0.0,0.0,0.0,0.0,0.0,0.0,0.0,0.0,0.0,,
D:\cyh\dictionary_learn\outputs\journal\apic_v3_2_screening_cn_ad\r4,43,nacc_to_adni,D:\cyh\dictionary_learn\outputs\journal\apic_v3_2_screening_cn_ad\r4\seed43\nacc_to_adni\ce_x\journal_metrics.json,ce_x,36,clean,0.00370800299391927,0.44802071528109316,0.7990700377797152,,,,0.00370800299391927,0.0,0.0,0.0,0.0,0.0,0.0,0.0,0.0,0.0,0.0,0.0,,
D:\cyh\dictionary_learn\outputs\journal\apic_v3_2_screening_cn_ad\r4,43,nacc_to_adni,D:\cyh\dictionary_learn\outputs\journal\apic_v3_2_screening_cn_ad\r4\seed43\nacc_to_adni\ce_x\journal_metrics.json,ce_x,37,clean,0.02053128200027179,0.5602212914476984,0.8035745422842199,,,,0.02053128200027179,0.0,0.0,0.0,0.0,0.0,0.0,0.0,0.0,0.0,0.0,0.0,,
D:\cyh\dictionary_learn\outputs\journal\apic_v3_2_screening_cn_ad\r4,43,nacc_to_adni,D:\cyh\dictionary_learn\outputs\journal\apic_v3_2_screening_cn_ad\r4\seed43\nacc_to_adni\ce_x\journal_metrics.json,ce_x,38,clean,0.0916209354105356,0.49835786457733855,0.8046498111014241,,,,0.0916209354105356,0.0,0.0,0.0,0.0,0.0,0.0,0.0,0.0,0.0,0.0,0.0,,
D:\cyh\dictionary_learn\outputs\journal\apic_v3_2_screening_cn_ad\r4,43,nacc_to_adni,D:\cyh\dictionary_learn\outputs\journal\apic_v3_2_screening_cn_ad\r4\seed43\nacc_to_adni\ce_x\journal_metrics.json,ce_x,39,clean,0.0288491387926816,0.49685155943014786,0.8100261551874456,,,,0.0288491387926816,0.0,0.0,0.0,0.0,0.0,0.0,0.0,0.0,0.0,0.0,0.0,,
D:\cyh\dictionary_learn\outputs\journal\apic_v3_2_screening_cn_ad\r4,43,nacc_to_adni,D:\cyh\dictionary_learn\outputs\journal\apic_v3_2_screening_cn_ad\r4\seed43\nacc_to_adni\ce_x\journal_metrics.json,ce_x,40,clean,0.0539136024223437,0.33850532609783696,0.8120313862249345,,,,0.0539136024223437,0.0,0.0,0.0,0.0,0.0,0.0,0.0,0.0,0.0,0.0,0.0,,
D:\cyh\dictionary_learn\outputs\journal\apic_v3_2_screening_cn_ad\r4,43,nacc_to_adni,D:\cyh\dictionary_learn\outputs\journal\apic_v3_2_screening_cn_ad\r4\seed43\nacc_to_adni\ce_x\journal_metrics.json,ce_x,41,clean,0.030907906105053447,0.46453360197776844,0.8053763440860214,,,,0.030907906105053447,0.0,0.0,0.0,0.0,0.0,0.0,0.0,0.0,0.0,0.0,0.0,,
D:\cyh\dictionary_learn\outputs\journal\apic_v3_2_screening_cn_ad\r4,43,nacc_to_adni,D:\cyh\dictionary_learn\outputs\journal\apic_v3_2_screening_cn_ad\r4\seed43\nacc_to_adni\ce_x\journal_metrics.json,ce_x,42,clean,0.009921366348740704,0.48962932052286645,0.8014821272885788,,,,0.009921366348740704,0.0,0.0,0.0,0.0,0.0,0.0,0.0,0.0,0.0,0.0,0.0,,
D:\cyh\dictionary_learn\outputs\journal\apic_v3_2_screening_cn_ad\r4,43,nacc_to_adni,D:\cyh\dictionary_learn\outputs\journal\apic_v3_2_screening_cn_ad\r4\seed43\nacc_to_adni\ce_x\journal_metrics.json,ce_x,43,clean,0.03156633378759641,1.0072645883017781,0.7863121185701831,,,,0.03156633378759641,0.0,0.0,0.0,0.0,0.0,0.0,0.0,0.0,0.0,0.0,0.0,,
D:\cyh\dictionary_learn\outputs\journal\apic_v3_2_screening_cn_ad\r4,43,nacc_to_adni,D:\cyh\dictionary_learn\outputs\journal\apic_v3_2_screening_cn_ad\r4\seed43\nacc_to_adni\ce_x\journal_metrics.json,ce_x,44,clean,0.005813955820506041,0.4314650863029443,0.7938390002906132,,,,0.005813955820506041,0.0,0.0,0.0,0.0,0.0,0.0,0.0,0.0,0.0,0.0,0.0,,
D:\cyh\dictionary_learn\outputs\journal\apic_v3_2_screening_cn_ad\r4,43,nacc_to_adni,D:\cyh\dictionary_learn\outputs\journal\apic_v3_2_screening_cn_ad\r4\seed43\nacc_to_adni\ce_x\journal_metrics.json,ce_x,45,clean,0.0015925465559730938,0.45636165072830953,0.7945074106364429,,,,0.0015925465559730938,0.0,0.0,0.0,0.0,0.0,0.0,0.0,0.0,0.0,0.0,0.0,,
D:\cyh\dictionary_learn\outputs\journal\apic_v3_2_screening_cn_ad\r4,43,nacc_to_adni,D:\cyh\dictionary_learn\outputs\journal\apic_v3_2_screening_cn_ad\r4\seed43\nacc_to_adni\ce_x\journal_metrics.json,ce_x,46,clean,0.03485227101776741,0.4007141872978793,0.8156640511479222,,,,0.03485227101776741,0.0,0.0,0.0,0.0,0.0,0.0,0.0,0.0,0.0,0.0,0.0,,
D:\cyh\dictionary_learn\outputs\journal\apic_v3_2_screening_cn_ad\r4,43,nacc_to_adni,D:\cyh\dictionary_learn\outputs\journal\apic_v3_2_screening_cn_ad\r4\seed43\nacc_to_adni\ce_x\journal_metrics.json,ce_x,47,clean,0.004846678879565635,0.40853178873575646,0.819500145306597,,,,0.004846678879565635,0.0,0.0,0.0,0.0,0.0,0.0,0.0,0.0,0.0,0.0,0.0,,
D:\cyh\dictionary_learn\outputs\journal\apic_v3_2_screening_cn_ad\r4,43,nacc_to_adni,D:\cyh\dictionary_learn\outputs\journal\apic_v3_2_screening_cn_ad\r4\seed43\nacc_to_adni\ce_x\journal_metrics.json,ce_x,48,clean,0.0009236737119690639,0.4264276952781014,0.8261551874455101,,,,0.0009236737119690639,0.0,0.0,0.0,0.0,0.0,0.0,0.0,0.0,0.0,0.0,0.0,,
D:\cyh\dictionary_learn\outputs\journal\apic_v3_2_screening_cn_ad\r4,43,nacc_to_adni,D:\cyh\dictionary_learn\outputs\journal\apic_v3_2_screening_cn_ad\r4\seed43\nacc_to_adni\ce_x\journal_metrics.json,ce_x,49,clean,0.0007220380825018048,0.4442502909011641,0.8272304562627143,,,,0.0007220380825018048,0.0,0.0,0.0,0.0,0.0,0.0,0.0,0.0,0.0,0.0,0.0,,
D:\cyh\dictionary_learn\outputs\journal\apic_v3_2_screening_cn_ad\r4,43,nacc_to_adni,D:\cyh\dictionary_learn\outputs\journal\apic_v3_2_screening_cn_ad\r4\seed43\nacc_to_adni\ce_x\journal_metrics.json,ce_x,50,clean,0.0006016055285625288,0.4239107693140631,0.8304562627143272,,,,0.0006016055285625288,0.0,0.0,0.0,0.0,0.0,0.0,0.0,0.0,0.0,0.0,0.0,,
D:\cyh\dictionary_learn\outputs\journal\apic_v3_2_screening_cn_ad\r4,43,nacc_to_adni,D:\cyh\dictionary_learn\outputs\journal\apic_v3_2_screening_cn_ad\r4\seed43\nacc_to_adni\mixstyle_x\journal_metrics.json,mixstyle_x,1,mixstyle,0.509832335875354,0.35471111723111065,0.5675675675675675,,,,0.509832335875354,0.0,0.0,0.0,0.0,0.0,0.0,0.0,0.0,0.0,0.0,0.0,,
D:\cyh\dictionary_learn\outputs\journal\apic_v3_2_screening_cn_ad\r4,43,nacc_to_adni,D:\cyh\dictionary_learn\outputs\journal\apic_v3_2_screening_cn_ad\r4\seed43\nacc_to_adni\mixstyle_x\journal_metrics.json,mixstyle_x,2,mixstyle,0.30872814530798093,4.008433996252552,0.5353966870095902,,,,0.30872814530798093,0.0,0.0,0.0,0.0,0.0,0.0,0.0,0.0,0.0,0.0,0.0,,
D:\cyh\dictionary_learn\outputs\journal\apic_v3_2_screening_cn_ad\r4,43,nacc_to_adni,D:\cyh\dictionary_learn\outputs\journal\apic_v3_2_screening_cn_ad\r4\seed43\nacc_to_adni\mixstyle_x\journal_metrics.json,mixstyle_x,3,mixstyle,0.3423091499759249,0.43953240526268783,0.5675675675675675,,,,0.3423091499759249,0.0,0.0,0.0,0.0,0.0,0.0,0.0,0.0,0.0,0.0,0.0,,
D:\cyh\dictionary_learn\outputs\journal\apic_v3_2_screening_cn_ad\r4,43,nacc_to_adni,D:\cyh\dictionary_learn\outputs\journal\apic_v3_2_screening_cn_ad\r4\seed43\nacc_to_adni\mixstyle_x\journal_metrics.json,mixstyle_x,4,mixstyle,0.3018684104246259,1.7240908270504833,0.5687009590235396,,,,0.3018684104246259,0.0,0.0,0.0,0.0,0.0,0.0,0.0,0.0,0.0,0.0,0.0,,
D:\cyh\dictionary_learn\outputs\journal\apic_v3_2_screening_cn_ad\r4,43,nacc_to_adni,D:\cyh\dictionary_learn\outputs\journal\apic_v3_2_screening_cn_ad\r4\seed43\nacc_to_adni\mixstyle_x\journal_metrics.json,mixstyle_x,5,mixstyle,0.1558072699478427,0.3578505481227013,0.6534147050276083,,,,0.1558072699478427,0.0,0.0,0.0,0.0,0.0,0.0,0.0,0.0,0.0,0.0,0.0,,
D:\cyh\dictionary_learn\outputs\journal\apic_v3_2_screening_cn_ad\r4,43,nacc_to_adni,D:\cyh\dictionary_learn\outputs\journal\apic_v3_2_screening_cn_ad\r4\seed43\nacc_to_adni\mixstyle_x\journal_metrics.json,mixstyle_x,6,mixstyle,0.15643752626190222,0.3665570443807532,0.7070037779715199,,,,0.15643752626190222,0.0,0.0,0.0,0.0,0.0,0.0,0.0,0.0,0.0,0.0,0.0,,
D:\cyh\dictionary_learn\outputs\journal\apic_v3_2_screening_cn_ad\r4,43,nacc_to_adni,D:\cyh\dictionary_learn\outputs\journal\apic_v3_2_screening_cn_ad\r4\seed43\nacc_to_adni\mixstyle_x\journal_metrics.json,mixstyle_x,7,mixstyle,0.21209416791566454,1.0160647154214386,0.7655332752106947,,,,0.21209416791566454,0.0,0.0,0.0,0.0,0.0,0.0,0.0,0.0,0.0,0.0,0.0,,
D:\cyh\dictionary_learn\outputs\journal\apic_v3_2_screening_cn_ad\r4,43,nacc_to_adni,D:\cyh\dictionary_learn\outputs\journal\apic_v3_2_screening_cn_ad\r4\seed43\nacc_to_adni\mixstyle_x\journal_metrics.json,mixstyle_x,8,mixstyle,0.14712247191785247,0.4267226444590772,0.7800639349026445,,,,0.14712247191785247,0.0,0.0,0.0,0.0,0.0,0.0,0.0,0.0,0.0,0.0,0.0,,
D:\cyh\dictionary_learn\outputs\journal\apic_v3_2_screening_cn_ad\r4,43,nacc_to_adni,D:\cyh\dictionary_learn\outputs\journal\apic_v3_2_screening_cn_ad\r4\seed43\nacc_to_adni\mixstyle_x\journal_metrics.json,mixstyle_x,9,mixstyle,0.09820288596232551,0.33766233028473724,0.7751525719267655,,,,0.09820288596232551,0.0,0.0,0.0,0.0,0.0,0.0,0.0,0.0,0.0,0.0,0.0,,
D:\cyh\dictionary_learn\outputs\journal\apic_v3_2_screening_cn_ad\r4,43,nacc_to_adni,D:\cyh\dictionary_learn\outputs\journal\apic_v3_2_screening_cn_ad\r4\seed43\nacc_to_adni\mixstyle_x\journal_metrics.json,mixstyle_x,10,mixstyle,0.13386273602600596,0.489181467803596,0.7772159256030223,,,,0.13386273602600596,0.0,0.0,0.0,0.0,0.0,0.0,0.0,0.0,0.0,0.0,0.0,,
D:\cyh\dictionary_learn\outputs\journal\apic_v3_2_screening_cn_ad\r4,43,nacc_to_adni,D:\cyh\dictionary_learn\outputs\journal\apic_v3_2_screening_cn_ad\r4\seed43\nacc_to_adni\mixstyle_x\journal_metrics.json,mixstyle_x,11,mixstyle,0.06735099477604989,0.4236978011675709,0.76974716652136,,,,0.06735099477604989,0.0,0.0,0.0,0.0,0.0,0.0,0.0,0.0,0.0,0.0,0.0,,
D:\cyh\dictionary_learn\outputs\journal\apic_v3_2_screening_cn_ad\r4,43,nacc_to_adni,D:\cyh\dictionary_learn\outputs\journal\apic_v3_2_screening_cn_ad\r4\seed43\nacc_to_adni\mixstyle_x\journal_metrics.json,mixstyle_x,12,mixstyle,0.053274332779178694,0.7121337447284684,0.7664051147922115,,,,0.053274332779178694,0.0,0.0,0.0,0.0,0.0,0.0,0.0,0.0,0.0,0.0,0.0,,
D:\cyh\dictionary_learn\outputs\journal\apic_v3_2_screening_cn_ad\r4,43,nacc_to_adni,D:\cyh\dictionary_learn\outputs\journal\apic_v3_2_screening_cn_ad\r4\seed43\nacc_to_adni\mixstyle_x\journal_metrics.json,mixstyle_x,13,mixstyle,0.14350303005285342,0.3681389018573356,0.7880557977332171,,,,0.14350303005285342,0.0,0.0,0.0,0.0,0.0,0.0,0.0,0.0,0.0,0.0,0.0,,
D:\cyh\dictionary_learn\outputs\journal\apic_v3_2_screening_cn_ad\r4,43,nacc_to_adni,D:\cyh\dictionary_learn\outputs\journal\apic_v3_2_screening_cn_ad\r4\seed43\nacc_to_adni\mixstyle_x\journal_metrics.json,mixstyle_x,14,mixstyle,0.10999713629821066,2.349776048923018,0.7048823016564952,,,,0.10999713629821066,0.0,0.0,0.0,0.0,0.0,0.0,0.0,0.0,0.0,0.0,0.0,,
D:\cyh\dictionary_learn\outputs\journal\apic_v3_2_screening_cn_ad\r4,43,nacc_to_adni,D:\cyh\dictionary_learn\outputs\journal\apic_v3_2_screening_cn_ad\r4\seed43\nacc_to_adni\mixstyle_x\journal_metrics.json,mixstyle_x,15,mixstyle,0.08705749294386303,0.36554539278034054,0.7138041267073524,,,,0.08705749294386303,0.0,0.0,0.0,0.0,0.0,0.0,0.0,0.0,0.0,0.0,0.0,,
D:\cyh\dictionary_learn\outputs\journal\apic_v3_2_screening_cn_ad\r4,43,nacc_to_adni,D:\cyh\dictionary_learn\outputs\journal\apic_v3_2_screening_cn_ad\r4\seed43\nacc_to_adni\mixstyle_x\journal_metrics.json,mixstyle_x,16,mixstyle,0.15559088386004719,0.4112530544951345,0.7082243533856437,,,,0.15559088386004719,0.0,0.0,0.0,0.0,0.0,0.0,0.0,0.0,0.0,0.0,0.0,,
D:\cyh\dictionary_learn\outputs\journal\apic_v3_2_screening_cn_ad\r4,43,nacc_to_adni,D:\cyh\dictionary_learn\outputs\journal\apic_v3_2_screening_cn_ad\r4\seed43\nacc_to_adni\mixstyle_x\journal_metrics.json,mixstyle_x,17,mixstyle,0.032423762331766144,0.41315389852049006,0.8038360941586747,,,,0.032423762331766144,0.0,0.0,0.0,0.0,0.0,0.0,0.0,0.0,0.0,0.0,0.0,,
D:\cyh\dictionary_learn\outputs\journal\apic_v3_2_screening_cn_ad\r4,43,nacc_to_adni,D:\cyh\dictionary_learn\outputs\journal\apic_v3_2_screening_cn_ad\r4\seed43\nacc_to_adni\mixstyle_x\journal_metrics.json,mixstyle_x,18,mixstyle,0.017025699016284302,0.5112168697128214,0.8044463818657368,,,,0.017025699016284302,0.0,0.0,0.0,0.0,0.0,0.0,0.0,0.0,0.0,0.0,0.0,,
D:\cyh\dictionary_learn\outputs\journal\apic_v3_2_screening_cn_ad\r4,43,nacc_to_adni,D:\cyh\dictionary_learn\outputs\journal\apic_v3_2_screening_cn_ad\r4\seed43\nacc_to_adni\mixstyle_x\journal_metrics.json,mixstyle_x,19,mixstyle,0.006827662035471021,0.4705194305240148,0.8038360941586747,,,,0.006827662035471021,0.0,0.0,0.0,0.0,0.0,0.0,0.0,0.0,0.0,0.0,0.0,,
D:\cyh\dictionary_learn\outputs\journal\apic_v3_2_screening_cn_ad\r4,43,nacc_to_adni,D:\cyh\dictionary_learn\outputs\journal\apic_v3_2_screening_cn_ad\r4\seed43\nacc_to_adni\mixstyle_x\journal_metrics.json,mixstyle_x,20,mixstyle,0.0035624363793040023,0.43832653292769475,0.7969776227840745,,,,0.0035624363793040023,0.0,0.0,0.0,0.0,0.0,0.0,0.0,0.0,0.0,0.0,0.0,,
D:\cyh\dictionary_learn\outputs\journal\apic_v3_2_screening_cn_ad\r4,43,nacc_to_adni,D:\cyh\dictionary_learn\outputs\journal\apic_v3_2_screening_cn_ad\r4\seed43\nacc_to_adni\mixstyle_x\journal_metrics.json,mixstyle_x,21,mixstyle,0.049553013932513976,0.38096653537440583,0.7997965707643128,,,,0.049553013932513976,0.0,0.0,0.0,0.0,0.0,0.0,0.0,0.0,0.0,0.0,0.0,,
D:\cyh\dictionary_learn\outputs\journal\apic_v3_2_screening_cn_ad\r4,43,nacc_to_adni,D:\cyh\dictionary_learn\outputs\journal\apic_v3_2_screening_cn_ad\r4\seed43\nacc_to_adni\mixstyle_x\journal_metrics.json,mixstyle_x,22,mixstyle,0.13667629913419782,0.4392282616012158,0.7903225806451614,,,,0.13667629913419782,0.0,0.0,0.0,0.0,0.0,0.0,0.0,0.0,0.0,0.0,0.0,,
D:\cyh\dictionary_learn\outputs\journal\apic_v3_2_screening_cn_ad\r4,43,nacc_to_adni,D:\cyh\dictionary_learn\outputs\journal\apic_v3_2_screening_cn_ad\r4\seed43\nacc_to_adni\mixstyle_x\journal_metrics.json,mixstyle_x,23,mixstyle,0.049637488029343105,0.3694683515163828,0.7937518163324615,,,,0.049637488029343105,0.0,0.0,0.0,0.0,0.0,0.0,0.0,0.0,0.0,0.0,0.0,,
D:\cyh\dictionary_learn\outputs\journal\apic_v3_2_screening_cn_ad\r4,43,nacc_to_adni,D:\cyh\dictionary_learn\outputs\journal\apic_v3_2_screening_cn_ad\r4\seed43\nacc_to_adni\mixstyle_x\journal_metrics.json,mixstyle_x,24,mixstyle,0.024826791836761782,0.551752901353071,0.80290613193839,,,,0.024826791836761782,0.0,0.0,0.0,0.0,0.0,0.0,0.0,0.0,0.0,0.0,0.0,,
D:\cyh\dictionary_learn\outputs\journal\apic_v3_2_screening_cn_ad\r4,43,nacc_to_adni,D:\cyh\dictionary_learn\outputs\journal\apic_v3_2_screening_cn_ad\r4\seed43\nacc_to_adni\mixstyle_x\journal_metrics.json,mixstyle_x,25,mixstyle,0.009866643203884187,0.37446314506138906,0.8233362394652716,,,,0.009866643203884187,0.0,0.0,0.0,0.0,0.0,0.0,0.0,0.0,0.0,0.0,0.0,,
D:\cyh\dictionary_learn\outputs\journal\apic_v3_2_screening_cn_ad\r4,43,nacc_to_adni,D:\cyh\dictionary_learn\outputs\journal\apic_v3_2_screening_cn_ad\r4\seed43\nacc_to_adni\mixstyle_x\journal_metrics.json,mixstyle_x,26,mixstyle,0.10352430694651017,0.7933083237759104,0.7957279860505668,,,,0.10352430694651017,0.0,0.0,0.0,0.0,0.0,0.0,0.0,0.0,0.0,0.0,0.0,,
D:\cyh\dictionary_learn\outputs\journal\apic_v3_2_screening_cn_ad\r4,43,nacc_to_adni,D:\cyh\dictionary_learn\outputs\journal\apic_v3_2_screening_cn_ad\r4\seed43\nacc_to_adni\mixstyle_x\journal_metrics.json,mixstyle_x,27,mixstyle,0.03821746083443097,0.4171740241197142,0.798546934030805,,,,0.03821746083443097,0.0,0.0,0.0,0.0,0.0,0.0,0.0,0.0,0.0,0.0,0.0,,
D:\cyh\dictionary_learn\outputs\journal\apic_v3_2_screening_cn_ad\r4,43,nacc_to_adni,D:\cyh\dictionary_learn\outputs\journal\apic_v3_2_screening_cn_ad\r4\seed43\nacc_to_adni\mixstyle_x\journal_metrics.json,mixstyle_x,28,mixstyle,0.0048208778812930475,0.5121490275731545,0.8017146178436502,,,,0.0048208778812930475,0.0,0.0,0.0,0.0,0.0,0.0,0.0,0.0,0.0,0.0,0.0,,
D:\cyh\dictionary_learn\outputs\journal\apic_v3_2_screening_cn_ad\r4,43,nacc_to_adni,D:\cyh\dictionary_learn\outputs\journal\apic_v3_2_screening_cn_ad\r4\seed43\nacc_to_adni\mixstyle_x\journal_metrics.json,mixstyle_x,29,mixstyle,0.0026873273669866266,0.4247192254986473,0.8383318802673642,,,,0.0026873273669866266,0.0,0.0,0.0,0.0,0.0,0.0,0.0,0.0,0.0,0.0,0.0,,
D:\cyh\dictionary_learn\outputs\journal\apic_v3_2_screening_cn_ad\r4,43,nacc_to_adni,D:\cyh\dictionary_learn\outputs\journal\apic_v3_2_screening_cn_ad\r4\seed43\nacc_to_adni\mixstyle_x\journal_metrics.json,mixstyle_x,30,mixstyle,0.001591287628905155,0.4605518548116779,0.8336239465271723,,,,0.001591287628905155,0.0,0.0,0.0,0.0,0.0,0.0,0.0,0.0,0.0,0.0,0.0,,
D:\cyh\dictionary_learn\outputs\journal\apic_v3_2_screening_cn_ad\r4,43,nacc_to_adni,D:\cyh\dictionary_learn\outputs\journal\apic_v3_2_screening_cn_ad\r4\seed43\nacc_to_adni\mixstyle_x\journal_metrics.json,mixstyle_x,31,mixstyle,0.0008627830468984477,0.4421246874856795,0.8308631211857018,,,,0.0008627830468984477,0.0,0.0,0.0,0.0,0.0,0.0,0.0,0.0,0.0,0.0,0.0,,
D:\cyh\dictionary_learn\outputs\journal\apic_v3_2_screening_cn_ad\r4,43,nacc_to_adni,D:\cyh\dictionary_learn\outputs\journal\apic_v3_2_screening_cn_ad\r4\seed43\nacc_to_adni\mixstyle_x\journal_metrics.json,mixstyle_x,32,mixstyle,0.191353688666787,0.6182381547057934,0.7425167102586457,,,,0.191353688666787,0.0,0.0,0.0,0.0,0.0,0.0,0.0,0.0,0.0,0.0,0.0,,
D:\cyh\dictionary_learn\outputs\journal\apic_v3_2_screening_cn_ad\r4,43,nacc_to_adni,D:\cyh\dictionary_learn\outputs\journal\apic_v3_2_screening_cn_ad\r4\seed43\nacc_to_adni\mixstyle_x\journal_metrics.json,mixstyle_x,33,mixstyle,0.1580703184828058,0.36723854582522003,0.7435919790758501,,,,0.1580703184828058,0.0,0.0,0.0,0.0,0.0,0.0,0.0,0.0,0.0,0.0,0.0,,
D:\cyh\dictionary_learn\outputs\journal\apic_v3_2_screening_cn_ad\r4,43,nacc_to_adni,D:\cyh\dictionary_learn\outputs\journal\apic_v3_2_screening_cn_ad\r4\seed43\nacc_to_adni\mixstyle_x\journal_metrics.json,mixstyle_x,34,mixstyle,0.06881818235474613,0.4819139572759061,0.7240918337692531,,,,0.06881818235474613,0.0,0.0,0.0,0.0,0.0,0.0,0.0,0.0,0.0,0.0,0.0,,
D:\cyh\dictionary_learn\outputs\journal\apic_v3_2_screening_cn_ad\r4,43,nacc_to_adni,D:\cyh\dictionary_learn\outputs\journal\apic_v3_2_screening_cn_ad\r4\seed43\nacc_to_adni\mixstyle_x\journal_metrics.json,mixstyle_x,35,mixstyle,0.023705999260726345,0.3911034119924919,0.8077303109561175,,,,0.023705999260726345,0.0,0.0,0.0,0.0,0.0,0.0,0.0,0.0,0.0,0.0,0.0,,
D:\cyh\dictionary_learn\outputs\journal\apic_v3_2_screening_cn_ad\r4,43,nacc_to_adni,D:\cyh\dictionary_learn\outputs\journal\apic_v3_2_screening_cn_ad\r4\seed43\nacc_to_adni\mixstyle_x\journal_metrics.json,mixstyle_x,36,mixstyle,0.04560243752320016,0.44247941219646036,0.7871548968323161,,,,0.04560243752320016,0.0,0.0,0.0,0.0,0.0,0.0,0.0,0.0,0.0,0.0,0.0,,
D:\cyh\dictionary_learn\outputs\journal\apic_v3_2_screening_cn_ad\r4,43,nacc_to_adni,D:\cyh\dictionary_learn\outputs\journal\apic_v3_2_screening_cn_ad\r4\seed43\nacc_to_adni\mixstyle_x\journal_metrics.json,mixstyle_x,37,mixstyle,0.03324859345136435,0.421327431660324,0.8027608253414705,,,,0.03324859345136435,0.0,0.0,0.0,0.0,0.0,0.0,0.0,0.0,0.0,0.0,0.0,,
D:\cyh\dictionary_learn\outputs\journal\apic_v3_2_screening_cn_ad\r4,43,nacc_to_adni,D:\cyh\dictionary_learn\outputs\journal\apic_v3_2_screening_cn_ad\r4\seed43\nacc_to_adni\mixstyle_x\journal_metrics.json,mixstyle_x,38,mixstyle,0.17761828019260137,0.47228528434577494,0.7868352223190933,,,,0.17761828019260137,0.0,0.0,0.0,0.0,0.0,0.0,0.0,0.0,0.0,0.0,0.0,,
D:\cyh\dictionary_learn\outputs\journal\apic_v3_2_screening_cn_ad\r4,43,nacc_to_adni,D:\cyh\dictionary_learn\outputs\journal\apic_v3_2_screening_cn_ad\r4\seed43\nacc_to_adni\mixstyle_x\journal_metrics.json,mixstyle_x,39,mixstyle,0.049537126791751915,0.39049228745631354,0.8027027027027027,,,,0.049537126791751915,0.0,0.0,0.0,0.0,0.0,0.0,0.0,0.0,0.0,0.0,0.0,,
D:\cyh\dictionary_learn\outputs\journal\apic_v3_2_screening_cn_ad\r4,43,nacc_to_adni,D:\cyh\dictionary_learn\outputs\journal\apic_v3_2_screening_cn_ad\r4\seed43\nacc_to_adni\mixstyle_x\journal_metrics.json,mixstyle_x,40,mixstyle,0.08702713545030061,0.3432468413307046,0.7973844812554489,,,,0.08702713545030061,0.0,0.0,0.0,0.0,0.0,0.0,0.0,0.0,0.0,0.0,0.0,,
D:\cyh\dictionary_learn\outputs\journal\apic_v3_2_screening_cn_ad\r4,43,nacc_to_adni,D:\cyh\dictionary_learn\outputs\journal\apic_v3_2_screening_cn_ad\r4\seed43\nacc_to_adni\mixstyle_x\journal_metrics.json,mixstyle_x,41,mixstyle,0.041155379496588936,0.41029474768362734,0.8149956408020924,,,,0.041155379496588936,0.0,0.0,0.0,0.0,0.0,0.0,0.0,0.0,0.0,0.0,0.0,,
D:\cyh\dictionary_learn\outputs\journal\apic_v3_2_screening_cn_ad\r4,43,nacc_to_adni,D:\cyh\dictionary_learn\outputs\journal\apic_v3_2_screening_cn_ad\r4\seed43\nacc_to_adni\mixstyle_x\journal_metrics.json,mixstyle_x,42,mixstyle,0.004014852529101584,0.39692279600280067,0.8197035745422842,,,,0.004014852529101584,0.0,0.0,0.0,0.0,0.0,0.0,0.0,0.0,0.0,0.0,0.0,,
D:\cyh\dictionary_learn\outputs\journal\apic_v3_2_screening_cn_ad\r4,43,nacc_to_adni,D:\cyh\dictionary_learn\outputs\journal\apic_v3_2_screening_cn_ad\r4\seed43\nacc_to_adni\mixstyle_x\journal_metrics.json,mixstyle_x,43,mixstyle,0.06483757268219885,0.9221901287332932,0.7959314152862541,,,,0.06483757268219885,0.0,0.0,0.0,0.0,0.0,0.0,0.0,0.0,0.0,0.0,0.0,,
D:\cyh\dictionary_learn\outputs\journal\apic_v3_2_screening_cn_ad\r4,43,nacc_to_adni,D:\cyh\dictionary_learn\outputs\journal\apic_v3_2_screening_cn_ad\r4\seed43\nacc_to_adni\mixstyle_x\journal_metrics.json,mixstyle_x,44,mixstyle,0.0056542474061105005,0.35686016035285645,0.7989537925021796,,,,0.0056542474061105005,0.0,0.0,0.0,0.0,0.0,0.0,0.0,0.0,0.0,0.0,0.0,,
D:\cyh\dictionary_learn\outputs\journal\apic_v3_2_screening_cn_ad\r4,43,nacc_to_adni,D:\cyh\dictionary_learn\outputs\journal\apic_v3_2_screening_cn_ad\r4\seed43\nacc_to_adni\mixstyle_x\journal_metrics.json,mixstyle_x,45,mixstyle,0.0023610121345338697,0.40851706370516705,0.796803254867771,,,,0.0023610121345338697,0.0,0.0,0.0,0.0,0.0,0.0,0.0,0.0,0.0,0.0,0.0,,
D:\cyh\dictionary_learn\outputs\journal\apic_v3_2_screening_cn_ad\r4,43,nacc_to_adni,D:\cyh\dictionary_learn\outputs\journal\apic_v3_2_screening_cn_ad\r4\seed43\nacc_to_adni\mixstyle_x\journal_metrics.json,mixstyle_x,46,mixstyle,0.004628562471941868,0.4162408081143592,0.8276373147340889,,,,0.004628562471941868,0.0,0.0,0.0,0.0,0.0,0.0,0.0,0.0,0.0,0.0,0.0,,
D:\cyh\dictionary_learn\outputs\journal\apic_v3_2_screening_cn_ad\r4,43,nacc_to_adni,D:\cyh\dictionary_learn\outputs\journal\apic_v3_2_screening_cn_ad\r4\seed43\nacc_to_adni\mixstyle_x\journal_metrics.json,mixstyle_x,47,mixstyle,0.0014814651411387018,0.3911873822430667,0.8244115082824761,,,,0.0014814651411387018,0.0,0.0,0.0,0.0,0.0,0.0,0.0,0.0,0.0,0.0,0.0,,
D:\cyh\dictionary_learn\outputs\journal\apic_v3_2_screening_cn_ad\r4,43,nacc_to_adni,D:\cyh\dictionary_learn\outputs\journal\apic_v3_2_screening_cn_ad\r4\seed43\nacc_to_adni\mixstyle_x\journal_metrics.json,mixstyle_x,48,mixstyle,0.0007131748122075968,0.4078460857288174,0.8263586166811973,,,,0.0007131748122075968,0.0,0.0,0.0,0.0,0.0,0.0,0.0,0.0,0.0,0.0,0.0,,
D:\cyh\dictionary_learn\outputs\journal\apic_v3_2_screening_cn_ad\r4,43,nacc_to_adni,D:\cyh\dictionary_learn\outputs\journal\apic_v3_2_screening_cn_ad\r4\seed43\nacc_to_adni\mixstyle_x\journal_metrics.json,mixstyle_x,49,mixstyle,0.0005375644310872466,0.4156524876948124,0.8272304562627143,,,,0.0005375644310872466,0.0,0.0,0.0,0.0,0.0,0.0,0.0,0.0,0.0,0.0,0.0,,
D:\cyh\dictionary_learn\outputs\journal\apic_v3_2_screening_cn_ad\r4,43,nacc_to_adni,D:\cyh\dictionary_learn\outputs\journal\apic_v3_2_screening_cn_ad\r4\seed43\nacc_to_adni\mixstyle_x\journal_metrics.json,mixstyle_x,50,mixstyle,0.0004766519199030841,0.4354438187048543,0.8250799186283057,,,,0.0004766519199030841,0.0,0.0,0.0,0.0,0.0,0.0,0.0,0.0,0.0,0.0,0.0,,
